_id,moving_distance,start_time,end_time,uid
6716509c873f1647840e741a,0,2024-10-21T12:00:00Z,2024-10-21T12:10:00Z,W1hZkqBeWCUTVBX6rx9OeHmaWx63
6716509c873f1647840e741b,54,2024-10-21T12:10:00Z,2024-10-21T12:20:00Z,W1hZkqBeWCUTVBX6rx9OeHmaWx63
6716509c873f1647840e741c,0,2024-10-21T12:20:00Z,2024-10-21T12:30:00Z,W1hZkqBeWCUTVBX6rx9OeHmaWx63
6716509c873f1647840e741d,0,2024-10-21T12:30:00Z,2024-10-21T12:40:00Z,W1hZkqBeWCUTVBX6rx9OeHmaWx63
6716509c873f1647840e741e,0,2024-10-21T12:40:00Z,2024-10-21T12:50:00Z,W1hZkqBeWCUTVBX6rx9OeHmaWx63
6716509c873f1647840e741f,0,2024-10-21T12:50:00Z,2024-10-21T13:00:00Z,W1hZkqBeWCUTVBX6rx9OeHmaWx63
6716509c873f1647840e7420,0,2024-10-21T13:00:00Z,2024-10-21T13:10:00Z,W1hZkqBeWCUTVBX6rx9OeHmaWx63
67165e89873f1647840ef598,0,2024-10-21T13:00:00Z,2024-10-21T13:10:00Z,W1hZkqBeWCUTVBX6rx9OeHmaWx63
67165e89873f1647840ef599,0,2024-10-21T13:10:00Z,2024-10-21T13:20:00Z,W1hZkqBeWCUTVBX6rx9OeHmaWx63
67165e89873f1647840ef59a,0,2024-10-21T13:20:00Z,2024-10-21T13:30:00Z,W1hZkqBeWCUTVBX6rx9OeHmaWx63
67165e89873f1647840ef59b,0,2024-10-21T13:30:00Z,2024-10-21T13:40:00Z,W1hZkqBeWCUTVBX6rx9OeHmaWx63
67165e89873f1647840ef59c,0,2024-10-21T13:40:00Z,2024-10-21T13:50:00Z,W1hZkqBeWCUTVBX6rx9OeHmaWx63
67165e89873f1647840ef59d,0,2024-10-21T13:50:00Z,2024-10-21T14:00:00Z,W1hZkqBeWCUTVBX6rx9OeHmaWx63
67167862873f1647840f0e40,0,2024-10-21T14:00:00Z,2024-10-21T14:10:00Z,W1hZkqBeWCUTVBX6rx9OeHmaWx63
67167862873f1647840f0e41,0,2024-10-21T14:10:00Z,2024-10-21T14:20:00Z,W1hZkqBeWCUTVBX6rx9OeHmaWx63
67167862873f1647840f0e42,0,2024-10-21T14:20:00Z,2024-10-21T14:30:00Z,W1hZkqBeWCUTVBX6rx9OeHmaWx63
67167862873f1647840f0e43,0,2024-10-21T14:30:00Z,2024-10-21T14:40:00Z,W1hZkqBeWCUTVBX6rx9OeHmaWx63
67167862873f1647840f0e44,0,2024-10-21T14:40:00Z,2024-10-21T14:50:00Z,W1hZkqBeWCUTVBX6rx9OeHmaWx63
67167862873f1647840f0e45,0,2024-10-21T14:50:00Z,2024-10-21T15:00:00Z,W1hZkqBeWCUTVBX6rx9OeHmaWx63
67167862873f1647840f0e46,0,2024-10-21T15:00:00Z,2024-10-21T15:10:00Z,W1hZkqBeWCUTVBX6rx9OeHmaWx63
67167862873f1647840f0e47,0,2024-10-21T15:10:00Z,2024-10-21T15:20:00Z,W1hZkqBeWCUTVBX6rx9OeHmaWx63
67167862873f1647840f0e48,0,2024-10-21T15:20:00Z,2024-10-21T15:30:00Z,W1hZkqBeWCUTVBX6rx9OeHmaWx63
67167862873f1647840f0e49,0,2024-10-21T15:30:00Z,2024-10-21T15:40:00Z,W1hZkqBeWCUTVBX6rx9OeHmaWx63
67167862873f1647840f0e4a,0,2024-10-21T15:40:00Z,2024-10-21T15:50:00Z,W1hZkqBeWCUTVBX6rx9OeHmaWx63
671694a0873f1647840f1acb,0,2024-10-21T15:00:00Z,2024-10-21T15:10:00Z,W1hZkqBeWCUTVBX6rx9OeHmaWx63
671694a0873f1647840f1acc,0,2024-10-21T15:10:00Z,2024-10-21T15:20:00Z,W1hZkqBeWCUTVBX6rx9OeHmaWx63
671694a0873f1647840f1acd,0,2024-10-21T15:20:00Z,2024-10-21T15:30:00Z,W1hZkqBeWCUTVBX6rx9OeHmaWx63
671694a0873f1647840f1ace,0,2024-10-21T15:30:00Z,2024-10-21T15:40:00Z,W1hZkqBeWCUTVBX6rx9OeHmaWx63
671694a0873f1647840f1acf,0,2024-10-21T15:40:00Z,2024-10-21T15:50:00Z,W1hZkqBeWCUTVBX6rx9OeHmaWx63
671694a0873f1647840f1ad0,0,2024-10-21T15:50:00Z,2024-10-21T16:00:00Z,W1hZkqBeWCUTVBX6rx9OeHmaWx63
671694a1873f1647840f1adc,0,2024-10-21T16:00:00Z,2024-10-21T16:10:00Z,W1hZkqBeWCUTVBX6rx9OeHmaWx63
671694a1873f1647840f1add,0,2024-10-21T16:10:00Z,2024-10-21T16:20:00Z,W1hZkqBeWCUTVBX6rx9OeHmaWx63
671694a1873f1647840f1ade,0,2024-10-21T16:20:00Z,2024-10-21T16:30:00Z,W1hZkqBeWCUTVBX6rx9OeHmaWx63
671694a1873f1647840f1adf,0,2024-10-21T16:30:00Z,2024-10-21T16:40:00Z,W1hZkqBeWCUTVBX6rx9OeHmaWx63
671694a1873f1647840f1ae0,0,2024-10-21T16:40:00Z,2024-10-21T16:50:00Z,W1hZkqBeWCUTVBX6rx9OeHmaWx63
671694a1873f1647840f1ae1,0,2024-10-21T16:50:00Z,2024-10-21T17:00:00Z,W1hZkqBeWCUTVBX6rx9OeHmaWx63
671694a1873f1647840f1ae2,0,2024-10-21T17:00:00Z,2024-10-21T17:10:00Z,W1hZkqBeWCUTVBX6rx9OeHmaWx63
671694a1873f1647840f1ae3,0,2024-10-21T17:10:00Z,2024-10-21T17:20:00Z,W1hZkqBeWCUTVBX6rx9OeHmaWx63
671694a1873f1647840f1ae4,0,2024-10-21T17:20:00Z,2024-10-21T17:30:00Z,W1hZkqBeWCUTVBX6rx9OeHmaWx63
671694a1873f1647840f1ae5,0,2024-10-21T17:30:00Z,2024-10-21T17:40:00Z,W1hZkqBeWCUTVBX6rx9OeHmaWx63
671694a1873f1647840f1ae6,0,2024-10-21T17:40:00Z,2024-10-21T17:50:00Z,W1hZkqBeWCUTVBX6rx9OeHmaWx63
671694a1873f1647840f1ae7,0,2024-10-21T17:50:00Z,2024-10-21T18:00:00Z,W1hZkqBeWCUTVBX6rx9OeHmaWx63
6716cd13873f1647840f4b83,0,2024-10-21T17:00:00Z,2024-10-21T17:10:00Z,W1hZkqBeWCUTVBX6rx9OeHmaWx63
6716cd13873f1647840f4b84,0,2024-10-21T17:10:00Z,2024-10-21T17:20:00Z,W1hZkqBeWCUTVBX6rx9OeHmaWx63
6716cd13873f1647840f4b85,0,2024-10-21T17:20:00Z,2024-10-21T17:30:00Z,W1hZkqBeWCUTVBX6rx9OeHmaWx63
6716cd13873f1647840f4b86,0,2024-10-21T17:30:00Z,2024-10-21T17:40:00Z,W1hZkqBeWCUTVBX6rx9OeHmaWx63
6716cd13873f1647840f4b87,0,2024-10-21T17:40:00Z,2024-10-21T17:50:00Z,W1hZkqBeWCUTVBX6rx9OeHmaWx63
6716cd13873f1647840f4b88,0,2024-10-21T17:50:00Z,2024-10-21T18:00:00Z,W1hZkqBeWCUTVBX6rx9OeHmaWx63
6716cd13873f1647840f4b94,0,2024-10-21T18:00:00Z,2024-10-21T18:10:00Z,W1hZkqBeWCUTVBX6rx9OeHmaWx63
6716cd13873f1647840f4b95,0,2024-10-21T18:10:00Z,2024-10-21T18:20:00Z,W1hZkqBeWCUTVBX6rx9OeHmaWx63
6716cd13873f1647840f4b96,0,2024-10-21T18:20:00Z,2024-10-21T18:30:00Z,W1hZkqBeWCUTVBX6rx9OeHmaWx63
6716cd13873f1647840f4b97,0,2024-10-21T18:30:00Z,2024-10-21T18:40:00Z,W1hZkqBeWCUTVBX6rx9OeHmaWx63
6716cd13873f1647840f4b98,0,2024-10-21T18:40:00Z,2024-10-21T18:50:00Z,W1hZkqBeWCUTVBX6rx9OeHmaWx63
6716cd13873f1647840f4b99,0,2024-10-21T18:50:00Z,2024-10-21T19:00:00Z,W1hZkqBeWCUTVBX6rx9OeHmaWx63
6716cd13873f1647840f4ba5,0,2024-10-21T19:00:00Z,2024-10-21T19:10:00Z,W1hZkqBeWCUTVBX6rx9OeHmaWx63
6716cd13873f1647840f4ba6,0,2024-10-21T19:10:00Z,2024-10-21T19:20:00Z,W1hZkqBeWCUTVBX6rx9OeHmaWx63
6716cd13873f1647840f4ba7,0,2024-10-21T19:20:00Z,2024-10-21T19:30:00Z,W1hZkqBeWCUTVBX6rx9OeHmaWx63
6716cd13873f1647840f4ba8,0,2024-10-21T19:30:00Z,2024-10-21T19:40:00Z,W1hZkqBeWCUTVBX6rx9OeHmaWx63
6716cd13873f1647840f4ba9,0,2024-10-21T19:40:00Z,2024-10-21T19:50:00Z,W1hZkqBeWCUTVBX6rx9OeHmaWx63
6716cd13873f1647840f4baa,0,2024-10-21T19:50:00Z,2024-10-21T20:00:00Z,W1hZkqBeWCUTVBX6rx9OeHmaWx63
6716cd13873f1647840f4bb6,0,2024-10-21T20:00:00Z,2024-10-21T20:10:00Z,W1hZkqBeWCUTVBX6rx9OeHmaWx63
6716cd13873f1647840f4bb7,0,2024-10-21T20:10:00Z,2024-10-21T20:20:00Z,W1hZkqBeWCUTVBX6rx9OeHmaWx63
6716cd13873f1647840f4bb8,0,2024-10-21T20:20:00Z,2024-10-21T20:30:00Z,W1hZkqBeWCUTVBX6rx9OeHmaWx63
6716cd13873f1647840f4bb9,0,2024-10-21T20:30:00Z,2024-10-21T20:40:00Z,W1hZkqBeWCUTVBX6rx9OeHmaWx63
6716cd13873f1647840f4bba,0,2024-10-21T20:40:00Z,2024-10-21T20:50:00Z,W1hZkqBeWCUTVBX6rx9OeHmaWx63
6716cd13873f1647840f4bbb,0,2024-10-21T20:50:00Z,2024-10-21T21:00:00Z,W1hZkqBeWCUTVBX6rx9OeHmaWx63
6716cd13873f1647840f4bbc,0,2024-10-21T21:00:00Z,2024-10-21T21:10:00Z,W1hZkqBeWCUTVBX6rx9OeHmaWx63
6716cd13873f1647840f4bbd,0,2024-10-21T21:10:00Z,2024-10-21T21:20:00Z,W1hZkqBeWCUTVBX6rx9OeHmaWx63
6716cd13873f1647840f4bbe,0,2024-10-21T21:20:00Z,2024-10-21T21:30:00Z,W1hZkqBeWCUTVBX6rx9OeHmaWx63
6716cd13873f1647840f4bbf,0,2024-10-21T21:30:00Z,2024-10-21T21:40:00Z,W1hZkqBeWCUTVBX6rx9OeHmaWx63
6716cd13873f1647840f4bc0,0,2024-10-21T21:40:00Z,2024-10-21T21:50:00Z,W1hZkqBeWCUTVBX6rx9OeHmaWx63
6716cd13873f1647840f4bc1,0,2024-10-21T21:50:00Z,2024-10-21T22:00:00Z,W1hZkqBeWCUTVBX6rx9OeHmaWx63
6716ff57873f1647840f8a84,0,2024-10-21T21:00:00Z,2024-10-21T21:10:00Z,W1hZkqBeWCUTVBX6rx9OeHmaWx63
6716ff57873f1647840f8a85,0,2024-10-21T21:10:00Z,2024-10-21T21:20:00Z,W1hZkqBeWCUTVBX6rx9OeHmaWx63
6716ff57873f1647840f8a86,0,2024-10-21T21:20:00Z,2024-10-21T21:30:00Z,W1hZkqBeWCUTVBX6rx9OeHmaWx63
6716ff57873f1647840f8a87,0,2024-10-21T21:30:00Z,2024-10-21T21:40:00Z,W1hZkqBeWCUTVBX6rx9OeHmaWx63
6716ff57873f1647840f8a88,0,2024-10-21T21:40:00Z,2024-10-21T21:50:00Z,W1hZkqBeWCUTVBX6rx9OeHmaWx63
6716ff57873f1647840f8a89,0,2024-10-21T21:50:00Z,2024-10-21T22:00:00Z,W1hZkqBeWCUTVBX6rx9OeHmaWx63
6716ff57873f1647840f8aa6,0,2024-10-21T22:00:00Z,2024-10-21T22:10:00Z,W1hZkqBeWCUTVBX6rx9OeHmaWx63
6716ff57873f1647840f8aa7,0,2024-10-21T22:10:00Z,2024-10-21T22:20:00Z,W1hZkqBeWCUTVBX6rx9OeHmaWx63
6716ff57873f1647840f8aa8,0,2024-10-21T22:20:00Z,2024-10-21T22:30:00Z,W1hZkqBeWCUTVBX6rx9OeHmaWx63
6716ff57873f1647840f8aa9,0,2024-10-21T22:30:00Z,2024-10-21T22:40:00Z,W1hZkqBeWCUTVBX6rx9OeHmaWx63
6716ff57873f1647840f8aaa,0,2024-10-21T22:40:00Z,2024-10-21T22:50:00Z,W1hZkqBeWCUTVBX6rx9OeHmaWx63
6716ff57873f1647840f8aab,320,2024-10-21T22:50:00Z,2024-10-21T23:00:00Z,W1hZkqBeWCUTVBX6rx9OeHmaWx63
6716ff58873f1647840f8ac8,118,2024-10-21T23:00:00Z,2024-10-21T23:10:00Z,W1hZkqBeWCUTVBX6rx9OeHmaWx63
6716ff58873f1647840f8ac9,0,2024-10-21T23:10:00Z,2024-10-21T23:20:00Z,W1hZkqBeWCUTVBX6rx9OeHmaWx63
6716ff58873f1647840f8aca,0,2024-10-21T23:20:00Z,2024-10-21T23:30:00Z,W1hZkqBeWCUTVBX6rx9OeHmaWx63
6716ff58873f1647840f8acb,0,2024-10-21T23:30:00Z,2024-10-21T23:40:00Z,W1hZkqBeWCUTVBX6rx9OeHmaWx63
6716ff58873f1647840f8acc,0,2024-10-21T23:40:00Z,2024-10-21T23:50:00Z,W1hZkqBeWCUTVBX6rx9OeHmaWx63
6716ff58873f1647840f8acd,533,2024-10-21T23:50:00Z,2024-10-22T00:00:00Z,W1hZkqBeWCUTVBX6rx9OeHmaWx63
6716ff58873f1647840f8ade,649,2024-10-22T00:00:00Z,2024-10-22T00:10:00Z,W1hZkqBeWCUTVBX6rx9OeHmaWx63
6716ff58873f1647840f8adf,423,2024-10-22T00:10:00Z,2024-10-22T00:20:00Z,W1hZkqBeWCUTVBX6rx9OeHmaWx63
6716ff58873f1647840f8ae0,715,2024-10-22T00:20:00Z,2024-10-22T00:30:00Z,W1hZkqBeWCUTVBX6rx9OeHmaWx63
6716ff58873f1647840f8ae1,142,2024-10-22T00:30:00Z,2024-10-22T00:40:00Z,W1hZkqBeWCUTVBX6rx9OeHmaWx63
6716ff58873f1647840f8ae2,0,2024-10-22T00:40:00Z,2024-10-22T00:50:00Z,W1hZkqBeWCUTVBX6rx9OeHmaWx63
6716ff58873f1647840f8ae3,0,2024-10-22T00:50:00Z,2024-10-22T01:00:00Z,W1hZkqBeWCUTVBX6rx9OeHmaWx63
6716ff58873f1647840f8ae4,0,2024-10-22T01:00:00Z,2024-10-22T01:10:00Z,W1hZkqBeWCUTVBX6rx9OeHmaWx63
6716ff58873f1647840f8ae5,19,2024-10-22T01:10:00Z,2024-10-22T01:20:00Z,W1hZkqBeWCUTVBX6rx9OeHmaWx63
6716ff58873f1647840f8ae6,335,2024-10-22T01:20:00Z,2024-10-22T01:30:00Z,W1hZkqBeWCUTVBX6rx9OeHmaWx63
67170780873f1647840f8e7c,0,2024-10-22T01:00:00Z,2024-10-22T01:10:00Z,W1hZkqBeWCUTVBX6rx9OeHmaWx63
67170780873f1647840f8e7d,0,2024-10-22T01:10:00Z,2024-10-22T01:20:00Z,W1hZkqBeWCUTVBX6rx9OeHmaWx63
67170780873f1647840f8e7e,44,2024-10-22T01:20:00Z,2024-10-22T01:30:00Z,W1hZkqBeWCUTVBX6rx9OeHmaWx63
67170780873f1647840f8e7f,0,2024-10-22T01:30:00Z,2024-10-22T01:40:00Z,W1hZkqBeWCUTVBX6rx9OeHmaWx63
67170780873f1647840f8e80,0,2024-10-22T01:40:00Z,2024-10-22T01:50:00Z,W1hZkqBeWCUTVBX6rx9OeHmaWx63
67170780873f1647840f8e81,10,2024-10-22T01:50:00Z,2024-10-22T02:00:00Z,W1hZkqBeWCUTVBX6rx9OeHmaWx63
67170780873f1647840f8e82,20,2024-10-22T02:00:00Z,2024-10-22T02:10:00Z,W1hZkqBeWCUTVBX6rx9OeHmaWx63
67171616873f1647840f96ab,74,2024-10-22T02:00:00Z,2024-10-22T02:10:00Z,W1hZkqBeWCUTVBX6rx9OeHmaWx63
67171616873f1647840f96ac,22,2024-10-22T02:10:00Z,2024-10-22T02:20:00Z,W1hZkqBeWCUTVBX6rx9OeHmaWx63
67171616873f1647840f96ad,0,2024-10-22T02:20:00Z,2024-10-22T02:30:00Z,W1hZkqBeWCUTVBX6rx9OeHmaWx63
67171616873f1647840f96ae,0,2024-10-22T02:30:00Z,2024-10-22T02:40:00Z,W1hZkqBeWCUTVBX6rx9OeHmaWx63
67171616873f1647840f96af,0,2024-10-22T02:40:00Z,2024-10-22T02:50:00Z,W1hZkqBeWCUTVBX6rx9OeHmaWx63
67171616873f1647840f96b0,0,2024-10-22T02:50:00Z,2024-10-22T03:00:00Z,W1hZkqBeWCUTVBX6rx9OeHmaWx63
67171616873f1647840f96b1,0,2024-10-22T03:00:00Z,2024-10-22T03:10:00Z,W1hZkqBeWCUTVBX6rx9OeHmaWx63
6717265c873f1647840fda09,0,2024-10-22T03:00:00Z,2024-10-22T03:10:00Z,W1hZkqBeWCUTVBX6rx9OeHmaWx63
6717265c873f1647840fda0a,0,2024-10-22T03:10:00Z,2024-10-22T03:20:00Z,W1hZkqBeWCUTVBX6rx9OeHmaWx63
6717265c873f1647840fda0b,0,2024-10-22T03:20:00Z,2024-10-22T03:30:00Z,W1hZkqBeWCUTVBX6rx9OeHmaWx63
6717265c873f1647840fda0c,0,2024-10-22T03:30:00Z,2024-10-22T03:40:00Z,W1hZkqBeWCUTVBX6rx9OeHmaWx63
6717265c873f1647840fda0d,0,2024-10-22T03:40:00Z,2024-10-22T03:50:00Z,W1hZkqBeWCUTVBX6rx9OeHmaWx63
6717265c873f1647840fda0e,0,2024-10-22T03:50:00Z,2024-10-22T04:00:00Z,W1hZkqBeWCUTVBX6rx9OeHmaWx63
6717265c873f1647840fda0f,0,2024-10-22T04:00:00Z,2024-10-22T04:10:00Z,W1hZkqBeWCUTVBX6rx9OeHmaWx63
6717265c873f1647840fda10,0,2024-10-22T04:10:00Z,2024-10-22T04:20:00Z,W1hZkqBeWCUTVBX6rx9OeHmaWx63
67173fac873f1647840fe827,0,2024-10-22T04:00:00Z,2024-10-22T04:10:00Z,W1hZkqBeWCUTVBX6rx9OeHmaWx63
67173fac873f1647840fe828,10,2024-10-22T04:10:00Z,2024-10-22T04:20:00Z,W1hZkqBeWCUTVBX6rx9OeHmaWx63
67173fac873f1647840fe829,40,2024-10-22T04:20:00Z,2024-10-22T04:30:00Z,W1hZkqBeWCUTVBX6rx9OeHmaWx63
67173fac873f1647840fe82a,0,2024-10-22T04:30:00Z,2024-10-22T04:40:00Z,W1hZkqBeWCUTVBX6rx9OeHmaWx63
67173fac873f1647840fe82b,0,2024-10-22T04:40:00Z,2024-10-22T04:50:00Z,W1hZkqBeWCUTVBX6rx9OeHmaWx63
67173fac873f1647840fe82c,0,2024-10-22T04:50:00Z,2024-10-22T05:00:00Z,W1hZkqBeWCUTVBX6rx9OeHmaWx63
67173fac873f1647840fe850,0,2024-10-22T05:00:00Z,2024-10-22T05:10:00Z,W1hZkqBeWCUTVBX6rx9OeHmaWx63
67173fac873f1647840fe851,0,2024-10-22T05:10:00Z,2024-10-22T05:20:00Z,W1hZkqBeWCUTVBX6rx9OeHmaWx63
67173fac873f1647840fe852,0,2024-10-22T05:20:00Z,2024-10-22T05:30:00Z,W1hZkqBeWCUTVBX6rx9OeHmaWx63
67173fac873f1647840fe853,0,2024-10-22T05:30:00Z,2024-10-22T05:40:00Z,W1hZkqBeWCUTVBX6rx9OeHmaWx63
67173fac873f1647840fe854,0,2024-10-22T05:40:00Z,2024-10-22T05:50:00Z,W1hZkqBeWCUTVBX6rx9OeHmaWx63
67173fac873f1647840fe855,0,2024-10-22T05:50:00Z,2024-10-22T06:00:00Z,W1hZkqBeWCUTVBX6rx9OeHmaWx63
67173fac873f1647840fe856,0,2024-10-22T06:00:00Z,2024-10-22T06:10:00Z,W1hZkqBeWCUTVBX6rx9OeHmaWx63
67174d8e873f1647840fed65,0,2024-10-22T06:00:00Z,2024-10-22T06:10:00Z,W1hZkqBeWCUTVBX6rx9OeHmaWx63
67174d8e873f1647840fed66,0,2024-10-22T06:10:00Z,2024-10-22T06:20:00Z,W1hZkqBeWCUTVBX6rx9OeHmaWx63
67174d8e873f1647840fed67,0,2024-10-22T06:20:00Z,2024-10-22T06:30:00Z,W1hZkqBeWCUTVBX6rx9OeHmaWx63
67174d8e873f1647840fed68,0,2024-10-22T06:30:00Z,2024-10-22T06:40:00Z,W1hZkqBeWCUTVBX6rx9OeHmaWx63
67174d8e873f1647840fed69,0,2024-10-22T06:40:00Z,2024-10-22T06:50:00Z,W1hZkqBeWCUTVBX6rx9OeHmaWx63
67174d8e873f1647840fed6a,41,2024-10-22T06:50:00Z,2024-10-22T07:00:00Z,W1hZkqBeWCUTVBX6rx9OeHmaWx63
67175bcd873f1647840ff7c3,0,2024-10-22T07:00:00Z,2024-10-22T07:10:00Z,W1hZkqBeWCUTVBX6rx9OeHmaWx63
67175bcd873f1647840ff7c4,0,2024-10-22T07:10:00Z,2024-10-22T07:20:00Z,W1hZkqBeWCUTVBX6rx9OeHmaWx63
67175bcd873f1647840ff7c5,0,2024-10-22T07:20:00Z,2024-10-22T07:30:00Z,W1hZkqBeWCUTVBX6rx9OeHmaWx63
67175bcd873f1647840ff7c6,0,2024-10-22T07:30:00Z,2024-10-22T07:40:00Z,W1hZkqBeWCUTVBX6rx9OeHmaWx63
67175bcd873f1647840ff7c7,0,2024-10-22T07:40:00Z,2024-10-22T07:50:00Z,W1hZkqBeWCUTVBX6rx9OeHmaWx63
67175bcd873f1647840ff7c8,0,2024-10-22T07:50:00Z,2024-10-22T08:00:00Z,W1hZkqBeWCUTVBX6rx9OeHmaWx63
67175bcd873f1647840ff7c9,0,2024-10-22T08:00:00Z,2024-10-22T08:10:00Z,W1hZkqBeWCUTVBX6rx9OeHmaWx63
671769ef873f164784103910,0,2024-10-22T08:00:00Z,2024-10-22T08:10:00Z,W1hZkqBeWCUTVBX6rx9OeHmaWx63
671769ef873f164784103911,0,2024-10-22T08:10:00Z,2024-10-22T08:20:00Z,W1hZkqBeWCUTVBX6rx9OeHmaWx63
671769ef873f164784103912,0,2024-10-22T08:20:00Z,2024-10-22T08:30:00Z,W1hZkqBeWCUTVBX6rx9OeHmaWx63
671769ef873f164784103913,0,2024-10-22T08:30:00Z,2024-10-22T08:40:00Z,W1hZkqBeWCUTVBX6rx9OeHmaWx63
671769ef873f164784103914,0,2024-10-22T08:40:00Z,2024-10-22T08:50:00Z,W1hZkqBeWCUTVBX6rx9OeHmaWx63
671769ef873f164784103915,215,2024-10-22T08:50:00Z,2024-10-22T09:00:00Z,W1hZkqBeWCUTVBX6rx9OeHmaWx63
671769ef873f164784103916,120,2024-10-22T09:00:00Z,2024-10-22T09:10:00Z,W1hZkqBeWCUTVBX6rx9OeHmaWx63
67177d04873f164784104eb2,318,2024-10-22T09:00:00Z,2024-10-22T09:10:00Z,W1hZkqBeWCUTVBX6rx9OeHmaWx63
67177d04873f164784104eb3,1622,2024-10-22T09:10:00Z,2024-10-22T09:20:00Z,W1hZkqBeWCUTVBX6rx9OeHmaWx63
67177d04873f164784104eb4,0,2024-10-22T09:20:00Z,2024-10-22T09:30:00Z,W1hZkqBeWCUTVBX6rx9OeHmaWx63
67177d04873f164784104eb5,0,2024-10-22T09:30:00Z,2024-10-22T09:40:00Z,W1hZkqBeWCUTVBX6rx9OeHmaWx63
67177d04873f164784104eb6,0,2024-10-22T09:40:00Z,2024-10-22T09:50:00Z,W1hZkqBeWCUTVBX6rx9OeHmaWx63
67177d04873f164784104eb7,40,2024-10-22T09:50:00Z,2024-10-22T10:00:00Z,W1hZkqBeWCUTVBX6rx9OeHmaWx63
67177d04873f164784104eb8,236,2024-10-22T10:00:00Z,2024-10-22T10:10:00Z,W1hZkqBeWCUTVBX6rx9OeHmaWx63
67177d04873f164784104eb9,0,2024-10-22T10:10:00Z,2024-10-22T10:20:00Z,W1hZkqBeWCUTVBX6rx9OeHmaWx63
67177d04873f164784104eba,0,2024-10-22T10:20:00Z,2024-10-22T10:30:00Z,W1hZkqBeWCUTVBX6rx9OeHmaWx63
67178ad6873f164784125835,0,2024-10-22T10:00:00Z,2024-10-22T10:10:00Z,W1hZkqBeWCUTVBX6rx9OeHmaWx63
67178ad6873f164784125836,0,2024-10-22T10:10:00Z,2024-10-22T10:20:00Z,W1hZkqBeWCUTVBX6rx9OeHmaWx63
67178ad6873f164784125837,0,2024-10-22T10:20:00Z,2024-10-22T10:30:00Z,W1hZkqBeWCUTVBX6rx9OeHmaWx63
67178ad6873f164784125838,0,2024-10-22T10:30:00Z,2024-10-22T10:40:00Z,W1hZkqBeWCUTVBX6rx9OeHmaWx63
67178ad6873f164784125839,0,2024-10-22T10:40:00Z,2024-10-22T10:50:00Z,W1hZkqBeWCUTVBX6rx9OeHmaWx63
67178ad6873f16478412583a,0,2024-10-22T10:50:00Z,2024-10-22T11:00:00Z,W1hZkqBeWCUTVBX6rx9OeHmaWx63
67178ad6873f16478412583b,0,2024-10-22T11:00:00Z,2024-10-22T11:10:00Z,W1hZkqBeWCUTVBX6rx9OeHmaWx63
67178ad6873f16478412583c,0,2024-10-22T11:10:00Z,2024-10-22T11:20:00Z,W1hZkqBeWCUTVBX6rx9OeHmaWx63
67178ad6873f16478412583d,0,2024-10-22T11:20:00Z,2024-10-22T11:30:00Z,W1hZkqBeWCUTVBX6rx9OeHmaWx63
671795dd873f16478412b881,0,2024-10-22T11:00:00Z,2024-10-22T11:10:00Z,W1hZkqBeWCUTVBX6rx9OeHmaWx63
671795dd873f16478412b882,0,2024-10-22T11:10:00Z,2024-10-22T11:20:00Z,W1hZkqBeWCUTVBX6rx9OeHmaWx63
671795dd873f16478412b883,0,2024-10-22T11:20:00Z,2024-10-22T11:30:00Z,W1hZkqBeWCUTVBX6rx9OeHmaWx63
671795dd873f16478412b884,0,2024-10-22T11:30:00Z,2024-10-22T11:40:00Z,W1hZkqBeWCUTVBX6rx9OeHmaWx63
671795dd873f16478412b885,0,2024-10-22T11:40:00Z,2024-10-22T11:50:00Z,W1hZkqBeWCUTVBX6rx9OeHmaWx63
671795dd873f16478412b886,21,2024-10-22T11:50:00Z,2024-10-22T12:00:00Z,W1hZkqBeWCUTVBX6rx9OeHmaWx63
671795dd873f16478412b887,0,2024-10-22T12:00:00Z,2024-10-22T12:10:00Z,W1hZkqBeWCUTVBX6rx9OeHmaWx63
6721772e5fc86555907d0b83,0,2024-10-22T12:00:00Z,2024-10-22T12:10:00Z,W1hZkqBeWCUTVBX6rx9OeHmaWx63
6721772e5fc86555907d0b84,597,2024-10-22T12:10:00Z,2024-10-22T12:20:00Z,W1hZkqBeWCUTVBX6rx9OeHmaWx63
6721772e5fc86555907d0b85,0,2024-10-22T12:20:00Z,2024-10-22T12:30:00Z,W1hZkqBeWCUTVBX6rx9OeHmaWx63
6721772e5fc86555907d0b86,0,2024-10-22T12:30:00Z,2024-10-22T12:40:00Z,W1hZkqBeWCUTVBX6rx9OeHmaWx63
6721772e5fc86555907d0b87,0,2024-10-22T12:40:00Z,2024-10-22T12:50:00Z,W1hZkqBeWCUTVBX6rx9OeHmaWx63
6721772e5fc86555907d0b88,0,2024-10-22T12:50:00Z,2024-10-22T13:00:00Z,W1hZkqBeWCUTVBX6rx9OeHmaWx63
6721772e5fc86555907d0b94,12,2024-10-22T13:00:00Z,2024-10-22T13:10:00Z,W1hZkqBeWCUTVBX6rx9OeHmaWx63
6721772e5fc86555907d0b95,228,2024-10-22T13:10:00Z,2024-10-22T13:20:00Z,W1hZkqBeWCUTVBX6rx9OeHmaWx63
6721772e5fc86555907d0b96,0,2024-10-22T13:20:00Z,2024-10-22T13:30:00Z,W1hZkqBeWCUTVBX6rx9OeHmaWx63
6721772e5fc86555907d0b97,0,2024-10-22T13:30:00Z,2024-10-22T13:40:00Z,W1hZkqBeWCUTVBX6rx9OeHmaWx63
6721772e5fc86555907d0b98,0,2024-10-22T13:40:00Z,2024-10-22T13:50:00Z,W1hZkqBeWCUTVBX6rx9OeHmaWx63
6721772e5fc86555907d0b99,0,2024-10-22T13:50:00Z,2024-10-22T14:00:00Z,W1hZkqBeWCUTVBX6rx9OeHmaWx63
6721772e5fc86555907d0ba5,0,2024-10-22T14:00:00Z,2024-10-22T14:10:00Z,W1hZkqBeWCUTVBX6rx9OeHmaWx63
6721772e5fc86555907d0ba6,0,2024-10-22T14:10:00Z,2024-10-22T14:20:00Z,W1hZkqBeWCUTVBX6rx9OeHmaWx63
6721772e5fc86555907d0ba7,0,2024-10-22T14:20:00Z,2024-10-22T14:30:00Z,W1hZkqBeWCUTVBX6rx9OeHmaWx63
6721772e5fc86555907d0ba8,0,2024-10-22T14:30:00Z,2024-10-22T14:40:00Z,W1hZkqBeWCUTVBX6rx9OeHmaWx63
6721772e5fc86555907d0ba9,0,2024-10-22T14:40:00Z,2024-10-22T14:50:00Z,W1hZkqBeWCUTVBX6rx9OeHmaWx63
6721772e5fc86555907d0baa,0,2024-10-22T14:50:00Z,2024-10-22T15:00:00Z,W1hZkqBeWCUTVBX6rx9OeHmaWx63
6721772e5fc86555907d0bb6,0,2024-10-22T15:00:00Z,2024-10-22T15:10:00Z,W1hZkqBeWCUTVBX6rx9OeHmaWx63
6721772e5fc86555907d0bb7,0,2024-10-22T15:10:00Z,2024-10-22T15:20:00Z,W1hZkqBeWCUTVBX6rx9OeHmaWx63
6721772e5fc86555907d0bb8,0,2024-10-22T15:20:00Z,2024-10-22T15:30:00Z,W1hZkqBeWCUTVBX6rx9OeHmaWx63
6721772e5fc86555907d0bb9,0,2024-10-22T15:30:00Z,2024-10-22T15:40:00Z,W1hZkqBeWCUTVBX6rx9OeHmaWx63
6721772e5fc86555907d0bba,0,2024-10-22T15:40:00Z,2024-10-22T15:50:00Z,W1hZkqBeWCUTVBX6rx9OeHmaWx63
6721772e5fc86555907d0bbb,0,2024-10-22T15:50:00Z,2024-10-22T16:00:00Z,W1hZkqBeWCUTVBX6rx9OeHmaWx63
6721772e5fc86555907d0bc7,0,2024-10-22T16:00:00Z,2024-10-22T16:10:00Z,W1hZkqBeWCUTVBX6rx9OeHmaWx63
6721772e5fc86555907d0bc8,0,2024-10-22T16:10:00Z,2024-10-22T16:20:00Z,W1hZkqBeWCUTVBX6rx9OeHmaWx63
6721772e5fc86555907d0bc9,0,2024-10-22T16:20:00Z,2024-10-22T16:30:00Z,W1hZkqBeWCUTVBX6rx9OeHmaWx63
6721772e5fc86555907d0bca,0,2024-10-22T16:30:00Z,2024-10-22T16:40:00Z,W1hZkqBeWCUTVBX6rx9OeHmaWx63
6721772e5fc86555907d0bcb,0,2024-10-22T16:40:00Z,2024-10-22T16:50:00Z,W1hZkqBeWCUTVBX6rx9OeHmaWx63
6721772e5fc86555907d0bcc,0,2024-10-22T16:50:00Z,2024-10-22T17:00:00Z,W1hZkqBeWCUTVBX6rx9OeHmaWx63
6721772e5fc86555907d0bd8,0,2024-10-22T17:00:00Z,2024-10-22T17:10:00Z,W1hZkqBeWCUTVBX6rx9OeHmaWx63
6721772e5fc86555907d0bd9,0,2024-10-22T17:10:00Z,2024-10-22T17:20:00Z,W1hZkqBeWCUTVBX6rx9OeHmaWx63
6721772e5fc86555907d0bda,0,2024-10-22T17:20:00Z,2024-10-22T17:30:00Z,W1hZkqBeWCUTVBX6rx9OeHmaWx63
6721772e5fc86555907d0bdb,0,2024-10-22T17:30:00Z,2024-10-22T17:40:00Z,W1hZkqBeWCUTVBX6rx9OeHmaWx63
6721772e5fc86555907d0bdc,0,2024-10-22T17:40:00Z,2024-10-22T17:50:00Z,W1hZkqBeWCUTVBX6rx9OeHmaWx63
6721772e5fc86555907d0bdd,0,2024-10-22T17:50:00Z,2024-10-22T18:00:00Z,W1hZkqBeWCUTVBX6rx9OeHmaWx63
6721772e5fc86555907d0be9,0,2024-10-22T18:00:00Z,2024-10-22T18:10:00Z,W1hZkqBeWCUTVBX6rx9OeHmaWx63
6721772e5fc86555907d0bea,0,2024-10-22T18:10:00Z,2024-10-22T18:20:00Z,W1hZkqBeWCUTVBX6rx9OeHmaWx63
6721772e5fc86555907d0beb,0,2024-10-22T18:20:00Z,2024-10-22T18:30:00Z,W1hZkqBeWCUTVBX6rx9OeHmaWx63
6721772e5fc86555907d0bec,0,2024-10-22T18:30:00Z,2024-10-22T18:40:00Z,W1hZkqBeWCUTVBX6rx9OeHmaWx63
6721772e5fc86555907d0bed,0,2024-10-22T18:40:00Z,2024-10-22T18:50:00Z,W1hZkqBeWCUTVBX6rx9OeHmaWx63
6721772e5fc86555907d0bee,0,2024-10-22T18:50:00Z,2024-10-22T19:00:00Z,W1hZkqBeWCUTVBX6rx9OeHmaWx63
6721772e5fc86555907d0c0b,0,2024-10-22T19:00:00Z,2024-10-22T19:10:00Z,W1hZkqBeWCUTVBX6rx9OeHmaWx63
6721772e5fc86555907d0c0c,0,2024-10-22T19:10:00Z,2024-10-22T19:20:00Z,W1hZkqBeWCUTVBX6rx9OeHmaWx63
6721772e5fc86555907d0c0d,0,2024-10-22T19:20:00Z,2024-10-22T19:30:00Z,W1hZkqBeWCUTVBX6rx9OeHmaWx63
6721772e5fc86555907d0c0e,0,2024-10-22T19:30:00Z,2024-10-22T19:40:00Z,W1hZkqBeWCUTVBX6rx9OeHmaWx63
6721772e5fc86555907d0c0f,0,2024-10-22T19:40:00Z,2024-10-22T19:50:00Z,W1hZkqBeWCUTVBX6rx9OeHmaWx63
6721772e5fc86555907d0c10,0,2024-10-22T19:50:00Z,2024-10-22T20:00:00Z,W1hZkqBeWCUTVBX6rx9OeHmaWx63
6721772f5fc86555907d0c1c,0,2024-10-22T20:00:00Z,2024-10-22T20:10:00Z,W1hZkqBeWCUTVBX6rx9OeHmaWx63
6721772f5fc86555907d0c1d,0,2024-10-22T20:10:00Z,2024-10-22T20:20:00Z,W1hZkqBeWCUTVBX6rx9OeHmaWx63
6721772f5fc86555907d0c1e,0,2024-10-22T20:20:00Z,2024-10-22T20:30:00Z,W1hZkqBeWCUTVBX6rx9OeHmaWx63
6721772f5fc86555907d0c1f,0,2024-10-22T20:30:00Z,2024-10-22T20:40:00Z,W1hZkqBeWCUTVBX6rx9OeHmaWx63
6721772f5fc86555907d0c20,0,2024-10-22T20:40:00Z,2024-10-22T20:50:00Z,W1hZkqBeWCUTVBX6rx9OeHmaWx63
6721772f5fc86555907d0c21,0,2024-10-22T20:50:00Z,2024-10-22T21:00:00Z,W1hZkqBeWCUTVBX6rx9OeHmaWx63
6721772f5fc86555907d0c2d,0,2024-10-22T21:00:00Z,2024-10-22T21:10:00Z,W1hZkqBeWCUTVBX6rx9OeHmaWx63
6721772f5fc86555907d0c2e,0,2024-10-22T21:10:00Z,2024-10-22T21:20:00Z,W1hZkqBeWCUTVBX6rx9OeHmaWx63
6721772f5fc86555907d0c2f,0,2024-10-22T21:20:00Z,2024-10-22T21:30:00Z,W1hZkqBeWCUTVBX6rx9OeHmaWx63
6721772f5fc86555907d0c30,0,2024-10-22T21:30:00Z,2024-10-22T21:40:00Z,W1hZkqBeWCUTVBX6rx9OeHmaWx63
6721772f5fc86555907d0c31,0,2024-10-22T21:40:00Z,2024-10-22T21:50:00Z,W1hZkqBeWCUTVBX6rx9OeHmaWx63
6721772f5fc86555907d0c32,0,2024-10-22T21:50:00Z,2024-10-22T22:00:00Z,W1hZkqBeWCUTVBX6rx9OeHmaWx63
6721772f5fc86555907d0c3e,0,2024-10-22T22:00:00Z,2024-10-22T22:10:00Z,W1hZkqBeWCUTVBX6rx9OeHmaWx63
6721772f5fc86555907d0c3f,0,2024-10-22T22:10:00Z,2024-10-22T22:20:00Z,W1hZkqBeWCUTVBX6rx9OeHmaWx63
6721772f5fc86555907d0c40,0,2024-10-22T22:20:00Z,2024-10-22T22:30:00Z,W1hZkqBeWCUTVBX6rx9OeHmaWx63
6721772f5fc86555907d0c41,0,2024-10-22T22:30:00Z,2024-10-22T22:40:00Z,W1hZkqBeWCUTVBX6rx9OeHmaWx63
6721772f5fc86555907d0c42,0,2024-10-22T22:40:00Z,2024-10-22T22:50:00Z,W1hZkqBeWCUTVBX6rx9OeHmaWx63
6721772f5fc86555907d0c43,0,2024-10-22T22:50:00Z,2024-10-22T23:00:00Z,W1hZkqBeWCUTVBX6rx9OeHmaWx63
6721772f5fc86555907d0c4f,0,2024-10-22T23:00:00Z,2024-10-22T23:10:00Z,W1hZkqBeWCUTVBX6rx9OeHmaWx63
6721772f5fc86555907d0c50,0,2024-10-22T23:10:00Z,2024-10-22T23:20:00Z,W1hZkqBeWCUTVBX6rx9OeHmaWx63
6721772f5fc86555907d0c51,0,2024-10-22T23:20:00Z,2024-10-22T23:30:00Z,W1hZkqBeWCUTVBX6rx9OeHmaWx63
6721772f5fc86555907d0c52,0,2024-10-22T23:30:00Z,2024-10-22T23:40:00Z,W1hZkqBeWCUTVBX6rx9OeHmaWx63
6721772f5fc86555907d0c53,0,2024-10-22T23:40:00Z,2024-10-22T23:50:00Z,W1hZkqBeWCUTVBX6rx9OeHmaWx63
6721772f5fc86555907d0c54,0,2024-10-22T23:50:00Z,2024-10-23T00:00:00Z,W1hZkqBeWCUTVBX6rx9OeHmaWx63
6721772f5fc86555907d0c77,0,2024-10-23T00:00:00Z,2024-10-23T00:10:00Z,W1hZkqBeWCUTVBX6rx9OeHmaWx63
6721772f5fc86555907d0c78,0,2024-10-23T00:10:00Z,2024-10-23T00:20:00Z,W1hZkqBeWCUTVBX6rx9OeHmaWx63
6721772f5fc86555907d0c79,0,2024-10-23T00:20:00Z,2024-10-23T00:30:00Z,W1hZkqBeWCUTVBX6rx9OeHmaWx63
6721772f5fc86555907d0c7a,0,2024-10-23T00:30:00Z,2024-10-23T00:40:00Z,W1hZkqBeWCUTVBX6rx9OeHmaWx63
6721772f5fc86555907d0c7b,0,2024-10-23T00:40:00Z,2024-10-23T00:50:00Z,W1hZkqBeWCUTVBX6rx9OeHmaWx63
6721772f5fc86555907d0c7c,0,2024-10-23T00:50:00Z,2024-10-23T01:00:00Z,W1hZkqBeWCUTVBX6rx9OeHmaWx63
6721772f5fc86555907d0c88,0,2024-10-23T01:00:00Z,2024-10-23T01:10:00Z,W1hZkqBeWCUTVBX6rx9OeHmaWx63
6721772f5fc86555907d0c89,0,2024-10-23T01:10:00Z,2024-10-23T01:20:00Z,W1hZkqBeWCUTVBX6rx9OeHmaWx63
6721772f5fc86555907d0c8a,0,2024-10-23T01:20:00Z,2024-10-23T01:30:00Z,W1hZkqBeWCUTVBX6rx9OeHmaWx63
6721772f5fc86555907d0c8b,0,2024-10-23T01:30:00Z,2024-10-23T01:40:00Z,W1hZkqBeWCUTVBX6rx9OeHmaWx63
6721772f5fc86555907d0c8c,0,2024-10-23T01:40:00Z,2024-10-23T01:50:00Z,W1hZkqBeWCUTVBX6rx9OeHmaWx63
6721772f5fc86555907d0c8d,0,2024-10-23T01:50:00Z,2024-10-23T02:00:00Z,W1hZkqBeWCUTVBX6rx9OeHmaWx63
6721772f5fc86555907d0c99,0,2024-10-23T02:00:00Z,2024-10-23T02:10:00Z,W1hZkqBeWCUTVBX6rx9OeHmaWx63
6721772f5fc86555907d0c9a,0,2024-10-23T02:10:00Z,2024-10-23T02:20:00Z,W1hZkqBeWCUTVBX6rx9OeHmaWx63
6721772f5fc86555907d0c9b,0,2024-10-23T02:20:00Z,2024-10-23T02:30:00Z,W1hZkqBeWCUTVBX6rx9OeHmaWx63
6721772f5fc86555907d0c9c,0,2024-10-23T02:30:00Z,2024-10-23T02:40:00Z,W1hZkqBeWCUTVBX6rx9OeHmaWx63
6721772f5fc86555907d0c9d,0,2024-10-23T02:40:00Z,2024-10-23T02:50:00Z,W1hZkqBeWCUTVBX6rx9OeHmaWx63
6721772f5fc86555907d0c9e,0,2024-10-23T02:50:00Z,2024-10-23T03:00:00Z,W1hZkqBeWCUTVBX6rx9OeHmaWx63
6721772f5fc86555907d0caa,0,2024-10-23T03:00:00Z,2024-10-23T03:10:00Z,W1hZkqBeWCUTVBX6rx9OeHmaWx63
6721772f5fc86555907d0cab,0,2024-10-23T03:10:00Z,2024-10-23T03:20:00Z,W1hZkqBeWCUTVBX6rx9OeHmaWx63
6721772f5fc86555907d0cac,0,2024-10-23T03:20:00Z,2024-10-23T03:30:00Z,W1hZkqBeWCUTVBX6rx9OeHmaWx63
6721772f5fc86555907d0cad,0,2024-10-23T03:30:00Z,2024-10-23T03:40:00Z,W1hZkqBeWCUTVBX6rx9OeHmaWx63
6721772f5fc86555907d0cae,0,2024-10-23T03:40:00Z,2024-10-23T03:50:00Z,W1hZkqBeWCUTVBX6rx9OeHmaWx63
6721772f5fc86555907d0caf,0,2024-10-23T03:50:00Z,2024-10-23T04:00:00Z,W1hZkqBeWCUTVBX6rx9OeHmaWx63
6721772f5fc86555907d0cbb,0,2024-10-23T04:00:00Z,2024-10-23T04:10:00Z,W1hZkqBeWCUTVBX6rx9OeHmaWx63
6721772f5fc86555907d0cbc,0,2024-10-23T04:10:00Z,2024-10-23T04:20:00Z,W1hZkqBeWCUTVBX6rx9OeHmaWx63
6721772f5fc86555907d0cbd,0,2024-10-23T04:20:00Z,2024-10-23T04:30:00Z,W1hZkqBeWCUTVBX6rx9OeHmaWx63
6721772f5fc86555907d0cbe,0,2024-10-23T04:30:00Z,2024-10-23T04:40:00Z,W1hZkqBeWCUTVBX6rx9OeHmaWx63
6721772f5fc86555907d0cbf,0,2024-10-23T04:40:00Z,2024-10-23T04:50:00Z,W1hZkqBeWCUTVBX6rx9OeHmaWx63
6721772f5fc86555907d0cc0,0,2024-10-23T04:50:00Z,2024-10-23T05:00:00Z,W1hZkqBeWCUTVBX6rx9OeHmaWx63
6721772f5fc86555907d0ccc,0,2024-10-23T05:00:00Z,2024-10-23T05:10:00Z,W1hZkqBeWCUTVBX6rx9OeHmaWx63
6721772f5fc86555907d0ccd,0,2024-10-23T05:10:00Z,2024-10-23T05:20:00Z,W1hZkqBeWCUTVBX6rx9OeHmaWx63
6721772f5fc86555907d0cce,0,2024-10-23T05:20:00Z,2024-10-23T05:30:00Z,W1hZkqBeWCUTVBX6rx9OeHmaWx63
6721772f5fc86555907d0ccf,0,2024-10-23T05:30:00Z,2024-10-23T05:40:00Z,W1hZkqBeWCUTVBX6rx9OeHmaWx63
6721772f5fc86555907d0cd0,0,2024-10-23T05:40:00Z,2024-10-23T05:50:00Z,W1hZkqBeWCUTVBX6rx9OeHmaWx63
6721772f5fc86555907d0cd1,0,2024-10-23T05:50:00Z,2024-10-23T06:00:00Z,W1hZkqBeWCUTVBX6rx9OeHmaWx63
6721772f5fc86555907d0cdd,0,2024-10-23T06:00:00Z,2024-10-23T06:10:00Z,W1hZkqBeWCUTVBX6rx9OeHmaWx63
6721772f5fc86555907d0cde,0,2024-10-23T06:10:00Z,2024-10-23T06:20:00Z,W1hZkqBeWCUTVBX6rx9OeHmaWx63
6721772f5fc86555907d0cdf,0,2024-10-23T06:20:00Z,2024-10-23T06:30:00Z,W1hZkqBeWCUTVBX6rx9OeHmaWx63
6721772f5fc86555907d0ce0,0,2024-10-23T06:30:00Z,2024-10-23T06:40:00Z,W1hZkqBeWCUTVBX6rx9OeHmaWx63
6721772f5fc86555907d0ce1,0,2024-10-23T06:40:00Z,2024-10-23T06:50:00Z,W1hZkqBeWCUTVBX6rx9OeHmaWx63
6721772f5fc86555907d0ce2,0,2024-10-23T06:50:00Z,2024-10-23T07:00:00Z,W1hZkqBeWCUTVBX6rx9OeHmaWx63
6721772f5fc86555907d0cee,0,2024-10-23T07:00:00Z,2024-10-23T07:10:00Z,W1hZkqBeWCUTVBX6rx9OeHmaWx63
6721772f5fc86555907d0cef,0,2024-10-23T07:10:00Z,2024-10-23T07:20:00Z,W1hZkqBeWCUTVBX6rx9OeHmaWx63
6721772f5fc86555907d0cf0,0,2024-10-23T07:20:00Z,2024-10-23T07:30:00Z,W1hZkqBeWCUTVBX6rx9OeHmaWx63
6721772f5fc86555907d0cf1,0,2024-10-23T07:30:00Z,2024-10-23T07:40:00Z,W1hZkqBeWCUTVBX6rx9OeHmaWx63
6721772f5fc86555907d0cf2,0,2024-10-23T07:40:00Z,2024-10-23T07:50:00Z,W1hZkqBeWCUTVBX6rx9OeHmaWx63
6721772f5fc86555907d0cf3,0,2024-10-23T07:50:00Z,2024-10-23T08:00:00Z,W1hZkqBeWCUTVBX6rx9OeHmaWx63
6721772f5fc86555907d0cff,0,2024-10-23T08:00:00Z,2024-10-23T08:10:00Z,W1hZkqBeWCUTVBX6rx9OeHmaWx63
6721772f5fc86555907d0d00,0,2024-10-23T08:10:00Z,2024-10-23T08:20:00Z,W1hZkqBeWCUTVBX6rx9OeHmaWx63
6721772f5fc86555907d0d01,0,2024-10-23T08:20:00Z,2024-10-23T08:30:00Z,W1hZkqBeWCUTVBX6rx9OeHmaWx63
6721772f5fc86555907d0d02,0,2024-10-23T08:30:00Z,2024-10-23T08:40:00Z,W1hZkqBeWCUTVBX6rx9OeHmaWx63
6721772f5fc86555907d0d03,0,2024-10-23T08:40:00Z,2024-10-23T08:50:00Z,W1hZkqBeWCUTVBX6rx9OeHmaWx63
6721772f5fc86555907d0d04,0,2024-10-23T08:50:00Z,2024-10-23T09:00:00Z,W1hZkqBeWCUTVBX6rx9OeHmaWx63
672177305fc86555907d0d10,0,2024-10-23T09:00:00Z,2024-10-23T09:10:00Z,W1hZkqBeWCUTVBX6rx9OeHmaWx63
672177305fc86555907d0d11,0,2024-10-23T09:10:00Z,2024-10-23T09:20:00Z,W1hZkqBeWCUTVBX6rx9OeHmaWx63
672177305fc86555907d0d12,0,2024-10-23T09:20:00Z,2024-10-23T09:30:00Z,W1hZkqBeWCUTVBX6rx9OeHmaWx63
672177305fc86555907d0d13,0,2024-10-23T09:30:00Z,2024-10-23T09:40:00Z,W1hZkqBeWCUTVBX6rx9OeHmaWx63
672177305fc86555907d0d14,0,2024-10-23T09:40:00Z,2024-10-23T09:50:00Z,W1hZkqBeWCUTVBX6rx9OeHmaWx63
672177305fc86555907d0d15,0,2024-10-23T09:50:00Z,2024-10-23T10:00:00Z,W1hZkqBeWCUTVBX6rx9OeHmaWx63
672177305fc86555907d0d21,0,2024-10-23T10:00:00Z,2024-10-23T10:10:00Z,W1hZkqBeWCUTVBX6rx9OeHmaWx63
672177305fc86555907d0d22,0,2024-10-23T10:10:00Z,2024-10-23T10:20:00Z,W1hZkqBeWCUTVBX6rx9OeHmaWx63
672177305fc86555907d0d23,0,2024-10-23T10:20:00Z,2024-10-23T10:30:00Z,W1hZkqBeWCUTVBX6rx9OeHmaWx63
672177305fc86555907d0d24,0,2024-10-23T10:30:00Z,2024-10-23T10:40:00Z,W1hZkqBeWCUTVBX6rx9OeHmaWx63
672177305fc86555907d0d25,0,2024-10-23T10:40:00Z,2024-10-23T10:50:00Z,W1hZkqBeWCUTVBX6rx9OeHmaWx63
672177305fc86555907d0d26,0,2024-10-23T10:50:00Z,2024-10-23T11:00:00Z,W1hZkqBeWCUTVBX6rx9OeHmaWx63
672177305fc86555907d0d32,0,2024-10-23T11:00:00Z,2024-10-23T11:10:00Z,W1hZkqBeWCUTVBX6rx9OeHmaWx63
672177305fc86555907d0d33,0,2024-10-23T11:10:00Z,2024-10-23T11:20:00Z,W1hZkqBeWCUTVBX6rx9OeHmaWx63
672177305fc86555907d0d34,0,2024-10-23T11:20:00Z,2024-10-23T11:30:00Z,W1hZkqBeWCUTVBX6rx9OeHmaWx63
672177305fc86555907d0d35,0,2024-10-23T11:30:00Z,2024-10-23T11:40:00Z,W1hZkqBeWCUTVBX6rx9OeHmaWx63
672177305fc86555907d0d36,0,2024-10-23T11:40:00Z,2024-10-23T11:50:00Z,W1hZkqBeWCUTVBX6rx9OeHmaWx63
672177305fc86555907d0d37,0,2024-10-23T11:50:00Z,2024-10-23T12:00:00Z,W1hZkqBeWCUTVBX6rx9OeHmaWx63
672177305fc86555907d0d43,0,2024-10-23T12:00:00Z,2024-10-23T12:10:00Z,W1hZkqBeWCUTVBX6rx9OeHmaWx63
672177305fc86555907d0d44,0,2024-10-23T12:10:00Z,2024-10-23T12:20:00Z,W1hZkqBeWCUTVBX6rx9OeHmaWx63
672177305fc86555907d0d45,0,2024-10-23T12:20:00Z,2024-10-23T12:30:00Z,W1hZkqBeWCUTVBX6rx9OeHmaWx63
672177305fc86555907d0d46,0,2024-10-23T12:30:00Z,2024-10-23T12:40:00Z,W1hZkqBeWCUTVBX6rx9OeHmaWx63
672177305fc86555907d0d47,0,2024-10-23T12:40:00Z,2024-10-23T12:50:00Z,W1hZkqBeWCUTVBX6rx9OeHmaWx63
672177305fc86555907d0d48,0,2024-10-23T12:50:00Z,2024-10-23T13:00:00Z,W1hZkqBeWCUTVBX6rx9OeHmaWx63
672177305fc86555907d0d54,0,2024-10-23T13:00:00Z,2024-10-23T13:10:00Z,W1hZkqBeWCUTVBX6rx9OeHmaWx63
672177305fc86555907d0d55,0,2024-10-23T13:10:00Z,2024-10-23T13:20:00Z,W1hZkqBeWCUTVBX6rx9OeHmaWx63
672177305fc86555907d0d56,0,2024-10-23T13:20:00Z,2024-10-23T13:30:00Z,W1hZkqBeWCUTVBX6rx9OeHmaWx63
672177305fc86555907d0d57,0,2024-10-23T13:30:00Z,2024-10-23T13:40:00Z,W1hZkqBeWCUTVBX6rx9OeHmaWx63
672177305fc86555907d0d58,0,2024-10-23T13:40:00Z,2024-10-23T13:50:00Z,W1hZkqBeWCUTVBX6rx9OeHmaWx63
672177305fc86555907d0d59,0,2024-10-23T13:50:00Z,2024-10-23T14:00:00Z,W1hZkqBeWCUTVBX6rx9OeHmaWx63
672177305fc86555907d0d65,0,2024-10-23T14:00:00Z,2024-10-23T14:10:00Z,W1hZkqBeWCUTVBX6rx9OeHmaWx63
672177305fc86555907d0d66,0,2024-10-23T14:10:00Z,2024-10-23T14:20:00Z,W1hZkqBeWCUTVBX6rx9OeHmaWx63
672177305fc86555907d0d67,0,2024-10-23T14:20:00Z,2024-10-23T14:30:00Z,W1hZkqBeWCUTVBX6rx9OeHmaWx63
672177305fc86555907d0d68,0,2024-10-23T14:30:00Z,2024-10-23T14:40:00Z,W1hZkqBeWCUTVBX6rx9OeHmaWx63
672177305fc86555907d0d69,0,2024-10-23T14:40:00Z,2024-10-23T14:50:00Z,W1hZkqBeWCUTVBX6rx9OeHmaWx63
672177305fc86555907d0d6a,0,2024-10-23T14:50:00Z,2024-10-23T15:00:00Z,W1hZkqBeWCUTVBX6rx9OeHmaWx63
672177305fc86555907d0d76,0,2024-10-23T15:00:00Z,2024-10-23T15:10:00Z,W1hZkqBeWCUTVBX6rx9OeHmaWx63
672177305fc86555907d0d77,0,2024-10-23T15:10:00Z,2024-10-23T15:20:00Z,W1hZkqBeWCUTVBX6rx9OeHmaWx63
672177305fc86555907d0d78,0,2024-10-23T15:20:00Z,2024-10-23T15:30:00Z,W1hZkqBeWCUTVBX6rx9OeHmaWx63
672177305fc86555907d0d79,0,2024-10-23T15:30:00Z,2024-10-23T15:40:00Z,W1hZkqBeWCUTVBX6rx9OeHmaWx63
672177305fc86555907d0d7a,0,2024-10-23T15:40:00Z,2024-10-23T15:50:00Z,W1hZkqBeWCUTVBX6rx9OeHmaWx63
672177305fc86555907d0d7b,0,2024-10-23T15:50:00Z,2024-10-23T16:00:00Z,W1hZkqBeWCUTVBX6rx9OeHmaWx63
672177305fc86555907d0d87,0,2024-10-23T16:00:00Z,2024-10-23T16:10:00Z,W1hZkqBeWCUTVBX6rx9OeHmaWx63
672177305fc86555907d0d88,0,2024-10-23T16:10:00Z,2024-10-23T16:20:00Z,W1hZkqBeWCUTVBX6rx9OeHmaWx63
672177305fc86555907d0d89,0,2024-10-23T16:20:00Z,2024-10-23T16:30:00Z,W1hZkqBeWCUTVBX6rx9OeHmaWx63
672177305fc86555907d0d8a,0,2024-10-23T16:30:00Z,2024-10-23T16:40:00Z,W1hZkqBeWCUTVBX6rx9OeHmaWx63
672177305fc86555907d0d8b,0,2024-10-23T16:40:00Z,2024-10-23T16:50:00Z,W1hZkqBeWCUTVBX6rx9OeHmaWx63
672177305fc86555907d0d8c,0,2024-10-23T16:50:00Z,2024-10-23T17:00:00Z,W1hZkqBeWCUTVBX6rx9OeHmaWx63
672177305fc86555907d0d98,0,2024-10-23T17:00:00Z,2024-10-23T17:10:00Z,W1hZkqBeWCUTVBX6rx9OeHmaWx63
672177305fc86555907d0d99,0,2024-10-23T17:10:00Z,2024-10-23T17:20:00Z,W1hZkqBeWCUTVBX6rx9OeHmaWx63
672177305fc86555907d0d9a,0,2024-10-23T17:20:00Z,2024-10-23T17:30:00Z,W1hZkqBeWCUTVBX6rx9OeHmaWx63
672177305fc86555907d0d9b,0,2024-10-23T17:30:00Z,2024-10-23T17:40:00Z,W1hZkqBeWCUTVBX6rx9OeHmaWx63
672177305fc86555907d0d9c,0,2024-10-23T17:40:00Z,2024-10-23T17:50:00Z,W1hZkqBeWCUTVBX6rx9OeHmaWx63
672177305fc86555907d0d9d,0,2024-10-23T17:50:00Z,2024-10-23T18:00:00Z,W1hZkqBeWCUTVBX6rx9OeHmaWx63
672177305fc86555907d0da9,0,2024-10-23T18:00:00Z,2024-10-23T18:10:00Z,W1hZkqBeWCUTVBX6rx9OeHmaWx63
672177305fc86555907d0daa,0,2024-10-23T18:10:00Z,2024-10-23T18:20:00Z,W1hZkqBeWCUTVBX6rx9OeHmaWx63
672177305fc86555907d0dab,0,2024-10-23T18:20:00Z,2024-10-23T18:30:00Z,W1hZkqBeWCUTVBX6rx9OeHmaWx63
672177305fc86555907d0dac,0,2024-10-23T18:30:00Z,2024-10-23T18:40:00Z,W1hZkqBeWCUTVBX6rx9OeHmaWx63
672177305fc86555907d0dad,0,2024-10-23T18:40:00Z,2024-10-23T18:50:00Z,W1hZkqBeWCUTVBX6rx9OeHmaWx63
672177305fc86555907d0dae,0,2024-10-23T18:50:00Z,2024-10-23T19:00:00Z,W1hZkqBeWCUTVBX6rx9OeHmaWx63
672177315fc86555907d0dba,0,2024-10-23T19:00:00Z,2024-10-23T19:10:00Z,W1hZkqBeWCUTVBX6rx9OeHmaWx63
672177315fc86555907d0dbb,0,2024-10-23T19:10:00Z,2024-10-23T19:20:00Z,W1hZkqBeWCUTVBX6rx9OeHmaWx63
672177315fc86555907d0dbc,0,2024-10-23T19:20:00Z,2024-10-23T19:30:00Z,W1hZkqBeWCUTVBX6rx9OeHmaWx63
672177315fc86555907d0dbd,0,2024-10-23T19:30:00Z,2024-10-23T19:40:00Z,W1hZkqBeWCUTVBX6rx9OeHmaWx63
672177315fc86555907d0dbe,0,2024-10-23T19:40:00Z,2024-10-23T19:50:00Z,W1hZkqBeWCUTVBX6rx9OeHmaWx63
672177315fc86555907d0dbf,0,2024-10-23T19:50:00Z,2024-10-23T20:00:00Z,W1hZkqBeWCUTVBX6rx9OeHmaWx63
672177315fc86555907d0dcb,0,2024-10-23T20:00:00Z,2024-10-23T20:10:00Z,W1hZkqBeWCUTVBX6rx9OeHmaWx63
672177315fc86555907d0dcc,0,2024-10-23T20:10:00Z,2024-10-23T20:20:00Z,W1hZkqBeWCUTVBX6rx9OeHmaWx63
672177315fc86555907d0dcd,0,2024-10-23T20:20:00Z,2024-10-23T20:30:00Z,W1hZkqBeWCUTVBX6rx9OeHmaWx63
672177315fc86555907d0dce,0,2024-10-23T20:30:00Z,2024-10-23T20:40:00Z,W1hZkqBeWCUTVBX6rx9OeHmaWx63
672177315fc86555907d0dcf,0,2024-10-23T20:40:00Z,2024-10-23T20:50:00Z,W1hZkqBeWCUTVBX6rx9OeHmaWx63
672177315fc86555907d0dd0,0,2024-10-23T20:50:00Z,2024-10-23T21:00:00Z,W1hZkqBeWCUTVBX6rx9OeHmaWx63
672177315fc86555907d0ddc,0,2024-10-23T21:00:00Z,2024-10-23T21:10:00Z,W1hZkqBeWCUTVBX6rx9OeHmaWx63
672177315fc86555907d0ddd,0,2024-10-23T21:10:00Z,2024-10-23T21:20:00Z,W1hZkqBeWCUTVBX6rx9OeHmaWx63
672177315fc86555907d0dde,0,2024-10-23T21:20:00Z,2024-10-23T21:30:00Z,W1hZkqBeWCUTVBX6rx9OeHmaWx63
672177315fc86555907d0ddf,0,2024-10-23T21:30:00Z,2024-10-23T21:40:00Z,W1hZkqBeWCUTVBX6rx9OeHmaWx63
672177315fc86555907d0de0,0,2024-10-23T21:40:00Z,2024-10-23T21:50:00Z,W1hZkqBeWCUTVBX6rx9OeHmaWx63
672177315fc86555907d0de1,0,2024-10-23T21:50:00Z,2024-10-23T22:00:00Z,W1hZkqBeWCUTVBX6rx9OeHmaWx63
672177325fc86555907d0e1b,0,2024-10-23T22:00:00Z,2024-10-23T22:10:00Z,W1hZkqBeWCUTVBX6rx9OeHmaWx63
672177325fc86555907d0e1c,0,2024-10-23T22:10:00Z,2024-10-23T22:20:00Z,W1hZkqBeWCUTVBX6rx9OeHmaWx63
672177325fc86555907d0e1d,0,2024-10-23T22:20:00Z,2024-10-23T22:30:00Z,W1hZkqBeWCUTVBX6rx9OeHmaWx63
672177325fc86555907d0e1e,0,2024-10-23T22:30:00Z,2024-10-23T22:40:00Z,W1hZkqBeWCUTVBX6rx9OeHmaWx63
672177325fc86555907d0e1f,0,2024-10-23T22:40:00Z,2024-10-23T22:50:00Z,W1hZkqBeWCUTVBX6rx9OeHmaWx63
672177325fc86555907d0e20,0,2024-10-23T22:50:00Z,2024-10-23T23:00:00Z,W1hZkqBeWCUTVBX6rx9OeHmaWx63
672177325fc86555907d0e2c,0,2024-10-23T23:00:00Z,2024-10-23T23:10:00Z,W1hZkqBeWCUTVBX6rx9OeHmaWx63
672177325fc86555907d0e2d,0,2024-10-23T23:10:00Z,2024-10-23T23:20:00Z,W1hZkqBeWCUTVBX6rx9OeHmaWx63
672177325fc86555907d0e2e,0,2024-10-23T23:20:00Z,2024-10-23T23:30:00Z,W1hZkqBeWCUTVBX6rx9OeHmaWx63
672177325fc86555907d0e2f,0,2024-10-23T23:30:00Z,2024-10-23T23:40:00Z,W1hZkqBeWCUTVBX6rx9OeHmaWx63
672177325fc86555907d0e30,0,2024-10-23T23:40:00Z,2024-10-23T23:50:00Z,W1hZkqBeWCUTVBX6rx9OeHmaWx63
672177325fc86555907d0e31,0,2024-10-23T23:50:00Z,2024-10-24T00:00:00Z,W1hZkqBeWCUTVBX6rx9OeHmaWx63
672177325fc86555907d0e3d,0,2024-10-24T00:00:00Z,2024-10-24T00:10:00Z,W1hZkqBeWCUTVBX6rx9OeHmaWx63
672177325fc86555907d0e3e,0,2024-10-24T00:10:00Z,2024-10-24T00:20:00Z,W1hZkqBeWCUTVBX6rx9OeHmaWx63
672177325fc86555907d0e3f,0,2024-10-24T00:20:00Z,2024-10-24T00:30:00Z,W1hZkqBeWCUTVBX6rx9OeHmaWx63
672177325fc86555907d0e40,0,2024-10-24T00:30:00Z,2024-10-24T00:40:00Z,W1hZkqBeWCUTVBX6rx9OeHmaWx63
672177325fc86555907d0e41,0,2024-10-24T00:40:00Z,2024-10-24T00:50:00Z,W1hZkqBeWCUTVBX6rx9OeHmaWx63
672177325fc86555907d0e42,0,2024-10-24T00:50:00Z,2024-10-24T01:00:00Z,W1hZkqBeWCUTVBX6rx9OeHmaWx63
672177325fc86555907d0e4e,0,2024-10-24T01:00:00Z,2024-10-24T01:10:00Z,W1hZkqBeWCUTVBX6rx9OeHmaWx63
672177325fc86555907d0e4f,0,2024-10-24T01:10:00Z,2024-10-24T01:20:00Z,W1hZkqBeWCUTVBX6rx9OeHmaWx63
672177325fc86555907d0e50,0,2024-10-24T01:20:00Z,2024-10-24T01:30:00Z,W1hZkqBeWCUTVBX6rx9OeHmaWx63
672177325fc86555907d0e51,0,2024-10-24T01:30:00Z,2024-10-24T01:40:00Z,W1hZkqBeWCUTVBX6rx9OeHmaWx63
672177325fc86555907d0e52,0,2024-10-24T01:40:00Z,2024-10-24T01:50:00Z,W1hZkqBeWCUTVBX6rx9OeHmaWx63
672177325fc86555907d0e53,0,2024-10-24T01:50:00Z,2024-10-24T02:00:00Z,W1hZkqBeWCUTVBX6rx9OeHmaWx63
672177325fc86555907d0e5f,0,2024-10-24T02:00:00Z,2024-10-24T02:10:00Z,W1hZkqBeWCUTVBX6rx9OeHmaWx63
672177325fc86555907d0e60,0,2024-10-24T02:10:00Z,2024-10-24T02:20:00Z,W1hZkqBeWCUTVBX6rx9OeHmaWx63
672177325fc86555907d0e61,0,2024-10-24T02:20:00Z,2024-10-24T02:30:00Z,W1hZkqBeWCUTVBX6rx9OeHmaWx63
672177325fc86555907d0e62,0,2024-10-24T02:30:00Z,2024-10-24T02:40:00Z,W1hZkqBeWCUTVBX6rx9OeHmaWx63
672177325fc86555907d0e63,0,2024-10-24T02:40:00Z,2024-10-24T02:50:00Z,W1hZkqBeWCUTVBX6rx9OeHmaWx63
672177325fc86555907d0e64,0,2024-10-24T02:50:00Z,2024-10-24T03:00:00Z,W1hZkqBeWCUTVBX6rx9OeHmaWx63
672177325fc86555907d0e70,0,2024-10-24T03:00:00Z,2024-10-24T03:10:00Z,W1hZkqBeWCUTVBX6rx9OeHmaWx63
672177325fc86555907d0e71,0,2024-10-24T03:10:00Z,2024-10-24T03:20:00Z,W1hZkqBeWCUTVBX6rx9OeHmaWx63
672177325fc86555907d0e72,0,2024-10-24T03:20:00Z,2024-10-24T03:30:00Z,W1hZkqBeWCUTVBX6rx9OeHmaWx63
672177325fc86555907d0e73,0,2024-10-24T03:30:00Z,2024-10-24T03:40:00Z,W1hZkqBeWCUTVBX6rx9OeHmaWx63
672177325fc86555907d0e74,0,2024-10-24T03:40:00Z,2024-10-24T03:50:00Z,W1hZkqBeWCUTVBX6rx9OeHmaWx63
672177325fc86555907d0e75,0,2024-10-24T03:50:00Z,2024-10-24T04:00:00Z,W1hZkqBeWCUTVBX6rx9OeHmaWx63
672177325fc86555907d0e81,0,2024-10-24T04:00:00Z,2024-10-24T04:10:00Z,W1hZkqBeWCUTVBX6rx9OeHmaWx63
672177325fc86555907d0e82,0,2024-10-24T04:10:00Z,2024-10-24T04:20:00Z,W1hZkqBeWCUTVBX6rx9OeHmaWx63
672177325fc86555907d0e83,0,2024-10-24T04:20:00Z,2024-10-24T04:30:00Z,W1hZkqBeWCUTVBX6rx9OeHmaWx63
672177325fc86555907d0e84,0,2024-10-24T04:30:00Z,2024-10-24T04:40:00Z,W1hZkqBeWCUTVBX6rx9OeHmaWx63
672177325fc86555907d0e85,0,2024-10-24T04:40:00Z,2024-10-24T04:50:00Z,W1hZkqBeWCUTVBX6rx9OeHmaWx63
672177325fc86555907d0e86,0,2024-10-24T04:50:00Z,2024-10-24T05:00:00Z,W1hZkqBeWCUTVBX6rx9OeHmaWx63
672177325fc86555907d0e92,0,2024-10-24T05:00:00Z,2024-10-24T05:10:00Z,W1hZkqBeWCUTVBX6rx9OeHmaWx63
672177325fc86555907d0e93,0,2024-10-24T05:10:00Z,2024-10-24T05:20:00Z,W1hZkqBeWCUTVBX6rx9OeHmaWx63
672177325fc86555907d0e94,0,2024-10-24T05:20:00Z,2024-10-24T05:30:00Z,W1hZkqBeWCUTVBX6rx9OeHmaWx63
672177325fc86555907d0e95,0,2024-10-24T05:30:00Z,2024-10-24T05:40:00Z,W1hZkqBeWCUTVBX6rx9OeHmaWx63
672177325fc86555907d0e96,0,2024-10-24T05:40:00Z,2024-10-24T05:50:00Z,W1hZkqBeWCUTVBX6rx9OeHmaWx63
672177325fc86555907d0e97,0,2024-10-24T05:50:00Z,2024-10-24T06:00:00Z,W1hZkqBeWCUTVBX6rx9OeHmaWx63
672177325fc86555907d0ea3,0,2024-10-24T06:00:00Z,2024-10-24T06:10:00Z,W1hZkqBeWCUTVBX6rx9OeHmaWx63
672177325fc86555907d0ea4,0,2024-10-24T06:10:00Z,2024-10-24T06:20:00Z,W1hZkqBeWCUTVBX6rx9OeHmaWx63
672177325fc86555907d0ea5,0,2024-10-24T06:20:00Z,2024-10-24T06:30:00Z,W1hZkqBeWCUTVBX6rx9OeHmaWx63
672177325fc86555907d0ea6,0,2024-10-24T06:30:00Z,2024-10-24T06:40:00Z,W1hZkqBeWCUTVBX6rx9OeHmaWx63
672177325fc86555907d0ea7,0,2024-10-24T06:40:00Z,2024-10-24T06:50:00Z,W1hZkqBeWCUTVBX6rx9OeHmaWx63
672177325fc86555907d0ea8,0,2024-10-24T06:50:00Z,2024-10-24T07:00:00Z,W1hZkqBeWCUTVBX6rx9OeHmaWx63
672177325fc86555907d0eb4,0,2024-10-24T07:00:00Z,2024-10-24T07:10:00Z,W1hZkqBeWCUTVBX6rx9OeHmaWx63
672177325fc86555907d0eb5,0,2024-10-24T07:10:00Z,2024-10-24T07:20:00Z,W1hZkqBeWCUTVBX6rx9OeHmaWx63
672177325fc86555907d0eb6,0,2024-10-24T07:20:00Z,2024-10-24T07:30:00Z,W1hZkqBeWCUTVBX6rx9OeHmaWx63
672177325fc86555907d0eb7,0,2024-10-24T07:30:00Z,2024-10-24T07:40:00Z,W1hZkqBeWCUTVBX6rx9OeHmaWx63
672177325fc86555907d0eb8,0,2024-10-24T07:40:00Z,2024-10-24T07:50:00Z,W1hZkqBeWCUTVBX6rx9OeHmaWx63
672177325fc86555907d0eb9,0,2024-10-24T07:50:00Z,2024-10-24T08:00:00Z,W1hZkqBeWCUTVBX6rx9OeHmaWx63
672177335fc86555907d0ec5,0,2024-10-24T08:00:00Z,2024-10-24T08:10:00Z,W1hZkqBeWCUTVBX6rx9OeHmaWx63
672177335fc86555907d0ec6,0,2024-10-24T08:10:00Z,2024-10-24T08:20:00Z,W1hZkqBeWCUTVBX6rx9OeHmaWx63
672177335fc86555907d0ec7,0,2024-10-24T08:20:00Z,2024-10-24T08:30:00Z,W1hZkqBeWCUTVBX6rx9OeHmaWx63
672177335fc86555907d0ec8,0,2024-10-24T08:30:00Z,2024-10-24T08:40:00Z,W1hZkqBeWCUTVBX6rx9OeHmaWx63
672177335fc86555907d0ec9,0,2024-10-24T08:40:00Z,2024-10-24T08:50:00Z,W1hZkqBeWCUTVBX6rx9OeHmaWx63
672177335fc86555907d0eca,0,2024-10-24T08:50:00Z,2024-10-24T09:00:00Z,W1hZkqBeWCUTVBX6rx9OeHmaWx63
672177335fc86555907d0ed6,0,2024-10-24T09:00:00Z,2024-10-24T09:10:00Z,W1hZkqBeWCUTVBX6rx9OeHmaWx63
672177335fc86555907d0ed7,0,2024-10-24T09:10:00Z,2024-10-24T09:20:00Z,W1hZkqBeWCUTVBX6rx9OeHmaWx63
672177335fc86555907d0ed8,0,2024-10-24T09:20:00Z,2024-10-24T09:30:00Z,W1hZkqBeWCUTVBX6rx9OeHmaWx63
672177335fc86555907d0ed9,0,2024-10-24T09:30:00Z,2024-10-24T09:40:00Z,W1hZkqBeWCUTVBX6rx9OeHmaWx63
672177335fc86555907d0eda,0,2024-10-24T09:40:00Z,2024-10-24T09:50:00Z,W1hZkqBeWCUTVBX6rx9OeHmaWx63
672177335fc86555907d0edb,0,2024-10-24T09:50:00Z,2024-10-24T10:00:00Z,W1hZkqBeWCUTVBX6rx9OeHmaWx63
672177335fc86555907d0efc,0,2024-10-24T10:00:00Z,2024-10-24T10:10:00Z,W1hZkqBeWCUTVBX6rx9OeHmaWx63
672177335fc86555907d0efd,0,2024-10-24T10:10:00Z,2024-10-24T10:20:00Z,W1hZkqBeWCUTVBX6rx9OeHmaWx63
672177335fc86555907d0efe,0,2024-10-24T10:20:00Z,2024-10-24T10:30:00Z,W1hZkqBeWCUTVBX6rx9OeHmaWx63
672177335fc86555907d0eff,0,2024-10-24T10:30:00Z,2024-10-24T10:40:00Z,W1hZkqBeWCUTVBX6rx9OeHmaWx63
672177335fc86555907d0f00,0,2024-10-24T10:40:00Z,2024-10-24T10:50:00Z,W1hZkqBeWCUTVBX6rx9OeHmaWx63
672177335fc86555907d0f01,0,2024-10-24T10:50:00Z,2024-10-24T11:00:00Z,W1hZkqBeWCUTVBX6rx9OeHmaWx63
672177335fc86555907d0f41,0,2024-10-24T11:00:00Z,2024-10-24T11:10:00Z,W1hZkqBeWCUTVBX6rx9OeHmaWx63
672177335fc86555907d0f42,0,2024-10-24T11:10:00Z,2024-10-24T11:20:00Z,W1hZkqBeWCUTVBX6rx9OeHmaWx63
672177335fc86555907d0f43,0,2024-10-24T11:20:00Z,2024-10-24T11:30:00Z,W1hZkqBeWCUTVBX6rx9OeHmaWx63
672177335fc86555907d0f44,0,2024-10-24T11:30:00Z,2024-10-24T11:40:00Z,W1hZkqBeWCUTVBX6rx9OeHmaWx63
672177335fc86555907d0f45,0,2024-10-24T11:40:00Z,2024-10-24T11:50:00Z,W1hZkqBeWCUTVBX6rx9OeHmaWx63
672177335fc86555907d0f46,0,2024-10-24T11:50:00Z,2024-10-24T12:00:00Z,W1hZkqBeWCUTVBX6rx9OeHmaWx63
672177335fc86555907d0f52,0,2024-10-24T12:00:00Z,2024-10-24T12:10:00Z,W1hZkqBeWCUTVBX6rx9OeHmaWx63
672177335fc86555907d0f53,0,2024-10-24T12:10:00Z,2024-10-24T12:20:00Z,W1hZkqBeWCUTVBX6rx9OeHmaWx63
672177335fc86555907d0f54,0,2024-10-24T12:20:00Z,2024-10-24T12:30:00Z,W1hZkqBeWCUTVBX6rx9OeHmaWx63
672177335fc86555907d0f55,0,2024-10-24T12:30:00Z,2024-10-24T12:40:00Z,W1hZkqBeWCUTVBX6rx9OeHmaWx63
672177335fc86555907d0f56,0,2024-10-24T12:40:00Z,2024-10-24T12:50:00Z,W1hZkqBeWCUTVBX6rx9OeHmaWx63
672177335fc86555907d0f57,0,2024-10-24T12:50:00Z,2024-10-24T13:00:00Z,W1hZkqBeWCUTVBX6rx9OeHmaWx63
672177335fc86555907d0f63,0,2024-10-24T13:00:00Z,2024-10-24T13:10:00Z,W1hZkqBeWCUTVBX6rx9OeHmaWx63
672177335fc86555907d0f64,0,2024-10-24T13:10:00Z,2024-10-24T13:20:00Z,W1hZkqBeWCUTVBX6rx9OeHmaWx63
672177335fc86555907d0f65,0,2024-10-24T13:20:00Z,2024-10-24T13:30:00Z,W1hZkqBeWCUTVBX6rx9OeHmaWx63
672177335fc86555907d0f66,0,2024-10-24T13:30:00Z,2024-10-24T13:40:00Z,W1hZkqBeWCUTVBX6rx9OeHmaWx63
672177335fc86555907d0f67,0,2024-10-24T13:40:00Z,2024-10-24T13:50:00Z,W1hZkqBeWCUTVBX6rx9OeHmaWx63
672177335fc86555907d0f68,0,2024-10-24T13:50:00Z,2024-10-24T14:00:00Z,W1hZkqBeWCUTVBX6rx9OeHmaWx63
672177335fc86555907d0f74,0,2024-10-24T14:00:00Z,2024-10-24T14:10:00Z,W1hZkqBeWCUTVBX6rx9OeHmaWx63
672177335fc86555907d0f75,0,2024-10-24T14:10:00Z,2024-10-24T14:20:00Z,W1hZkqBeWCUTVBX6rx9OeHmaWx63
672177335fc86555907d0f76,0,2024-10-24T14:20:00Z,2024-10-24T14:30:00Z,W1hZkqBeWCUTVBX6rx9OeHmaWx63
672177335fc86555907d0f77,0,2024-10-24T14:30:00Z,2024-10-24T14:40:00Z,W1hZkqBeWCUTVBX6rx9OeHmaWx63
672177335fc86555907d0f78,0,2024-10-24T14:40:00Z,2024-10-24T14:50:00Z,W1hZkqBeWCUTVBX6rx9OeHmaWx63
672177335fc86555907d0f79,0,2024-10-24T14:50:00Z,2024-10-24T15:00:00Z,W1hZkqBeWCUTVBX6rx9OeHmaWx63
672177335fc86555907d0f85,0,2024-10-24T15:00:00Z,2024-10-24T15:10:00Z,W1hZkqBeWCUTVBX6rx9OeHmaWx63
672177335fc86555907d0f86,0,2024-10-24T15:10:00Z,2024-10-24T15:20:00Z,W1hZkqBeWCUTVBX6rx9OeHmaWx63
672177335fc86555907d0f87,0,2024-10-24T15:20:00Z,2024-10-24T15:30:00Z,W1hZkqBeWCUTVBX6rx9OeHmaWx63
672177335fc86555907d0f88,0,2024-10-24T15:30:00Z,2024-10-24T15:40:00Z,W1hZkqBeWCUTVBX6rx9OeHmaWx63
672177335fc86555907d0f89,0,2024-10-24T15:40:00Z,2024-10-24T15:50:00Z,W1hZkqBeWCUTVBX6rx9OeHmaWx63
672177335fc86555907d0f8a,0,2024-10-24T15:50:00Z,2024-10-24T16:00:00Z,W1hZkqBeWCUTVBX6rx9OeHmaWx63
672177335fc86555907d0f96,0,2024-10-24T16:00:00Z,2024-10-24T16:10:00Z,W1hZkqBeWCUTVBX6rx9OeHmaWx63
672177335fc86555907d0f97,0,2024-10-24T16:10:00Z,2024-10-24T16:20:00Z,W1hZkqBeWCUTVBX6rx9OeHmaWx63
672177335fc86555907d0f98,0,2024-10-24T16:20:00Z,2024-10-24T16:30:00Z,W1hZkqBeWCUTVBX6rx9OeHmaWx63
672177335fc86555907d0f99,0,2024-10-24T16:30:00Z,2024-10-24T16:40:00Z,W1hZkqBeWCUTVBX6rx9OeHmaWx63
672177335fc86555907d0f9a,0,2024-10-24T16:40:00Z,2024-10-24T16:50:00Z,W1hZkqBeWCUTVBX6rx9OeHmaWx63
672177335fc86555907d0f9b,0,2024-10-24T16:50:00Z,2024-10-24T17:00:00Z,W1hZkqBeWCUTVBX6rx9OeHmaWx63
672177335fc86555907d0fa7,0,2024-10-24T17:00:00Z,2024-10-24T17:10:00Z,W1hZkqBeWCUTVBX6rx9OeHmaWx63
672177335fc86555907d0fa8,0,2024-10-24T17:10:00Z,2024-10-24T17:20:00Z,W1hZkqBeWCUTVBX6rx9OeHmaWx63
672177335fc86555907d0fa9,0,2024-10-24T17:20:00Z,2024-10-24T17:30:00Z,W1hZkqBeWCUTVBX6rx9OeHmaWx63
672177335fc86555907d0faa,0,2024-10-24T17:30:00Z,2024-10-24T17:40:00Z,W1hZkqBeWCUTVBX6rx9OeHmaWx63
672177335fc86555907d0fab,0,2024-10-24T17:40:00Z,2024-10-24T17:50:00Z,W1hZkqBeWCUTVBX6rx9OeHmaWx63
672177335fc86555907d0fac,0,2024-10-24T17:50:00Z,2024-10-24T18:00:00Z,W1hZkqBeWCUTVBX6rx9OeHmaWx63
672177335fc86555907d0fb8,0,2024-10-24T18:00:00Z,2024-10-24T18:10:00Z,W1hZkqBeWCUTVBX6rx9OeHmaWx63
672177335fc86555907d0fb9,0,2024-10-24T18:10:00Z,2024-10-24T18:20:00Z,W1hZkqBeWCUTVBX6rx9OeHmaWx63
672177335fc86555907d0fba,0,2024-10-24T18:20:00Z,2024-10-24T18:30:00Z,W1hZkqBeWCUTVBX6rx9OeHmaWx63
672177335fc86555907d0fbb,0,2024-10-24T18:30:00Z,2024-10-24T18:40:00Z,W1hZkqBeWCUTVBX6rx9OeHmaWx63
672177335fc86555907d0fbc,0,2024-10-24T18:40:00Z,2024-10-24T18:50:00Z,W1hZkqBeWCUTVBX6rx9OeHmaWx63
672177335fc86555907d0fbd,0,2024-10-24T18:50:00Z,2024-10-24T19:00:00Z,W1hZkqBeWCUTVBX6rx9OeHmaWx63
672177345fc86555907d0fc9,0,2024-10-24T19:00:00Z,2024-10-24T19:10:00Z,W1hZkqBeWCUTVBX6rx9OeHmaWx63
672177345fc86555907d0fca,0,2024-10-24T19:10:00Z,2024-10-24T19:20:00Z,W1hZkqBeWCUTVBX6rx9OeHmaWx63
672177345fc86555907d0fcb,0,2024-10-24T19:20:00Z,2024-10-24T19:30:00Z,W1hZkqBeWCUTVBX6rx9OeHmaWx63
672177345fc86555907d0fcc,0,2024-10-24T19:30:00Z,2024-10-24T19:40:00Z,W1hZkqBeWCUTVBX6rx9OeHmaWx63
672177345fc86555907d0fcd,0,2024-10-24T19:40:00Z,2024-10-24T19:50:00Z,W1hZkqBeWCUTVBX6rx9OeHmaWx63
672177345fc86555907d0fce,0,2024-10-24T19:50:00Z,2024-10-24T20:00:00Z,W1hZkqBeWCUTVBX6rx9OeHmaWx63
672177345fc86555907d0fda,0,2024-10-24T20:00:00Z,2024-10-24T20:10:00Z,W1hZkqBeWCUTVBX6rx9OeHmaWx63
672177345fc86555907d0fdb,0,2024-10-24T20:10:00Z,2024-10-24T20:20:00Z,W1hZkqBeWCUTVBX6rx9OeHmaWx63
672177345fc86555907d0fdc,0,2024-10-24T20:20:00Z,2024-10-24T20:30:00Z,W1hZkqBeWCUTVBX6rx9OeHmaWx63
672177345fc86555907d0fdd,0,2024-10-24T20:30:00Z,2024-10-24T20:40:00Z,W1hZkqBeWCUTVBX6rx9OeHmaWx63
672177345fc86555907d0fde,0,2024-10-24T20:40:00Z,2024-10-24T20:50:00Z,W1hZkqBeWCUTVBX6rx9OeHmaWx63
672177345fc86555907d0fdf,0,2024-10-24T20:50:00Z,2024-10-24T21:00:00Z,W1hZkqBeWCUTVBX6rx9OeHmaWx63
672177345fc86555907d0ffc,0,2024-10-24T21:00:00Z,2024-10-24T21:10:00Z,W1hZkqBeWCUTVBX6rx9OeHmaWx63
672177345fc86555907d0ffd,0,2024-10-24T21:10:00Z,2024-10-24T21:20:00Z,W1hZkqBeWCUTVBX6rx9OeHmaWx63
672177345fc86555907d0ffe,0,2024-10-24T21:20:00Z,2024-10-24T21:30:00Z,W1hZkqBeWCUTVBX6rx9OeHmaWx63
672177345fc86555907d0fff,0,2024-10-24T21:30:00Z,2024-10-24T21:40:00Z,W1hZkqBeWCUTVBX6rx9OeHmaWx63
672177345fc86555907d1000,0,2024-10-24T21:40:00Z,2024-10-24T21:50:00Z,W1hZkqBeWCUTVBX6rx9OeHmaWx63
672177345fc86555907d1001,0,2024-10-24T21:50:00Z,2024-10-24T22:00:00Z,W1hZkqBeWCUTVBX6rx9OeHmaWx63
672177345fc86555907d100d,0,2024-10-24T22:00:00Z,2024-10-24T22:10:00Z,W1hZkqBeWCUTVBX6rx9OeHmaWx63
672177345fc86555907d100e,0,2024-10-24T22:10:00Z,2024-10-24T22:20:00Z,W1hZkqBeWCUTVBX6rx9OeHmaWx63
672177345fc86555907d100f,0,2024-10-24T22:20:00Z,2024-10-24T22:30:00Z,W1hZkqBeWCUTVBX6rx9OeHmaWx63
672177345fc86555907d1010,0,2024-10-24T22:30:00Z,2024-10-24T22:40:00Z,W1hZkqBeWCUTVBX6rx9OeHmaWx63
672177345fc86555907d1011,0,2024-10-24T22:40:00Z,2024-10-24T22:50:00Z,W1hZkqBeWCUTVBX6rx9OeHmaWx63
672177345fc86555907d1012,0,2024-10-24T22:50:00Z,2024-10-24T23:00:00Z,W1hZkqBeWCUTVBX6rx9OeHmaWx63
672177345fc86555907d101e,0,2024-10-24T23:00:00Z,2024-10-24T23:10:00Z,W1hZkqBeWCUTVBX6rx9OeHmaWx63
672177345fc86555907d101f,0,2024-10-24T23:10:00Z,2024-10-24T23:20:00Z,W1hZkqBeWCUTVBX6rx9OeHmaWx63
672177345fc86555907d1020,0,2024-10-24T23:20:00Z,2024-10-24T23:30:00Z,W1hZkqBeWCUTVBX6rx9OeHmaWx63
672177345fc86555907d1021,0,2024-10-24T23:30:00Z,2024-10-24T23:40:00Z,W1hZkqBeWCUTVBX6rx9OeHmaWx63
672177345fc86555907d1022,0,2024-10-24T23:40:00Z,2024-10-24T23:50:00Z,W1hZkqBeWCUTVBX6rx9OeHmaWx63
672177345fc86555907d1023,0,2024-10-24T23:50:00Z,2024-10-25T00:00:00Z,W1hZkqBeWCUTVBX6rx9OeHmaWx63
672177345fc86555907d102f,0,2024-10-25T00:00:00Z,2024-10-25T00:10:00Z,W1hZkqBeWCUTVBX6rx9OeHmaWx63
672177345fc86555907d1030,0,2024-10-25T00:10:00Z,2024-10-25T00:20:00Z,W1hZkqBeWCUTVBX6rx9OeHmaWx63
672177345fc86555907d1031,0,2024-10-25T00:20:00Z,2024-10-25T00:30:00Z,W1hZkqBeWCUTVBX6rx9OeHmaWx63
672177345fc86555907d1032,0,2024-10-25T00:30:00Z,2024-10-25T00:40:00Z,W1hZkqBeWCUTVBX6rx9OeHmaWx63
672177345fc86555907d1033,0,2024-10-25T00:40:00Z,2024-10-25T00:50:00Z,W1hZkqBeWCUTVBX6rx9OeHmaWx63
672177345fc86555907d1034,0,2024-10-25T00:50:00Z,2024-10-25T01:00:00Z,W1hZkqBeWCUTVBX6rx9OeHmaWx63
672177345fc86555907d1040,0,2024-10-25T01:00:00Z,2024-10-25T01:10:00Z,W1hZkqBeWCUTVBX6rx9OeHmaWx63
672177345fc86555907d1041,0,2024-10-25T01:10:00Z,2024-10-25T01:20:00Z,W1hZkqBeWCUTVBX6rx9OeHmaWx63
672177345fc86555907d1042,0,2024-10-25T01:20:00Z,2024-10-25T01:30:00Z,W1hZkqBeWCUTVBX6rx9OeHmaWx63
672177345fc86555907d1043,0,2024-10-25T01:30:00Z,2024-10-25T01:40:00Z,W1hZkqBeWCUTVBX6rx9OeHmaWx63
672177345fc86555907d1044,0,2024-10-25T01:40:00Z,2024-10-25T01:50:00Z,W1hZkqBeWCUTVBX6rx9OeHmaWx63
672177345fc86555907d1045,0,2024-10-25T01:50:00Z,2024-10-25T02:00:00Z,W1hZkqBeWCUTVBX6rx9OeHmaWx63
672177345fc86555907d1051,0,2024-10-25T02:00:00Z,2024-10-25T02:10:00Z,W1hZkqBeWCUTVBX6rx9OeHmaWx63
672177345fc86555907d1052,0,2024-10-25T02:10:00Z,2024-10-25T02:20:00Z,W1hZkqBeWCUTVBX6rx9OeHmaWx63
672177345fc86555907d1053,0,2024-10-25T02:20:00Z,2024-10-25T02:30:00Z,W1hZkqBeWCUTVBX6rx9OeHmaWx63
672177345fc86555907d1054,0,2024-10-25T02:30:00Z,2024-10-25T02:40:00Z,W1hZkqBeWCUTVBX6rx9OeHmaWx63
672177345fc86555907d1055,0,2024-10-25T02:40:00Z,2024-10-25T02:50:00Z,W1hZkqBeWCUTVBX6rx9OeHmaWx63
672177345fc86555907d1056,0,2024-10-25T02:50:00Z,2024-10-25T03:00:00Z,W1hZkqBeWCUTVBX6rx9OeHmaWx63
672177345fc86555907d1062,0,2024-10-25T03:00:00Z,2024-10-25T03:10:00Z,W1hZkqBeWCUTVBX6rx9OeHmaWx63
672177345fc86555907d1063,0,2024-10-25T03:10:00Z,2024-10-25T03:20:00Z,W1hZkqBeWCUTVBX6rx9OeHmaWx63
672177345fc86555907d1064,0,2024-10-25T03:20:00Z,2024-10-25T03:30:00Z,W1hZkqBeWCUTVBX6rx9OeHmaWx63
672177345fc86555907d1065,0,2024-10-25T03:30:00Z,2024-10-25T03:40:00Z,W1hZkqBeWCUTVBX6rx9OeHmaWx63
672177345fc86555907d1066,0,2024-10-25T03:40:00Z,2024-10-25T03:50:00Z,W1hZkqBeWCUTVBX6rx9OeHmaWx63
672177345fc86555907d1067,0,2024-10-25T03:50:00Z,2024-10-25T04:00:00Z,W1hZkqBeWCUTVBX6rx9OeHmaWx63
672177345fc86555907d107a,0,2024-10-25T04:00:00Z,2024-10-25T04:10:00Z,W1hZkqBeWCUTVBX6rx9OeHmaWx63
672177345fc86555907d107b,0,2024-10-25T04:10:00Z,2024-10-25T04:20:00Z,W1hZkqBeWCUTVBX6rx9OeHmaWx63
672177345fc86555907d107c,0,2024-10-25T04:20:00Z,2024-10-25T04:30:00Z,W1hZkqBeWCUTVBX6rx9OeHmaWx63
672177345fc86555907d107d,0,2024-10-25T04:30:00Z,2024-10-25T04:40:00Z,W1hZkqBeWCUTVBX6rx9OeHmaWx63
672177345fc86555907d107e,0,2024-10-25T04:40:00Z,2024-10-25T04:50:00Z,W1hZkqBeWCUTVBX6rx9OeHmaWx63
672177345fc86555907d107f,0,2024-10-25T04:50:00Z,2024-10-25T05:00:00Z,W1hZkqBeWCUTVBX6rx9OeHmaWx63
672177345fc86555907d108c,0,2024-10-25T05:00:00Z,2024-10-25T05:10:00Z,W1hZkqBeWCUTVBX6rx9OeHmaWx63
672177345fc86555907d108d,0,2024-10-25T05:10:00Z,2024-10-25T05:20:00Z,W1hZkqBeWCUTVBX6rx9OeHmaWx63
672177345fc86555907d108e,0,2024-10-25T05:20:00Z,2024-10-25T05:30:00Z,W1hZkqBeWCUTVBX6rx9OeHmaWx63
672177345fc86555907d108f,0,2024-10-25T05:30:00Z,2024-10-25T05:40:00Z,W1hZkqBeWCUTVBX6rx9OeHmaWx63
672177345fc86555907d1090,0,2024-10-25T05:40:00Z,2024-10-25T05:50:00Z,W1hZkqBeWCUTVBX6rx9OeHmaWx63
672177345fc86555907d1091,0,2024-10-25T05:50:00Z,2024-10-25T06:00:00Z,W1hZkqBeWCUTVBX6rx9OeHmaWx63
672177345fc86555907d109f,0,2024-10-25T06:00:00Z,2024-10-25T06:10:00Z,W1hZkqBeWCUTVBX6rx9OeHmaWx63
672177345fc86555907d10a0,0,2024-10-25T06:10:00Z,2024-10-25T06:20:00Z,W1hZkqBeWCUTVBX6rx9OeHmaWx63
672177345fc86555907d10a1,0,2024-10-25T06:20:00Z,2024-10-25T06:30:00Z,W1hZkqBeWCUTVBX6rx9OeHmaWx63
672177345fc86555907d10a2,0,2024-10-25T06:30:00Z,2024-10-25T06:40:00Z,W1hZkqBeWCUTVBX6rx9OeHmaWx63
672177345fc86555907d10a3,0,2024-10-25T06:40:00Z,2024-10-25T06:50:00Z,W1hZkqBeWCUTVBX6rx9OeHmaWx63
672177345fc86555907d10a4,0,2024-10-25T06:50:00Z,2024-10-25T07:00:00Z,W1hZkqBeWCUTVBX6rx9OeHmaWx63
672177345fc86555907d10b1,0,2024-10-25T07:00:00Z,2024-10-25T07:10:00Z,W1hZkqBeWCUTVBX6rx9OeHmaWx63
672177345fc86555907d10b2,0,2024-10-25T07:10:00Z,2024-10-25T07:20:00Z,W1hZkqBeWCUTVBX6rx9OeHmaWx63
672177345fc86555907d10b3,0,2024-10-25T07:20:00Z,2024-10-25T07:30:00Z,W1hZkqBeWCUTVBX6rx9OeHmaWx63
672177345fc86555907d10b4,0,2024-10-25T07:30:00Z,2024-10-25T07:40:00Z,W1hZkqBeWCUTVBX6rx9OeHmaWx63
672177345fc86555907d10b5,0,2024-10-25T07:40:00Z,2024-10-25T07:50:00Z,W1hZkqBeWCUTVBX6rx9OeHmaWx63
672177345fc86555907d10b6,0,2024-10-25T07:50:00Z,2024-10-25T08:00:00Z,W1hZkqBeWCUTVBX6rx9OeHmaWx63
672177345fc86555907d10c4,0,2024-10-25T08:00:00Z,2024-10-25T08:10:00Z,W1hZkqBeWCUTVBX6rx9OeHmaWx63
672177345fc86555907d10c5,0,2024-10-25T08:10:00Z,2024-10-25T08:20:00Z,W1hZkqBeWCUTVBX6rx9OeHmaWx63
672177345fc86555907d10c6,0,2024-10-25T08:20:00Z,2024-10-25T08:30:00Z,W1hZkqBeWCUTVBX6rx9OeHmaWx63
672177345fc86555907d10c7,0,2024-10-25T08:30:00Z,2024-10-25T08:40:00Z,W1hZkqBeWCUTVBX6rx9OeHmaWx63
672177345fc86555907d10c8,0,2024-10-25T08:40:00Z,2024-10-25T08:50:00Z,W1hZkqBeWCUTVBX6rx9OeHmaWx63
672177345fc86555907d10c9,0,2024-10-25T08:50:00Z,2024-10-25T09:00:00Z,W1hZkqBeWCUTVBX6rx9OeHmaWx63
672177355fc86555907d10d6,0,2024-10-25T09:00:00Z,2024-10-25T09:10:00Z,W1hZkqBeWCUTVBX6rx9OeHmaWx63
672177355fc86555907d10d7,0,2024-10-25T09:10:00Z,2024-10-25T09:20:00Z,W1hZkqBeWCUTVBX6rx9OeHmaWx63
672177355fc86555907d10d8,0,2024-10-25T09:20:00Z,2024-10-25T09:30:00Z,W1hZkqBeWCUTVBX6rx9OeHmaWx63
672177355fc86555907d10d9,0,2024-10-25T09:30:00Z,2024-10-25T09:40:00Z,W1hZkqBeWCUTVBX6rx9OeHmaWx63
672177355fc86555907d10da,0,2024-10-25T09:40:00Z,2024-10-25T09:50:00Z,W1hZkqBeWCUTVBX6rx9OeHmaWx63
672177355fc86555907d10db,0,2024-10-25T09:50:00Z,2024-10-25T10:00:00Z,W1hZkqBeWCUTVBX6rx9OeHmaWx63
672177355fc86555907d10e7,0,2024-10-25T10:00:00Z,2024-10-25T10:10:00Z,W1hZkqBeWCUTVBX6rx9OeHmaWx63
672177355fc86555907d10e8,0,2024-10-25T10:10:00Z,2024-10-25T10:20:00Z,W1hZkqBeWCUTVBX6rx9OeHmaWx63
672177355fc86555907d10e9,0,2024-10-25T10:20:00Z,2024-10-25T10:30:00Z,W1hZkqBeWCUTVBX6rx9OeHmaWx63
672177355fc86555907d10ea,0,2024-10-25T10:30:00Z,2024-10-25T10:40:00Z,W1hZkqBeWCUTVBX6rx9OeHmaWx63
672177355fc86555907d10eb,0,2024-10-25T10:40:00Z,2024-10-25T10:50:00Z,W1hZkqBeWCUTVBX6rx9OeHmaWx63
672177355fc86555907d10ec,0,2024-10-25T10:50:00Z,2024-10-25T11:00:00Z,W1hZkqBeWCUTVBX6rx9OeHmaWx63
672177355fc86555907d10f8,0,2024-10-25T11:00:00Z,2024-10-25T11:10:00Z,W1hZkqBeWCUTVBX6rx9OeHmaWx63
672177355fc86555907d10f9,0,2024-10-25T11:10:00Z,2024-10-25T11:20:00Z,W1hZkqBeWCUTVBX6rx9OeHmaWx63
672177355fc86555907d10fa,0,2024-10-25T11:20:00Z,2024-10-25T11:30:00Z,W1hZkqBeWCUTVBX6rx9OeHmaWx63
672177355fc86555907d10fb,0,2024-10-25T11:30:00Z,2024-10-25T11:40:00Z,W1hZkqBeWCUTVBX6rx9OeHmaWx63
672177355fc86555907d10fc,0,2024-10-25T11:40:00Z,2024-10-25T11:50:00Z,W1hZkqBeWCUTVBX6rx9OeHmaWx63
672177355fc86555907d10fd,0,2024-10-25T11:50:00Z,2024-10-25T12:00:00Z,W1hZkqBeWCUTVBX6rx9OeHmaWx63
672177355fc86555907d1109,0,2024-10-25T12:00:00Z,2024-10-25T12:10:00Z,W1hZkqBeWCUTVBX6rx9OeHmaWx63
672177355fc86555907d110a,0,2024-10-25T12:10:00Z,2024-10-25T12:20:00Z,W1hZkqBeWCUTVBX6rx9OeHmaWx63
672177355fc86555907d110b,0,2024-10-25T12:20:00Z,2024-10-25T12:30:00Z,W1hZkqBeWCUTVBX6rx9OeHmaWx63
672177355fc86555907d110c,0,2024-10-25T12:30:00Z,2024-10-25T12:40:00Z,W1hZkqBeWCUTVBX6rx9OeHmaWx63
672177355fc86555907d110d,0,2024-10-25T12:40:00Z,2024-10-25T12:50:00Z,W1hZkqBeWCUTVBX6rx9OeHmaWx63
672177355fc86555907d110e,0,2024-10-25T12:50:00Z,2024-10-25T13:00:00Z,W1hZkqBeWCUTVBX6rx9OeHmaWx63
672177355fc86555907d111a,0,2024-10-25T13:00:00Z,2024-10-25T13:10:00Z,W1hZkqBeWCUTVBX6rx9OeHmaWx63
672177355fc86555907d111b,0,2024-10-25T13:10:00Z,2024-10-25T13:20:00Z,W1hZkqBeWCUTVBX6rx9OeHmaWx63
672177355fc86555907d111c,0,2024-10-25T13:20:00Z,2024-10-25T13:30:00Z,W1hZkqBeWCUTVBX6rx9OeHmaWx63
672177355fc86555907d111d,0,2024-10-25T13:30:00Z,2024-10-25T13:40:00Z,W1hZkqBeWCUTVBX6rx9OeHmaWx63
672177355fc86555907d111e,0,2024-10-25T13:40:00Z,2024-10-25T13:50:00Z,W1hZkqBeWCUTVBX6rx9OeHmaWx63
672177355fc86555907d111f,0,2024-10-25T13:50:00Z,2024-10-25T14:00:00Z,W1hZkqBeWCUTVBX6rx9OeHmaWx63
672177355fc86555907d112b,0,2024-10-25T14:00:00Z,2024-10-25T14:10:00Z,W1hZkqBeWCUTVBX6rx9OeHmaWx63
672177355fc86555907d112c,0,2024-10-25T14:10:00Z,2024-10-25T14:20:00Z,W1hZkqBeWCUTVBX6rx9OeHmaWx63
672177355fc86555907d112d,0,2024-10-25T14:20:00Z,2024-10-25T14:30:00Z,W1hZkqBeWCUTVBX6rx9OeHmaWx63
672177355fc86555907d112e,0,2024-10-25T14:30:00Z,2024-10-25T14:40:00Z,W1hZkqBeWCUTVBX6rx9OeHmaWx63
672177355fc86555907d112f,0,2024-10-25T14:40:00Z,2024-10-25T14:50:00Z,W1hZkqBeWCUTVBX6rx9OeHmaWx63
672177355fc86555907d1130,0,2024-10-25T14:50:00Z,2024-10-25T15:00:00Z,W1hZkqBeWCUTVBX6rx9OeHmaWx63
672177355fc86555907d113c,0,2024-10-25T15:00:00Z,2024-10-25T15:10:00Z,W1hZkqBeWCUTVBX6rx9OeHmaWx63
672177355fc86555907d113d,0,2024-10-25T15:10:00Z,2024-10-25T15:20:00Z,W1hZkqBeWCUTVBX6rx9OeHmaWx63
672177355fc86555907d113e,0,2024-10-25T15:20:00Z,2024-10-25T15:30:00Z,W1hZkqBeWCUTVBX6rx9OeHmaWx63
672177355fc86555907d113f,0,2024-10-25T15:30:00Z,2024-10-25T15:40:00Z,W1hZkqBeWCUTVBX6rx9OeHmaWx63
672177355fc86555907d1140,0,2024-10-25T15:40:00Z,2024-10-25T15:50:00Z,W1hZkqBeWCUTVBX6rx9OeHmaWx63
672177355fc86555907d1141,0,2024-10-25T15:50:00Z,2024-10-25T16:00:00Z,W1hZkqBeWCUTVBX6rx9OeHmaWx63
672177355fc86555907d114d,0,2024-10-25T16:00:00Z,2024-10-25T16:10:00Z,W1hZkqBeWCUTVBX6rx9OeHmaWx63
672177355fc86555907d114e,0,2024-10-25T16:10:00Z,2024-10-25T16:20:00Z,W1hZkqBeWCUTVBX6rx9OeHmaWx63
672177355fc86555907d114f,0,2024-10-25T16:20:00Z,2024-10-25T16:30:00Z,W1hZkqBeWCUTVBX6rx9OeHmaWx63
672177355fc86555907d1150,0,2024-10-25T16:30:00Z,2024-10-25T16:40:00Z,W1hZkqBeWCUTVBX6rx9OeHmaWx63
672177355fc86555907d1151,0,2024-10-25T16:40:00Z,2024-10-25T16:50:00Z,W1hZkqBeWCUTVBX6rx9OeHmaWx63
672177355fc86555907d1152,0,2024-10-25T16:50:00Z,2024-10-25T17:00:00Z,W1hZkqBeWCUTVBX6rx9OeHmaWx63
672177355fc86555907d115e,0,2024-10-25T17:00:00Z,2024-10-25T17:10:00Z,W1hZkqBeWCUTVBX6rx9OeHmaWx63
672177355fc86555907d115f,0,2024-10-25T17:10:00Z,2024-10-25T17:20:00Z,W1hZkqBeWCUTVBX6rx9OeHmaWx63
672177355fc86555907d1160,0,2024-10-25T17:20:00Z,2024-10-25T17:30:00Z,W1hZkqBeWCUTVBX6rx9OeHmaWx63
672177355fc86555907d1161,0,2024-10-25T17:30:00Z,2024-10-25T17:40:00Z,W1hZkqBeWCUTVBX6rx9OeHmaWx63
672177355fc86555907d1162,0,2024-10-25T17:40:00Z,2024-10-25T17:50:00Z,W1hZkqBeWCUTVBX6rx9OeHmaWx63
672177355fc86555907d1163,0,2024-10-25T17:50:00Z,2024-10-25T18:00:00Z,W1hZkqBeWCUTVBX6rx9OeHmaWx63
672177355fc86555907d1180,0,2024-10-25T18:00:00Z,2024-10-25T18:10:00Z,W1hZkqBeWCUTVBX6rx9OeHmaWx63
672177355fc86555907d1181,0,2024-10-25T18:10:00Z,2024-10-25T18:20:00Z,W1hZkqBeWCUTVBX6rx9OeHmaWx63
672177355fc86555907d1182,0,2024-10-25T18:20:00Z,2024-10-25T18:30:00Z,W1hZkqBeWCUTVBX6rx9OeHmaWx63
672177355fc86555907d1183,0,2024-10-25T18:30:00Z,2024-10-25T18:40:00Z,W1hZkqBeWCUTVBX6rx9OeHmaWx63
672177355fc86555907d1184,0,2024-10-25T18:40:00Z,2024-10-25T18:50:00Z,W1hZkqBeWCUTVBX6rx9OeHmaWx63
672177355fc86555907d1185,0,2024-10-25T18:50:00Z,2024-10-25T19:00:00Z,W1hZkqBeWCUTVBX6rx9OeHmaWx63
672177355fc86555907d1191,0,2024-10-25T19:00:00Z,2024-10-25T19:10:00Z,W1hZkqBeWCUTVBX6rx9OeHmaWx63
672177355fc86555907d1192,0,2024-10-25T19:10:00Z,2024-10-25T19:20:00Z,W1hZkqBeWCUTVBX6rx9OeHmaWx63
672177355fc86555907d1193,0,2024-10-25T19:20:00Z,2024-10-25T19:30:00Z,W1hZkqBeWCUTVBX6rx9OeHmaWx63
672177355fc86555907d1194,0,2024-10-25T19:30:00Z,2024-10-25T19:40:00Z,W1hZkqBeWCUTVBX6rx9OeHmaWx63
672177355fc86555907d1195,0,2024-10-25T19:40:00Z,2024-10-25T19:50:00Z,W1hZkqBeWCUTVBX6rx9OeHmaWx63
672177355fc86555907d1196,0,2024-10-25T19:50:00Z,2024-10-25T20:00:00Z,W1hZkqBeWCUTVBX6rx9OeHmaWx63
672177365fc86555907d11a2,0,2024-10-25T20:00:00Z,2024-10-25T20:10:00Z,W1hZkqBeWCUTVBX6rx9OeHmaWx63
672177365fc86555907d11a3,0,2024-10-25T20:10:00Z,2024-10-25T20:20:00Z,W1hZkqBeWCUTVBX6rx9OeHmaWx63
672177365fc86555907d11a4,0,2024-10-25T20:20:00Z,2024-10-25T20:30:00Z,W1hZkqBeWCUTVBX6rx9OeHmaWx63
672177365fc86555907d11a5,0,2024-10-25T20:30:00Z,2024-10-25T20:40:00Z,W1hZkqBeWCUTVBX6rx9OeHmaWx63
672177365fc86555907d11a6,0,2024-10-25T20:40:00Z,2024-10-25T20:50:00Z,W1hZkqBeWCUTVBX6rx9OeHmaWx63
672177365fc86555907d11a7,0,2024-10-25T20:50:00Z,2024-10-25T21:00:00Z,W1hZkqBeWCUTVBX6rx9OeHmaWx63
672177365fc86555907d11b3,0,2024-10-25T21:00:00Z,2024-10-25T21:10:00Z,W1hZkqBeWCUTVBX6rx9OeHmaWx63
672177365fc86555907d11b4,0,2024-10-25T21:10:00Z,2024-10-25T21:20:00Z,W1hZkqBeWCUTVBX6rx9OeHmaWx63
672177365fc86555907d11b5,0,2024-10-25T21:20:00Z,2024-10-25T21:30:00Z,W1hZkqBeWCUTVBX6rx9OeHmaWx63
672177365fc86555907d11b6,0,2024-10-25T21:30:00Z,2024-10-25T21:40:00Z,W1hZkqBeWCUTVBX6rx9OeHmaWx63
672177365fc86555907d11b7,0,2024-10-25T21:40:00Z,2024-10-25T21:50:00Z,W1hZkqBeWCUTVBX6rx9OeHmaWx63
672177365fc86555907d11b8,0,2024-10-25T21:50:00Z,2024-10-25T22:00:00Z,W1hZkqBeWCUTVBX6rx9OeHmaWx63
672177365fc86555907d11c4,0,2024-10-25T22:00:00Z,2024-10-25T22:10:00Z,W1hZkqBeWCUTVBX6rx9OeHmaWx63
672177365fc86555907d11c5,0,2024-10-25T22:10:00Z,2024-10-25T22:20:00Z,W1hZkqBeWCUTVBX6rx9OeHmaWx63
672177365fc86555907d11c6,0,2024-10-25T22:20:00Z,2024-10-25T22:30:00Z,W1hZkqBeWCUTVBX6rx9OeHmaWx63
672177365fc86555907d11c7,0,2024-10-25T22:30:00Z,2024-10-25T22:40:00Z,W1hZkqBeWCUTVBX6rx9OeHmaWx63
672177365fc86555907d11c8,0,2024-10-25T22:40:00Z,2024-10-25T22:50:00Z,W1hZkqBeWCUTVBX6rx9OeHmaWx63
672177365fc86555907d11c9,0,2024-10-25T22:50:00Z,2024-10-25T23:00:00Z,W1hZkqBeWCUTVBX6rx9OeHmaWx63
672177365fc86555907d11f5,0,2024-10-25T23:00:00Z,2024-10-25T23:10:00Z,W1hZkqBeWCUTVBX6rx9OeHmaWx63
672177365fc86555907d11f6,0,2024-10-25T23:10:00Z,2024-10-25T23:20:00Z,W1hZkqBeWCUTVBX6rx9OeHmaWx63
672177365fc86555907d11f7,0,2024-10-25T23:20:00Z,2024-10-25T23:30:00Z,W1hZkqBeWCUTVBX6rx9OeHmaWx63
672177365fc86555907d11f8,0,2024-10-25T23:30:00Z,2024-10-25T23:40:00Z,W1hZkqBeWCUTVBX6rx9OeHmaWx63
672177365fc86555907d11f9,0,2024-10-25T23:40:00Z,2024-10-25T23:50:00Z,W1hZkqBeWCUTVBX6rx9OeHmaWx63
672177365fc86555907d11fa,0,2024-10-25T23:50:00Z,2024-10-26T00:00:00Z,W1hZkqBeWCUTVBX6rx9OeHmaWx63
672177365fc86555907d1206,0,2024-10-26T00:00:00Z,2024-10-26T00:10:00Z,W1hZkqBeWCUTVBX6rx9OeHmaWx63
672177365fc86555907d1207,0,2024-10-26T00:10:00Z,2024-10-26T00:20:00Z,W1hZkqBeWCUTVBX6rx9OeHmaWx63
672177365fc86555907d1208,0,2024-10-26T00:20:00Z,2024-10-26T00:30:00Z,W1hZkqBeWCUTVBX6rx9OeHmaWx63
672177365fc86555907d1209,0,2024-10-26T00:30:00Z,2024-10-26T00:40:00Z,W1hZkqBeWCUTVBX6rx9OeHmaWx63
672177365fc86555907d120a,0,2024-10-26T00:40:00Z,2024-10-26T00:50:00Z,W1hZkqBeWCUTVBX6rx9OeHmaWx63
672177365fc86555907d120b,0,2024-10-26T00:50:00Z,2024-10-26T01:00:00Z,W1hZkqBeWCUTVBX6rx9OeHmaWx63
672177365fc86555907d1217,0,2024-10-26T01:00:00Z,2024-10-26T01:10:00Z,W1hZkqBeWCUTVBX6rx9OeHmaWx63
672177365fc86555907d1218,0,2024-10-26T01:10:00Z,2024-10-26T01:20:00Z,W1hZkqBeWCUTVBX6rx9OeHmaWx63
672177365fc86555907d1219,0,2024-10-26T01:20:00Z,2024-10-26T01:30:00Z,W1hZkqBeWCUTVBX6rx9OeHmaWx63
672177365fc86555907d121a,0,2024-10-26T01:30:00Z,2024-10-26T01:40:00Z,W1hZkqBeWCUTVBX6rx9OeHmaWx63
672177365fc86555907d121b,0,2024-10-26T01:40:00Z,2024-10-26T01:50:00Z,W1hZkqBeWCUTVBX6rx9OeHmaWx63
672177365fc86555907d121c,0,2024-10-26T01:50:00Z,2024-10-26T02:00:00Z,W1hZkqBeWCUTVBX6rx9OeHmaWx63
672177375fc86555907d1228,0,2024-10-26T02:00:00Z,2024-10-26T02:10:00Z,W1hZkqBeWCUTVBX6rx9OeHmaWx63
672177375fc86555907d1229,0,2024-10-26T02:10:00Z,2024-10-26T02:20:00Z,W1hZkqBeWCUTVBX6rx9OeHmaWx63
672177375fc86555907d122a,0,2024-10-26T02:20:00Z,2024-10-26T02:30:00Z,W1hZkqBeWCUTVBX6rx9OeHmaWx63
672177375fc86555907d122b,0,2024-10-26T02:30:00Z,2024-10-26T02:40:00Z,W1hZkqBeWCUTVBX6rx9OeHmaWx63
672177375fc86555907d122c,0,2024-10-26T02:40:00Z,2024-10-26T02:50:00Z,W1hZkqBeWCUTVBX6rx9OeHmaWx63
672177375fc86555907d122d,0,2024-10-26T02:50:00Z,2024-10-26T03:00:00Z,W1hZkqBeWCUTVBX6rx9OeHmaWx63
672177375fc86555907d1239,0,2024-10-26T03:00:00Z,2024-10-26T03:10:00Z,W1hZkqBeWCUTVBX6rx9OeHmaWx63
672177375fc86555907d123a,0,2024-10-26T03:10:00Z,2024-10-26T03:20:00Z,W1hZkqBeWCUTVBX6rx9OeHmaWx63
672177375fc86555907d123b,0,2024-10-26T03:20:00Z,2024-10-26T03:30:00Z,W1hZkqBeWCUTVBX6rx9OeHmaWx63
672177375fc86555907d123c,0,2024-10-26T03:30:00Z,2024-10-26T03:40:00Z,W1hZkqBeWCUTVBX6rx9OeHmaWx63
672177375fc86555907d123d,0,2024-10-26T03:40:00Z,2024-10-26T03:50:00Z,W1hZkqBeWCUTVBX6rx9OeHmaWx63
672177375fc86555907d123e,0,2024-10-26T03:50:00Z,2024-10-26T04:00:00Z,W1hZkqBeWCUTVBX6rx9OeHmaWx63
672177375fc86555907d124a,0,2024-10-26T04:00:00Z,2024-10-26T04:10:00Z,W1hZkqBeWCUTVBX6rx9OeHmaWx63
672177375fc86555907d124b,0,2024-10-26T04:10:00Z,2024-10-26T04:20:00Z,W1hZkqBeWCUTVBX6rx9OeHmaWx63
672177375fc86555907d124c,0,2024-10-26T04:20:00Z,2024-10-26T04:30:00Z,W1hZkqBeWCUTVBX6rx9OeHmaWx63
672177375fc86555907d124d,0,2024-10-26T04:30:00Z,2024-10-26T04:40:00Z,W1hZkqBeWCUTVBX6rx9OeHmaWx63
672177375fc86555907d124e,0,2024-10-26T04:40:00Z,2024-10-26T04:50:00Z,W1hZkqBeWCUTVBX6rx9OeHmaWx63
672177375fc86555907d124f,0,2024-10-26T04:50:00Z,2024-10-26T05:00:00Z,W1hZkqBeWCUTVBX6rx9OeHmaWx63
672177375fc86555907d125b,0,2024-10-26T05:00:00Z,2024-10-26T05:10:00Z,W1hZkqBeWCUTVBX6rx9OeHmaWx63
672177375fc86555907d125c,0,2024-10-26T05:10:00Z,2024-10-26T05:20:00Z,W1hZkqBeWCUTVBX6rx9OeHmaWx63
672177375fc86555907d125d,0,2024-10-26T05:20:00Z,2024-10-26T05:30:00Z,W1hZkqBeWCUTVBX6rx9OeHmaWx63
672177375fc86555907d125e,0,2024-10-26T05:30:00Z,2024-10-26T05:40:00Z,W1hZkqBeWCUTVBX6rx9OeHmaWx63
672177375fc86555907d125f,0,2024-10-26T05:40:00Z,2024-10-26T05:50:00Z,W1hZkqBeWCUTVBX6rx9OeHmaWx63
672177375fc86555907d1260,0,2024-10-26T05:50:00Z,2024-10-26T06:00:00Z,W1hZkqBeWCUTVBX6rx9OeHmaWx63
672177375fc86555907d126c,0,2024-10-26T06:00:00Z,2024-10-26T06:10:00Z,W1hZkqBeWCUTVBX6rx9OeHmaWx63
672177375fc86555907d126d,0,2024-10-26T06:10:00Z,2024-10-26T06:20:00Z,W1hZkqBeWCUTVBX6rx9OeHmaWx63
672177375fc86555907d126e,0,2024-10-26T06:20:00Z,2024-10-26T06:30:00Z,W1hZkqBeWCUTVBX6rx9OeHmaWx63
672177375fc86555907d126f,0,2024-10-26T06:30:00Z,2024-10-26T06:40:00Z,W1hZkqBeWCUTVBX6rx9OeHmaWx63
672177375fc86555907d1270,0,2024-10-26T06:40:00Z,2024-10-26T06:50:00Z,W1hZkqBeWCUTVBX6rx9OeHmaWx63
672177375fc86555907d1271,0,2024-10-26T06:50:00Z,2024-10-26T07:00:00Z,W1hZkqBeWCUTVBX6rx9OeHmaWx63
672177375fc86555907d127d,0,2024-10-26T07:00:00Z,2024-10-26T07:10:00Z,W1hZkqBeWCUTVBX6rx9OeHmaWx63
672177375fc86555907d127e,0,2024-10-26T07:10:00Z,2024-10-26T07:20:00Z,W1hZkqBeWCUTVBX6rx9OeHmaWx63
672177375fc86555907d127f,0,2024-10-26T07:20:00Z,2024-10-26T07:30:00Z,W1hZkqBeWCUTVBX6rx9OeHmaWx63
672177375fc86555907d1280,0,2024-10-26T07:30:00Z,2024-10-26T07:40:00Z,W1hZkqBeWCUTVBX6rx9OeHmaWx63
672177375fc86555907d1281,0,2024-10-26T07:40:00Z,2024-10-26T07:50:00Z,W1hZkqBeWCUTVBX6rx9OeHmaWx63
672177375fc86555907d1282,0,2024-10-26T07:50:00Z,2024-10-26T08:00:00Z,W1hZkqBeWCUTVBX6rx9OeHmaWx63
672177375fc86555907d128e,0,2024-10-26T08:00:00Z,2024-10-26T08:10:00Z,W1hZkqBeWCUTVBX6rx9OeHmaWx63
672177375fc86555907d128f,0,2024-10-26T08:10:00Z,2024-10-26T08:20:00Z,W1hZkqBeWCUTVBX6rx9OeHmaWx63
672177375fc86555907d1290,0,2024-10-26T08:20:00Z,2024-10-26T08:30:00Z,W1hZkqBeWCUTVBX6rx9OeHmaWx63
672177375fc86555907d1291,0,2024-10-26T08:30:00Z,2024-10-26T08:40:00Z,W1hZkqBeWCUTVBX6rx9OeHmaWx63
672177375fc86555907d1292,0,2024-10-26T08:40:00Z,2024-10-26T08:50:00Z,W1hZkqBeWCUTVBX6rx9OeHmaWx63
672177375fc86555907d1293,0,2024-10-26T08:50:00Z,2024-10-26T09:00:00Z,W1hZkqBeWCUTVBX6rx9OeHmaWx63
672177375fc86555907d129f,0,2024-10-26T09:00:00Z,2024-10-26T09:10:00Z,W1hZkqBeWCUTVBX6rx9OeHmaWx63
672177375fc86555907d12a0,0,2024-10-26T09:10:00Z,2024-10-26T09:20:00Z,W1hZkqBeWCUTVBX6rx9OeHmaWx63
672177375fc86555907d12a1,0,2024-10-26T09:20:00Z,2024-10-26T09:30:00Z,W1hZkqBeWCUTVBX6rx9OeHmaWx63
672177375fc86555907d12a2,0,2024-10-26T09:30:00Z,2024-10-26T09:40:00Z,W1hZkqBeWCUTVBX6rx9OeHmaWx63
672177375fc86555907d12a3,0,2024-10-26T09:40:00Z,2024-10-26T09:50:00Z,W1hZkqBeWCUTVBX6rx9OeHmaWx63
672177375fc86555907d12a4,0,2024-10-26T09:50:00Z,2024-10-26T10:00:00Z,W1hZkqBeWCUTVBX6rx9OeHmaWx63
672177375fc86555907d12b0,0,2024-10-26T10:00:00Z,2024-10-26T10:10:00Z,W1hZkqBeWCUTVBX6rx9OeHmaWx63
672177375fc86555907d12b1,0,2024-10-26T10:10:00Z,2024-10-26T10:20:00Z,W1hZkqBeWCUTVBX6rx9OeHmaWx63
672177375fc86555907d12b2,0,2024-10-26T10:20:00Z,2024-10-26T10:30:00Z,W1hZkqBeWCUTVBX6rx9OeHmaWx63
672177375fc86555907d12b3,0,2024-10-26T10:30:00Z,2024-10-26T10:40:00Z,W1hZkqBeWCUTVBX6rx9OeHmaWx63
672177375fc86555907d12b4,0,2024-10-26T10:40:00Z,2024-10-26T10:50:00Z,W1hZkqBeWCUTVBX6rx9OeHmaWx63
672177375fc86555907d12b5,0,2024-10-26T10:50:00Z,2024-10-26T11:00:00Z,W1hZkqBeWCUTVBX6rx9OeHmaWx63
672177375fc86555907d12c1,0,2024-10-26T11:00:00Z,2024-10-26T11:10:00Z,W1hZkqBeWCUTVBX6rx9OeHmaWx63
672177375fc86555907d12c2,0,2024-10-26T11:10:00Z,2024-10-26T11:20:00Z,W1hZkqBeWCUTVBX6rx9OeHmaWx63
672177375fc86555907d12c3,0,2024-10-26T11:20:00Z,2024-10-26T11:30:00Z,W1hZkqBeWCUTVBX6rx9OeHmaWx63
672177375fc86555907d12c4,0,2024-10-26T11:30:00Z,2024-10-26T11:40:00Z,W1hZkqBeWCUTVBX6rx9OeHmaWx63
672177375fc86555907d12c5,0,2024-10-26T11:40:00Z,2024-10-26T11:50:00Z,W1hZkqBeWCUTVBX6rx9OeHmaWx63
672177375fc86555907d12c6,0,2024-10-26T11:50:00Z,2024-10-26T12:00:00Z,W1hZkqBeWCUTVBX6rx9OeHmaWx63
672177375fc86555907d12d2,0,2024-10-26T12:00:00Z,2024-10-26T12:10:00Z,W1hZkqBeWCUTVBX6rx9OeHmaWx63
672177375fc86555907d12d3,0,2024-10-26T12:10:00Z,2024-10-26T12:20:00Z,W1hZkqBeWCUTVBX6rx9OeHmaWx63
672177375fc86555907d12d4,0,2024-10-26T12:20:00Z,2024-10-26T12:30:00Z,W1hZkqBeWCUTVBX6rx9OeHmaWx63
672177375fc86555907d12d5,0,2024-10-26T12:30:00Z,2024-10-26T12:40:00Z,W1hZkqBeWCUTVBX6rx9OeHmaWx63
672177375fc86555907d12d6,0,2024-10-26T12:40:00Z,2024-10-26T12:50:00Z,W1hZkqBeWCUTVBX6rx9OeHmaWx63
672177375fc86555907d12d7,0,2024-10-26T12:50:00Z,2024-10-26T13:00:00Z,W1hZkqBeWCUTVBX6rx9OeHmaWx63
672177375fc86555907d12e3,0,2024-10-26T13:00:00Z,2024-10-26T13:10:00Z,W1hZkqBeWCUTVBX6rx9OeHmaWx63
672177375fc86555907d12e4,0,2024-10-26T13:10:00Z,2024-10-26T13:20:00Z,W1hZkqBeWCUTVBX6rx9OeHmaWx63
672177375fc86555907d12e5,0,2024-10-26T13:20:00Z,2024-10-26T13:30:00Z,W1hZkqBeWCUTVBX6rx9OeHmaWx63
672177375fc86555907d12e6,0,2024-10-26T13:30:00Z,2024-10-26T13:40:00Z,W1hZkqBeWCUTVBX6rx9OeHmaWx63
672177375fc86555907d12e7,0,2024-10-26T13:40:00Z,2024-10-26T13:50:00Z,W1hZkqBeWCUTVBX6rx9OeHmaWx63
672177375fc86555907d12e8,0,2024-10-26T13:50:00Z,2024-10-26T14:00:00Z,W1hZkqBeWCUTVBX6rx9OeHmaWx63
672177375fc86555907d12f4,0,2024-10-26T14:00:00Z,2024-10-26T14:10:00Z,W1hZkqBeWCUTVBX6rx9OeHmaWx63
672177375fc86555907d12f5,0,2024-10-26T14:10:00Z,2024-10-26T14:20:00Z,W1hZkqBeWCUTVBX6rx9OeHmaWx63
672177375fc86555907d12f6,0,2024-10-26T14:20:00Z,2024-10-26T14:30:00Z,W1hZkqBeWCUTVBX6rx9OeHmaWx63
672177375fc86555907d12f7,0,2024-10-26T14:30:00Z,2024-10-26T14:40:00Z,W1hZkqBeWCUTVBX6rx9OeHmaWx63
672177375fc86555907d12f8,0,2024-10-26T14:40:00Z,2024-10-26T14:50:00Z,W1hZkqBeWCUTVBX6rx9OeHmaWx63
672177375fc86555907d12f9,0,2024-10-26T14:50:00Z,2024-10-26T15:00:00Z,W1hZkqBeWCUTVBX6rx9OeHmaWx63
672177375fc86555907d1305,0,2024-10-26T15:00:00Z,2024-10-26T15:10:00Z,W1hZkqBeWCUTVBX6rx9OeHmaWx63
672177375fc86555907d1306,0,2024-10-26T15:10:00Z,2024-10-26T15:20:00Z,W1hZkqBeWCUTVBX6rx9OeHmaWx63
672177375fc86555907d1307,0,2024-10-26T15:20:00Z,2024-10-26T15:30:00Z,W1hZkqBeWCUTVBX6rx9OeHmaWx63
672177375fc86555907d1308,0,2024-10-26T15:30:00Z,2024-10-26T15:40:00Z,W1hZkqBeWCUTVBX6rx9OeHmaWx63
672177375fc86555907d1309,0,2024-10-26T15:40:00Z,2024-10-26T15:50:00Z,W1hZkqBeWCUTVBX6rx9OeHmaWx63
672177375fc86555907d130a,0,2024-10-26T15:50:00Z,2024-10-26T16:00:00Z,W1hZkqBeWCUTVBX6rx9OeHmaWx63
672177375fc86555907d1316,0,2024-10-26T16:00:00Z,2024-10-26T16:10:00Z,W1hZkqBeWCUTVBX6rx9OeHmaWx63
672177375fc86555907d1317,0,2024-10-26T16:10:00Z,2024-10-26T16:20:00Z,W1hZkqBeWCUTVBX6rx9OeHmaWx63
672177375fc86555907d1318,0,2024-10-26T16:20:00Z,2024-10-26T16:30:00Z,W1hZkqBeWCUTVBX6rx9OeHmaWx63
672177375fc86555907d1319,0,2024-10-26T16:30:00Z,2024-10-26T16:40:00Z,W1hZkqBeWCUTVBX6rx9OeHmaWx63
672177375fc86555907d131a,0,2024-10-26T16:40:00Z,2024-10-26T16:50:00Z,W1hZkqBeWCUTVBX6rx9OeHmaWx63
672177375fc86555907d131b,0,2024-10-26T16:50:00Z,2024-10-26T17:00:00Z,W1hZkqBeWCUTVBX6rx9OeHmaWx63
672177385fc86555907d1327,0,2024-10-26T17:00:00Z,2024-10-26T17:10:00Z,W1hZkqBeWCUTVBX6rx9OeHmaWx63
672177385fc86555907d1328,0,2024-10-26T17:10:00Z,2024-10-26T17:20:00Z,W1hZkqBeWCUTVBX6rx9OeHmaWx63
672177385fc86555907d1329,0,2024-10-26T17:20:00Z,2024-10-26T17:30:00Z,W1hZkqBeWCUTVBX6rx9OeHmaWx63
672177385fc86555907d132a,0,2024-10-26T17:30:00Z,2024-10-26T17:40:00Z,W1hZkqBeWCUTVBX6rx9OeHmaWx63
672177385fc86555907d132b,0,2024-10-26T17:40:00Z,2024-10-26T17:50:00Z,W1hZkqBeWCUTVBX6rx9OeHmaWx63
672177385fc86555907d132c,0,2024-10-26T17:50:00Z,2024-10-26T18:00:00Z,W1hZkqBeWCUTVBX6rx9OeHmaWx63
672177385fc86555907d1338,0,2024-10-26T18:00:00Z,2024-10-26T18:10:00Z,W1hZkqBeWCUTVBX6rx9OeHmaWx63
672177385fc86555907d1339,0,2024-10-26T18:10:00Z,2024-10-26T18:20:00Z,W1hZkqBeWCUTVBX6rx9OeHmaWx63
672177385fc86555907d133a,0,2024-10-26T18:20:00Z,2024-10-26T18:30:00Z,W1hZkqBeWCUTVBX6rx9OeHmaWx63
672177385fc86555907d133b,0,2024-10-26T18:30:00Z,2024-10-26T18:40:00Z,W1hZkqBeWCUTVBX6rx9OeHmaWx63
672177385fc86555907d133c,0,2024-10-26T18:40:00Z,2024-10-26T18:50:00Z,W1hZkqBeWCUTVBX6rx9OeHmaWx63
672177385fc86555907d133d,0,2024-10-26T18:50:00Z,2024-10-26T19:00:00Z,W1hZkqBeWCUTVBX6rx9OeHmaWx63
672177385fc86555907d1349,0,2024-10-26T19:00:00Z,2024-10-26T19:10:00Z,W1hZkqBeWCUTVBX6rx9OeHmaWx63
672177385fc86555907d134a,0,2024-10-26T19:10:00Z,2024-10-26T19:20:00Z,W1hZkqBeWCUTVBX6rx9OeHmaWx63
672177385fc86555907d134b,0,2024-10-26T19:20:00Z,2024-10-26T19:30:00Z,W1hZkqBeWCUTVBX6rx9OeHmaWx63
672177385fc86555907d134c,0,2024-10-26T19:30:00Z,2024-10-26T19:40:00Z,W1hZkqBeWCUTVBX6rx9OeHmaWx63
672177385fc86555907d134d,0,2024-10-26T19:40:00Z,2024-10-26T19:50:00Z,W1hZkqBeWCUTVBX6rx9OeHmaWx63
672177385fc86555907d134e,0,2024-10-26T19:50:00Z,2024-10-26T20:00:00Z,W1hZkqBeWCUTVBX6rx9OeHmaWx63
672177385fc86555907d135a,0,2024-10-26T20:00:00Z,2024-10-26T20:10:00Z,W1hZkqBeWCUTVBX6rx9OeHmaWx63
672177385fc86555907d135b,0,2024-10-26T20:10:00Z,2024-10-26T20:20:00Z,W1hZkqBeWCUTVBX6rx9OeHmaWx63
672177385fc86555907d135c,0,2024-10-26T20:20:00Z,2024-10-26T20:30:00Z,W1hZkqBeWCUTVBX6rx9OeHmaWx63
672177385fc86555907d135d,0,2024-10-26T20:30:00Z,2024-10-26T20:40:00Z,W1hZkqBeWCUTVBX6rx9OeHmaWx63
672177385fc86555907d135e,0,2024-10-26T20:40:00Z,2024-10-26T20:50:00Z,W1hZkqBeWCUTVBX6rx9OeHmaWx63
672177385fc86555907d135f,0,2024-10-26T20:50:00Z,2024-10-26T21:00:00Z,W1hZkqBeWCUTVBX6rx9OeHmaWx63
672177385fc86555907d136b,0,2024-10-26T21:00:00Z,2024-10-26T21:10:00Z,W1hZkqBeWCUTVBX6rx9OeHmaWx63
672177385fc86555907d136c,0,2024-10-26T21:10:00Z,2024-10-26T21:20:00Z,W1hZkqBeWCUTVBX6rx9OeHmaWx63
672177385fc86555907d136d,0,2024-10-26T21:20:00Z,2024-10-26T21:30:00Z,W1hZkqBeWCUTVBX6rx9OeHmaWx63
672177385fc86555907d136e,0,2024-10-26T21:30:00Z,2024-10-26T21:40:00Z,W1hZkqBeWCUTVBX6rx9OeHmaWx63
672177385fc86555907d136f,0,2024-10-26T21:40:00Z,2024-10-26T21:50:00Z,W1hZkqBeWCUTVBX6rx9OeHmaWx63
672177385fc86555907d1370,0,2024-10-26T21:50:00Z,2024-10-26T22:00:00Z,W1hZkqBeWCUTVBX6rx9OeHmaWx63
672177385fc86555907d137c,0,2024-10-26T22:00:00Z,2024-10-26T22:10:00Z,W1hZkqBeWCUTVBX6rx9OeHmaWx63
672177385fc86555907d137d,0,2024-10-26T22:10:00Z,2024-10-26T22:20:00Z,W1hZkqBeWCUTVBX6rx9OeHmaWx63
672177385fc86555907d137e,0,2024-10-26T22:20:00Z,2024-10-26T22:30:00Z,W1hZkqBeWCUTVBX6rx9OeHmaWx63
672177385fc86555907d137f,0,2024-10-26T22:30:00Z,2024-10-26T22:40:00Z,W1hZkqBeWCUTVBX6rx9OeHmaWx63
672177385fc86555907d1380,0,2024-10-26T22:40:00Z,2024-10-26T22:50:00Z,W1hZkqBeWCUTVBX6rx9OeHmaWx63
672177385fc86555907d1381,0,2024-10-26T22:50:00Z,2024-10-26T23:00:00Z,W1hZkqBeWCUTVBX6rx9OeHmaWx63
672177385fc86555907d138d,0,2024-10-26T23:00:00Z,2024-10-26T23:10:00Z,W1hZkqBeWCUTVBX6rx9OeHmaWx63
672177385fc86555907d138e,0,2024-10-26T23:10:00Z,2024-10-26T23:20:00Z,W1hZkqBeWCUTVBX6rx9OeHmaWx63
672177385fc86555907d138f,0,2024-10-26T23:20:00Z,2024-10-26T23:30:00Z,W1hZkqBeWCUTVBX6rx9OeHmaWx63
672177385fc86555907d1390,0,2024-10-26T23:30:00Z,2024-10-26T23:40:00Z,W1hZkqBeWCUTVBX6rx9OeHmaWx63
672177385fc86555907d1391,0,2024-10-26T23:40:00Z,2024-10-26T23:50:00Z,W1hZkqBeWCUTVBX6rx9OeHmaWx63
672177385fc86555907d1392,0,2024-10-26T23:50:00Z,2024-10-27T00:00:00Z,W1hZkqBeWCUTVBX6rx9OeHmaWx63
672177385fc86555907d139e,0,2024-10-27T00:00:00Z,2024-10-27T00:10:00Z,W1hZkqBeWCUTVBX6rx9OeHmaWx63
672177385fc86555907d139f,0,2024-10-27T00:10:00Z,2024-10-27T00:20:00Z,W1hZkqBeWCUTVBX6rx9OeHmaWx63
672177385fc86555907d13a0,0,2024-10-27T00:20:00Z,2024-10-27T00:30:00Z,W1hZkqBeWCUTVBX6rx9OeHmaWx63
672177385fc86555907d13a1,0,2024-10-27T00:30:00Z,2024-10-27T00:40:00Z,W1hZkqBeWCUTVBX6rx9OeHmaWx63
672177385fc86555907d13a2,0,2024-10-27T00:40:00Z,2024-10-27T00:50:00Z,W1hZkqBeWCUTVBX6rx9OeHmaWx63
672177385fc86555907d13a3,0,2024-10-27T00:50:00Z,2024-10-27T01:00:00Z,W1hZkqBeWCUTVBX6rx9OeHmaWx63
672177385fc86555907d13af,0,2024-10-27T01:00:00Z,2024-10-27T01:10:00Z,W1hZkqBeWCUTVBX6rx9OeHmaWx63
672177385fc86555907d13b0,0,2024-10-27T01:10:00Z,2024-10-27T01:20:00Z,W1hZkqBeWCUTVBX6rx9OeHmaWx63
672177385fc86555907d13b1,0,2024-10-27T01:20:00Z,2024-10-27T01:30:00Z,W1hZkqBeWCUTVBX6rx9OeHmaWx63
672177385fc86555907d13b2,0,2024-10-27T01:30:00Z,2024-10-27T01:40:00Z,W1hZkqBeWCUTVBX6rx9OeHmaWx63
672177385fc86555907d13b3,0,2024-10-27T01:40:00Z,2024-10-27T01:50:00Z,W1hZkqBeWCUTVBX6rx9OeHmaWx63
672177385fc86555907d13b4,0,2024-10-27T01:50:00Z,2024-10-27T02:00:00Z,W1hZkqBeWCUTVBX6rx9OeHmaWx63
672177385fc86555907d13c0,0,2024-10-27T02:00:00Z,2024-10-27T02:10:00Z,W1hZkqBeWCUTVBX6rx9OeHmaWx63
672177385fc86555907d13c1,0,2024-10-27T02:10:00Z,2024-10-27T02:20:00Z,W1hZkqBeWCUTVBX6rx9OeHmaWx63
672177385fc86555907d13c2,0,2024-10-27T02:20:00Z,2024-10-27T02:30:00Z,W1hZkqBeWCUTVBX6rx9OeHmaWx63
672177385fc86555907d13c3,0,2024-10-27T02:30:00Z,2024-10-27T02:40:00Z,W1hZkqBeWCUTVBX6rx9OeHmaWx63
672177385fc86555907d13c4,0,2024-10-27T02:40:00Z,2024-10-27T02:50:00Z,W1hZkqBeWCUTVBX6rx9OeHmaWx63
672177385fc86555907d13c5,0,2024-10-27T02:50:00Z,2024-10-27T03:00:00Z,W1hZkqBeWCUTVBX6rx9OeHmaWx63
672177385fc86555907d13d1,0,2024-10-27T03:00:00Z,2024-10-27T03:10:00Z,W1hZkqBeWCUTVBX6rx9OeHmaWx63
672177385fc86555907d13d2,0,2024-10-27T03:10:00Z,2024-10-27T03:20:00Z,W1hZkqBeWCUTVBX6rx9OeHmaWx63
672177385fc86555907d13d3,0,2024-10-27T03:20:00Z,2024-10-27T03:30:00Z,W1hZkqBeWCUTVBX6rx9OeHmaWx63
672177385fc86555907d13d4,0,2024-10-27T03:30:00Z,2024-10-27T03:40:00Z,W1hZkqBeWCUTVBX6rx9OeHmaWx63
672177385fc86555907d13d5,0,2024-10-27T03:40:00Z,2024-10-27T03:50:00Z,W1hZkqBeWCUTVBX6rx9OeHmaWx63
672177385fc86555907d13d6,0,2024-10-27T03:50:00Z,2024-10-27T04:00:00Z,W1hZkqBeWCUTVBX6rx9OeHmaWx63
672177385fc86555907d13e2,0,2024-10-27T04:00:00Z,2024-10-27T04:10:00Z,W1hZkqBeWCUTVBX6rx9OeHmaWx63
672177385fc86555907d13e3,0,2024-10-27T04:10:00Z,2024-10-27T04:20:00Z,W1hZkqBeWCUTVBX6rx9OeHmaWx63
672177385fc86555907d13e4,0,2024-10-27T04:20:00Z,2024-10-27T04:30:00Z,W1hZkqBeWCUTVBX6rx9OeHmaWx63
672177385fc86555907d13e5,0,2024-10-27T04:30:00Z,2024-10-27T04:40:00Z,W1hZkqBeWCUTVBX6rx9OeHmaWx63
672177385fc86555907d13e6,0,2024-10-27T04:40:00Z,2024-10-27T04:50:00Z,W1hZkqBeWCUTVBX6rx9OeHmaWx63
672177385fc86555907d13e7,0,2024-10-27T04:50:00Z,2024-10-27T05:00:00Z,W1hZkqBeWCUTVBX6rx9OeHmaWx63
672177385fc86555907d13f3,0,2024-10-27T05:00:00Z,2024-10-27T05:10:00Z,W1hZkqBeWCUTVBX6rx9OeHmaWx63
672177385fc86555907d13f4,0,2024-10-27T05:10:00Z,2024-10-27T05:20:00Z,W1hZkqBeWCUTVBX6rx9OeHmaWx63
672177385fc86555907d13f5,0,2024-10-27T05:20:00Z,2024-10-27T05:30:00Z,W1hZkqBeWCUTVBX6rx9OeHmaWx63
672177385fc86555907d13f6,0,2024-10-27T05:30:00Z,2024-10-27T05:40:00Z,W1hZkqBeWCUTVBX6rx9OeHmaWx63
672177385fc86555907d13f7,0,2024-10-27T05:40:00Z,2024-10-27T05:50:00Z,W1hZkqBeWCUTVBX6rx9OeHmaWx63
672177385fc86555907d13f8,0,2024-10-27T05:50:00Z,2024-10-27T06:00:00Z,W1hZkqBeWCUTVBX6rx9OeHmaWx63
672177385fc86555907d1404,0,2024-10-27T06:00:00Z,2024-10-27T06:10:00Z,W1hZkqBeWCUTVBX6rx9OeHmaWx63
672177385fc86555907d1405,0,2024-10-27T06:10:00Z,2024-10-27T06:20:00Z,W1hZkqBeWCUTVBX6rx9OeHmaWx63
672177385fc86555907d1406,0,2024-10-27T06:20:00Z,2024-10-27T06:30:00Z,W1hZkqBeWCUTVBX6rx9OeHmaWx63
672177385fc86555907d1407,0,2024-10-27T06:30:00Z,2024-10-27T06:40:00Z,W1hZkqBeWCUTVBX6rx9OeHmaWx63
672177385fc86555907d1408,0,2024-10-27T06:40:00Z,2024-10-27T06:50:00Z,W1hZkqBeWCUTVBX6rx9OeHmaWx63
672177385fc86555907d1409,0,2024-10-27T06:50:00Z,2024-10-27T07:00:00Z,W1hZkqBeWCUTVBX6rx9OeHmaWx63
672177385fc86555907d1417,0,2024-10-27T07:00:00Z,2024-10-27T07:10:00Z,W1hZkqBeWCUTVBX6rx9OeHmaWx63
672177385fc86555907d1418,0,2024-10-27T07:10:00Z,2024-10-27T07:20:00Z,W1hZkqBeWCUTVBX6rx9OeHmaWx63
672177385fc86555907d1419,0,2024-10-27T07:20:00Z,2024-10-27T07:30:00Z,W1hZkqBeWCUTVBX6rx9OeHmaWx63
672177385fc86555907d141a,0,2024-10-27T07:30:00Z,2024-10-27T07:40:00Z,W1hZkqBeWCUTVBX6rx9OeHmaWx63
672177385fc86555907d141b,0,2024-10-27T07:40:00Z,2024-10-27T07:50:00Z,W1hZkqBeWCUTVBX6rx9OeHmaWx63
672177385fc86555907d141c,0,2024-10-27T07:50:00Z,2024-10-27T08:00:00Z,W1hZkqBeWCUTVBX6rx9OeHmaWx63
672177385fc86555907d1428,0,2024-10-27T08:00:00Z,2024-10-27T08:10:00Z,W1hZkqBeWCUTVBX6rx9OeHmaWx63
672177385fc86555907d1429,0,2024-10-27T08:10:00Z,2024-10-27T08:20:00Z,W1hZkqBeWCUTVBX6rx9OeHmaWx63
672177385fc86555907d142a,0,2024-10-27T08:20:00Z,2024-10-27T08:30:00Z,W1hZkqBeWCUTVBX6rx9OeHmaWx63
672177385fc86555907d142b,0,2024-10-27T08:30:00Z,2024-10-27T08:40:00Z,W1hZkqBeWCUTVBX6rx9OeHmaWx63
672177385fc86555907d142c,0,2024-10-27T08:40:00Z,2024-10-27T08:50:00Z,W1hZkqBeWCUTVBX6rx9OeHmaWx63
672177385fc86555907d142d,0,2024-10-27T08:50:00Z,2024-10-27T09:00:00Z,W1hZkqBeWCUTVBX6rx9OeHmaWx63
672177385fc86555907d1439,0,2024-10-27T09:00:00Z,2024-10-27T09:10:00Z,W1hZkqBeWCUTVBX6rx9OeHmaWx63
672177385fc86555907d143a,0,2024-10-27T09:10:00Z,2024-10-27T09:20:00Z,W1hZkqBeWCUTVBX6rx9OeHmaWx63
672177385fc86555907d143b,0,2024-10-27T09:20:00Z,2024-10-27T09:30:00Z,W1hZkqBeWCUTVBX6rx9OeHmaWx63
672177385fc86555907d143c,0,2024-10-27T09:30:00Z,2024-10-27T09:40:00Z,W1hZkqBeWCUTVBX6rx9OeHmaWx63
672177385fc86555907d143d,0,2024-10-27T09:40:00Z,2024-10-27T09:50:00Z,W1hZkqBeWCUTVBX6rx9OeHmaWx63
672177385fc86555907d143e,0,2024-10-27T09:50:00Z,2024-10-27T10:00:00Z,W1hZkqBeWCUTVBX6rx9OeHmaWx63
672177395fc86555907d144a,0,2024-10-27T10:00:00Z,2024-10-27T10:10:00Z,W1hZkqBeWCUTVBX6rx9OeHmaWx63
672177395fc86555907d144b,0,2024-10-27T10:10:00Z,2024-10-27T10:20:00Z,W1hZkqBeWCUTVBX6rx9OeHmaWx63
672177395fc86555907d144c,0,2024-10-27T10:20:00Z,2024-10-27T10:30:00Z,W1hZkqBeWCUTVBX6rx9OeHmaWx63
672177395fc86555907d144d,0,2024-10-27T10:30:00Z,2024-10-27T10:40:00Z,W1hZkqBeWCUTVBX6rx9OeHmaWx63
672177395fc86555907d144e,0,2024-10-27T10:40:00Z,2024-10-27T10:50:00Z,W1hZkqBeWCUTVBX6rx9OeHmaWx63
672177395fc86555907d144f,0,2024-10-27T10:50:00Z,2024-10-27T11:00:00Z,W1hZkqBeWCUTVBX6rx9OeHmaWx63
672177395fc86555907d145b,0,2024-10-27T11:00:00Z,2024-10-27T11:10:00Z,W1hZkqBeWCUTVBX6rx9OeHmaWx63
672177395fc86555907d145c,0,2024-10-27T11:10:00Z,2024-10-27T11:20:00Z,W1hZkqBeWCUTVBX6rx9OeHmaWx63
672177395fc86555907d145d,0,2024-10-27T11:20:00Z,2024-10-27T11:30:00Z,W1hZkqBeWCUTVBX6rx9OeHmaWx63
672177395fc86555907d145e,0,2024-10-27T11:30:00Z,2024-10-27T11:40:00Z,W1hZkqBeWCUTVBX6rx9OeHmaWx63
672177395fc86555907d145f,0,2024-10-27T11:40:00Z,2024-10-27T11:50:00Z,W1hZkqBeWCUTVBX6rx9OeHmaWx63
672177395fc86555907d1460,0,2024-10-27T11:50:00Z,2024-10-27T12:00:00Z,W1hZkqBeWCUTVBX6rx9OeHmaWx63
672177395fc86555907d146c,0,2024-10-27T12:00:00Z,2024-10-27T12:10:00Z,W1hZkqBeWCUTVBX6rx9OeHmaWx63
672177395fc86555907d146d,0,2024-10-27T12:10:00Z,2024-10-27T12:20:00Z,W1hZkqBeWCUTVBX6rx9OeHmaWx63
672177395fc86555907d146e,0,2024-10-27T12:20:00Z,2024-10-27T12:30:00Z,W1hZkqBeWCUTVBX6rx9OeHmaWx63
672177395fc86555907d146f,0,2024-10-27T12:30:00Z,2024-10-27T12:40:00Z,W1hZkqBeWCUTVBX6rx9OeHmaWx63
672177395fc86555907d1470,0,2024-10-27T12:40:00Z,2024-10-27T12:50:00Z,W1hZkqBeWCUTVBX6rx9OeHmaWx63
672177395fc86555907d1471,0,2024-10-27T12:50:00Z,2024-10-27T13:00:00Z,W1hZkqBeWCUTVBX6rx9OeHmaWx63
672177395fc86555907d147d,0,2024-10-27T13:00:00Z,2024-10-27T13:10:00Z,W1hZkqBeWCUTVBX6rx9OeHmaWx63
672177395fc86555907d147e,0,2024-10-27T13:10:00Z,2024-10-27T13:20:00Z,W1hZkqBeWCUTVBX6rx9OeHmaWx63
672177395fc86555907d147f,0,2024-10-27T13:20:00Z,2024-10-27T13:30:00Z,W1hZkqBeWCUTVBX6rx9OeHmaWx63
672177395fc86555907d1480,0,2024-10-27T13:30:00Z,2024-10-27T13:40:00Z,W1hZkqBeWCUTVBX6rx9OeHmaWx63
672177395fc86555907d1481,0,2024-10-27T13:40:00Z,2024-10-27T13:50:00Z,W1hZkqBeWCUTVBX6rx9OeHmaWx63
672177395fc86555907d1482,0,2024-10-27T13:50:00Z,2024-10-27T14:00:00Z,W1hZkqBeWCUTVBX6rx9OeHmaWx63
672177395fc86555907d148e,0,2024-10-27T14:00:00Z,2024-10-27T14:10:00Z,W1hZkqBeWCUTVBX6rx9OeHmaWx63
672177395fc86555907d148f,0,2024-10-27T14:10:00Z,2024-10-27T14:20:00Z,W1hZkqBeWCUTVBX6rx9OeHmaWx63
672177395fc86555907d1490,0,2024-10-27T14:20:00Z,2024-10-27T14:30:00Z,W1hZkqBeWCUTVBX6rx9OeHmaWx63
672177395fc86555907d1491,0,2024-10-27T14:30:00Z,2024-10-27T14:40:00Z,W1hZkqBeWCUTVBX6rx9OeHmaWx63
672177395fc86555907d1492,0,2024-10-27T14:40:00Z,2024-10-27T14:50:00Z,W1hZkqBeWCUTVBX6rx9OeHmaWx63
672177395fc86555907d1493,0,2024-10-27T14:50:00Z,2024-10-27T15:00:00Z,W1hZkqBeWCUTVBX6rx9OeHmaWx63
672177395fc86555907d149f,0,2024-10-27T15:00:00Z,2024-10-27T15:10:00Z,W1hZkqBeWCUTVBX6rx9OeHmaWx63
672177395fc86555907d14a0,0,2024-10-27T15:10:00Z,2024-10-27T15:20:00Z,W1hZkqBeWCUTVBX6rx9OeHmaWx63
672177395fc86555907d14a1,0,2024-10-27T15:20:00Z,2024-10-27T15:30:00Z,W1hZkqBeWCUTVBX6rx9OeHmaWx63
672177395fc86555907d14a2,0,2024-10-27T15:30:00Z,2024-10-27T15:40:00Z,W1hZkqBeWCUTVBX6rx9OeHmaWx63
672177395fc86555907d14a3,0,2024-10-27T15:40:00Z,2024-10-27T15:50:00Z,W1hZkqBeWCUTVBX6rx9OeHmaWx63
672177395fc86555907d14a4,0,2024-10-27T15:50:00Z,2024-10-27T16:00:00Z,W1hZkqBeWCUTVBX6rx9OeHmaWx63
672177395fc86555907d14b0,0,2024-10-27T16:00:00Z,2024-10-27T16:10:00Z,W1hZkqBeWCUTVBX6rx9OeHmaWx63
672177395fc86555907d14b1,0,2024-10-27T16:10:00Z,2024-10-27T16:20:00Z,W1hZkqBeWCUTVBX6rx9OeHmaWx63
672177395fc86555907d14b2,0,2024-10-27T16:20:00Z,2024-10-27T16:30:00Z,W1hZkqBeWCUTVBX6rx9OeHmaWx63
672177395fc86555907d14b3,0,2024-10-27T16:30:00Z,2024-10-27T16:40:00Z,W1hZkqBeWCUTVBX6rx9OeHmaWx63
672177395fc86555907d14b4,0,2024-10-27T16:40:00Z,2024-10-27T16:50:00Z,W1hZkqBeWCUTVBX6rx9OeHmaWx63
672177395fc86555907d14b5,0,2024-10-27T16:50:00Z,2024-10-27T17:00:00Z,W1hZkqBeWCUTVBX6rx9OeHmaWx63
672177395fc86555907d14c1,0,2024-10-27T17:00:00Z,2024-10-27T17:10:00Z,W1hZkqBeWCUTVBX6rx9OeHmaWx63
672177395fc86555907d14c2,0,2024-10-27T17:10:00Z,2024-10-27T17:20:00Z,W1hZkqBeWCUTVBX6rx9OeHmaWx63
672177395fc86555907d14c3,0,2024-10-27T17:20:00Z,2024-10-27T17:30:00Z,W1hZkqBeWCUTVBX6rx9OeHmaWx63
672177395fc86555907d14c4,0,2024-10-27T17:30:00Z,2024-10-27T17:40:00Z,W1hZkqBeWCUTVBX6rx9OeHmaWx63
672177395fc86555907d14c5,0,2024-10-27T17:40:00Z,2024-10-27T17:50:00Z,W1hZkqBeWCUTVBX6rx9OeHmaWx63
672177395fc86555907d14c6,0,2024-10-27T17:50:00Z,2024-10-27T18:00:00Z,W1hZkqBeWCUTVBX6rx9OeHmaWx63
672177395fc86555907d14d2,0,2024-10-27T18:00:00Z,2024-10-27T18:10:00Z,W1hZkqBeWCUTVBX6rx9OeHmaWx63
672177395fc86555907d14d3,0,2024-10-27T18:10:00Z,2024-10-27T18:20:00Z,W1hZkqBeWCUTVBX6rx9OeHmaWx63
672177395fc86555907d14d4,0,2024-10-27T18:20:00Z,2024-10-27T18:30:00Z,W1hZkqBeWCUTVBX6rx9OeHmaWx63
672177395fc86555907d14d5,0,2024-10-27T18:30:00Z,2024-10-27T18:40:00Z,W1hZkqBeWCUTVBX6rx9OeHmaWx63
672177395fc86555907d14d6,0,2024-10-27T18:40:00Z,2024-10-27T18:50:00Z,W1hZkqBeWCUTVBX6rx9OeHmaWx63
672177395fc86555907d14d7,0,2024-10-27T18:50:00Z,2024-10-27T19:00:00Z,W1hZkqBeWCUTVBX6rx9OeHmaWx63
672177395fc86555907d14e3,0,2024-10-27T19:00:00Z,2024-10-27T19:10:00Z,W1hZkqBeWCUTVBX6rx9OeHmaWx63
672177395fc86555907d14e4,0,2024-10-27T19:10:00Z,2024-10-27T19:20:00Z,W1hZkqBeWCUTVBX6rx9OeHmaWx63
672177395fc86555907d14e5,0,2024-10-27T19:20:00Z,2024-10-27T19:30:00Z,W1hZkqBeWCUTVBX6rx9OeHmaWx63
672177395fc86555907d14e6,0,2024-10-27T19:30:00Z,2024-10-27T19:40:00Z,W1hZkqBeWCUTVBX6rx9OeHmaWx63
672177395fc86555907d14e7,0,2024-10-27T19:40:00Z,2024-10-27T19:50:00Z,W1hZkqBeWCUTVBX6rx9OeHmaWx63
672177395fc86555907d14e8,0,2024-10-27T19:50:00Z,2024-10-27T20:00:00Z,W1hZkqBeWCUTVBX6rx9OeHmaWx63
672177395fc86555907d14f4,0,2024-10-27T20:00:00Z,2024-10-27T20:10:00Z,W1hZkqBeWCUTVBX6rx9OeHmaWx63
672177395fc86555907d14f5,0,2024-10-27T20:10:00Z,2024-10-27T20:20:00Z,W1hZkqBeWCUTVBX6rx9OeHmaWx63
672177395fc86555907d14f6,0,2024-10-27T20:20:00Z,2024-10-27T20:30:00Z,W1hZkqBeWCUTVBX6rx9OeHmaWx63
672177395fc86555907d14f7,0,2024-10-27T20:30:00Z,2024-10-27T20:40:00Z,W1hZkqBeWCUTVBX6rx9OeHmaWx63
672177395fc86555907d14f8,0,2024-10-27T20:40:00Z,2024-10-27T20:50:00Z,W1hZkqBeWCUTVBX6rx9OeHmaWx63
672177395fc86555907d14f9,0,2024-10-27T20:50:00Z,2024-10-27T21:00:00Z,W1hZkqBeWCUTVBX6rx9OeHmaWx63
672177395fc86555907d1505,0,2024-10-27T21:00:00Z,2024-10-27T21:10:00Z,W1hZkqBeWCUTVBX6rx9OeHmaWx63
672177395fc86555907d1506,0,2024-10-27T21:10:00Z,2024-10-27T21:20:00Z,W1hZkqBeWCUTVBX6rx9OeHmaWx63
672177395fc86555907d1507,0,2024-10-27T21:20:00Z,2024-10-27T21:30:00Z,W1hZkqBeWCUTVBX6rx9OeHmaWx63
672177395fc86555907d1508,0,2024-10-27T21:30:00Z,2024-10-27T21:40:00Z,W1hZkqBeWCUTVBX6rx9OeHmaWx63
672177395fc86555907d1509,0,2024-10-27T21:40:00Z,2024-10-27T21:50:00Z,W1hZkqBeWCUTVBX6rx9OeHmaWx63
672177395fc86555907d150a,0,2024-10-27T21:50:00Z,2024-10-27T22:00:00Z,W1hZkqBeWCUTVBX6rx9OeHmaWx63
672177395fc86555907d1516,0,2024-10-27T22:00:00Z,2024-10-27T22:10:00Z,W1hZkqBeWCUTVBX6rx9OeHmaWx63
672177395fc86555907d1517,0,2024-10-27T22:10:00Z,2024-10-27T22:20:00Z,W1hZkqBeWCUTVBX6rx9OeHmaWx63
672177395fc86555907d1518,0,2024-10-27T22:20:00Z,2024-10-27T22:30:00Z,W1hZkqBeWCUTVBX6rx9OeHmaWx63
672177395fc86555907d1519,0,2024-10-27T22:30:00Z,2024-10-27T22:40:00Z,W1hZkqBeWCUTVBX6rx9OeHmaWx63
672177395fc86555907d151a,0,2024-10-27T22:40:00Z,2024-10-27T22:50:00Z,W1hZkqBeWCUTVBX6rx9OeHmaWx63
672177395fc86555907d151b,0,2024-10-27T22:50:00Z,2024-10-27T23:00:00Z,W1hZkqBeWCUTVBX6rx9OeHmaWx63
672177395fc86555907d1527,0,2024-10-27T23:00:00Z,2024-10-27T23:10:00Z,W1hZkqBeWCUTVBX6rx9OeHmaWx63
672177395fc86555907d1528,0,2024-10-27T23:10:00Z,2024-10-27T23:20:00Z,W1hZkqBeWCUTVBX6rx9OeHmaWx63
672177395fc86555907d1529,0,2024-10-27T23:20:00Z,2024-10-27T23:30:00Z,W1hZkqBeWCUTVBX6rx9OeHmaWx63
672177395fc86555907d152a,0,2024-10-27T23:30:00Z,2024-10-27T23:40:00Z,W1hZkqBeWCUTVBX6rx9OeHmaWx63
672177395fc86555907d152b,0,2024-10-27T23:40:00Z,2024-10-27T23:50:00Z,W1hZkqBeWCUTVBX6rx9OeHmaWx63
672177395fc86555907d152c,0,2024-10-27T23:50:00Z,2024-10-28T00:00:00Z,W1hZkqBeWCUTVBX6rx9OeHmaWx63
672177395fc86555907d1538,0,2024-10-28T00:00:00Z,2024-10-28T00:10:00Z,W1hZkqBeWCUTVBX6rx9OeHmaWx63
672177395fc86555907d1539,0,2024-10-28T00:10:00Z,2024-10-28T00:20:00Z,W1hZkqBeWCUTVBX6rx9OeHmaWx63
672177395fc86555907d153a,0,2024-10-28T00:20:00Z,2024-10-28T00:30:00Z,W1hZkqBeWCUTVBX6rx9OeHmaWx63
672177395fc86555907d153b,0,2024-10-28T00:30:00Z,2024-10-28T00:40:00Z,W1hZkqBeWCUTVBX6rx9OeHmaWx63
672177395fc86555907d153c,0,2024-10-28T00:40:00Z,2024-10-28T00:50:00Z,W1hZkqBeWCUTVBX6rx9OeHmaWx63
672177395fc86555907d153d,0,2024-10-28T00:50:00Z,2024-10-28T01:00:00Z,W1hZkqBeWCUTVBX6rx9OeHmaWx63
672177395fc86555907d1549,0,2024-10-28T01:00:00Z,2024-10-28T01:10:00Z,W1hZkqBeWCUTVBX6rx9OeHmaWx63
672177395fc86555907d154a,0,2024-10-28T01:10:00Z,2024-10-28T01:20:00Z,W1hZkqBeWCUTVBX6rx9OeHmaWx63
672177395fc86555907d154b,0,2024-10-28T01:20:00Z,2024-10-28T01:30:00Z,W1hZkqBeWCUTVBX6rx9OeHmaWx63
672177395fc86555907d154c,0,2024-10-28T01:30:00Z,2024-10-28T01:40:00Z,W1hZkqBeWCUTVBX6rx9OeHmaWx63
672177395fc86555907d154d,0,2024-10-28T01:40:00Z,2024-10-28T01:50:00Z,W1hZkqBeWCUTVBX6rx9OeHmaWx63
672177395fc86555907d154e,0,2024-10-28T01:50:00Z,2024-10-28T02:00:00Z,W1hZkqBeWCUTVBX6rx9OeHmaWx63
672177395fc86555907d155a,0,2024-10-28T02:00:00Z,2024-10-28T02:10:00Z,W1hZkqBeWCUTVBX6rx9OeHmaWx63
672177395fc86555907d155b,0,2024-10-28T02:10:00Z,2024-10-28T02:20:00Z,W1hZkqBeWCUTVBX6rx9OeHmaWx63
672177395fc86555907d155c,0,2024-10-28T02:20:00Z,2024-10-28T02:30:00Z,W1hZkqBeWCUTVBX6rx9OeHmaWx63
672177395fc86555907d155d,0,2024-10-28T02:30:00Z,2024-10-28T02:40:00Z,W1hZkqBeWCUTVBX6rx9OeHmaWx63
672177395fc86555907d155e,0,2024-10-28T02:40:00Z,2024-10-28T02:50:00Z,W1hZkqBeWCUTVBX6rx9OeHmaWx63
672177395fc86555907d155f,0,2024-10-28T02:50:00Z,2024-10-28T03:00:00Z,W1hZkqBeWCUTVBX6rx9OeHmaWx63
6721773a5fc86555907d156b,0,2024-10-28T03:00:00Z,2024-10-28T03:10:00Z,W1hZkqBeWCUTVBX6rx9OeHmaWx63
6721773a5fc86555907d156c,0,2024-10-28T03:10:00Z,2024-10-28T03:20:00Z,W1hZkqBeWCUTVBX6rx9OeHmaWx63
6721773a5fc86555907d156d,0,2024-10-28T03:20:00Z,2024-10-28T03:30:00Z,W1hZkqBeWCUTVBX6rx9OeHmaWx63
6721773a5fc86555907d156e,0,2024-10-28T03:30:00Z,2024-10-28T03:40:00Z,W1hZkqBeWCUTVBX6rx9OeHmaWx63
6721773a5fc86555907d156f,0,2024-10-28T03:40:00Z,2024-10-28T03:50:00Z,W1hZkqBeWCUTVBX6rx9OeHmaWx63
6721773a5fc86555907d1570,0,2024-10-28T03:50:00Z,2024-10-28T04:00:00Z,W1hZkqBeWCUTVBX6rx9OeHmaWx63
6721773a5fc86555907d157c,0,2024-10-28T04:00:00Z,2024-10-28T04:10:00Z,W1hZkqBeWCUTVBX6rx9OeHmaWx63
6721773a5fc86555907d157d,0,2024-10-28T04:10:00Z,2024-10-28T04:20:00Z,W1hZkqBeWCUTVBX6rx9OeHmaWx63
6721773a5fc86555907d157e,0,2024-10-28T04:20:00Z,2024-10-28T04:30:00Z,W1hZkqBeWCUTVBX6rx9OeHmaWx63
6721773a5fc86555907d157f,0,2024-10-28T04:30:00Z,2024-10-28T04:40:00Z,W1hZkqBeWCUTVBX6rx9OeHmaWx63
6721773a5fc86555907d1580,0,2024-10-28T04:40:00Z,2024-10-28T04:50:00Z,W1hZkqBeWCUTVBX6rx9OeHmaWx63
6721773a5fc86555907d1581,0,2024-10-28T04:50:00Z,2024-10-28T05:00:00Z,W1hZkqBeWCUTVBX6rx9OeHmaWx63
6721773a5fc86555907d158d,0,2024-10-28T05:00:00Z,2024-10-28T05:10:00Z,W1hZkqBeWCUTVBX6rx9OeHmaWx63
6721773a5fc86555907d158e,0,2024-10-28T05:10:00Z,2024-10-28T05:20:00Z,W1hZkqBeWCUTVBX6rx9OeHmaWx63
6721773a5fc86555907d158f,0,2024-10-28T05:20:00Z,2024-10-28T05:30:00Z,W1hZkqBeWCUTVBX6rx9OeHmaWx63
6721773a5fc86555907d1590,0,2024-10-28T05:30:00Z,2024-10-28T05:40:00Z,W1hZkqBeWCUTVBX6rx9OeHmaWx63
6721773a5fc86555907d1591,0,2024-10-28T05:40:00Z,2024-10-28T05:50:00Z,W1hZkqBeWCUTVBX6rx9OeHmaWx63
6721773a5fc86555907d1592,0,2024-10-28T05:50:00Z,2024-10-28T06:00:00Z,W1hZkqBeWCUTVBX6rx9OeHmaWx63
6721773a5fc86555907d159e,0,2024-10-28T06:00:00Z,2024-10-28T06:10:00Z,W1hZkqBeWCUTVBX6rx9OeHmaWx63
6721773a5fc86555907d159f,0,2024-10-28T06:10:00Z,2024-10-28T06:20:00Z,W1hZkqBeWCUTVBX6rx9OeHmaWx63
6721773a5fc86555907d15a0,0,2024-10-28T06:20:00Z,2024-10-28T06:30:00Z,W1hZkqBeWCUTVBX6rx9OeHmaWx63
6721773a5fc86555907d15a1,0,2024-10-28T06:30:00Z,2024-10-28T06:40:00Z,W1hZkqBeWCUTVBX6rx9OeHmaWx63
6721773a5fc86555907d15a2,0,2024-10-28T06:40:00Z,2024-10-28T06:50:00Z,W1hZkqBeWCUTVBX6rx9OeHmaWx63
6721773a5fc86555907d15a3,0,2024-10-28T06:50:00Z,2024-10-28T07:00:00Z,W1hZkqBeWCUTVBX6rx9OeHmaWx63
6721773a5fc86555907d15af,0,2024-10-28T07:00:00Z,2024-10-28T07:10:00Z,W1hZkqBeWCUTVBX6rx9OeHmaWx63
6721773a5fc86555907d15b0,0,2024-10-28T07:10:00Z,2024-10-28T07:20:00Z,W1hZkqBeWCUTVBX6rx9OeHmaWx63
6721773a5fc86555907d15b1,0,2024-10-28T07:20:00Z,2024-10-28T07:30:00Z,W1hZkqBeWCUTVBX6rx9OeHmaWx63
6721773a5fc86555907d15b2,0,2024-10-28T07:30:00Z,2024-10-28T07:40:00Z,W1hZkqBeWCUTVBX6rx9OeHmaWx63
6721773a5fc86555907d15b3,0,2024-10-28T07:40:00Z,2024-10-28T07:50:00Z,W1hZkqBeWCUTVBX6rx9OeHmaWx63
6721773a5fc86555907d15b4,0,2024-10-28T07:50:00Z,2024-10-28T08:00:00Z,W1hZkqBeWCUTVBX6rx9OeHmaWx63
6721773a5fc86555907d15c0,0,2024-10-28T08:00:00Z,2024-10-28T08:10:00Z,W1hZkqBeWCUTVBX6rx9OeHmaWx63
6721773a5fc86555907d15c1,0,2024-10-28T08:10:00Z,2024-10-28T08:20:00Z,W1hZkqBeWCUTVBX6rx9OeHmaWx63
6721773a5fc86555907d15c2,0,2024-10-28T08:20:00Z,2024-10-28T08:30:00Z,W1hZkqBeWCUTVBX6rx9OeHmaWx63
6721773a5fc86555907d15c3,0,2024-10-28T08:30:00Z,2024-10-28T08:40:00Z,W1hZkqBeWCUTVBX6rx9OeHmaWx63
6721773a5fc86555907d15c4,0,2024-10-28T08:40:00Z,2024-10-28T08:50:00Z,W1hZkqBeWCUTVBX6rx9OeHmaWx63
6721773a5fc86555907d15c5,0,2024-10-28T08:50:00Z,2024-10-28T09:00:00Z,W1hZkqBeWCUTVBX6rx9OeHmaWx63
6721773a5fc86555907d15d1,0,2024-10-28T09:00:00Z,2024-10-28T09:10:00Z,W1hZkqBeWCUTVBX6rx9OeHmaWx63
6721773a5fc86555907d15d2,0,2024-10-28T09:10:00Z,2024-10-28T09:20:00Z,W1hZkqBeWCUTVBX6rx9OeHmaWx63
6721773a5fc86555907d15d3,0,2024-10-28T09:20:00Z,2024-10-28T09:30:00Z,W1hZkqBeWCUTVBX6rx9OeHmaWx63
6721773a5fc86555907d15d4,0,2024-10-28T09:30:00Z,2024-10-28T09:40:00Z,W1hZkqBeWCUTVBX6rx9OeHmaWx63
6721773a5fc86555907d15d5,0,2024-10-28T09:40:00Z,2024-10-28T09:50:00Z,W1hZkqBeWCUTVBX6rx9OeHmaWx63
6721773a5fc86555907d15d6,0,2024-10-28T09:50:00Z,2024-10-28T10:00:00Z,W1hZkqBeWCUTVBX6rx9OeHmaWx63
6721773a5fc86555907d15e2,0,2024-10-28T10:00:00Z,2024-10-28T10:10:00Z,W1hZkqBeWCUTVBX6rx9OeHmaWx63
6721773a5fc86555907d15e3,0,2024-10-28T10:10:00Z,2024-10-28T10:20:00Z,W1hZkqBeWCUTVBX6rx9OeHmaWx63
6721773a5fc86555907d15e4,0,2024-10-28T10:20:00Z,2024-10-28T10:30:00Z,W1hZkqBeWCUTVBX6rx9OeHmaWx63
6721773a5fc86555907d15e5,0,2024-10-28T10:30:00Z,2024-10-28T10:40:00Z,W1hZkqBeWCUTVBX6rx9OeHmaWx63
6721773a5fc86555907d15e6,0,2024-10-28T10:40:00Z,2024-10-28T10:50:00Z,W1hZkqBeWCUTVBX6rx9OeHmaWx63
6721773a5fc86555907d15e7,0,2024-10-28T10:50:00Z,2024-10-28T11:00:00Z,W1hZkqBeWCUTVBX6rx9OeHmaWx63
6721773a5fc86555907d15f3,0,2024-10-28T11:00:00Z,2024-10-28T11:10:00Z,W1hZkqBeWCUTVBX6rx9OeHmaWx63
6721773a5fc86555907d15f4,0,2024-10-28T11:10:00Z,2024-10-28T11:20:00Z,W1hZkqBeWCUTVBX6rx9OeHmaWx63
6721773a5fc86555907d15f5,0,2024-10-28T11:20:00Z,2024-10-28T11:30:00Z,W1hZkqBeWCUTVBX6rx9OeHmaWx63
6721773a5fc86555907d15f6,0,2024-10-28T11:30:00Z,2024-10-28T11:40:00Z,W1hZkqBeWCUTVBX6rx9OeHmaWx63
6721773a5fc86555907d15f7,0,2024-10-28T11:40:00Z,2024-10-28T11:50:00Z,W1hZkqBeWCUTVBX6rx9OeHmaWx63
6721773a5fc86555907d15f8,0,2024-10-28T11:50:00Z,2024-10-28T12:00:00Z,W1hZkqBeWCUTVBX6rx9OeHmaWx63
6721773a5fc86555907d1604,0,2024-10-28T12:00:00Z,2024-10-28T12:10:00Z,W1hZkqBeWCUTVBX6rx9OeHmaWx63
6721773a5fc86555907d1605,0,2024-10-28T12:10:00Z,2024-10-28T12:20:00Z,W1hZkqBeWCUTVBX6rx9OeHmaWx63
6721773a5fc86555907d1606,0,2024-10-28T12:20:00Z,2024-10-28T12:30:00Z,W1hZkqBeWCUTVBX6rx9OeHmaWx63
6721773a5fc86555907d1607,0,2024-10-28T12:30:00Z,2024-10-28T12:40:00Z,W1hZkqBeWCUTVBX6rx9OeHmaWx63
6721773a5fc86555907d1608,0,2024-10-28T12:40:00Z,2024-10-28T12:50:00Z,W1hZkqBeWCUTVBX6rx9OeHmaWx63
6721773a5fc86555907d1609,0,2024-10-28T12:50:00Z,2024-10-28T13:00:00Z,W1hZkqBeWCUTVBX6rx9OeHmaWx63
6721773a5fc86555907d1615,0,2024-10-28T13:00:00Z,2024-10-28T13:10:00Z,W1hZkqBeWCUTVBX6rx9OeHmaWx63
6721773a5fc86555907d1616,0,2024-10-28T13:10:00Z,2024-10-28T13:20:00Z,W1hZkqBeWCUTVBX6rx9OeHmaWx63
6721773a5fc86555907d1617,0,2024-10-28T13:20:00Z,2024-10-28T13:30:00Z,W1hZkqBeWCUTVBX6rx9OeHmaWx63
6721773a5fc86555907d1618,0,2024-10-28T13:30:00Z,2024-10-28T13:40:00Z,W1hZkqBeWCUTVBX6rx9OeHmaWx63
6721773a5fc86555907d1619,0,2024-10-28T13:40:00Z,2024-10-28T13:50:00Z,W1hZkqBeWCUTVBX6rx9OeHmaWx63
6721773a5fc86555907d161a,0,2024-10-28T13:50:00Z,2024-10-28T14:00:00Z,W1hZkqBeWCUTVBX6rx9OeHmaWx63
6721773b5fc86555907d1626,0,2024-10-28T14:00:00Z,2024-10-28T14:10:00Z,W1hZkqBeWCUTVBX6rx9OeHmaWx63
6721773b5fc86555907d1627,0,2024-10-28T14:10:00Z,2024-10-28T14:20:00Z,W1hZkqBeWCUTVBX6rx9OeHmaWx63
6721773b5fc86555907d1628,0,2024-10-28T14:20:00Z,2024-10-28T14:30:00Z,W1hZkqBeWCUTVBX6rx9OeHmaWx63
6721773b5fc86555907d1629,0,2024-10-28T14:30:00Z,2024-10-28T14:40:00Z,W1hZkqBeWCUTVBX6rx9OeHmaWx63
6721773b5fc86555907d162a,0,2024-10-28T14:40:00Z,2024-10-28T14:50:00Z,W1hZkqBeWCUTVBX6rx9OeHmaWx63
6721773b5fc86555907d162b,0,2024-10-28T14:50:00Z,2024-10-28T15:00:00Z,W1hZkqBeWCUTVBX6rx9OeHmaWx63
6721773b5fc86555907d1637,0,2024-10-28T15:00:00Z,2024-10-28T15:10:00Z,W1hZkqBeWCUTVBX6rx9OeHmaWx63
6721773b5fc86555907d1638,0,2024-10-28T15:10:00Z,2024-10-28T15:20:00Z,W1hZkqBeWCUTVBX6rx9OeHmaWx63
6721773b5fc86555907d1639,0,2024-10-28T15:20:00Z,2024-10-28T15:30:00Z,W1hZkqBeWCUTVBX6rx9OeHmaWx63
6721773b5fc86555907d163a,0,2024-10-28T15:30:00Z,2024-10-28T15:40:00Z,W1hZkqBeWCUTVBX6rx9OeHmaWx63
6721773b5fc86555907d163b,0,2024-10-28T15:40:00Z,2024-10-28T15:50:00Z,W1hZkqBeWCUTVBX6rx9OeHmaWx63
6721773b5fc86555907d163c,0,2024-10-28T15:50:00Z,2024-10-28T16:00:00Z,W1hZkqBeWCUTVBX6rx9OeHmaWx63
6721773b5fc86555907d1648,0,2024-10-28T16:00:00Z,2024-10-28T16:10:00Z,W1hZkqBeWCUTVBX6rx9OeHmaWx63
6721773b5fc86555907d1649,0,2024-10-28T16:10:00Z,2024-10-28T16:20:00Z,W1hZkqBeWCUTVBX6rx9OeHmaWx63
6721773b5fc86555907d164a,0,2024-10-28T16:20:00Z,2024-10-28T16:30:00Z,W1hZkqBeWCUTVBX6rx9OeHmaWx63
6721773b5fc86555907d164b,0,2024-10-28T16:30:00Z,2024-10-28T16:40:00Z,W1hZkqBeWCUTVBX6rx9OeHmaWx63
6721773b5fc86555907d164c,0,2024-10-28T16:40:00Z,2024-10-28T16:50:00Z,W1hZkqBeWCUTVBX6rx9OeHmaWx63
6721773b5fc86555907d164d,0,2024-10-28T16:50:00Z,2024-10-28T17:00:00Z,W1hZkqBeWCUTVBX6rx9OeHmaWx63
6721773b5fc86555907d1659,0,2024-10-28T17:00:00Z,2024-10-28T17:10:00Z,W1hZkqBeWCUTVBX6rx9OeHmaWx63
6721773b5fc86555907d165a,0,2024-10-28T17:10:00Z,2024-10-28T17:20:00Z,W1hZkqBeWCUTVBX6rx9OeHmaWx63
6721773b5fc86555907d165b,0,2024-10-28T17:20:00Z,2024-10-28T17:30:00Z,W1hZkqBeWCUTVBX6rx9OeHmaWx63
6721773b5fc86555907d165c,0,2024-10-28T17:30:00Z,2024-10-28T17:40:00Z,W1hZkqBeWCUTVBX6rx9OeHmaWx63
6721773b5fc86555907d165d,0,2024-10-28T17:40:00Z,2024-10-28T17:50:00Z,W1hZkqBeWCUTVBX6rx9OeHmaWx63
6721773b5fc86555907d165e,0,2024-10-28T17:50:00Z,2024-10-28T18:00:00Z,W1hZkqBeWCUTVBX6rx9OeHmaWx63
6721773b5fc86555907d166a,0,2024-10-28T18:00:00Z,2024-10-28T18:10:00Z,W1hZkqBeWCUTVBX6rx9OeHmaWx63
6721773b5fc86555907d166b,0,2024-10-28T18:10:00Z,2024-10-28T18:20:00Z,W1hZkqBeWCUTVBX6rx9OeHmaWx63
6721773b5fc86555907d166c,0,2024-10-28T18:20:00Z,2024-10-28T18:30:00Z,W1hZkqBeWCUTVBX6rx9OeHmaWx63
6721773b5fc86555907d166d,0,2024-10-28T18:30:00Z,2024-10-28T18:40:00Z,W1hZkqBeWCUTVBX6rx9OeHmaWx63
6721773b5fc86555907d166e,0,2024-10-28T18:40:00Z,2024-10-28T18:50:00Z,W1hZkqBeWCUTVBX6rx9OeHmaWx63
6721773b5fc86555907d166f,0,2024-10-28T18:50:00Z,2024-10-28T19:00:00Z,W1hZkqBeWCUTVBX6rx9OeHmaWx63
6721773b5fc86555907d167b,0,2024-10-28T19:00:00Z,2024-10-28T19:10:00Z,W1hZkqBeWCUTVBX6rx9OeHmaWx63
6721773b5fc86555907d167c,0,2024-10-28T19:10:00Z,2024-10-28T19:20:00Z,W1hZkqBeWCUTVBX6rx9OeHmaWx63
6721773b5fc86555907d167d,0,2024-10-28T19:20:00Z,2024-10-28T19:30:00Z,W1hZkqBeWCUTVBX6rx9OeHmaWx63
6721773b5fc86555907d167e,0,2024-10-28T19:30:00Z,2024-10-28T19:40:00Z,W1hZkqBeWCUTVBX6rx9OeHmaWx63
6721773b5fc86555907d167f,0,2024-10-28T19:40:00Z,2024-10-28T19:50:00Z,W1hZkqBeWCUTVBX6rx9OeHmaWx63
6721773b5fc86555907d1680,0,2024-10-28T19:50:00Z,2024-10-28T20:00:00Z,W1hZkqBeWCUTVBX6rx9OeHmaWx63
6721773c5fc86555907d168c,0,2024-10-28T20:00:00Z,2024-10-28T20:10:00Z,W1hZkqBeWCUTVBX6rx9OeHmaWx63
6721773c5fc86555907d168d,0,2024-10-28T20:10:00Z,2024-10-28T20:20:00Z,W1hZkqBeWCUTVBX6rx9OeHmaWx63
6721773c5fc86555907d168e,0,2024-10-28T20:20:00Z,2024-10-28T20:30:00Z,W1hZkqBeWCUTVBX6rx9OeHmaWx63
6721773c5fc86555907d168f,0,2024-10-28T20:30:00Z,2024-10-28T20:40:00Z,W1hZkqBeWCUTVBX6rx9OeHmaWx63
6721773c5fc86555907d1690,0,2024-10-28T20:40:00Z,2024-10-28T20:50:00Z,W1hZkqBeWCUTVBX6rx9OeHmaWx63
6721773c5fc86555907d1691,0,2024-10-28T20:50:00Z,2024-10-28T21:00:00Z,W1hZkqBeWCUTVBX6rx9OeHmaWx63
6721773c5fc86555907d169d,0,2024-10-28T21:00:00Z,2024-10-28T21:10:00Z,W1hZkqBeWCUTVBX6rx9OeHmaWx63
6721773c5fc86555907d169e,0,2024-10-28T21:10:00Z,2024-10-28T21:20:00Z,W1hZkqBeWCUTVBX6rx9OeHmaWx63
6721773c5fc86555907d169f,0,2024-10-28T21:20:00Z,2024-10-28T21:30:00Z,W1hZkqBeWCUTVBX6rx9OeHmaWx63
6721773c5fc86555907d16a0,0,2024-10-28T21:30:00Z,2024-10-28T21:40:00Z,W1hZkqBeWCUTVBX6rx9OeHmaWx63
6721773c5fc86555907d16a1,0,2024-10-28T21:40:00Z,2024-10-28T21:50:00Z,W1hZkqBeWCUTVBX6rx9OeHmaWx63
6721773c5fc86555907d16a2,0,2024-10-28T21:50:00Z,2024-10-28T22:00:00Z,W1hZkqBeWCUTVBX6rx9OeHmaWx63
6721773c5fc86555907d16ae,0,2024-10-28T22:00:00Z,2024-10-28T22:10:00Z,W1hZkqBeWCUTVBX6rx9OeHmaWx63
6721773c5fc86555907d16af,0,2024-10-28T22:10:00Z,2024-10-28T22:20:00Z,W1hZkqBeWCUTVBX6rx9OeHmaWx63
6721773c5fc86555907d16b0,0,2024-10-28T22:20:00Z,2024-10-28T22:30:00Z,W1hZkqBeWCUTVBX6rx9OeHmaWx63
6721773c5fc86555907d16b1,0,2024-10-28T22:30:00Z,2024-10-28T22:40:00Z,W1hZkqBeWCUTVBX6rx9OeHmaWx63
6721773c5fc86555907d16b2,0,2024-10-28T22:40:00Z,2024-10-28T22:50:00Z,W1hZkqBeWCUTVBX6rx9OeHmaWx63
6721773c5fc86555907d16b3,0,2024-10-28T22:50:00Z,2024-10-28T23:00:00Z,W1hZkqBeWCUTVBX6rx9OeHmaWx63
6721773c5fc86555907d16bf,0,2024-10-28T23:00:00Z,2024-10-28T23:10:00Z,W1hZkqBeWCUTVBX6rx9OeHmaWx63
6721773c5fc86555907d16c0,0,2024-10-28T23:10:00Z,2024-10-28T23:20:00Z,W1hZkqBeWCUTVBX6rx9OeHmaWx63
6721773c5fc86555907d16c1,0,2024-10-28T23:20:00Z,2024-10-28T23:30:00Z,W1hZkqBeWCUTVBX6rx9OeHmaWx63
6721773c5fc86555907d16c2,0,2024-10-28T23:30:00Z,2024-10-28T23:40:00Z,W1hZkqBeWCUTVBX6rx9OeHmaWx63
6721773c5fc86555907d16c3,0,2024-10-28T23:40:00Z,2024-10-28T23:50:00Z,W1hZkqBeWCUTVBX6rx9OeHmaWx63
6721773c5fc86555907d16c4,0,2024-10-28T23:50:00Z,2024-10-29T00:00:00Z,W1hZkqBeWCUTVBX6rx9OeHmaWx63
6721773c5fc86555907d16d0,0,2024-10-29T00:00:00Z,2024-10-29T00:10:00Z,W1hZkqBeWCUTVBX6rx9OeHmaWx63
6721773c5fc86555907d16d1,0,2024-10-29T00:10:00Z,2024-10-29T00:20:00Z,W1hZkqBeWCUTVBX6rx9OeHmaWx63
6721773c5fc86555907d16d2,0,2024-10-29T00:20:00Z,2024-10-29T00:30:00Z,W1hZkqBeWCUTVBX6rx9OeHmaWx63
6721773c5fc86555907d16d3,0,2024-10-29T00:30:00Z,2024-10-29T00:40:00Z,W1hZkqBeWCUTVBX6rx9OeHmaWx63
6721773c5fc86555907d16d4,0,2024-10-29T00:40:00Z,2024-10-29T00:50:00Z,W1hZkqBeWCUTVBX6rx9OeHmaWx63
6721773c5fc86555907d16d5,0,2024-10-29T00:50:00Z,2024-10-29T01:00:00Z,W1hZkqBeWCUTVBX6rx9OeHmaWx63
6721773c5fc86555907d16e1,0,2024-10-29T01:00:00Z,2024-10-29T01:10:00Z,W1hZkqBeWCUTVBX6rx9OeHmaWx63
6721773c5fc86555907d16e2,0,2024-10-29T01:10:00Z,2024-10-29T01:20:00Z,W1hZkqBeWCUTVBX6rx9OeHmaWx63
6721773c5fc86555907d16e3,0,2024-10-29T01:20:00Z,2024-10-29T01:30:00Z,W1hZkqBeWCUTVBX6rx9OeHmaWx63
6721773c5fc86555907d16e4,0,2024-10-29T01:30:00Z,2024-10-29T01:40:00Z,W1hZkqBeWCUTVBX6rx9OeHmaWx63
6721773c5fc86555907d16e5,0,2024-10-29T01:40:00Z,2024-10-29T01:50:00Z,W1hZkqBeWCUTVBX6rx9OeHmaWx63
6721773c5fc86555907d16e6,0,2024-10-29T01:50:00Z,2024-10-29T02:00:00Z,W1hZkqBeWCUTVBX6rx9OeHmaWx63
6721773c5fc86555907d16f2,0,2024-10-29T02:00:00Z,2024-10-29T02:10:00Z,W1hZkqBeWCUTVBX6rx9OeHmaWx63
6721773c5fc86555907d16f3,0,2024-10-29T02:10:00Z,2024-10-29T02:20:00Z,W1hZkqBeWCUTVBX6rx9OeHmaWx63
6721773c5fc86555907d16f4,0,2024-10-29T02:20:00Z,2024-10-29T02:30:00Z,W1hZkqBeWCUTVBX6rx9OeHmaWx63
6721773c5fc86555907d16f5,0,2024-10-29T02:30:00Z,2024-10-29T02:40:00Z,W1hZkqBeWCUTVBX6rx9OeHmaWx63
6721773c5fc86555907d16f6,0,2024-10-29T02:40:00Z,2024-10-29T02:50:00Z,W1hZkqBeWCUTVBX6rx9OeHmaWx63
6721773c5fc86555907d16f7,0,2024-10-29T02:50:00Z,2024-10-29T03:00:00Z,W1hZkqBeWCUTVBX6rx9OeHmaWx63
6721773c5fc86555907d1703,0,2024-10-29T03:00:00Z,2024-10-29T03:10:00Z,W1hZkqBeWCUTVBX6rx9OeHmaWx63
6721773c5fc86555907d1704,0,2024-10-29T03:10:00Z,2024-10-29T03:20:00Z,W1hZkqBeWCUTVBX6rx9OeHmaWx63
6721773c5fc86555907d1705,0,2024-10-29T03:20:00Z,2024-10-29T03:30:00Z,W1hZkqBeWCUTVBX6rx9OeHmaWx63
6721773c5fc86555907d1706,0,2024-10-29T03:30:00Z,2024-10-29T03:40:00Z,W1hZkqBeWCUTVBX6rx9OeHmaWx63
6721773c5fc86555907d1707,0,2024-10-29T03:40:00Z,2024-10-29T03:50:00Z,W1hZkqBeWCUTVBX6rx9OeHmaWx63
6721773c5fc86555907d1708,0,2024-10-29T03:50:00Z,2024-10-29T04:00:00Z,W1hZkqBeWCUTVBX6rx9OeHmaWx63
6721773c5fc86555907d1714,0,2024-10-29T04:00:00Z,2024-10-29T04:10:00Z,W1hZkqBeWCUTVBX6rx9OeHmaWx63
6721773c5fc86555907d1715,0,2024-10-29T04:10:00Z,2024-10-29T04:20:00Z,W1hZkqBeWCUTVBX6rx9OeHmaWx63
6721773c5fc86555907d1716,0,2024-10-29T04:20:00Z,2024-10-29T04:30:00Z,W1hZkqBeWCUTVBX6rx9OeHmaWx63
6721773c5fc86555907d1717,0,2024-10-29T04:30:00Z,2024-10-29T04:40:00Z,W1hZkqBeWCUTVBX6rx9OeHmaWx63
6721773c5fc86555907d1718,0,2024-10-29T04:40:00Z,2024-10-29T04:50:00Z,W1hZkqBeWCUTVBX6rx9OeHmaWx63
6721773c5fc86555907d1719,0,2024-10-29T04:50:00Z,2024-10-29T05:00:00Z,W1hZkqBeWCUTVBX6rx9OeHmaWx63
6721773c5fc86555907d1725,0,2024-10-29T05:00:00Z,2024-10-29T05:10:00Z,W1hZkqBeWCUTVBX6rx9OeHmaWx63
6721773c5fc86555907d1726,0,2024-10-29T05:10:00Z,2024-10-29T05:20:00Z,W1hZkqBeWCUTVBX6rx9OeHmaWx63
6721773c5fc86555907d1727,0,2024-10-29T05:20:00Z,2024-10-29T05:30:00Z,W1hZkqBeWCUTVBX6rx9OeHmaWx63
6721773c5fc86555907d1728,0,2024-10-29T05:30:00Z,2024-10-29T05:40:00Z,W1hZkqBeWCUTVBX6rx9OeHmaWx63
6721773c5fc86555907d1729,0,2024-10-29T05:40:00Z,2024-10-29T05:50:00Z,W1hZkqBeWCUTVBX6rx9OeHmaWx63
6721773c5fc86555907d172a,0,2024-10-29T05:50:00Z,2024-10-29T06:00:00Z,W1hZkqBeWCUTVBX6rx9OeHmaWx63
6721773c5fc86555907d1736,0,2024-10-29T06:00:00Z,2024-10-29T06:10:00Z,W1hZkqBeWCUTVBX6rx9OeHmaWx63
6721773c5fc86555907d1737,0,2024-10-29T06:10:00Z,2024-10-29T06:20:00Z,W1hZkqBeWCUTVBX6rx9OeHmaWx63
6721773c5fc86555907d1738,0,2024-10-29T06:20:00Z,2024-10-29T06:30:00Z,W1hZkqBeWCUTVBX6rx9OeHmaWx63
6721773c5fc86555907d1739,0,2024-10-29T06:30:00Z,2024-10-29T06:40:00Z,W1hZkqBeWCUTVBX6rx9OeHmaWx63
6721773c5fc86555907d173a,0,2024-10-29T06:40:00Z,2024-10-29T06:50:00Z,W1hZkqBeWCUTVBX6rx9OeHmaWx63
6721773c5fc86555907d173b,0,2024-10-29T06:50:00Z,2024-10-29T07:00:00Z,W1hZkqBeWCUTVBX6rx9OeHmaWx63
6721773c5fc86555907d1747,0,2024-10-29T07:00:00Z,2024-10-29T07:10:00Z,W1hZkqBeWCUTVBX6rx9OeHmaWx63
6721773c5fc86555907d1748,0,2024-10-29T07:10:00Z,2024-10-29T07:20:00Z,W1hZkqBeWCUTVBX6rx9OeHmaWx63
6721773c5fc86555907d1749,0,2024-10-29T07:20:00Z,2024-10-29T07:30:00Z,W1hZkqBeWCUTVBX6rx9OeHmaWx63
6721773c5fc86555907d174a,0,2024-10-29T07:30:00Z,2024-10-29T07:40:00Z,W1hZkqBeWCUTVBX6rx9OeHmaWx63
6721773c5fc86555907d174b,0,2024-10-29T07:40:00Z,2024-10-29T07:50:00Z,W1hZkqBeWCUTVBX6rx9OeHmaWx63
6721773c5fc86555907d174c,0,2024-10-29T07:50:00Z,2024-10-29T08:00:00Z,W1hZkqBeWCUTVBX6rx9OeHmaWx63
6721773d5fc86555907d1758,0,2024-10-29T08:00:00Z,2024-10-29T08:10:00Z,W1hZkqBeWCUTVBX6rx9OeHmaWx63
6721773d5fc86555907d1759,0,2024-10-29T08:10:00Z,2024-10-29T08:20:00Z,W1hZkqBeWCUTVBX6rx9OeHmaWx63
6721773d5fc86555907d175a,0,2024-10-29T08:20:00Z,2024-10-29T08:30:00Z,W1hZkqBeWCUTVBX6rx9OeHmaWx63
6721773d5fc86555907d175b,0,2024-10-29T08:30:00Z,2024-10-29T08:40:00Z,W1hZkqBeWCUTVBX6rx9OeHmaWx63
6721773d5fc86555907d175c,0,2024-10-29T08:40:00Z,2024-10-29T08:50:00Z,W1hZkqBeWCUTVBX6rx9OeHmaWx63
6721773d5fc86555907d175d,0,2024-10-29T08:50:00Z,2024-10-29T09:00:00Z,W1hZkqBeWCUTVBX6rx9OeHmaWx63
6721773d5fc86555907d1769,0,2024-10-29T09:00:00Z,2024-10-29T09:10:00Z,W1hZkqBeWCUTVBX6rx9OeHmaWx63
6721773d5fc86555907d176a,0,2024-10-29T09:10:00Z,2024-10-29T09:20:00Z,W1hZkqBeWCUTVBX6rx9OeHmaWx63
6721773d5fc86555907d176b,0,2024-10-29T09:20:00Z,2024-10-29T09:30:00Z,W1hZkqBeWCUTVBX6rx9OeHmaWx63
6721773d5fc86555907d176c,0,2024-10-29T09:30:00Z,2024-10-29T09:40:00Z,W1hZkqBeWCUTVBX6rx9OeHmaWx63
6721773d5fc86555907d176d,0,2024-10-29T09:40:00Z,2024-10-29T09:50:00Z,W1hZkqBeWCUTVBX6rx9OeHmaWx63
6721773d5fc86555907d176e,0,2024-10-29T09:50:00Z,2024-10-29T10:00:00Z,W1hZkqBeWCUTVBX6rx9OeHmaWx63
6721773d5fc86555907d177a,0,2024-10-29T10:00:00Z,2024-10-29T10:10:00Z,W1hZkqBeWCUTVBX6rx9OeHmaWx63
6721773d5fc86555907d177b,0,2024-10-29T10:10:00Z,2024-10-29T10:20:00Z,W1hZkqBeWCUTVBX6rx9OeHmaWx63
6721773d5fc86555907d177c,0,2024-10-29T10:20:00Z,2024-10-29T10:30:00Z,W1hZkqBeWCUTVBX6rx9OeHmaWx63
6721773d5fc86555907d177d,0,2024-10-29T10:30:00Z,2024-10-29T10:40:00Z,W1hZkqBeWCUTVBX6rx9OeHmaWx63
6721773d5fc86555907d177e,0,2024-10-29T10:40:00Z,2024-10-29T10:50:00Z,W1hZkqBeWCUTVBX6rx9OeHmaWx63
6721773d5fc86555907d177f,0,2024-10-29T10:50:00Z,2024-10-29T11:00:00Z,W1hZkqBeWCUTVBX6rx9OeHmaWx63
6721773d5fc86555907d178d,0,2024-10-29T11:00:00Z,2024-10-29T11:10:00Z,W1hZkqBeWCUTVBX6rx9OeHmaWx63
6721773d5fc86555907d178e,0,2024-10-29T11:10:00Z,2024-10-29T11:20:00Z,W1hZkqBeWCUTVBX6rx9OeHmaWx63
6721773d5fc86555907d178f,0,2024-10-29T11:20:00Z,2024-10-29T11:30:00Z,W1hZkqBeWCUTVBX6rx9OeHmaWx63
6721773d5fc86555907d1790,0,2024-10-29T11:30:00Z,2024-10-29T11:40:00Z,W1hZkqBeWCUTVBX6rx9OeHmaWx63
6721773d5fc86555907d1791,0,2024-10-29T11:40:00Z,2024-10-29T11:50:00Z,W1hZkqBeWCUTVBX6rx9OeHmaWx63
6721773d5fc86555907d1792,0,2024-10-29T11:50:00Z,2024-10-29T12:00:00Z,W1hZkqBeWCUTVBX6rx9OeHmaWx63
6721773d5fc86555907d17b3,0,2024-10-29T12:00:00Z,2024-10-29T12:10:00Z,W1hZkqBeWCUTVBX6rx9OeHmaWx63
6721773d5fc86555907d17b4,0,2024-10-29T12:10:00Z,2024-10-29T12:20:00Z,W1hZkqBeWCUTVBX6rx9OeHmaWx63
6721773d5fc86555907d17b5,0,2024-10-29T12:20:00Z,2024-10-29T12:30:00Z,W1hZkqBeWCUTVBX6rx9OeHmaWx63
6721773d5fc86555907d17b6,0,2024-10-29T12:30:00Z,2024-10-29T12:40:00Z,W1hZkqBeWCUTVBX6rx9OeHmaWx63
6721773d5fc86555907d17b7,0,2024-10-29T12:40:00Z,2024-10-29T12:50:00Z,W1hZkqBeWCUTVBX6rx9OeHmaWx63
6721773d5fc86555907d17b8,0,2024-10-29T12:50:00Z,2024-10-29T13:00:00Z,W1hZkqBeWCUTVBX6rx9OeHmaWx63
6721773d5fc86555907d17c4,0,2024-10-29T13:00:00Z,2024-10-29T13:10:00Z,W1hZkqBeWCUTVBX6rx9OeHmaWx63
6721773d5fc86555907d17c5,0,2024-10-29T13:10:00Z,2024-10-29T13:20:00Z,W1hZkqBeWCUTVBX6rx9OeHmaWx63
6721773d5fc86555907d17c6,0,2024-10-29T13:20:00Z,2024-10-29T13:30:00Z,W1hZkqBeWCUTVBX6rx9OeHmaWx63
6721773d5fc86555907d17c7,0,2024-10-29T13:30:00Z,2024-10-29T13:40:00Z,W1hZkqBeWCUTVBX6rx9OeHmaWx63
6721773d5fc86555907d17c8,0,2024-10-29T13:40:00Z,2024-10-29T13:50:00Z,W1hZkqBeWCUTVBX6rx9OeHmaWx63
6721773d5fc86555907d17c9,0,2024-10-29T13:50:00Z,2024-10-29T14:00:00Z,W1hZkqBeWCUTVBX6rx9OeHmaWx63
6721773d5fc86555907d17d5,0,2024-10-29T14:00:00Z,2024-10-29T14:10:00Z,W1hZkqBeWCUTVBX6rx9OeHmaWx63
6721773d5fc86555907d17d6,0,2024-10-29T14:10:00Z,2024-10-29T14:20:00Z,W1hZkqBeWCUTVBX6rx9OeHmaWx63
6721773d5fc86555907d17d7,0,2024-10-29T14:20:00Z,2024-10-29T14:30:00Z,W1hZkqBeWCUTVBX6rx9OeHmaWx63
6721773d5fc86555907d17d8,0,2024-10-29T14:30:00Z,2024-10-29T14:40:00Z,W1hZkqBeWCUTVBX6rx9OeHmaWx63
6721773d5fc86555907d17d9,0,2024-10-29T14:40:00Z,2024-10-29T14:50:00Z,W1hZkqBeWCUTVBX6rx9OeHmaWx63
6721773d5fc86555907d17da,0,2024-10-29T14:50:00Z,2024-10-29T15:00:00Z,W1hZkqBeWCUTVBX6rx9OeHmaWx63
6721773d5fc86555907d17e6,0,2024-10-29T15:00:00Z,2024-10-29T15:10:00Z,W1hZkqBeWCUTVBX6rx9OeHmaWx63
6721773d5fc86555907d17e7,0,2024-10-29T15:10:00Z,2024-10-29T15:20:00Z,W1hZkqBeWCUTVBX6rx9OeHmaWx63
6721773d5fc86555907d17e8,0,2024-10-29T15:20:00Z,2024-10-29T15:30:00Z,W1hZkqBeWCUTVBX6rx9OeHmaWx63
6721773d5fc86555907d17e9,0,2024-10-29T15:30:00Z,2024-10-29T15:40:00Z,W1hZkqBeWCUTVBX6rx9OeHmaWx63
6721773d5fc86555907d17ea,0,2024-10-29T15:40:00Z,2024-10-29T15:50:00Z,W1hZkqBeWCUTVBX6rx9OeHmaWx63
6721773d5fc86555907d17eb,0,2024-10-29T15:50:00Z,2024-10-29T16:00:00Z,W1hZkqBeWCUTVBX6rx9OeHmaWx63
6721773d5fc86555907d17f7,0,2024-10-29T16:00:00Z,2024-10-29T16:10:00Z,W1hZkqBeWCUTVBX6rx9OeHmaWx63
6721773d5fc86555907d17f8,0,2024-10-29T16:10:00Z,2024-10-29T16:20:00Z,W1hZkqBeWCUTVBX6rx9OeHmaWx63
6721773d5fc86555907d17f9,0,2024-10-29T16:20:00Z,2024-10-29T16:30:00Z,W1hZkqBeWCUTVBX6rx9OeHmaWx63
6721773d5fc86555907d17fa,0,2024-10-29T16:30:00Z,2024-10-29T16:40:00Z,W1hZkqBeWCUTVBX6rx9OeHmaWx63
6721773d5fc86555907d17fb,0,2024-10-29T16:40:00Z,2024-10-29T16:50:00Z,W1hZkqBeWCUTVBX6rx9OeHmaWx63
6721773d5fc86555907d17fc,0,2024-10-29T16:50:00Z,2024-10-29T17:00:00Z,W1hZkqBeWCUTVBX6rx9OeHmaWx63
6721773d5fc86555907d1808,0,2024-10-29T17:00:00Z,2024-10-29T17:10:00Z,W1hZkqBeWCUTVBX6rx9OeHmaWx63
6721773d5fc86555907d1809,0,2024-10-29T17:10:00Z,2024-10-29T17:20:00Z,W1hZkqBeWCUTVBX6rx9OeHmaWx63
6721773d5fc86555907d180a,0,2024-10-29T17:20:00Z,2024-10-29T17:30:00Z,W1hZkqBeWCUTVBX6rx9OeHmaWx63
6721773d5fc86555907d180b,0,2024-10-29T17:30:00Z,2024-10-29T17:40:00Z,W1hZkqBeWCUTVBX6rx9OeHmaWx63
6721773d5fc86555907d180c,0,2024-10-29T17:40:00Z,2024-10-29T17:50:00Z,W1hZkqBeWCUTVBX6rx9OeHmaWx63
6721773d5fc86555907d180d,0,2024-10-29T17:50:00Z,2024-10-29T18:00:00Z,W1hZkqBeWCUTVBX6rx9OeHmaWx63
6721773d5fc86555907d1819,0,2024-10-29T18:00:00Z,2024-10-29T18:10:00Z,W1hZkqBeWCUTVBX6rx9OeHmaWx63
6721773d5fc86555907d181a,0,2024-10-29T18:10:00Z,2024-10-29T18:20:00Z,W1hZkqBeWCUTVBX6rx9OeHmaWx63
6721773d5fc86555907d181b,0,2024-10-29T18:20:00Z,2024-10-29T18:30:00Z,W1hZkqBeWCUTVBX6rx9OeHmaWx63
6721773d5fc86555907d181c,0,2024-10-29T18:30:00Z,2024-10-29T18:40:00Z,W1hZkqBeWCUTVBX6rx9OeHmaWx63
6721773d5fc86555907d181d,0,2024-10-29T18:40:00Z,2024-10-29T18:50:00Z,W1hZkqBeWCUTVBX6rx9OeHmaWx63
6721773d5fc86555907d181e,0,2024-10-29T18:50:00Z,2024-10-29T19:00:00Z,W1hZkqBeWCUTVBX6rx9OeHmaWx63
6721773d5fc86555907d182a,0,2024-10-29T19:00:00Z,2024-10-29T19:10:00Z,W1hZkqBeWCUTVBX6rx9OeHmaWx63
6721773d5fc86555907d182b,0,2024-10-29T19:10:00Z,2024-10-29T19:20:00Z,W1hZkqBeWCUTVBX6rx9OeHmaWx63
6721773d5fc86555907d182c,0,2024-10-29T19:20:00Z,2024-10-29T19:30:00Z,W1hZkqBeWCUTVBX6rx9OeHmaWx63
6721773d5fc86555907d182d,0,2024-10-29T19:30:00Z,2024-10-29T19:40:00Z,W1hZkqBeWCUTVBX6rx9OeHmaWx63
6721773d5fc86555907d182e,0,2024-10-29T19:40:00Z,2024-10-29T19:50:00Z,W1hZkqBeWCUTVBX6rx9OeHmaWx63
6721773d5fc86555907d182f,0,2024-10-29T19:50:00Z,2024-10-29T20:00:00Z,W1hZkqBeWCUTVBX6rx9OeHmaWx63
6721773e5fc86555907d183b,0,2024-10-29T20:00:00Z,2024-10-29T20:10:00Z,W1hZkqBeWCUTVBX6rx9OeHmaWx63
6721773e5fc86555907d183c,0,2024-10-29T20:10:00Z,2024-10-29T20:20:00Z,W1hZkqBeWCUTVBX6rx9OeHmaWx63
6721773e5fc86555907d183d,0,2024-10-29T20:20:00Z,2024-10-29T20:30:00Z,W1hZkqBeWCUTVBX6rx9OeHmaWx63
6721773e5fc86555907d183e,0,2024-10-29T20:30:00Z,2024-10-29T20:40:00Z,W1hZkqBeWCUTVBX6rx9OeHmaWx63
6721773e5fc86555907d183f,0,2024-10-29T20:40:00Z,2024-10-29T20:50:00Z,W1hZkqBeWCUTVBX6rx9OeHmaWx63
6721773e5fc86555907d1840,0,2024-10-29T20:50:00Z,2024-10-29T21:00:00Z,W1hZkqBeWCUTVBX6rx9OeHmaWx63
6721773e5fc86555907d184c,0,2024-10-29T21:00:00Z,2024-10-29T21:10:00Z,W1hZkqBeWCUTVBX6rx9OeHmaWx63
6721773e5fc86555907d184d,0,2024-10-29T21:10:00Z,2024-10-29T21:20:00Z,W1hZkqBeWCUTVBX6rx9OeHmaWx63
6721773e5fc86555907d184e,0,2024-10-29T21:20:00Z,2024-10-29T21:30:00Z,W1hZkqBeWCUTVBX6rx9OeHmaWx63
6721773e5fc86555907d184f,0,2024-10-29T21:30:00Z,2024-10-29T21:40:00Z,W1hZkqBeWCUTVBX6rx9OeHmaWx63
6721773e5fc86555907d1850,0,2024-10-29T21:40:00Z,2024-10-29T21:50:00Z,W1hZkqBeWCUTVBX6rx9OeHmaWx63
6721773e5fc86555907d1851,0,2024-10-29T21:50:00Z,2024-10-29T22:00:00Z,W1hZkqBeWCUTVBX6rx9OeHmaWx63
6721773e5fc86555907d185d,0,2024-10-29T22:00:00Z,2024-10-29T22:10:00Z,W1hZkqBeWCUTVBX6rx9OeHmaWx63
6721773e5fc86555907d185e,0,2024-10-29T22:10:00Z,2024-10-29T22:20:00Z,W1hZkqBeWCUTVBX6rx9OeHmaWx63
6721773e5fc86555907d185f,0,2024-10-29T22:20:00Z,2024-10-29T22:30:00Z,W1hZkqBeWCUTVBX6rx9OeHmaWx63
6721773e5fc86555907d1860,0,2024-10-29T22:30:00Z,2024-10-29T22:40:00Z,W1hZkqBeWCUTVBX6rx9OeHmaWx63
6721773e5fc86555907d1861,0,2024-10-29T22:40:00Z,2024-10-29T22:50:00Z,W1hZkqBeWCUTVBX6rx9OeHmaWx63
6721773e5fc86555907d1862,0,2024-10-29T22:50:00Z,2024-10-29T23:00:00Z,W1hZkqBeWCUTVBX6rx9OeHmaWx63
6721773e5fc86555907d186e,0,2024-10-29T23:00:00Z,2024-10-29T23:10:00Z,W1hZkqBeWCUTVBX6rx9OeHmaWx63
6721773e5fc86555907d186f,0,2024-10-29T23:10:00Z,2024-10-29T23:20:00Z,W1hZkqBeWCUTVBX6rx9OeHmaWx63
6721773e5fc86555907d1870,0,2024-10-29T23:20:00Z,2024-10-29T23:30:00Z,W1hZkqBeWCUTVBX6rx9OeHmaWx63
6721773e5fc86555907d1871,0,2024-10-29T23:30:00Z,2024-10-29T23:40:00Z,W1hZkqBeWCUTVBX6rx9OeHmaWx63
6721773e5fc86555907d1872,0,2024-10-29T23:40:00Z,2024-10-29T23:50:00Z,W1hZkqBeWCUTVBX6rx9OeHmaWx63
6721773e5fc86555907d1873,0,2024-10-29T23:50:00Z,2024-10-30T00:00:00Z,W1hZkqBeWCUTVBX6rx9OeHmaWx63
672185c45fc86555907d9dc6,0,2024-10-30T00:00:00Z,2024-10-30T00:10:00Z,W1hZkqBeWCUTVBX6rx9OeHmaWx63
672185c45fc86555907d9dc7,0,2024-10-30T00:10:00Z,2024-10-30T00:20:00Z,W1hZkqBeWCUTVBX6rx9OeHmaWx63
672185c45fc86555907d9dc8,0,2024-10-30T00:20:00Z,2024-10-30T00:30:00Z,W1hZkqBeWCUTVBX6rx9OeHmaWx63
672185c45fc86555907d9dc9,0,2024-10-30T00:30:00Z,2024-10-30T00:40:00Z,W1hZkqBeWCUTVBX6rx9OeHmaWx63
672185c45fc86555907d9dca,0,2024-10-30T00:40:00Z,2024-10-30T00:50:00Z,W1hZkqBeWCUTVBX6rx9OeHmaWx63
672185c45fc86555907d9dcb,0,2024-10-30T00:50:00Z,2024-10-30T01:00:00Z,W1hZkqBeWCUTVBX6rx9OeHmaWx63
672185c45fc86555907d9dcc,0,2024-10-30T01:00:00Z,2024-10-30T01:10:00Z,W1hZkqBeWCUTVBX6rx9OeHmaWx63
6721940e5fc86555907dfaba,0,2024-10-30T01:00:00Z,2024-10-30T01:10:00Z,W1hZkqBeWCUTVBX6rx9OeHmaWx63
6721940e5fc86555907dfabb,0,2024-10-30T01:10:00Z,2024-10-30T01:20:00Z,W1hZkqBeWCUTVBX6rx9OeHmaWx63
6721940e5fc86555907dfabc,0,2024-10-30T01:20:00Z,2024-10-30T01:30:00Z,W1hZkqBeWCUTVBX6rx9OeHmaWx63
6721940e5fc86555907dfabd,10,2024-10-30T01:30:00Z,2024-10-30T01:40:00Z,W1hZkqBeWCUTVBX6rx9OeHmaWx63
6721940e5fc86555907dfabe,0,2024-10-30T01:40:00Z,2024-10-30T01:50:00Z,W1hZkqBeWCUTVBX6rx9OeHmaWx63
6721940e5fc86555907dfabf,0,2024-10-30T01:50:00Z,2024-10-30T02:00:00Z,W1hZkqBeWCUTVBX6rx9OeHmaWx63
6721940e5fc86555907dfac0,0,2024-10-30T02:00:00Z,2024-10-30T02:10:00Z,W1hZkqBeWCUTVBX6rx9OeHmaWx63
