_id,type,time,X,Y,Z,uid,timestamp,x,y,z,test
67732e569b85a0767f6f2214,Gravity,2024-10-30T01:41:56.435Z,-6.5335364,-7.2307744,-1.0950743,W1hZkqBeWCUTVBX6rx9OeHmaWx63,,,,,
67732e569b85a0767f6f2215,Gravity,2024-10-30T01:41:56.441Z,-6.2898483,-7.4750314,-0.8556372,W1hZkqBeWCUTVBX6rx9OeHmaWx63,,,,,
67732e569b85a0767f6f2216,Gravity,2024-10-30T01:41:56.460Z,-6.049251,-7.695514,-0.5966823,W1hZkqBeWCUTVBX6rx9OeHmaWx63,,,,,
67732e569b85a0767f6f2217,Gravity,2024-10-30T01:41:56.480Z,-5.808424,-7.8951144,-0.3158663,W1hZkqBeWCUTVBX6rx9OeHmaWx63,,,,,
67732e569b85a0767f6f2218,Gravity,2024-10-30T01:41:56.500Z,-5.5473275,-8.086417,0.08627777,W1hZkqBeWCUTVBX6rx9OeHmaWx63,,,,,
67732e569b85a0767f6f2219,Gravity,2024-10-30T01:41:56.524Z,-5.2376423,-8.26481,0.65608436,W1hZkqBeWCUTVBX6rx9OeHmaWx63,,,,,
67732e569b85a0767f6f221a,Gravity,2024-10-30T01:41:56.540Z,-4.865085,-8.408572,1.3406126,W1hZkqBeWCUTVBX6rx9OeHmaWx63,,,,,
67732e569b85a0767f6f221b,Gravity,2024-10-30T01:41:56.560Z,-4.4217367,-8.491462,2.1245518,W1hZkqBeWCUTVBX6rx9OeHmaWx63,,,,,
67732e569b85a0767f6f221c,Gravity,2024-10-30T01:41:56.580Z,-3.9464846,-8.48802,2.9238973,W1hZkqBeWCUTVBX6rx9OeHmaWx63,,,,,
67732e569b85a0767f6f221d,Gravity,2024-10-30T01:41:56.600Z,-3.513071,-8.464618,3.4898424,W1hZkqBeWCUTVBX6rx9OeHmaWx63,,,,,
67732e569b85a0767f6f221e,Gravity,2024-10-30T01:41:56.620Z,-3.1430104,-8.564707,3.5969012,W1hZkqBeWCUTVBX6rx9OeHmaWx63,,,,,
67732e569b85a0767f6f221f,Gravity,2024-10-30T01:41:56.645Z,-2.8163352,-8.816177,3.2424774,W1hZkqBeWCUTVBX6rx9OeHmaWx63,,,,,
67732e569b85a0767f6f2220,Gravity,2024-10-30T01:41:56.666Z,-2.5137532,-9.086667,2.6988757,W1hZkqBeWCUTVBX6rx9OeHmaWx63,,,,,
67732e569b85a0767f6f2221,Gravity,2024-10-30T01:41:56.680Z,-2.2213407,-9.2615,2.3367994,W1hZkqBeWCUTVBX6rx9OeHmaWx63,,,,,
67732e569b85a0767f6f2222,Gravity,2024-10-30T01:41:56.712Z,-1.9611174,-9.324562,2.3188236,W1hZkqBeWCUTVBX6rx9OeHmaWx63,,,,,
67732e569b85a0767f6f2223,Gravity,2024-10-30T01:41:56.726Z,-1.7426442,-9.317326,2.5141678,W1hZkqBeWCUTVBX6rx9OeHmaWx63,,,,,
67732e569b85a0767f6f2224,Gravity,2024-10-30T01:41:56.740Z,-1.5744745,-9.305717,2.6636546,W1hZkqBeWCUTVBX6rx9OeHmaWx63,,,,,
67732e569b85a0767f6f2225,Gravity,2024-10-30T01:41:56.760Z,-1.4940045,-9.341591,2.5832162,W1hZkqBeWCUTVBX6rx9OeHmaWx63,,,,,
67732e569b85a0767f6f2226,Gravity,2024-10-30T01:41:56.781Z,-1.5000079,-9.407229,2.3290381,W1hZkqBeWCUTVBX6rx9OeHmaWx63,,,,,
67732e569b85a0767f6f2227,Gravity,2024-10-30T01:41:56.800Z,-1.5982549,-9.460125,2.0302773,W1hZkqBeWCUTVBX6rx9OeHmaWx63,,,,,
67732e569b85a0767f6f2228,Gravity,2024-10-30T01:41:56.821Z,-1.7874556,-9.490812,1.7029005,W1hZkqBeWCUTVBX6rx9OeHmaWx63,,,,,
67732e569b85a0767f6f2229,Gravity,2024-10-30T01:41:56.840Z,-2.043108,-9.487188,1.4104555,W1hZkqBeWCUTVBX6rx9OeHmaWx63,,,,,
67732e569b85a0767f6f222a,Gravity,2024-10-30T01:41:56.860Z,-2.3707023,-9.441587,1.1859955,W1hZkqBeWCUTVBX6rx9OeHmaWx63,,,,,
67732e569b85a0767f6f222b,Gravity,2024-10-30T01:41:56.880Z,-2.7214854,-9.367342,1.0083915,W1hZkqBeWCUTVBX6rx9OeHmaWx63,,,,,
67732e569b85a0767f6f222c,Gravity,2024-10-30T01:41:56.900Z,-3.06939,-9.284316,0.7420944,W1hZkqBeWCUTVBX6rx9OeHmaWx63,,,,,
67732e569b85a0767f6f222d,Gravity,2024-10-30T01:41:56.920Z,-3.4373384,-9.181817,0.22211072,W1hZkqBeWCUTVBX6rx9OeHmaWx63,,,,,
67732e569b85a0767f6f222e,Gravity,2024-10-30T01:41:56.940Z,-3.8243778,-9.013825,-0.5435925,W1hZkqBeWCUTVBX6rx9OeHmaWx63,,,,,
67732e569b85a0767f6f222f,Gravity,2024-10-30T01:41:56.960Z,-4.2162085,-8.744813,-1.3864561,W1hZkqBeWCUTVBX6rx9OeHmaWx63,,,,,
67732e569b85a0767f6f2230,Gravity,2024-10-30T01:41:56.979Z,-4.6110444,-8.392397,-2.115729,W1hZkqBeWCUTVBX6rx9OeHmaWx63,,,,,
67732e569b85a0767f6f2231,Gravity,2024-10-30T01:41:57.000Z,-4.970337,-8.034305,-2.6298459,W1hZkqBeWCUTVBX6rx9OeHmaWx63,,,,,
67732e569b85a0767f6f2232,Gravity,2024-10-30T01:41:57.020Z,-5.2549915,-7.7404075,-2.9396505,W1hZkqBeWCUTVBX6rx9OeHmaWx63,,,,,
67732e569b85a0767f6f2233,Gravity,2024-10-30T01:41:57.040Z,-5.4739943,-7.535668,-3.0691183,W1hZkqBeWCUTVBX6rx9OeHmaWx63,,,,,
67732e569b85a0767f6f2234,Gravity,2024-10-30T01:41:57.060Z,-5.6042275,-7.430703,-3.0899277,W1hZkqBeWCUTVBX6rx9OeHmaWx63,,,,,
67732e569b85a0767f6f2235,Gravity,2024-10-30T01:41:57.080Z,-5.6170754,-7.4225116,-3.0862978,W1hZkqBeWCUTVBX6rx9OeHmaWx63,,,,,
67732e569b85a0767f6f2236,Gravity,2024-10-30T01:41:57.099Z,-5.445142,-7.5431175,-3.1019619,W1hZkqBeWCUTVBX6rx9OeHmaWx63,,,,,
67732e569b85a0767f6f2237,Gravity,2024-10-30T01:41:57.127Z,-5.046322,-7.824473,-3.0793982,W1hZkqBeWCUTVBX6rx9OeHmaWx63,,,,,
67732e569b85a0767f6f2238,Gravity,2024-10-30T01:41:57.139Z,-4.444609,-8.243847,-2.9077153,W1hZkqBeWCUTVBX6rx9OeHmaWx63,,,,,
67732e569b85a0767f6f2239,Gravity,2024-10-30T01:41:57.161Z,-3.706444,-8.715875,-2.5428743,W1hZkqBeWCUTVBX6rx9OeHmaWx63,,,,,
67732e569b85a0767f6f223a,Gravity,2024-10-30T01:41:57.179Z,-2.991696,-9.118559,-2.0179262,W1hZkqBeWCUTVBX6rx9OeHmaWx63,,,,,
67732e569b85a0767f6f223b,Gravity,2024-10-30T01:41:57.200Z,-2.3327978,-9.403071,-1.5200907,W1hZkqBeWCUTVBX6rx9OeHmaWx63,,,,,
67732e569b85a0767f6f223c,Gravity,2024-10-30T01:41:57.244Z,-1.6810713,-9.595293,-1.1290392,W1hZkqBeWCUTVBX6rx9OeHmaWx63,,,,,
67732e569b85a0767f6f223d,Gravity,2024-10-30T01:41:57.244Z,-0.9195716,-9.755306,-0.39847502,W1hZkqBeWCUTVBX6rx9OeHmaWx63,,,,,
67732e569b85a0767f6f223e,Gravity,2024-10-30T01:41:57.265Z,-0.7382145,-9.776428,-0.21656069,W1hZkqBeWCUTVBX6rx9OeHmaWx63,,,,,
67732e569b85a0767f6f223f,Gravity,2024-10-30T01:41:57.279Z,-0.45412222,-9.796061,-0.03715981,W1hZkqBeWCUTVBX6rx9OeHmaWx63,,,,,
67732e569b85a0767f6f2240,Gravity,2024-10-30T01:41:57.299Z,-0.40379724,-9.798122,-0.064396195,W1hZkqBeWCUTVBX6rx9OeHmaWx63,,,,,
67732e569b85a0767f6f2241,Gravity,2024-10-30T01:41:57.332Z,-0.56587684,-9.787632,-0.22897418,W1hZkqBeWCUTVBX6rx9OeHmaWx63,,,,,
67732e569b85a0767f6f2242,Gravity,2024-10-30T01:41:57.340Z,-0.792431,-9.758535,-0.55981827,W1hZkqBeWCUTVBX6rx9OeHmaWx63,,,,,
67732e569b85a0767f6f2243,Gravity,2024-10-30T01:41:57.365Z,-1.0025226,-9.719053,-0.839844,W1hZkqBeWCUTVBX6rx9OeHmaWx63,,,,,
67732e569b85a0767f6f2244,Gravity,2024-10-30T01:41:57.379Z,-1.232335,-9.6691,-1.0771623,W1hZkqBeWCUTVBX6rx9OeHmaWx63,,,,,
67732e569b85a0767f6f2245,Gravity,2024-10-30T01:41:57.400Z,-1.3267075,-9.659477,-1.0510826,W1hZkqBeWCUTVBX6rx9OeHmaWx63,,,,,
67732e569b85a0767f6f2246,Gravity,2024-10-30T01:41:57.420Z,-1.5570153,-9.632249,-0.9827859,W1hZkqBeWCUTVBX6rx9OeHmaWx63,,,,,
67732e569b85a0767f6f2247,Gravity,2024-10-30T01:41:57.439Z,-1.7975177,-9.603695,-0.84166944,W1hZkqBeWCUTVBX6rx9OeHmaWx63,,,,,
67732e569b85a0767f6f2248,Gravity,2024-10-30T01:41:57.464Z,-2.0545995,-9.565142,-0.6760586,W1hZkqBeWCUTVBX6rx9OeHmaWx63,,,,,
67732e569b85a0767f6f2249,Gravity,2024-10-30T01:41:57.479Z,-2.3064544,-9.521572,-0.43629825,W1hZkqBeWCUTVBX6rx9OeHmaWx63,,,,,
67732e569b85a0767f6f224a,Gravity,2024-10-30T01:41:57.501Z,-2.495991,-9.483689,0.00814882,W1hZkqBeWCUTVBX6rx9OeHmaWx63,,,,,
67732e569b85a0767f6f224b,Gravity,2024-10-30T01:41:57.521Z,-2.620706,-9.424802,0.68951195,W1hZkqBeWCUTVBX6rx9OeHmaWx63,,,,,
67732e569b85a0767f6f224c,Gravity,2024-10-30T01:41:57.540Z,-2.7270126,-9.238633,1.8388627,W1hZkqBeWCUTVBX6rx9OeHmaWx63,,,,,
67732e569b85a0767f6f224d,Gravity,2024-10-30T01:41:57.562Z,-2.6229103,-9.045897,2.731759,W1hZkqBeWCUTVBX6rx9OeHmaWx63,,,,,
67732e569b85a0767f6f224e,Gravity,2024-10-30T01:41:57.592Z,-2.5600154,-8.735007,3.6491573,W1hZkqBeWCUTVBX6rx9OeHmaWx63,,,,,
67732e569b85a0767f6f224f,Gravity,2024-10-30T01:41:57.600Z,-2.4651387,-8.425161,4.3715124,W1hZkqBeWCUTVBX6rx9OeHmaWx63,,,,,
67732e569b85a0767f6f2250,Gravity,2024-10-30T01:41:57.621Z,-2.3188992,-8.258976,4.7520986,W1hZkqBeWCUTVBX6rx9OeHmaWx63,,,,,
67732e569b85a0767f6f2251,Gravity,2024-10-30T01:41:57.639Z,-2.1943521,-8.250051,4.8261657,W1hZkqBeWCUTVBX6rx9OeHmaWx63,,,,,
67732e569b85a0767f6f2252,Gravity,2024-10-30T01:41:57.669Z,-2.055973,-8.277284,4.84045,W1hZkqBeWCUTVBX6rx9OeHmaWx63,,,,,
67732e569b85a0767f6f2253,Gravity,2024-10-30T01:41:57.679Z,-1.9021827,-8.261996,4.928643,W1hZkqBeWCUTVBX6rx9OeHmaWx63,,,,,
67732e569b85a0767f6f2254,Gravity,2024-10-30T01:41:57.720Z,-1.6891339,-8.237224,5.0463214,W1hZkqBeWCUTVBX6rx9OeHmaWx63,,,,,
67732e569b85a0767f6f2255,Gravity,2024-10-30T01:41:57.879Z,-2.1054273,-8.235589,4.890055,W1hZkqBeWCUTVBX6rx9OeHmaWx63,,,,,
67732e569b85a0767f6f2256,Gravity,2024-10-30T01:41:58.038Z,-2.5185492,-7.525539,5.761388,W1hZkqBeWCUTVBX6rx9OeHmaWx63,,,,,
67732e569b85a0767f6f2257,Gravity,2024-10-30T01:41:58.198Z,-3.0852168,-6.37197,6.786004,W1hZkqBeWCUTVBX6rx9OeHmaWx63,,,,,
67732e569b85a0767f6f2258,Gravity,2024-10-30T01:41:58.358Z,-3.1917922,-3.45676,8.604282,W1hZkqBeWCUTVBX6rx9OeHmaWx63,,,,,
67732e569b85a0767f6f2259,Gravity,2024-10-30T01:41:58.519Z,-3.2829847,-3.3329995,8.61879,W1hZkqBeWCUTVBX6rx9OeHmaWx63,,,,,
67732e569b85a0767f6f225a,Gravity,2024-10-30T01:41:58.678Z,-2.644886,-3.442681,8.793345,W1hZkqBeWCUTVBX6rx9OeHmaWx63,,,,,
67732e569b85a0767f6f225b,Gravity,2024-10-30T01:41:58.838Z,0.43512425,-8.532907,4.813593,W1hZkqBeWCUTVBX6rx9OeHmaWx63,,,,,
67732e569b85a0767f6f225c,Gravity,2024-10-30T01:41:58.998Z,3.37294,-7.543347,5.2812557,W1hZkqBeWCUTVBX6rx9OeHmaWx63,,,,,
67732e569b85a0767f6f225d,Gravity,2024-10-30T01:41:59.158Z,4.587984,-4.2195234,7.570764,W1hZkqBeWCUTVBX6rx9OeHmaWx63,,,,,
67732e569b85a0767f6f225e,Gravity,2024-10-30T01:41:59.318Z,6.1568956,-3.8783362,6.574314,W1hZkqBeWCUTVBX6rx9OeHmaWx63,,,,,
67732e569b85a0767f6f225f,Gravity,2024-10-30T01:41:59.477Z,6.8801126,-0.93049717,6.925943,W1hZkqBeWCUTVBX6rx9OeHmaWx63,,,,,
67732e569b85a0767f6f2260,Gravity,2024-10-30T01:41:59.641Z,6.5736165,-0.36154842,7.2682385,W1hZkqBeWCUTVBX6rx9OeHmaWx63,,,,,
67732e569b85a0767f6f2261,Gravity,2024-10-30T01:41:59.797Z,5.7274613,-1.4584479,7.8255696,W1hZkqBeWCUTVBX6rx9OeHmaWx63,,,,,
67732e569b85a0767f6f2262,Gravity,2024-10-30T01:41:59.958Z,6.5971684,-4.580967,5.626955,W1hZkqBeWCUTVBX6rx9OeHmaWx63,,,,,
67732e569b85a0767f6f2263,Gravity,2024-10-30T01:42:00.118Z,5.3097186,-6.947152,4.440098,W1hZkqBeWCUTVBX6rx9OeHmaWx63,,,,,
67732e569b85a0767f6f2264,Gravity,2024-10-30T01:42:00.277Z,5.200011,-7.567464,3.4444075,W1hZkqBeWCUTVBX6rx9OeHmaWx63,,,,,
67732e569b85a0767f6f2265,Gravity,2024-10-30T01:42:00.437Z,4.687261,-7.6394463,3.9798195,W1hZkqBeWCUTVBX6rx9OeHmaWx63,,,,,
67732e569b85a0767f6f2266,Gravity,2024-10-30T01:42:00.597Z,2.4870427,-6.8931675,6.51685,W1hZkqBeWCUTVBX6rx9OeHmaWx63,,,,,
67732e569b85a0767f6f2267,Gravity,2024-10-30T01:42:00.756Z,-1.842643,-6.664218,6.954374,W1hZkqBeWCUTVBX6rx9OeHmaWx63,,,,,
67732e569b85a0767f6f2268,Gravity,2024-10-30T01:42:00.917Z,-3.1483598,-5.2386827,7.6690593,W1hZkqBeWCUTVBX6rx9OeHmaWx63,,,,,
67732e569b85a0767f6f2269,Gravity,2024-10-30T01:42:01.076Z,-3.3558347,-8.856037,2.5455005,W1hZkqBeWCUTVBX6rx9OeHmaWx63,,,,,
67732e569b85a0767f6f226a,Gravity,2024-10-30T01:42:01.236Z,-1.3033805,-9.465614,-2.2077496,W1hZkqBeWCUTVBX6rx9OeHmaWx63,,,,,
67732e569b85a0767f6f226b,Gravity,2024-10-30T01:42:01.396Z,0.6099907,-6.1462784,7.6171947,W1hZkqBeWCUTVBX6rx9OeHmaWx63,,,,,
67732e569b85a0767f6f226c,Gravity,2024-10-30T01:42:01.561Z,1.8268567,-6.138445,7.426477,W1hZkqBeWCUTVBX6rx9OeHmaWx63,,,,,
67732e569b85a0767f6f226d,Gravity,2024-10-30T01:42:01.716Z,2.0851846,-9.115872,2.9535618,W1hZkqBeWCUTVBX6rx9OeHmaWx63,,,,,
67732e569b85a0767f6f226e,Gravity,2024-10-30T01:42:01.878Z,1.6734238,-5.534392,7.920897,W1hZkqBeWCUTVBX6rx9OeHmaWx63,,,,,
67732e569b85a0767f6f226f,Gravity,2024-10-30T01:42:02.039Z,1.446331,-8.177134,5.2166266,W1hZkqBeWCUTVBX6rx9OeHmaWx63,,,,,
67732e569b85a0767f6f2270,Gravity,2024-10-30T01:42:02.200Z,1.6312938,-9.661554,0.404979,W1hZkqBeWCUTVBX6rx9OeHmaWx63,,,,,
67732e569b85a0767f6f2271,Gravity,2024-10-30T01:42:02.358Z,1.1280305,-8.978879,-3.7786603,W1hZkqBeWCUTVBX6rx9OeHmaWx63,,,,,
67732e569b85a0767f6f2272,Gravity,2024-10-30T01:42:02.519Z,1.9792476,-9.282699,-2.4667976,W1hZkqBeWCUTVBX6rx9OeHmaWx63,,,,,
67732e569b85a0767f6f2273,Gravity,2024-10-30T01:42:02.680Z,2.463903,-9.491047,0.14173962,W1hZkqBeWCUTVBX6rx9OeHmaWx63,,,,,
67732e569b85a0767f6f2274,Gravity,2024-10-30T01:42:02.837Z,2.8836832,-9.325412,0.94437,W1hZkqBeWCUTVBX6rx9OeHmaWx63,,,,,
67732e569b85a0767f6f2275,Gravity,2024-10-30T01:42:02.999Z,3.9083233,-8.428441,3.139597,W1hZkqBeWCUTVBX6rx9OeHmaWx63,,,,,
67732e569b85a0767f6f2276,Gravity,2024-10-30T01:42:03.157Z,5.3879175,-5.426553,6.139495,W1hZkqBeWCUTVBX6rx9OeHmaWx63,,,,,
67732e569b85a0767f6f2277,Gravity,2024-10-30T01:42:03.316Z,5.8568377,-3.098578,7.2295737,W1hZkqBeWCUTVBX6rx9OeHmaWx63,,,,,
67732e569b85a0767f6f2278,Gravity,2024-10-30T01:42:03.479Z,5.6791015,-2.0591187,7.7251725,W1hZkqBeWCUTVBX6rx9OeHmaWx63,,,,,
67732e569b85a0767f6f2279,Gravity,2024-10-30T01:42:03.638Z,5.5017023,-2.8627145,7.5964856,W1hZkqBeWCUTVBX6rx9OeHmaWx63,,,,,
67732e569b85a0767f6f227a,Gravity,2024-10-30T01:42:03.796Z,5.5592446,-3.945956,7.0494475,W1hZkqBeWCUTVBX6rx9OeHmaWx63,,,,,
67732e569b85a0767f6f227b,Gravity,2024-10-30T01:42:03.954Z,5.2817154,-4.1153116,7.1650667,W1hZkqBeWCUTVBX6rx9OeHmaWx63,,,,,
67732e569b85a0767f6f227c,Gravity,2024-10-30T01:42:04.114Z,5.122627,-4.1457386,7.2623706,W1hZkqBeWCUTVBX6rx9OeHmaWx63,,,,,
67732e569b85a0767f6f227d,Gravity,2024-10-30T01:42:04.273Z,4.759898,-4.4605303,7.322398,W1hZkqBeWCUTVBX6rx9OeHmaWx63,,,,,
67732e569b85a0767f6f227e,Gravity,2024-10-30T01:42:04.432Z,4.003139,-5.757307,6.8555655,W1hZkqBeWCUTVBX6rx9OeHmaWx63,,,,,
67732e569b85a0767f6f227f,Gravity,2024-10-30T01:42:04.592Z,3.2176955,-6.856474,6.229424,W1hZkqBeWCUTVBX6rx9OeHmaWx63,,,,,
67732e569b85a0767f6f2280,Gravity,2024-10-30T01:42:04.752Z,0.97274,-9.043688,3.6655269,W1hZkqBeWCUTVBX6rx9OeHmaWx63,,,,,
67732e569b85a0767f6f2281,Gravity,2024-10-30T01:42:04.913Z,-3.4307463,-8.156874,4.226817,W1hZkqBeWCUTVBX6rx9OeHmaWx63,,,,,
67732e569b85a0767f6f2282,Gravity,2024-10-30T01:42:05.072Z,-6.022447,-6.2060833,4.6244144,W1hZkqBeWCUTVBX6rx9OeHmaWx63,,,,,
67732e569b85a0767f6f2283,Gravity,2024-10-30T01:42:05.232Z,-6.4979033,-5.7345943,4.5893636,W1hZkqBeWCUTVBX6rx9OeHmaWx63,,,,,
67732e569b85a0767f6f2284,Gravity,2024-10-30T01:42:05.392Z,-5.5369806,-6.6226063,4.6533346,W1hZkqBeWCUTVBX6rx9OeHmaWx63,,,,,
67732e569b85a0767f6f2285,Gravity,2024-10-30T01:42:05.552Z,-4.837839,-7.8130293,3.4238148,W1hZkqBeWCUTVBX6rx9OeHmaWx63,,,,,
67732e569b85a0767f6f2286,Gravity,2024-10-30T01:42:05.713Z,-4.177045,-8.65551,1.95067,W1hZkqBeWCUTVBX6rx9OeHmaWx63,,,,,
67732e569b85a0767f6f2287,Gravity,2024-10-30T01:42:05.872Z,-4.5124707,-8.676944,-0.7203455,W1hZkqBeWCUTVBX6rx9OeHmaWx63,,,,,
67732e569b85a0767f6f2288,Gravity,2024-10-30T01:42:06.031Z,-8.012578,-3.7284496,-4.250645,W1hZkqBeWCUTVBX6rx9OeHmaWx63,,,,,
67732e569b85a0767f6f2289,Gravity,2024-10-30T01:42:06.191Z,-8.921571,-3.6525054,-1.7987282,W1hZkqBeWCUTVBX6rx9OeHmaWx63,,,,,
67732e569b85a0767f6f228a,Gravity,2024-10-30T01:42:06.351Z,-9.10362,-2.689176,-2.4623535,W1hZkqBeWCUTVBX6rx9OeHmaWx63,,,,,
67732e569b85a0767f6f228b,Gravity,2024-10-30T01:42:06.512Z,-8.455446,-4.0449924,-2.883442,W1hZkqBeWCUTVBX6rx9OeHmaWx63,,,,,
67732e569b85a0767f6f228c,Gravity,2024-10-30T01:42:06.671Z,-7.7019486,-3.4095201,-5.022533,W1hZkqBeWCUTVBX6rx9OeHmaWx63,,,,,
67732e569b85a0767f6f228d,Gravity,2024-10-30T01:42:06.831Z,-7.0244713,-3.7380004,-5.731899,W1hZkqBeWCUTVBX6rx9OeHmaWx63,,,,,
67732e569b85a0767f6f228e,Gravity,2024-10-30T01:42:06.991Z,-7.013005,-3.4524634,-5.9219084,W1hZkqBeWCUTVBX6rx9OeHmaWx63,,,,,
67732e569b85a0767f6f228f,Gravity,2024-10-30T01:42:07.151Z,-7.193094,-3.4581277,-5.6983805,W1hZkqBeWCUTVBX6rx9OeHmaWx63,,,,,
67732e569b85a0767f6f2290,Gravity,2024-10-30T01:42:07.312Z,-7.1562643,-3.3457885,-5.8107176,W1hZkqBeWCUTVBX6rx9OeHmaWx63,,,,,
67732e569b85a0767f6f2291,Gravity,2024-10-30T01:42:07.470Z,-7.158772,-3.2473922,-5.863211,W1hZkqBeWCUTVBX6rx9OeHmaWx63,,,,,
67732e569b85a0767f6f2292,Gravity,2024-10-30T01:42:07.630Z,-7.0869827,-3.1825101,-5.98475,W1hZkqBeWCUTVBX6rx9OeHmaWx63,,,,,
67732e569b85a0767f6f2293,Gravity,2024-10-30T01:42:07.790Z,-6.9727774,-3.190121,-6.113452,W1hZkqBeWCUTVBX6rx9OeHmaWx63,,,,,
67732e569b85a0767f6f2294,Gravity,2024-10-30T01:42:07.950Z,-7.0048094,-3.0840614,-6.131226,W1hZkqBeWCUTVBX6rx9OeHmaWx63,,,,,
67732e569b85a0767f6f2295,Gravity,2024-10-30T01:42:08.111Z,-6.990576,-3.0870242,-6.145967,W1hZkqBeWCUTVBX6rx9OeHmaWx63,,,,,
67732e569b85a0767f6f2296,Gravity,2024-10-30T01:42:08.270Z,-7.0542254,-2.930841,-6.1497197,W1hZkqBeWCUTVBX6rx9OeHmaWx63,,,,,
67732e569b85a0767f6f2297,Gravity,2024-10-30T01:42:08.429Z,-7.030485,-2.8335657,-6.222058,W1hZkqBeWCUTVBX6rx9OeHmaWx63,,,,,
67732e569b85a0767f6f2298,Gravity,2024-10-30T01:42:08.590Z,-7.008637,-2.6928449,-6.3085995,W1hZkqBeWCUTVBX6rx9OeHmaWx63,,,,,
67732e569b85a0767f6f2299,Gravity,2024-10-30T01:42:08.749Z,-6.986827,-2.4621727,-6.4259276,W1hZkqBeWCUTVBX6rx9OeHmaWx63,,,,,
67732e569b85a0767f6f229a,Gravity,2024-10-30T01:42:08.911Z,-7.0104856,-2.5436957,-6.368139,W1hZkqBeWCUTVBX6rx9OeHmaWx63,,,,,
67732e569b85a0767f6f229b,Gravity,2024-10-30T01:42:09.069Z,-7.096317,-2.572828,-6.2604628,W1hZkqBeWCUTVBX6rx9OeHmaWx63,,,,,
67732e569b85a0767f6f229c,Gravity,2024-10-30T01:42:09.229Z,-7.699854,-2.31317,-5.615343,W1hZkqBeWCUTVBX6rx9OeHmaWx63,,,,,
67732e569b85a0767f6f229d,Gravity,2024-10-30T01:42:09.389Z,-7.3079653,-5.235797,-3.918,W1hZkqBeWCUTVBX6rx9OeHmaWx63,,,,,
67732e569b85a0767f6f229e,Gravity,2024-10-30T01:42:09.549Z,-3.3305562,-8.850471,-2.59754,W1hZkqBeWCUTVBX6rx9OeHmaWx63,,,,,
67732e569b85a0767f6f229f,Gravity,2024-10-30T01:42:09.710Z,-0.22891544,-9.803989,0.0070662852,W1hZkqBeWCUTVBX6rx9OeHmaWx63,,,,,
67732e569b85a0767f6f22a0,Gravity,2024-10-30T01:42:09.869Z,-0.4447864,-9.12803,3.5569317,W1hZkqBeWCUTVBX6rx9OeHmaWx63,,,,,
67732e569b85a0767f6f22a1,Gravity,2024-10-30T01:42:10.028Z,-2.6249168,-7.6364226,5.564651,W1hZkqBeWCUTVBX6rx9OeHmaWx63,,,,,
67732e569b85a0767f6f22a2,Gravity,2024-10-30T01:42:10.189Z,-3.5885026,-6.5675173,6.3372564,W1hZkqBeWCUTVBX6rx9OeHmaWx63,,,,,
67732e569b85a0767f6f22a3,Gravity,2024-10-30T01:42:10.348Z,-3.9359372,-5.1517777,7.3578553,W1hZkqBeWCUTVBX6rx9OeHmaWx63,,,,,
67732e569b85a0767f6f22a4,Gravity,2024-10-30T01:42:10.510Z,-4.0053687,-7.090933,5.4631667,W1hZkqBeWCUTVBX6rx9OeHmaWx63,,,,,
67732e569b85a0767f6f22a5,Gravity,2024-10-30T01:42:10.668Z,-2.3616312,-7.760457,5.5107603,W1hZkqBeWCUTVBX6rx9OeHmaWx63,,,,,
67732e569b85a0767f6f22a6,Gravity,2024-10-30T01:42:10.828Z,-0.6707269,-7.627309,6.1273785,W1hZkqBeWCUTVBX6rx9OeHmaWx63,,,,,
67732e569b85a0767f6f22a7,Gravity,2024-10-30T01:42:10.988Z,-1.271366,-7.645603,6.0082326,W1hZkqBeWCUTVBX6rx9OeHmaWx63,,,,,
67732e569b85a0767f6f22a8,Gravity,2024-10-30T01:42:11.148Z,-1.320233,-8.453813,4.79172,W1hZkqBeWCUTVBX6rx9OeHmaWx63,,,,,
67732e569b85a0767f6f22a9,Gravity,2024-10-30T01:42:11.309Z,-0.79658705,-8.782114,4.290741,W1hZkqBeWCUTVBX6rx9OeHmaWx63,,,,,
67732e569b85a0767f6f22aa,Gravity,2024-10-30T01:42:11.468Z,-0.5520185,-8.561389,4.750627,W1hZkqBeWCUTVBX6rx9OeHmaWx63,,,,,
67732e569b85a0767f6f22ab,Gravity,2024-10-30T01:42:11.629Z,-0.27318624,-8.862647,4.189215,W1hZkqBeWCUTVBX6rx9OeHmaWx63,,,,,
67732e569b85a0767f6f22ac,Gravity,2024-10-30T01:42:11.788Z,-0.10004618,-9.1802635,3.447239,W1hZkqBeWCUTVBX6rx9OeHmaWx63,,,,,
67732e569b85a0767f6f22ad,Gravity,2024-10-30T01:42:11.948Z,-0.057068042,-9.334059,3.007135,W1hZkqBeWCUTVBX6rx9OeHmaWx63,,,,,
67732e569b85a0767f6f22ae,Gravity,2024-10-30T01:42:12.109Z,0.18792452,-9.414749,2.7382507,W1hZkqBeWCUTVBX6rx9OeHmaWx63,,,,,
67732e569b85a0767f6f22af,Gravity,2024-10-30T01:42:12.267Z,0.23619916,-9.431358,2.6766455,W1hZkqBeWCUTVBX6rx9OeHmaWx63,,,,,
67732e569b85a0767f6f22b0,Gravity,2024-10-30T01:42:12.427Z,0.2932095,-9.502959,2.4038644,W1hZkqBeWCUTVBX6rx9OeHmaWx63,,,,,
67732e569b85a0767f6f22b1,Gravity,2024-10-30T01:42:12.587Z,0.20966434,-9.69528,1.458931,W1hZkqBeWCUTVBX6rx9OeHmaWx63,,,,,
67732e569b85a0767f6f22b2,Gravity,2024-10-30T01:42:12.747Z,0.3260358,-9.610145,1.9260517,W1hZkqBeWCUTVBX6rx9OeHmaWx63,,,,,
67732e569b85a0767f6f22b3,Gravity,2024-10-30T01:42:13.387Z,0.38000396,-9.454847,2.5753105,W1hZkqBeWCUTVBX6rx9OeHmaWx63,,,,,
67732e569b85a0767f6f22b4,Gravity,2024-10-30T01:42:12.908Z,0.4426042,-9.53271,2.258844,W1hZkqBeWCUTVBX6rx9OeHmaWx63,,,,,
67732e569b85a0767f6f22b5,Gravity,2024-10-30T01:42:13.547Z,0.5823932,-9.343206,2.9216566,W1hZkqBeWCUTVBX6rx9OeHmaWx63,,,,,
67732e569b85a0767f6f22b6,Gravity,2024-10-30T01:42:13.067Z,0.33138475,-9.532892,2.2770565,W1hZkqBeWCUTVBX6rx9OeHmaWx63,,,,,
67732e569b85a0767f6f22b7,Gravity,2024-10-30T01:42:13.227Z,0.28669235,-9.4993515,2.4188645,W1hZkqBeWCUTVBX6rx9OeHmaWx63,,,,,
67732e569b85a0767f6f22b8,Gravity,2024-10-30T01:42:13.710Z,0.80122304,-9.2013235,3.2961214,W1hZkqBeWCUTVBX6rx9OeHmaWx63,,,,,
67732e569b85a0767f6f22b9,Gravity,2024-10-30T01:42:13.868Z,0.89970326,-9.067651,3.6247647,W1hZkqBeWCUTVBX6rx9OeHmaWx63,,,,,
67732e569b85a0767f6f22ba,Gravity,2024-10-30T01:42:14.030Z,0.48167235,-9.394371,2.7721057,W1hZkqBeWCUTVBX6rx9OeHmaWx63,,,,,
67732e569b85a0767f6f22bb,Gravity,2024-10-30T01:42:14.187Z,0.049427755,-9.523796,2.3378737,W1hZkqBeWCUTVBX6rx9OeHmaWx63,,,,,
67732e569b85a0767f6f22bc,Gravity,2024-10-30T01:42:14.350Z,0.44294426,-9.307824,3.0559676,W1hZkqBeWCUTVBX6rx9OeHmaWx63,,,,,
67732e569b85a0767f6f22bd,Gravity,2024-10-30T01:42:14.512Z,1.3337425,-8.864614,3.9762347,W1hZkqBeWCUTVBX6rx9OeHmaWx63,,,,,
67732e569b85a0767f6f22be,Gravity,2024-10-30T01:42:14.668Z,-2.1932795,-8.237338,4.8483386,W1hZkqBeWCUTVBX6rx9OeHmaWx63,,,,,
67732e569b85a0767f6f22bf,Gravity,2024-10-30T01:42:14.830Z,-7.3218203,-5.3316164,3.7597191,W1hZkqBeWCUTVBX6rx9OeHmaWx63,,,,,
67732e569b85a0767f6f22c0,Gravity,2024-10-30T01:42:14.990Z,-8.149621,-5.4393015,0.41054714,W1hZkqBeWCUTVBX6rx9OeHmaWx63,,,,,
67732e569b85a0767f6f22c1,Gravity,2024-10-30T01:42:15.148Z,-7.6609774,-6.0796103,-0.72018653,W1hZkqBeWCUTVBX6rx9OeHmaWx63,,,,,
67732e569b85a0767f6f22c2,Gravity,2024-10-30T01:42:15.310Z,-6.8957644,-6.7793627,-1.6308477,W1hZkqBeWCUTVBX6rx9OeHmaWx63,,,,,
67732e569b85a0767f6f22c3,Gravity,2024-10-30T01:42:15.468Z,-6.2981243,-7.32525,-1.6867929,W1hZkqBeWCUTVBX6rx9OeHmaWx63,,,,,
67732e569b85a0767f6f22c4,Gravity,2024-10-30T01:42:15.628Z,-5.8859076,-7.6686935,-1.6486844,W1hZkqBeWCUTVBX6rx9OeHmaWx63,,,,,
67732e569b85a0767f6f22c5,Gravity,2024-10-30T01:42:15.786Z,-5.3141813,-8.025579,-1.8762954,W1hZkqBeWCUTVBX6rx9OeHmaWx63,,,,,
67732e569b85a0767f6f22c6,Gravity,2024-10-30T01:42:15.946Z,-5.636116,-7.819711,-1.804813,W1hZkqBeWCUTVBX6rx9OeHmaWx63,,,,,
67732e569b85a0767f6f22c7,Gravity,2024-10-30T01:42:16.108Z,-6.2649875,-7.406272,-1.4380934,W1hZkqBeWCUTVBX6rx9OeHmaWx63,,,,,
67732e569b85a0767f6f22c8,Gravity,2024-10-30T01:42:16.266Z,-6.1703734,-7.448039,-1.6199172,W1hZkqBeWCUTVBX6rx9OeHmaWx63,,,,,
67732e569b85a0767f6f22c9,Gravity,2024-10-30T01:42:16.425Z,-6.080059,-7.389657,-2.1440165,W1hZkqBeWCUTVBX6rx9OeHmaWx63,,,,,
67732e569b85a0767f6f22ca,Gravity,2024-10-30T01:42:16.585Z,-6.159798,-7.2548785,-2.3652995,W1hZkqBeWCUTVBX6rx9OeHmaWx63,,,,,
67732e569b85a0767f6f22cb,Gravity,2024-10-30T01:42:16.745Z,-5.943182,-7.4351363,-2.3597424,W1hZkqBeWCUTVBX6rx9OeHmaWx63,,,,,
67732e569b85a0767f6f22cc,Gravity,2024-10-30T01:42:16.906Z,-5.8367586,-7.5654798,-2.2060885,W1hZkqBeWCUTVBX6rx9OeHmaWx63,,,,,
67732e569b85a0767f6f22cd,Gravity,2024-10-30T01:42:17.065Z,-5.8631034,-7.532395,-2.2490246,W1hZkqBeWCUTVBX6rx9OeHmaWx63,,,,,
67732e569b85a0767f6f22ce,Gravity,2024-10-30T01:42:17.225Z,-6.3382406,-7.324202,-1.5342145,W1hZkqBeWCUTVBX6rx9OeHmaWx63,,,,,
67732e569b85a0767f6f22cf,Gravity,2024-10-30T01:42:17.385Z,-7.3979683,-6.4332724,-0.23253976,W1hZkqBeWCUTVBX6rx9OeHmaWx63,,,,,
67732e569b85a0767f6f22d0,Gravity,2024-10-30T01:42:17.545Z,-7.3828645,-6.405404,0.7968705,W1hZkqBeWCUTVBX6rx9OeHmaWx63,,,,,
67732e569b85a0767f6f22d1,Gravity,2024-10-30T01:42:17.706Z,-7.0680594,-6.774308,0.5676573,W1hZkqBeWCUTVBX6rx9OeHmaWx63,,,,,
67732e569b85a0767f6f22d2,Gravity,2024-10-30T01:42:17.865Z,-6.538182,-7.2723346,0.73230016,W1hZkqBeWCUTVBX6rx9OeHmaWx63,,,,,
67732e569b85a0767f6f22d3,Gravity,2024-10-30T01:42:18.025Z,-7.7739897,-5.92519,0.7925907,W1hZkqBeWCUTVBX6rx9OeHmaWx63,,,,,
67732e569b85a0767f6f22d4,Gravity,2024-10-30T01:42:18.185Z,-8.265218,-4.590136,2.6053212,W1hZkqBeWCUTVBX6rx9OeHmaWx63,,,,,
67732e569b85a0767f6f22d5,Gravity,2024-10-30T01:42:18.345Z,-5.693373,-4.6433916,6.4957714,W1hZkqBeWCUTVBX6rx9OeHmaWx63,,,,,
67732e569b85a0767f6f22d6,Gravity,2024-10-30T01:42:18.505Z,-1.9140182,-6.441609,7.142326,W1hZkqBeWCUTVBX6rx9OeHmaWx63,,,,,
67732e569b85a0767f6f22d7,Gravity,2024-10-30T01:42:18.664Z,-0.53343916,-6.723437,7.119089,W1hZkqBeWCUTVBX6rx9OeHmaWx63,,,,,
67732e569b85a0767f6f22d8,Gravity,2024-10-30T01:42:18.824Z,-0.59522206,-8.61103,4.654747,W1hZkqBeWCUTVBX6rx9OeHmaWx63,,,,,
67732e569b85a0767f6f22d9,Gravity,2024-10-30T01:42:18.984Z,-1.1854365,-8.979188,3.7602992,W1hZkqBeWCUTVBX6rx9OeHmaWx63,,,,,
67732e569b85a0767f6f22da,Gravity,2024-10-30T01:42:19.144Z,-1.855179,-9.287673,2.5433285,W1hZkqBeWCUTVBX6rx9OeHmaWx63,,,,,
67732e569b85a0767f6f22db,Gravity,2024-10-30T01:42:19.305Z,-1.6570653,-9.626648,0.8677622,W1hZkqBeWCUTVBX6rx9OeHmaWx63,,,,,
67732e569b85a0767f6f22dc,Gravity,2024-10-30T01:42:19.464Z,-1.3785262,-9.667233,-0.90320235,W1hZkqBeWCUTVBX6rx9OeHmaWx63,,,,,
67732e569b85a0767f6f22dd,Gravity,2024-10-30T01:42:19.624Z,-0.98619246,-9.44482,-2.4483535,W1hZkqBeWCUTVBX6rx9OeHmaWx63,,,,,
67732e569b85a0767f6f22de,Gravity,2024-10-30T01:42:19.784Z,-0.70299923,-9.254842,-3.1662965,W1hZkqBeWCUTVBX6rx9OeHmaWx63,,,,,
67732e569b85a0767f6f22df,Gravity,2024-10-30T01:42:19.944Z,-1.2304089,-9.175372,-3.2357974,W1hZkqBeWCUTVBX6rx9OeHmaWx63,,,,,
67732e569b85a0767f6f22e0,Gravity,2024-10-30T01:42:20.104Z,-1.505947,-9.323562,-2.64102,W1hZkqBeWCUTVBX6rx9OeHmaWx63,,,,,
67732e569b85a0767f6f22e1,Gravity,2024-10-30T01:42:20.264Z,-1.9849151,-9.28844,-2.4406052,W1hZkqBeWCUTVBX6rx9OeHmaWx63,,,,,
67732e569b85a0767f6f22e2,Gravity,2024-10-30T01:42:20.423Z,-1.811064,-9.101497,-3.1708875,W1hZkqBeWCUTVBX6rx9OeHmaWx63,,,,,
67732e569b85a0767f6f22e3,Gravity,2024-10-30T01:42:20.583Z,-0.7288237,-9.0958605,-3.592472,W1hZkqBeWCUTVBX6rx9OeHmaWx63,,,,,
67732e569b85a0767f6f22e4,Gravity,2024-10-30T01:42:20.743Z,-0.3367124,-9.12067,-3.587713,W1hZkqBeWCUTVBX6rx9OeHmaWx63,,,,,
67732e569b85a0767f6f22e5,Gravity,2024-10-30T01:42:20.904Z,-1.715938,-8.605569,-4.378522,W1hZkqBeWCUTVBX6rx9OeHmaWx63,,,,,
67732e569b85a0767f6f22e6,Gravity,2024-10-30T01:42:21.063Z,-4.0467997,-8.149632,-3.657671,W1hZkqBeWCUTVBX6rx9OeHmaWx63,,,,,
67732e569b85a0767f6f22e7,Gravity,2024-10-30T01:42:21.222Z,-6.496502,-7.345737,-0.08335516,W1hZkqBeWCUTVBX6rx9OeHmaWx63,,,,,
67732e569b85a0767f6f22e8,Gravity,2024-10-30T01:42:21.382Z,-7.485574,-6.278847,-0.84484166,W1hZkqBeWCUTVBX6rx9OeHmaWx63,,,,,
67732e569b85a0767f6f22e9,Gravity,2024-10-30T01:42:21.542Z,-7.5108967,-5.8096647,-2.4506805,W1hZkqBeWCUTVBX6rx9OeHmaWx63,,,,,
67732e569b85a0767f6f22ea,Gravity,2024-10-30T01:42:21.703Z,-7.540186,-6.006898,-1.7984166,W1hZkqBeWCUTVBX6rx9OeHmaWx63,,,,,
67732e569b85a0767f6f22eb,Gravity,2024-10-30T01:42:21.862Z,-7.1566663,-6.6572933,0.79611707,W1hZkqBeWCUTVBX6rx9OeHmaWx63,,,,,
67732e569b85a0767f6f22ec,Gravity,2024-10-30T01:42:22.022Z,-6.853429,-7.0084066,0.28987318,W1hZkqBeWCUTVBX6rx9OeHmaWx63,,,,,
67732e569b85a0767f6f22ed,Gravity,2024-10-30T01:42:22.182Z,-6.3551416,-7.461119,-0.33936933,W1hZkqBeWCUTVBX6rx9OeHmaWx63,,,,,
67732e569b85a0767f6f22ee,Gravity,2024-10-30T01:42:22.342Z,-6.129403,-7.6551423,-0.021630233,W1hZkqBeWCUTVBX6rx9OeHmaWx63,,,,,
67732e569b85a0767f6f22ef,Gravity,2024-10-30T01:42:22.503Z,-4.8927975,-8.476168,0.62154025,W1hZkqBeWCUTVBX6rx9OeHmaWx63,,,,,
67732e569b85a0767f6f22f0,Gravity,2024-10-30T01:42:22.662Z,-4.618452,-8.579628,1.1095085,W1hZkqBeWCUTVBX6rx9OeHmaWx63,,,,,
67732e569b85a0767f6f22f1,Gravity,2024-10-30T01:42:22.821Z,-4.2653337,-8.732818,1.309941,W1hZkqBeWCUTVBX6rx9OeHmaWx63,,,,,
67732e569b85a0767f6f22f2,Gravity,2024-10-30T01:42:22.981Z,-3.7540455,-9.008887,0.95824707,W1hZkqBeWCUTVBX6rx9OeHmaWx63,,,,,
67732e569b85a0767f6f22f3,Gravity,2024-10-30T01:42:23.141Z,-3.4930778,-9.159902,-0.25654724,W1hZkqBeWCUTVBX6rx9OeHmaWx63,,,,,
67732e569b85a0767f6f22f4,Gravity,2024-10-30T01:42:23.302Z,-3.369748,-8.878135,-2.4484215,W1hZkqBeWCUTVBX6rx9OeHmaWx63,,,,,
67732e569b85a0767f6f22f5,Gravity,2024-10-30T01:42:23.461Z,-4.0692306,-8.492621,-2.7364223,W1hZkqBeWCUTVBX6rx9OeHmaWx63,,,,,
67732e569b85a0767f6f22f6,Gravity,2024-10-30T01:42:23.623Z,-4.3597217,-8.278742,-2.937073,W1hZkqBeWCUTVBX6rx9OeHmaWx63,,,,,
67732e569b85a0767f6f22f7,Gravity,2024-10-30T01:42:23.781Z,-4.236468,-7.995792,-3.7803123,W1hZkqBeWCUTVBX6rx9OeHmaWx63,,,,,
67732e569b85a0767f6f22f8,Gravity,2024-10-30T01:42:23.941Z,-4.4058237,-7.536656,-4.467511,W1hZkqBeWCUTVBX6rx9OeHmaWx63,,,,,
67732e569b85a0767f6f22f9,Gravity,2024-10-30T01:42:25.540Z,-2.825051,-9.387789,-0.24365328,W1hZkqBeWCUTVBX6rx9OeHmaWx63,,,,,
67732e569b85a0767f6f22fa,Gravity,2024-10-30T01:42:24.102Z,-4.4010043,-7.2455416,-4.9299507,W1hZkqBeWCUTVBX6rx9OeHmaWx63,,,,,
67732e569b85a0767f6f22fb,Gravity,2024-10-30T01:42:24.261Z,-4.41372,-6.7918997,-5.5281463,W1hZkqBeWCUTVBX6rx9OeHmaWx63,,,,,
67732e569b85a0767f6f22fc,Gravity,2024-10-30T01:42:24.420Z,-4.0952754,-7.0219088,-5.485689,W1hZkqBeWCUTVBX6rx9OeHmaWx63,,,,,
67732e569b85a0767f6f22fd,Gravity,2024-10-30T01:42:24.580Z,-3.5552955,-7.6891108,-4.9405193,W1hZkqBeWCUTVBX6rx9OeHmaWx63,,,,,
67732e569b85a0767f6f22fe,Gravity,2024-10-30T01:42:24.740Z,-3.3544254,-8.152831,-4.295386,W1hZkqBeWCUTVBX6rx9OeHmaWx63,,,,,
67732e569b85a0767f6f22ff,Gravity,2024-10-30T01:42:24.901Z,-4.068419,-7.695307,-4.5167885,W1hZkqBeWCUTVBX6rx9OeHmaWx63,,,,,
67732e569b85a0767f6f2300,Gravity,2024-10-30T01:42:25.060Z,-4.035676,-8.425816,-2.981603,W1hZkqBeWCUTVBX6rx9OeHmaWx63,,,,,
67732e569b85a0767f6f2301,Gravity,2024-10-30T01:42:25.219Z,-3.4781404,-9.117663,-0.970373,W1hZkqBeWCUTVBX6rx9OeHmaWx63,,,,,
67732e569b85a0767f6f2302,Gravity,2024-10-30T01:42:25.380Z,-2.8440523,-9.366498,-0.5923948,W1hZkqBeWCUTVBX6rx9OeHmaWx63,,,,,
67732e569b85a0767f6f2303,Gravity,2024-10-30T01:42:25.703Z,-3.502787,-9.079584,-1.2093577,W1hZkqBeWCUTVBX6rx9OeHmaWx63,,,,,
67732e569b85a0767f6f2304,Gravity,2024-10-30T01:42:25.865Z,-3.6569386,-8.908797,-1.8523008,W1hZkqBeWCUTVBX6rx9OeHmaWx63,,,,,
67732e569b85a0767f6f2305,Gravity,2024-10-30T01:42:26.023Z,-3.2068248,-9.179724,-1.27269,W1hZkqBeWCUTVBX6rx9OeHmaWx63,,,,,
67732e569b85a0767f6f2306,Gravity,2024-10-30T01:42:26.181Z,-2.1256104,-9.3626375,-1.9984038,W1hZkqBeWCUTVBX6rx9OeHmaWx63,,,,,
67732e569b85a0767f6f2307,Gravity,2024-10-30T01:42:26.343Z,-1.8556688,-9.3027315,-2.4872787,W1hZkqBeWCUTVBX6rx9OeHmaWx63,,,,,
67732e569b85a0767f6f2308,Gravity,2024-10-30T01:42:26.504Z,-2.3652337,-8.920757,-3.3161383,W1hZkqBeWCUTVBX6rx9OeHmaWx63,,,,,
67732e569b85a0767f6f2309,Gravity,2024-10-30T01:42:26.661Z,-2.4669054,-8.843751,-3.4457905,W1hZkqBeWCUTVBX6rx9OeHmaWx63,,,,,
67732e569b85a0767f6f230a,Gravity,2024-10-30T01:42:26.822Z,-0.87782973,-8.368451,-5.0368114,W1hZkqBeWCUTVBX6rx9OeHmaWx63,,,,,
67732e569b85a0767f6f230b,Gravity,2024-10-30T01:42:26.981Z,1.1058286,-8.821711,-4.1383,W1hZkqBeWCUTVBX6rx9OeHmaWx63,,,,,
67732e569b85a0767f6f230c,Gravity,2024-10-30T01:42:27.141Z,1.1291382,-8.691216,-4.3998675,W1hZkqBeWCUTVBX6rx9OeHmaWx63,,,,,
67732e569b85a0767f6f230d,Gravity,2024-10-30T01:42:27.301Z,2.0678046,-8.823692,-3.7466743,W1hZkqBeWCUTVBX6rx9OeHmaWx63,,,,,
67732e569b85a0767f6f230e,Gravity,2024-10-30T01:42:27.460Z,1.8921877,-8.817014,-3.853674,W1hZkqBeWCUTVBX6rx9OeHmaWx63,,,,,
67732e569b85a0767f6f230f,Gravity,2024-10-30T01:42:27.619Z,2.0037565,-8.734115,-3.9838371,W1hZkqBeWCUTVBX6rx9OeHmaWx63,,,,,
67732e569b85a0767f6f2310,Gravity,2024-10-30T01:42:27.778Z,1.47767,-8.375795,-4.8819404,W1hZkqBeWCUTVBX6rx9OeHmaWx63,,,,,
67732e569b85a0767f6f2311,Gravity,2024-10-30T01:42:27.938Z,-0.1104042,-8.694922,-4.533981,W1hZkqBeWCUTVBX6rx9OeHmaWx63,,,,,
67732e569b85a0767f6f2312,Gravity,2024-10-30T01:42:28.098Z,-1.5209415,-8.840791,-3.9620724,W1hZkqBeWCUTVBX6rx9OeHmaWx63,,,,,
67732e569b85a0767f6f2313,Gravity,2024-10-30T01:42:28.257Z,-3.6658273,-8.369442,-3.5615966,W1hZkqBeWCUTVBX6rx9OeHmaWx63,,,,,
67732e569b85a0767f6f2314,Gravity,2024-10-30T01:42:28.417Z,-4.972596,-8.226748,-1.9402778,W1hZkqBeWCUTVBX6rx9OeHmaWx63,,,,,
67732e569b85a0767f6f2315,Gravity,2024-10-30T01:42:28.577Z,-5.5825706,-7.9179044,-1.520688,W1hZkqBeWCUTVBX6rx9OeHmaWx63,,,,,
67732e569b85a0767f6f2316,Gravity,2024-10-30T01:42:28.737Z,-5.39531,-8.132728,-0.95926356,W1hZkqBeWCUTVBX6rx9OeHmaWx63,,,,,
67732e569b85a0767f6f2317,Gravity,2024-10-30T01:42:28.897Z,-5.1985097,-7.9396286,-2.4715474,W1hZkqBeWCUTVBX6rx9OeHmaWx63,,,,,
67732e569b85a0767f6f2318,Gravity,2024-10-30T01:42:29.056Z,-5.197714,-7.854751,-2.7308214,W1hZkqBeWCUTVBX6rx9OeHmaWx63,,,,,
67732e569b85a0767f6f2319,Gravity,2024-10-30T01:42:29.216Z,-5.245471,-8.049005,-1.9670559,W1hZkqBeWCUTVBX6rx9OeHmaWx63,,,,,
67732e569b85a0767f6f231a,Gravity,2024-10-30T01:42:29.376Z,-5.7602015,-7.8707476,-1.0208131,W1hZkqBeWCUTVBX6rx9OeHmaWx63,,,,,
67732e569b85a0767f6f231b,Gravity,2024-10-30T01:42:29.536Z,-5.505957,-7.6895328,-2.5934927,W1hZkqBeWCUTVBX6rx9OeHmaWx63,,,,,
67732e569b85a0767f6f231c,Gravity,2024-10-30T01:42:29.697Z,-5.683108,-7.2678914,-3.324253,W1hZkqBeWCUTVBX6rx9OeHmaWx63,,,,,
67732e569b85a0767f6f231d,Gravity,2024-10-30T01:42:29.856Z,-4.7061367,-8.212647,-2.5642233,W1hZkqBeWCUTVBX6rx9OeHmaWx63,,,,,
67732e569b85a0767f6f231e,Gravity,2024-10-30T01:42:30.016Z,-4.763673,-8.189267,-2.5325418,W1hZkqBeWCUTVBX6rx9OeHmaWx63,,,,,
67732e569b85a0767f6f231f,Gravity,2024-10-30T01:42:30.176Z,-4.541771,-8.241889,-2.7593882,W1hZkqBeWCUTVBX6rx9OeHmaWx63,,,,,
67732e569b85a0767f6f2320,Gravity,2024-10-30T01:42:30.336Z,-3.3546515,-8.998468,-1.9860926,W1hZkqBeWCUTVBX6rx9OeHmaWx63,,,,,
67732e569b85a0767f6f2321,Gravity,2024-10-30T01:42:30.497Z,-3.431173,-8.848244,-2.4711003,W1hZkqBeWCUTVBX6rx9OeHmaWx63,,,,,
67732e569b85a0767f6f2322,Gravity,2024-10-30T01:42:30.656Z,-3.900961,-8.583141,-2.6986582,W1hZkqBeWCUTVBX6rx9OeHmaWx63,,,,,
67732e569b85a0767f6f2323,Gravity,2024-10-30T01:42:30.815Z,-4.364374,-8.209475,-3.118858,W1hZkqBeWCUTVBX6rx9OeHmaWx63,,,,,
67732e569b85a0767f6f2324,Gravity,2024-10-30T01:42:30.975Z,-4.3468876,-8.025928,-3.5860372,W1hZkqBeWCUTVBX6rx9OeHmaWx63,,,,,
67732e569b85a0767f6f2325,Gravity,2024-10-30T01:42:31.135Z,-5.1459403,-7.5040207,-3.6577907,W1hZkqBeWCUTVBX6rx9OeHmaWx63,,,,,
67732e569b85a0767f6f2326,Gravity,2024-10-30T01:42:31.296Z,-5.777401,-7.4414744,-2.723311,W1hZkqBeWCUTVBX6rx9OeHmaWx63,,,,,
67732e569b85a0767f6f2327,Gravity,2024-10-30T01:42:31.455Z,-6.069956,-7.4967394,-1.7677339,W1hZkqBeWCUTVBX6rx9OeHmaWx63,,,,,
67732e569b85a0767f6f2328,Gravity,2024-10-30T01:42:31.616Z,-6.329266,-7.374431,-1.3146956,W1hZkqBeWCUTVBX6rx9OeHmaWx63,,,,,
67732e569b85a0767f6f2329,Gravity,2024-10-30T01:42:31.775Z,-6.143298,-7.4783053,-1.582752,W1hZkqBeWCUTVBX6rx9OeHmaWx63,,,,,
67732e569b85a0767f6f232a,Gravity,2024-10-30T01:42:31.935Z,-4.4925838,-8.389067,-2.3686569,W1hZkqBeWCUTVBX6rx9OeHmaWx63,,,,,
67732e569b85a0767f6f232b,Gravity,2024-10-30T01:42:32.096Z,-2.6768482,-9.130088,-2.3761785,W1hZkqBeWCUTVBX6rx9OeHmaWx63,,,,,
67732e569b85a0767f6f232c,Gravity,2024-10-30T01:42:32.255Z,-3.43899,-8.938561,-2.1084838,W1hZkqBeWCUTVBX6rx9OeHmaWx63,,,,,
67732e569b85a0767f6f232d,Gravity,2024-10-30T01:42:32.414Z,-4.5505247,-8.536648,-1.60891,W1hZkqBeWCUTVBX6rx9OeHmaWx63,,,,,
67732e569b85a0767f6f232e,Gravity,2024-10-30T01:42:32.574Z,-4.324858,-8.576395,-1.9776855,W1hZkqBeWCUTVBX6rx9OeHmaWx63,,,,,
67732e569b85a0767f6f232f,Gravity,2024-10-30T01:42:32.734Z,-4.154897,-8.56567,-2.3529315,W1hZkqBeWCUTVBX6rx9OeHmaWx63,,,,,
67732e569b85a0767f6f2330,Gravity,2024-10-30T01:42:32.895Z,-4.521277,-8.349695,-2.451676,W1hZkqBeWCUTVBX6rx9OeHmaWx63,,,,,
67732e569b85a0767f6f2331,Gravity,2024-10-30T01:42:33.054Z,-3.6978247,-8.617227,-2.8704913,W1hZkqBeWCUTVBX6rx9OeHmaWx63,,,,,
67732e569b85a0767f6f2332,Gravity,2024-10-30T01:42:33.214Z,-4.1716523,-8.769426,-1.3655238,W1hZkqBeWCUTVBX6rx9OeHmaWx63,,,,,
67732e569b85a0767f6f2333,Gravity,2024-10-30T01:42:33.373Z,-4.5872097,-8.598686,-1.0910207,W1hZkqBeWCUTVBX6rx9OeHmaWx63,,,,,
67732e569b85a0767f6f2334,Gravity,2024-10-30T01:42:33.534Z,-2.2247667,-9.206492,-2.5418782,W1hZkqBeWCUTVBX6rx9OeHmaWx63,,,,,
67732e569b85a0767f6f2335,Gravity,2024-10-30T01:42:33.694Z,-1.1264108,-9.470276,-2.2837124,W1hZkqBeWCUTVBX6rx9OeHmaWx63,,,,,
67732e569b85a0767f6f2336,Gravity,2024-10-30T01:42:33.853Z,-1.4588019,-9.460288,-2.1319335,W1hZkqBeWCUTVBX6rx9OeHmaWx63,,,,,
67732e569b85a0767f6f2337,Gravity,2024-10-30T01:42:34.013Z,-1.6686686,-9.339587,-2.4815028,W1hZkqBeWCUTVBX6rx9OeHmaWx63,,,,,
67732e569b85a0767f6f2338,Gravity,2024-10-30T01:42:34.173Z,-1.8792926,-9.322834,-2.3923259,W1hZkqBeWCUTVBX6rx9OeHmaWx63,,,,,
67732e569b85a0767f6f2339,Gravity,2024-10-30T01:42:34.333Z,-1.5981117,-9.232491,-2.89437,W1hZkqBeWCUTVBX6rx9OeHmaWx63,,,,,
67732e569b85a0767f6f233a,Gravity,2024-10-30T01:42:34.494Z,-1.7047952,-9.309486,-2.568529,W1hZkqBeWCUTVBX6rx9OeHmaWx63,,,,,
67732e569b85a0767f6f233b,Gravity,2024-10-30T01:42:34.653Z,-1.8169183,-9.5721,-1.1152877,W1hZkqBeWCUTVBX6rx9OeHmaWx63,,,,,
67732e569b85a0767f6f233c,Gravity,2024-10-30T01:42:34.813Z,-1.6349937,-9.571798,-1.3702657,W1hZkqBeWCUTVBX6rx9OeHmaWx63,,,,,
67732e569b85a0767f6f233d,Gravity,2024-10-30T01:42:34.973Z,-0.5537436,-9.766773,-0.6882655,W1hZkqBeWCUTVBX6rx9OeHmaWx63,,,,,
67732e569b85a0767f6f233e,Gravity,2024-10-30T01:42:35.133Z,0.7178885,-9.771518,0.41498542,W1hZkqBeWCUTVBX6rx9OeHmaWx63,,,,,
67732e569b85a0767f6f233f,Gravity,2024-10-30T01:42:35.293Z,1.4894974,-9.651026,0.89958024,W1hZkqBeWCUTVBX6rx9OeHmaWx63,,,,,
67732e569b85a0767f6f2340,Gravity,2024-10-30T01:42:35.452Z,1.5812068,-9.662749,0.54879546,W1hZkqBeWCUTVBX6rx9OeHmaWx63,,,,,
67732e569b85a0767f6f2341,Gravity,2024-10-30T01:42:35.614Z,1.5830942,-9.658444,0.6151541,W1hZkqBeWCUTVBX6rx9OeHmaWx63,,,,,
67732e569b85a0767f6f2342,Gravity,2024-10-30T01:42:35.772Z,0.7821546,-9.760665,0.53648007,W1hZkqBeWCUTVBX6rx9OeHmaWx63,,,,,
67732e569b85a0767f6f2343,Gravity,2024-10-30T01:42:35.932Z,-0.497721,-9.741679,1.0110219,W1hZkqBeWCUTVBX6rx9OeHmaWx63,,,,,
67732e569b85a0767f6f2344,Gravity,2024-10-30T01:42:36.093Z,-1.541063,-9.548011,1.6220219,W1hZkqBeWCUTVBX6rx9OeHmaWx63,,,,,
67732e569b85a0767f6f2345,Gravity,2024-10-30T01:42:36.252Z,-1.7069902,-9.24045,2.8054566,W1hZkqBeWCUTVBX6rx9OeHmaWx63,,,,,
67732e569b85a0767f6f2346,Gravity,2024-10-30T01:42:36.413Z,-1.1103225,-7.985321,5.58321,W1hZkqBeWCUTVBX6rx9OeHmaWx63,,,,,
67732e569b85a0767f6f2347,Gravity,2024-10-30T01:42:36.572Z,-1.3994645,-7.0305634,6.6920166,W1hZkqBeWCUTVBX6rx9OeHmaWx63,,,,,
67732e569b85a0767f6f2348,Gravity,2024-10-30T01:42:36.731Z,-3.098217,-6.945098,6.191692,W1hZkqBeWCUTVBX6rx9OeHmaWx63,,,,,
67732e569b85a0767f6f2349,Gravity,2024-10-30T01:42:36.892Z,-4.422697,-4.521983,7.494119,W1hZkqBeWCUTVBX6rx9OeHmaWx63,,,,,
67732e569b85a0767f6f234a,Gravity,2024-10-30T01:42:37.051Z,-4.8659115,-3.2824159,7.8561473,W1hZkqBeWCUTVBX6rx9OeHmaWx63,,,,,
67732e569b85a0767f6f234b,Gravity,2024-10-30T01:42:37.211Z,-5.147079,-2.304051,8.023049,W1hZkqBeWCUTVBX6rx9OeHmaWx63,,,,,
67732e569b85a0767f6f234c,Gravity,2024-10-30T01:42:37.371Z,-6.0327463,-0.118222766,7.730614,W1hZkqBeWCUTVBX6rx9OeHmaWx63,,,,,
67732e569b85a0767f6f234d,Gravity,2024-10-30T01:42:37.531Z,-6.3925524,1.0135301,7.36739,W1hZkqBeWCUTVBX6rx9OeHmaWx63,,,,,
67732e569b85a0767f6f234e,Gravity,2024-10-30T01:42:37.693Z,-6.4760275,2.1177275,7.0531335,W1hZkqBeWCUTVBX6rx9OeHmaWx63,,,,,
67732e569b85a0767f6f234f,Gravity,2024-10-30T01:42:37.859Z,-6.660131,1.9028139,6.9420724,W1hZkqBeWCUTVBX6rx9OeHmaWx63,,,,,
67732e569b85a0767f6f2350,Gravity,2024-10-30T01:42:38.014Z,-7.276645,1.1932087,6.4650717,W1hZkqBeWCUTVBX6rx9OeHmaWx63,,,,,
67732e569b85a0767f6f2351,Gravity,2024-10-30T01:42:38.173Z,-7.025091,1.8357229,6.591562,W1hZkqBeWCUTVBX6rx9OeHmaWx63,,,,,
67732e569b85a0767f6f2352,Gravity,2024-10-30T01:42:38.333Z,-7.012763,2.86903,6.2257776,W1hZkqBeWCUTVBX6rx9OeHmaWx63,,,,,
67732e569b85a0767f6f2353,Gravity,2024-10-30T01:42:38.495Z,-6.6999254,2.657423,6.6497817,W1hZkqBeWCUTVBX6rx9OeHmaWx63,,,,,
67732e569b85a0767f6f2354,Gravity,2024-10-30T01:42:38.653Z,-6.582579,0.95847917,7.2056527,W1hZkqBeWCUTVBX6rx9OeHmaWx63,,,,,
67732e569b85a0767f6f2355,Gravity,2024-10-30T01:42:38.813Z,-6.532432,-1.1823701,7.218019,W1hZkqBeWCUTVBX6rx9OeHmaWx63,,,,,
67732e569b85a0767f6f2356,Gravity,2024-10-30T01:42:38.974Z,-6.353725,-2.150327,7.1537905,W1hZkqBeWCUTVBX6rx9OeHmaWx63,,,,,
67732e569b85a0767f6f2357,Gravity,2024-10-30T01:42:39.130Z,-6.127752,-1.7814869,7.4463015,W1hZkqBeWCUTVBX6rx9OeHmaWx63,,,,,
67732e569b85a0767f6f2358,Gravity,2024-10-30T01:42:39.294Z,-5.87287,-1.9749774,7.6012716,W1hZkqBeWCUTVBX6rx9OeHmaWx63,,,,,
67732e569b85a0767f6f2359,Gravity,2024-10-30T01:42:39.453Z,-6.2830696,-2.3516233,7.1528606,W1hZkqBeWCUTVBX6rx9OeHmaWx63,,,,,
67732e569b85a0767f6f235a,Gravity,2024-10-30T01:42:39.611Z,-6.6984863,-1.8694738,6.914179,W1hZkqBeWCUTVBX6rx9OeHmaWx63,,,,,
67732e569b85a0767f6f235b,Gravity,2024-10-30T01:42:39.769Z,-7.4187427,-0.30833924,6.406068,W1hZkqBeWCUTVBX6rx9OeHmaWx63,,,,,
67732e569b85a0767f6f235c,Gravity,2024-10-30T01:42:39.929Z,-8.003868,-0.6318256,5.6311145,W1hZkqBeWCUTVBX6rx9OeHmaWx63,,,,,
67732e569b85a0767f6f235d,Gravity,2024-10-30T01:42:40.091Z,-8.721118,-3.1997173,3.1423838,W1hZkqBeWCUTVBX6rx9OeHmaWx63,,,,,
67732e569b85a0767f6f235e,Gravity,2024-10-30T01:42:40.249Z,-8.001296,-5.5150695,1.3168156,W1hZkqBeWCUTVBX6rx9OeHmaWx63,,,,,
67732e569b85a0767f6f235f,Gravity,2024-10-30T01:42:40.409Z,-7.2947054,-6.546836,0.31147945,W1hZkqBeWCUTVBX6rx9OeHmaWx63,,,,,
67732e569b85a0767f6f2360,Gravity,2024-10-30T01:42:40.568Z,-6.9864335,-6.8344564,-0.8067209,W1hZkqBeWCUTVBX6rx9OeHmaWx63,,,,,
67732e569b85a0767f6f2361,Gravity,2024-10-30T01:42:40.728Z,-6.4786325,-7.1977363,-1.5462106,W1hZkqBeWCUTVBX6rx9OeHmaWx63,,,,,
67732e569b85a0767f6f2362,Gravity,2024-10-30T01:42:40.889Z,-6.484034,-7.134139,-1.7977993,W1hZkqBeWCUTVBX6rx9OeHmaWx63,,,,,
67732e569b85a0767f6f2363,Gravity,2024-10-30T01:42:41.048Z,-7.1311817,-6.3728037,-2.168972,W1hZkqBeWCUTVBX6rx9OeHmaWx63,,,,,
67732e569b85a0767f6f2364,Gravity,2024-10-30T01:42:41.208Z,-7.560342,-5.8687296,-2.1377678,W1hZkqBeWCUTVBX6rx9OeHmaWx63,,,,,
67732e569b85a0767f6f2365,Gravity,2024-10-30T01:42:41.368Z,-7.8628983,-5.560249,-1.8518081,W1hZkqBeWCUTVBX6rx9OeHmaWx63,,,,,
67732e569b85a0767f6f2366,Gravity,2024-10-30T01:42:41.527Z,-7.8197036,-5.714566,-1.5383991,W1hZkqBeWCUTVBX6rx9OeHmaWx63,,,,,
67732e569b85a0767f6f2367,Gravity,2024-10-30T01:42:41.689Z,-7.2663856,-6.461,-1.2750299,W1hZkqBeWCUTVBX6rx9OeHmaWx63,,,,,
67732e569b85a0767f6f2368,Gravity,2024-10-30T01:42:41.848Z,-5.7771235,-7.774638,-1.5331174,W1hZkqBeWCUTVBX6rx9OeHmaWx63,,,,,
67732e569b85a0767f6f2369,Gravity,2024-10-30T01:42:42.008Z,-4.07912,-8.65427,-2.152908,W1hZkqBeWCUTVBX6rx9OeHmaWx63,,,,,
67732e569b85a0767f6f236a,Gravity,2024-10-30T01:42:42.167Z,-2.5489836,-9.151389,-2.434213,W1hZkqBeWCUTVBX6rx9OeHmaWx63,,,,,
67732e569b85a0767f6f236b,Gravity,2024-10-30T01:42:42.327Z,-3.1661453,-8.764694,-3.053893,W1hZkqBeWCUTVBX6rx9OeHmaWx63,,,,,
67732e569b85a0767f6f236c,Gravity,2024-10-30T01:42:42.488Z,-2.9573305,-8.752781,-3.2884033,W1hZkqBeWCUTVBX6rx9OeHmaWx63,,,,,
67732e569b85a0767f6f236d,Gravity,2024-10-30T01:42:42.647Z,-2.124553,-9.2213125,-2.5737493,W1hZkqBeWCUTVBX6rx9OeHmaWx63,,,,,
67732e569b85a0767f6f236e,Gravity,2024-10-30T01:42:42.807Z,-1.7114785,-9.376538,-2.3069103,W1hZkqBeWCUTVBX6rx9OeHmaWx63,,,,,
67732e569b85a0767f6f236f,Gravity,2024-10-30T01:42:42.966Z,-1.6780827,-9.449957,-2.0131514,W1hZkqBeWCUTVBX6rx9OeHmaWx63,,,,,
67732e569b85a0767f6f2370,Gravity,2024-10-30T01:42:43.126Z,-1.904119,-9.440016,-1.8522494,W1hZkqBeWCUTVBX6rx9OeHmaWx63,,,,,
67732e569b85a0767f6f2371,Gravity,2024-10-30T01:42:43.288Z,-2.3696334,-9.308534,-1.9764334,W1hZkqBeWCUTVBX6rx9OeHmaWx63,,,,,
67732e569b85a0767f6f2372,Gravity,2024-10-30T01:42:43.446Z,-2.530678,-9.192188,-2.2955916,W1hZkqBeWCUTVBX6rx9OeHmaWx63,,,,,
67732e569b85a0767f6f2373,Gravity,2024-10-30T01:42:43.607Z,-2.2538052,-9.071263,-2.9669876,W1hZkqBeWCUTVBX6rx9OeHmaWx63,,,,,
67732e569b85a0767f6f2374,Gravity,2024-10-30T01:42:43.766Z,-2.001129,-9.051236,-3.200158,W1hZkqBeWCUTVBX6rx9OeHmaWx63,,,,,
67732e569b85a0767f6f2375,Gravity,2024-10-30T01:42:43.926Z,-1.103408,-9.445919,-2.3932085,W1hZkqBeWCUTVBX6rx9OeHmaWx63,,,,,
67732e569b85a0767f6f2376,Gravity,2024-10-30T01:42:44.087Z,0.29885113,-9.669052,-1.6094998,W1hZkqBeWCUTVBX6rx9OeHmaWx63,,,,,
67732e569b85a0767f6f2377,Gravity,2024-10-30T01:42:44.246Z,0.9963302,-9.629649,-1.5644577,W1hZkqBeWCUTVBX6rx9OeHmaWx63,,,,,
67732e569b85a0767f6f2378,Gravity,2024-10-30T01:42:44.405Z,1.1807375,-9.595026,-1.6467122,W1hZkqBeWCUTVBX6rx9OeHmaWx63,,,,,
67732e569b85a0767f6f2379,Gravity,2024-10-30T01:42:44.565Z,1.2388368,-9.559777,-1.8017542,W1hZkqBeWCUTVBX6rx9OeHmaWx63,,,,,
67732e569b85a0767f6f237a,Gravity,2024-10-30T01:42:44.725Z,0.8202297,-9.487717,-2.3410945,W1hZkqBeWCUTVBX6rx9OeHmaWx63,,,,,
67732e569b85a0767f6f237b,Gravity,2024-10-30T01:42:44.886Z,0.55375355,-9.46185,-2.517367,W1hZkqBeWCUTVBX6rx9OeHmaWx63,,,,,
67732e569b85a0767f6f237c,Gravity,2024-10-30T01:42:45.045Z,0.51624113,-9.448237,-2.575798,W1hZkqBeWCUTVBX6rx9OeHmaWx63,,,,,
67732e569b85a0767f6f237d,Gravity,2024-10-30T01:42:45.205Z,0.58175737,-9.326945,-2.9732256,W1hZkqBeWCUTVBX6rx9OeHmaWx63,,,,,
67732e569b85a0767f6f237e,Gravity,2024-10-30T01:42:45.365Z,0.71272767,-9.447137,-2.5325918,W1hZkqBeWCUTVBX6rx9OeHmaWx63,,,,,
67732e569b85a0767f6f237f,Gravity,2024-10-30T01:42:45.524Z,1.0194278,-9.426838,-2.5031607,W1hZkqBeWCUTVBX6rx9OeHmaWx63,,,,,
67732e569b85a0767f6f2380,Gravity,2024-10-30T01:42:45.685Z,1.8702328,-9.228566,-2.7397301,W1hZkqBeWCUTVBX6rx9OeHmaWx63,,,,,
67732e569b85a0767f6f2381,Gravity,2024-10-30T01:42:45.844Z,2.742254,-8.909646,-3.044442,W1hZkqBeWCUTVBX6rx9OeHmaWx63,,,,,
67732e569b85a0767f6f2382,Gravity,2024-10-30T01:42:46.004Z,2.962684,-8.809324,-3.1286716,W1hZkqBeWCUTVBX6rx9OeHmaWx63,,,,,
67732e569b85a0767f6f2383,Gravity,2024-10-30T01:42:46.164Z,2.5866952,-8.954858,-3.0479105,W1hZkqBeWCUTVBX6rx9OeHmaWx63,,,,,
67732e569b85a0767f6f2384,Gravity,2024-10-30T01:42:46.323Z,2.1358485,-9.123816,-2.892116,W1hZkqBeWCUTVBX6rx9OeHmaWx63,,,,,
67732e569b85a0767f6f2385,Gravity,2024-10-30T01:42:46.484Z,1.8926829,-9.216104,-2.7661073,W1hZkqBeWCUTVBX6rx9OeHmaWx63,,,,,
67732e569b85a0767f6f2386,Gravity,2024-10-30T01:42:46.644Z,1.5588347,-9.272562,-2.7856386,W1hZkqBeWCUTVBX6rx9OeHmaWx63,,,,,
67732e569b85a0767f6f2387,Gravity,2024-10-30T01:42:46.804Z,1.2445933,-9.3450985,-2.700045,W1hZkqBeWCUTVBX6rx9OeHmaWx63,,,,,
67732e569b85a0767f6f2388,Gravity,2024-10-30T01:42:46.964Z,0.8972679,-9.536701,-2.101541,W1hZkqBeWCUTVBX6rx9OeHmaWx63,,,,,
67732e569b85a0767f6f2389,Gravity,2024-10-30T01:42:47.123Z,0.60515857,-9.607392,-1.8713831,W1hZkqBeWCUTVBX6rx9OeHmaWx63,,,,,
67732e569b85a0767f6f238a,Gravity,2024-10-30T01:42:47.284Z,0.9392767,-9.574099,-1.9038317,W1hZkqBeWCUTVBX6rx9OeHmaWx63,,,,,
67732e569b85a0767f6f238b,Gravity,2024-10-30T01:42:47.443Z,1.7989017,-9.577143,-1.10112,W1hZkqBeWCUTVBX6rx9OeHmaWx63,,,,,
67732e569b85a0767f6f238c,Gravity,2024-10-30T01:42:47.604Z,2.3689744,-9.47983,-0.8312784,W1hZkqBeWCUTVBX6rx9OeHmaWx63,,,,,
67732e569b85a0767f6f238d,Gravity,2024-10-30T01:42:47.763Z,2.2449272,-9.463906,-1.2510113,W1hZkqBeWCUTVBX6rx9OeHmaWx63,,,,,
67732e569b85a0767f6f238e,Gravity,2024-10-30T01:42:47.923Z,2.2014234,-9.4443865,-1.4586054,W1hZkqBeWCUTVBX6rx9OeHmaWx63,,,,,
67732e569b85a0767f6f238f,Gravity,2024-10-30T01:42:48.084Z,2.6793675,-9.396249,-0.83775663,W1hZkqBeWCUTVBX6rx9OeHmaWx63,,,,,
67732e569b85a0767f6f2390,Gravity,2024-10-30T01:42:48.243Z,2.7681408,-9.407848,0.005236732,W1hZkqBeWCUTVBX6rx9OeHmaWx63,,,,,
67732e569b85a0767f6f2391,Gravity,2024-10-30T01:42:48.403Z,2.3696034,-9.513669,0.21302901,W1hZkqBeWCUTVBX6rx9OeHmaWx63,,,,,
67732e569b85a0767f6f2392,Gravity,2024-10-30T01:42:48.563Z,2.297389,-9.505915,0.72790164,W1hZkqBeWCUTVBX6rx9OeHmaWx63,,,,,
67732e569b85a0767f6f2393,Gravity,2024-10-30T01:42:48.722Z,2.2347124,-9.500317,0.9593144,W1hZkqBeWCUTVBX6rx9OeHmaWx63,,,,,
67732e569b85a0767f6f2394,Gravity,2024-10-30T01:42:48.883Z,1.7935382,-9.563524,1.2216555,W1hZkqBeWCUTVBX6rx9OeHmaWx63,,,,,
67732e569b85a0767f6f2395,Gravity,2024-10-30T01:42:49.042Z,1.605157,-9.564212,1.4558687,W1hZkqBeWCUTVBX6rx9OeHmaWx63,,,,,
67732e569b85a0767f6f2396,Gravity,2024-10-30T01:42:49.202Z,1.5839217,-9.556851,1.5257804,W1hZkqBeWCUTVBX6rx9OeHmaWx63,,,,,
67732e569b85a0767f6f2397,Gravity,2024-10-30T01:42:49.362Z,1.389583,-9.620238,1.3001223,W1hZkqBeWCUTVBX6rx9OeHmaWx63,,,,,
67732e569b85a0767f6f2398,Gravity,2024-10-30T01:42:49.522Z,1.3212676,-9.607998,1.4528754,W1hZkqBeWCUTVBX6rx9OeHmaWx63,,,,,
67732e569b85a0767f6f2399,Gravity,2024-10-30T01:42:49.684Z,1.178507,-9.629459,1.4334447,W1hZkqBeWCUTVBX6rx9OeHmaWx63,,,,,
67732e569b85a0767f6f239a,Gravity,2024-10-30T01:42:49.845Z,1.0827816,-9.623622,1.5438644,W1hZkqBeWCUTVBX6rx9OeHmaWx63,,,,,
67732e569b85a0767f6f239b,Gravity,2024-10-30T01:42:50.004Z,1.0182781,-9.660735,1.3428894,W1hZkqBeWCUTVBX6rx9OeHmaWx63,,,,,
67732e569b85a0767f6f239c,Gravity,2024-10-30T01:42:50.163Z,1.2841084,-9.365459,2.609463,W1hZkqBeWCUTVBX6rx9OeHmaWx63,,,,,
67732e569b85a0767f6f239d,Gravity,2024-10-30T01:42:50.324Z,1.3285704,-9.233614,3.024125,W1hZkqBeWCUTVBX6rx9OeHmaWx63,,,,,
67732e569b85a0767f6f239e,Gravity,2024-10-30T01:42:50.486Z,1.1751006,-9.284432,2.9306152,W1hZkqBeWCUTVBX6rx9OeHmaWx63,,,,,
67732e569b85a0767f6f239f,Gravity,2024-10-30T01:42:50.642Z,1.1711352,-9.23479,3.084978,W1hZkqBeWCUTVBX6rx9OeHmaWx63,,,,,
67732e569b85a0767f6f23a0,Gravity,2024-10-30T01:42:50.804Z,1.1709427,-9.288843,2.918256,W1hZkqBeWCUTVBX6rx9OeHmaWx63,,,,,
67732e569b85a0767f6f23a1,Gravity,2024-10-30T01:42:50.965Z,1.2541751,-9.322423,2.7729714,W1hZkqBeWCUTVBX6rx9OeHmaWx63,,,,,
67732e569b85a0767f6f23a2,Gravity,2024-10-30T01:42:51.125Z,1.6356771,-9.263595,2.7713306,W1hZkqBeWCUTVBX6rx9OeHmaWx63,,,,,
67732e569b85a0767f6f23a3,Gravity,2024-10-30T01:42:51.284Z,2.0299535,-9.284804,2.4169326,W1hZkqBeWCUTVBX6rx9OeHmaWx63,,,,,
67732e569b85a0767f6f23a4,Gravity,2024-10-30T01:42:51.444Z,2.3804183,-9.342675,1.7938644,W1hZkqBeWCUTVBX6rx9OeHmaWx63,,,,,
67732e569b85a0767f6f23a5,Gravity,2024-10-30T01:42:51.604Z,2.8053231,-9.375938,0.62593526,W1hZkqBeWCUTVBX6rx9OeHmaWx63,,,,,
67732e569b85a0767f6f23a6,Gravity,2024-10-30T01:42:51.760Z,3.0351179,-9.279454,-0.9216654,W1hZkqBeWCUTVBX6rx9OeHmaWx63,,,,,
67732e569b85a0767f6f23a7,Gravity,2024-10-30T01:42:51.920Z,2.8507178,-8.826196,-3.1844969,W1hZkqBeWCUTVBX6rx9OeHmaWx63,,,,,
67732e569b85a0767f6f23a8,Gravity,2024-10-30T01:42:52.081Z,2.3860526,-8.636429,-3.9860003,W1hZkqBeWCUTVBX6rx9OeHmaWx63,,,,,
67732e569b85a0767f6f23a9,Gravity,2024-10-30T01:42:52.239Z,1.3328891,-8.860743,-3.9849758,W1hZkqBeWCUTVBX6rx9OeHmaWx63,,,,,
67732e569b85a0767f6f23aa,Gravity,2024-10-30T01:42:52.400Z,0.12962833,-8.929716,-4.0512757,W1hZkqBeWCUTVBX6rx9OeHmaWx63,,,,,
67732e569b85a0767f6f23ab,Gravity,2024-10-30T01:42:52.559Z,-1.4121209,-8.586834,-4.521259,W1hZkqBeWCUTVBX6rx9OeHmaWx63,,,,,
67732e569b85a0767f6f23ac,Gravity,2024-10-30T01:42:52.719Z,-2.41206,-8.127335,-4.9292955,W1hZkqBeWCUTVBX6rx9OeHmaWx63,,,,,
67732e569b85a0767f6f23ad,Gravity,2024-10-30T01:42:52.880Z,-3.6532,-7.830344,-4.637817,W1hZkqBeWCUTVBX6rx9OeHmaWx63,,,,,
67732e569b85a0767f6f23ae,Gravity,2024-10-30T01:42:53.038Z,-3.5519905,-7.788862,-4.7839837,W1hZkqBeWCUTVBX6rx9OeHmaWx63,,,,,
67732e569b85a0767f6f23af,Gravity,2024-10-30T01:42:53.198Z,-3.8862565,-7.0477414,-5.603186,W1hZkqBeWCUTVBX6rx9OeHmaWx63,,,,,
67732e569b85a0767f6f23b0,Gravity,2024-10-30T01:42:53.358Z,-4.2604194,-7.26329,-5.0262184,W1hZkqBeWCUTVBX6rx9OeHmaWx63,,,,,
67732e569b85a0767f6f23b1,Gravity,2024-10-30T01:42:53.518Z,-3.8500564,-8.017608,-4.130924,W1hZkqBeWCUTVBX6rx9OeHmaWx63,,,,,
67732e569b85a0767f6f23b2,Gravity,2024-10-30T01:42:53.679Z,-3.2497609,-8.864828,-2.6501832,W1hZkqBeWCUTVBX6rx9OeHmaWx63,,,,,
67732e569b85a0767f6f23b3,Gravity,2024-10-30T01:42:53.838Z,-3.125636,-8.880949,-2.7438574,W1hZkqBeWCUTVBX6rx9OeHmaWx63,,,,,
67732e569b85a0767f6f23b4,Gravity,2024-10-30T01:42:53.998Z,-3.1851761,-8.760205,-3.0467935,W1hZkqBeWCUTVBX6rx9OeHmaWx63,,,,,
67732e569b85a0767f6f23b5,Gravity,2024-10-30T01:42:54.158Z,-3.3240924,-8.370518,-3.8799822,W1hZkqBeWCUTVBX6rx9OeHmaWx63,,,,,
67732e569b85a0767f6f23b6,Gravity,2024-10-30T01:42:54.318Z,-4.131684,-7.9165497,-4.0529966,W1hZkqBeWCUTVBX6rx9OeHmaWx63,,,,,
67732e569b85a0767f6f23b7,Gravity,2024-10-30T01:42:54.478Z,-4.5560675,-7.9178057,-3.5665112,W1hZkqBeWCUTVBX6rx9OeHmaWx63,,,,,
67732e569b85a0767f6f23b8,Gravity,2024-10-30T01:42:54.637Z,-4.5109954,-8.1047125,-3.1834114,W1hZkqBeWCUTVBX6rx9OeHmaWx63,,,,,
67732e569b85a0767f6f23b9,Gravity,2024-10-30T01:42:54.797Z,-4.402227,-8.357452,-2.6349556,W1hZkqBeWCUTVBX6rx9OeHmaWx63,,,,,
67732e569b85a0767f6f23ba,Gravity,2024-10-30T01:42:54.957Z,-4.3879156,-8.65837,-1.3958944,W1hZkqBeWCUTVBX6rx9OeHmaWx63,,,,,
67732e569b85a0767f6f23bb,Gravity,2024-10-30T01:42:55.117Z,-3.599441,-9.117477,0.29231006,W1hZkqBeWCUTVBX6rx9OeHmaWx63,,,,,
67732e569b85a0767f6f23bc,Gravity,2024-10-30T01:42:55.278Z,-3.9031882,-8.918068,1.1845185,W1hZkqBeWCUTVBX6rx9OeHmaWx63,,,,,
67732e569b85a0767f6f23bd,Gravity,2024-10-30T01:42:55.437Z,-4.8900156,-8.416642,1.190712,W1hZkqBeWCUTVBX6rx9OeHmaWx63,,,,,
67732e569b85a0767f6f23be,Gravity,2024-10-30T01:42:55.597Z,-5.3910832,-7.855899,2.3218677,W1hZkqBeWCUTVBX6rx9OeHmaWx63,,,,,
67732e569b85a0767f6f23bf,Gravity,2024-10-30T01:42:55.757Z,-5.304482,-7.3507147,3.7415924,W1hZkqBeWCUTVBX6rx9OeHmaWx63,,,,,
67732e569b85a0767f6f23c0,Gravity,2024-10-30T01:42:55.916Z,-6.221412,-6.40961,4.0473475,W1hZkqBeWCUTVBX6rx9OeHmaWx63,,,,,
67732e569b85a0767f6f23c1,Gravity,2024-10-30T01:42:56.077Z,-7.2714014,-5.5737143,3.4972105,W1hZkqBeWCUTVBX6rx9OeHmaWx63,,,,,
67732e569b85a0767f6f23c2,Gravity,2024-10-30T01:42:56.236Z,-7.716864,-5.1826873,3.1240714,W1hZkqBeWCUTVBX6rx9OeHmaWx63,,,,,
67732e569b85a0767f6f23c3,Gravity,2024-10-30T01:42:56.396Z,-7.521517,-5.476072,3.099922,W1hZkqBeWCUTVBX6rx9OeHmaWx63,,,,,
67732e569b85a0767f6f23c4,Gravity,2024-10-30T01:42:56.556Z,-7.1387005,-6.1840014,2.6395416,W1hZkqBeWCUTVBX6rx9OeHmaWx63,,,,,
67732e569b85a0767f6f23c5,Gravity,2024-10-30T01:42:56.716Z,-6.447565,-6.9223223,2.5846655,W1hZkqBeWCUTVBX6rx9OeHmaWx63,,,,,
67732e569b85a0767f6f23c6,Gravity,2024-10-30T01:42:56.877Z,-5.992275,-7.3541884,2.4856958,W1hZkqBeWCUTVBX6rx9OeHmaWx63,,,,,
67732e569b85a0767f6f23c7,Gravity,2024-10-30T01:42:57.036Z,-6.1590524,-7.247591,2.3892744,W1hZkqBeWCUTVBX6rx9OeHmaWx63,,,,,
67732e569b85a0767f6f23c8,Gravity,2024-10-30T01:42:57.196Z,-6.8473167,-6.628205,2.3133032,W1hZkqBeWCUTVBX6rx9OeHmaWx63,,,,,
67732e569b85a0767f6f23c9,Gravity,2024-10-30T01:42:57.356Z,-7.945619,-5.3535366,2.0921266,W1hZkqBeWCUTVBX6rx9OeHmaWx63,,,,,
67732e569b85a0767f6f23ca,Gravity,2024-10-30T01:42:57.515Z,-8.611396,-4.3523316,1.7524837,W1hZkqBeWCUTVBX6rx9OeHmaWx63,,,,,
67732e569b85a0767f6f23cb,Gravity,2024-10-30T01:42:57.677Z,-8.316463,-4.3769407,2.8016055,W1hZkqBeWCUTVBX6rx9OeHmaWx63,,,,,
67732e569b85a0767f6f23cc,Gravity,2024-10-30T01:42:57.835Z,-3.6884499,-7.222531,5.5136757,W1hZkqBeWCUTVBX6rx9OeHmaWx63,,,,,
67732e569b85a0767f6f23cd,Gravity,2024-10-30T01:42:57.995Z,4.5424786,-4.9770384,7.124975,W1hZkqBeWCUTVBX6rx9OeHmaWx63,,,,,
67732e569b85a0767f6f23ce,Gravity,2024-10-30T01:42:58.155Z,4.343566,-2.1717815,8.519809,W1hZkqBeWCUTVBX6rx9OeHmaWx63,,,,,
67732e569b85a0767f6f23cf,Gravity,2024-10-30T01:42:58.315Z,2.8035493,-1.0571622,9.337714,W1hZkqBeWCUTVBX6rx9OeHmaWx63,,,,,
67732e569b85a0767f6f23d0,Gravity,2024-10-30T01:42:58.476Z,1.725316,6.64537,7.0023327,W1hZkqBeWCUTVBX6rx9OeHmaWx63,,,,,
67732e569b85a0767f6f23d1,Gravity,2024-10-30T01:42:58.636Z,1.6513989,8.495253,4.612354,W1hZkqBeWCUTVBX6rx9OeHmaWx63,,,,,
67732e569b85a0767f6f23d2,Gravity,2024-10-30T01:42:58.795Z,3.2816753,6.7606883,6.3003182,W1hZkqBeWCUTVBX6rx9OeHmaWx63,,,,,
67732e569b85a0767f6f23d3,Gravity,2024-10-30T01:42:58.955Z,2.796814,7.538566,5.6141,W1hZkqBeWCUTVBX6rx9OeHmaWx63,,,,,
67732e569b85a0767f6f23d4,Gravity,2024-10-30T01:42:59.115Z,2.3942442,7.722203,5.550266,W1hZkqBeWCUTVBX6rx9OeHmaWx63,,,,,
67732e569b85a0767f6f23d5,Gravity,2024-10-30T01:42:59.276Z,1.8935108,7.5581903,5.9547167,W1hZkqBeWCUTVBX6rx9OeHmaWx63,,,,,
67732e569b85a0767f6f23d6,Gravity,2024-10-30T01:42:59.435Z,0.99574447,9.552997,1.9796358,W1hZkqBeWCUTVBX6rx9OeHmaWx63,,,,,
67732e569b85a0767f6f23d7,Gravity,2024-10-30T01:42:59.596Z,-0.24973406,9.765432,0.8626383,W1hZkqBeWCUTVBX6rx9OeHmaWx63,,,,,
67732e569b85a0767f6f23d8,Gravity,2024-10-30T01:42:59.755Z,1.446672,8.461009,4.7422266,W1hZkqBeWCUTVBX6rx9OeHmaWx63,,,,,
67732e569b85a0767f6f23d9,Gravity,2024-10-30T01:42:59.915Z,3.9848158,1.546687,8.826062,W1hZkqBeWCUTVBX6rx9OeHmaWx63,,,,,
67732e569b85a0767f6f23da,Gravity,2024-10-30T01:43:00.076Z,3.899386,-4.4881163,7.7988424,W1hZkqBeWCUTVBX6rx9OeHmaWx63,,,,,
67732e569b85a0767f6f23db,Gravity,2024-10-30T01:43:00.235Z,2.605446,-4.786647,8.152915,W1hZkqBeWCUTVBX6rx9OeHmaWx63,,,,,
67732e569b85a0767f6f23dc,Gravity,2024-10-30T01:43:00.395Z,3.3210742,-3.9635437,8.332536,W1hZkqBeWCUTVBX6rx9OeHmaWx63,,,,,
67732e569b85a0767f6f23dd,Gravity,2024-10-30T01:43:00.555Z,3.3578303,-2.449126,8.882406,W1hZkqBeWCUTVBX6rx9OeHmaWx63,,,,,
67732e569b85a0767f6f23de,Gravity,2024-10-30T01:43:00.714Z,3.2452016,-2.8273716,8.811642,W1hZkqBeWCUTVBX6rx9OeHmaWx63,,,,,
67732e569b85a0767f6f23df,Gravity,2024-10-30T01:43:00.875Z,2.8575943,-3.78142,8.585185,W1hZkqBeWCUTVBX6rx9OeHmaWx63,,,,,
67732e569b85a0767f6f23e0,Gravity,2024-10-30T01:43:01.034Z,2.1696033,-4.023413,8.676136,W1hZkqBeWCUTVBX6rx9OeHmaWx63,,,,,
67732e569b85a0767f6f23e1,Gravity,2024-10-30T01:43:01.194Z,1.5537305,-4.334614,8.658373,W1hZkqBeWCUTVBX6rx9OeHmaWx63,,,,,
67732e569b85a0767f6f23e2,Gravity,2024-10-30T01:43:01.354Z,0.9711469,-6.390412,7.3749504,W1hZkqBeWCUTVBX6rx9OeHmaWx63,,,,,
67732e569b85a0767f6f23e3,Gravity,2024-10-30T01:43:01.514Z,0.36466536,-8.60907,4.6820207,W1hZkqBeWCUTVBX6rx9OeHmaWx63,,,,,
67732e569b85a0767f6f23e4,Gravity,2024-10-30T01:43:01.677Z,-0.8633274,-9.094852,3.5649195,W1hZkqBeWCUTVBX6rx9OeHmaWx63,,,,,
67732e569b85a0767f6f23e5,Gravity,2024-10-30T01:43:01.837Z,-1.021851,-8.460877,4.851778,W1hZkqBeWCUTVBX6rx9OeHmaWx63,,,,,
67732e569b85a0767f6f23e6,Gravity,2024-10-30T01:43:01.997Z,-0.90509,-6.0291214,7.6812053,W1hZkqBeWCUTVBX6rx9OeHmaWx63,,,,,
67732e569b85a0767f6f23e7,Gravity,2024-10-30T01:43:02.635Z,-2.05641,-5.5295653,7.8336077,W1hZkqBeWCUTVBX6rx9OeHmaWx63,,,,,
67732e569b85a0767f6f23e8,Gravity,2024-10-30T01:43:02.154Z,-0.8233079,-5.3283644,8.191525,W1hZkqBeWCUTVBX6rx9OeHmaWx63,,,,,
67732e569b85a0767f6f23e9,Gravity,2024-10-30T01:43:02.798Z,-2.3140233,-5.5914235,7.7169676,W1hZkqBeWCUTVBX6rx9OeHmaWx63,,,,,
67732e569b85a0767f6f23ea,Gravity,2024-10-30T01:43:02.316Z,-0.96918523,-5.219935,8.245202,W1hZkqBeWCUTVBX6rx9OeHmaWx63,,,,,
67732e569b85a0767f6f23eb,Gravity,2024-10-30T01:43:02.957Z,-2.0954785,-5.7978415,7.6265526,W1hZkqBeWCUTVBX6rx9OeHmaWx63,,,,,
67732e569b85a0767f6f23ec,Gravity,2024-10-30T01:43:02.478Z,-1.306451,-5.013566,8.326326,W1hZkqBeWCUTVBX6rx9OeHmaWx63,,,,,
67732e569b85a0767f6f23ed,Gravity,2024-10-30T01:43:03.113Z,-1.5717255,-5.708836,7.817235,W1hZkqBeWCUTVBX6rx9OeHmaWx63,,,,,
67732e569b85a0767f6f23ee,Gravity,2024-10-30T01:43:03.757Z,-1.2174054,-5.6398225,7.929731,W1hZkqBeWCUTVBX6rx9OeHmaWx63,,,,,
67732e569b85a0767f6f23ef,Gravity,2024-10-30T01:43:03.278Z,-1.375872,-5.6041408,7.9291162,W1hZkqBeWCUTVBX6rx9OeHmaWx63,,,,,
67732e569b85a0767f6f23f0,Gravity,2024-10-30T01:43:03.436Z,-1.192202,-5.538495,8.004625,W1hZkqBeWCUTVBX6rx9OeHmaWx63,,,,,
67732e569b85a0767f6f23f1,Gravity,2024-10-30T01:43:03.917Z,-1.0632619,-5.507543,8.04405,W1hZkqBeWCUTVBX6rx9OeHmaWx63,,,,,
67732e569b85a0767f6f23f2,Gravity,2024-10-30T01:43:03.597Z,-1.0667078,-5.4233155,8.100622,W1hZkqBeWCUTVBX6rx9OeHmaWx63,,,,,
67732e569b85a0767f6f23f3,Gravity,2024-10-30T01:43:04.077Z,-0.94333214,-5.523356,8.048165,W1hZkqBeWCUTVBX6rx9OeHmaWx63,,,,,
67732e569b85a0767f6f23f4,Gravity,2024-10-30T01:43:04.236Z,-0.8663573,-5.5509477,8.037829,W1hZkqBeWCUTVBX6rx9OeHmaWx63,,,,,
67732e569b85a0767f6f23f5,Gravity,2024-10-30T01:43:04.396Z,-0.8734927,-5.661461,7.9595947,W1hZkqBeWCUTVBX6rx9OeHmaWx63,,,,,
67732e569b85a0767f6f23f6,Gravity,2024-10-30T01:43:04.555Z,-0.95765555,-6.0897098,7.626833,W1hZkqBeWCUTVBX6rx9OeHmaWx63,,,,,
67732e569b85a0767f6f23f7,Gravity,2024-10-30T01:43:04.711Z,-1.2216393,-7.22962,6.5123262,W1hZkqBeWCUTVBX6rx9OeHmaWx63,,,,,
67732e569b85a0767f6f23f8,Gravity,2024-10-30T01:43:04.872Z,-1.6346952,-8.984922,3.573371,W1hZkqBeWCUTVBX6rx9OeHmaWx63,,,,,
67732e569b85a0767f6f23f9,Gravity,2024-10-30T01:43:05.031Z,-1.8408188,-8.5273695,4.479448,W1hZkqBeWCUTVBX6rx9OeHmaWx63,,,,,
67732e569b85a0767f6f23fa,Gravity,2024-10-30T01:43:05.191Z,-1.6582534,-8.274125,4.995912,W1hZkqBeWCUTVBX6rx9OeHmaWx63,,,,,
67732e569b85a0767f6f23fb,Gravity,2024-10-30T01:43:05.351Z,-1.3731612,-7.925913,5.609318,W1hZkqBeWCUTVBX6rx9OeHmaWx63,,,,,
67732e569b85a0767f6f23fc,Gravity,2024-10-30T01:43:05.511Z,-1.4644799,-7.61959,5.997275,W1hZkqBeWCUTVBX6rx9OeHmaWx63,,,,,
67732e569b85a0767f6f23fd,Gravity,2024-10-30T01:43:05.672Z,-1.9527693,-8.322643,4.805245,W1hZkqBeWCUTVBX6rx9OeHmaWx63,,,,,
67732e569b85a0767f6f23fe,Gravity,2024-10-30T01:43:05.831Z,-1.6849554,-8.445751,4.690447,W1hZkqBeWCUTVBX6rx9OeHmaWx63,,,,,
67732e569b85a0767f6f23ff,Gravity,2024-10-30T01:43:05.991Z,-1.6639109,-8.537276,4.5295033,W1hZkqBeWCUTVBX6rx9OeHmaWx63,,,,,
67732e569b85a0767f6f2400,Gravity,2024-10-30T01:43:06.151Z,-1.7867999,-8.442283,4.6588917,W1hZkqBeWCUTVBX6rx9OeHmaWx63,,,,,
67732e569b85a0767f6f2401,Gravity,2024-10-30T01:43:06.313Z,-1.5249095,-8.31465,4.971046,W1hZkqBeWCUTVBX6rx9OeHmaWx63,,,,,
67732e569b85a0767f6f2402,Gravity,2024-10-30T01:43:06.472Z,-0.9640308,-8.140113,5.3832397,W1hZkqBeWCUTVBX6rx9OeHmaWx63,,,,,
67732e569b85a0767f6f2403,Gravity,2024-10-30T01:43:06.631Z,-0.89204746,-8.012444,5.5834665,W1hZkqBeWCUTVBX6rx9OeHmaWx63,,,,,
67732e569b85a0767f6f2404,Gravity,2024-10-30T01:43:06.791Z,-0.91148484,-7.7405396,5.9517546,W1hZkqBeWCUTVBX6rx9OeHmaWx63,,,,,
67732e569b85a0767f6f2405,Gravity,2024-10-30T01:43:06.951Z,-1.1453497,-7.7747264,5.866167,W1hZkqBeWCUTVBX6rx9OeHmaWx63,,,,,
67732e569b85a0767f6f2406,Gravity,2024-10-30T01:43:07.111Z,-1.1698421,-7.5608363,6.134769,W1hZkqBeWCUTVBX6rx9OeHmaWx63,,,,,
67732e569b85a0767f6f2407,Gravity,2024-10-30T01:43:07.272Z,-1.1310816,-7.3069,6.442055,W1hZkqBeWCUTVBX6rx9OeHmaWx63,,,,,
67732e569b85a0767f6f2408,Gravity,2024-10-30T01:43:07.430Z,-1.0389234,-7.279631,6.488285,W1hZkqBeWCUTVBX6rx9OeHmaWx63,,,,,
67732e569b85a0767f6f2409,Gravity,2024-10-30T01:43:07.591Z,-0.8882031,-7.2929745,6.495678,W1hZkqBeWCUTVBX6rx9OeHmaWx63,,,,,
67732e569b85a0767f6f240a,Gravity,2024-10-30T01:43:07.751Z,-0.8171679,-7.3267837,6.4668927,W1hZkqBeWCUTVBX6rx9OeHmaWx63,,,,,
67732e569b85a0767f6f240b,Gravity,2024-10-30T01:43:07.911Z,-0.9255905,-7.4809656,6.2728496,W1hZkqBeWCUTVBX6rx9OeHmaWx63,,,,,
67732e569b85a0767f6f240c,Gravity,2024-10-30T01:43:08.072Z,-1.0579057,-7.5546155,6.1626925,W1hZkqBeWCUTVBX6rx9OeHmaWx63,,,,,
67732e569b85a0767f6f240d,Gravity,2024-10-30T01:43:08.231Z,-1.1252655,-7.6539536,6.0266857,W1hZkqBeWCUTVBX6rx9OeHmaWx63,,,,,
67732e569b85a0767f6f240e,Gravity,2024-10-30T01:43:08.390Z,-0.99422574,-7.7598557,5.913228,W1hZkqBeWCUTVBX6rx9OeHmaWx63,,,,,
67732e569b85a0767f6f240f,Gravity,2024-10-30T01:43:08.550Z,-0.9440816,-7.855493,5.7939634,W1hZkqBeWCUTVBX6rx9OeHmaWx63,,,,,
67732e569b85a0767f6f2410,Gravity,2024-10-30T01:43:08.710Z,-0.86189187,-7.684974,6.03062,W1hZkqBeWCUTVBX6rx9OeHmaWx63,,,,,
67732e569b85a0767f6f2411,Gravity,2024-10-30T01:43:08.871Z,-1.2459676,-6.9776635,6.7771616,W1hZkqBeWCUTVBX6rx9OeHmaWx63,,,,,
67732e569b85a0767f6f2412,Gravity,2024-10-30T01:43:09.030Z,-1.7103039,-6.564536,7.081799,W1hZkqBeWCUTVBX6rx9OeHmaWx63,,,,,
67732e569b85a0767f6f2413,Gravity,2024-10-30T01:43:09.191Z,-1.8036972,-6.3868165,7.2197943,W1hZkqBeWCUTVBX6rx9OeHmaWx63,,,,,
67732e569b85a0767f6f2414,Gravity,2024-10-30T01:43:09.350Z,-1.9212217,-6.474475,7.1105733,W1hZkqBeWCUTVBX6rx9OeHmaWx63,,,,,
67732e569b85a0767f6f2415,Gravity,2024-10-30T01:43:09.510Z,-1.9137846,-6.606415,6.9901986,W1hZkqBeWCUTVBX6rx9OeHmaWx63,,,,,
67732e569b85a0767f6f2416,Gravity,2024-10-30T01:43:09.671Z,-2.0697315,-7.0816054,6.4604316,W1hZkqBeWCUTVBX6rx9OeHmaWx63,,,,,
67732e569b85a0767f6f2417,Gravity,2024-10-30T01:43:09.830Z,-2.037529,-6.9683228,6.592501,W1hZkqBeWCUTVBX6rx9OeHmaWx63,,,,,
67732e569b85a0767f6f2418,Gravity,2024-10-30T01:43:09.990Z,-2.616732,-6.9822965,6.3694854,W1hZkqBeWCUTVBX6rx9OeHmaWx63,,,,,
67732e569b85a0767f6f2419,Gravity,2024-10-30T01:43:10.150Z,-2.3532784,-7.0138097,6.4372854,W1hZkqBeWCUTVBX6rx9OeHmaWx63,,,,,
67732e569b85a0767f6f241a,Gravity,2024-10-30T01:43:10.310Z,-2.2731364,-7.2121277,6.2440486,W1hZkqBeWCUTVBX6rx9OeHmaWx63,,,,,
67732e569b85a0767f6f241b,Gravity,2024-10-30T01:43:10.471Z,-2.557751,-7.5486884,5.7136035,W1hZkqBeWCUTVBX6rx9OeHmaWx63,,,,,
67732e569b85a0767f6f241c,Gravity,2024-10-30T01:43:10.630Z,-2.6259437,-7.3836355,5.895454,W1hZkqBeWCUTVBX6rx9OeHmaWx63,,,,,
67732e569b85a0767f6f241d,Gravity,2024-10-30T01:43:10.790Z,-2.592625,-7.264774,6.0556936,W1hZkqBeWCUTVBX6rx9OeHmaWx63,,,,,
67732e569b85a0767f6f241e,Gravity,2024-10-30T01:43:10.950Z,-2.679729,-7.215857,6.076227,W1hZkqBeWCUTVBX6rx9OeHmaWx63,,,,,
67732e569b85a0767f6f241f,Gravity,2024-10-30T01:43:11.111Z,-2.6631002,-7.0236545,6.3044624,W1hZkqBeWCUTVBX6rx9OeHmaWx63,,,,,
67732e569b85a0767f6f2420,Gravity,2024-10-30T01:43:11.271Z,-2.5750382,-6.9579196,6.413006,W1hZkqBeWCUTVBX6rx9OeHmaWx63,,,,,
67732e569b85a0767f6f2421,Gravity,2024-10-30T01:43:11.430Z,-2.6224432,-7.0066705,6.3403068,W1hZkqBeWCUTVBX6rx9OeHmaWx63,,,,,
67732e569b85a0767f6f2422,Gravity,2024-10-30T01:43:11.591Z,-2.492189,-7.071168,6.321211,W1hZkqBeWCUTVBX6rx9OeHmaWx63,,,,,
67732e569b85a0767f6f2423,Gravity,2024-10-30T01:43:11.750Z,-2.419971,-7.3002815,6.0843854,W1hZkqBeWCUTVBX6rx9OeHmaWx63,,,,,
67732e569b85a0767f6f2424,Gravity,2024-10-30T01:43:11.910Z,-2.4102745,-7.1030126,6.3172693,W1hZkqBeWCUTVBX6rx9OeHmaWx63,,,,,
67732e569b85a0767f6f2425,Gravity,2024-10-30T01:43:12.071Z,-2.4951415,-7.2440915,6.1210694,W1hZkqBeWCUTVBX6rx9OeHmaWx63,,,,,
67732e569b85a0767f6f2426,Gravity,2024-10-30T01:43:12.230Z,-2.357425,-7.473656,5.895514,W1hZkqBeWCUTVBX6rx9OeHmaWx63,,,,,
67732e569b85a0767f6f2427,Gravity,2024-10-30T01:43:12.390Z,-2.4352527,-7.8280277,5.381593,W1hZkqBeWCUTVBX6rx9OeHmaWx63,,,,,
67732e569b85a0767f6f2428,Gravity,2024-10-30T01:43:12.550Z,-2.278794,-8.082692,5.064307,W1hZkqBeWCUTVBX6rx9OeHmaWx63,,,,,
67732e569b85a0767f6f2429,Gravity,2024-10-30T01:43:12.710Z,-2.044373,-7.758757,5.6384645,W1hZkqBeWCUTVBX6rx9OeHmaWx63,,,,,
67732e569b85a0767f6f242a,Gravity,2024-10-30T01:43:12.871Z,-1.9198166,-7.7562714,5.6854734,W1hZkqBeWCUTVBX6rx9OeHmaWx63,,,,,
67732e569b85a0767f6f242b,Gravity,2024-10-30T01:43:13.030Z,-0.974986,-8.088492,5.4585476,W1hZkqBeWCUTVBX6rx9OeHmaWx63,,,,,
67732e569b85a0767f6f242c,Gravity,2024-10-30T01:43:13.189Z,-0.37947702,-8.20255,5.361365,W1hZkqBeWCUTVBX6rx9OeHmaWx63,,,,,
67732e569b85a0767f6f242d,Gravity,2024-10-30T01:43:13.349Z,-0.080677174,-8.055569,5.5920806,W1hZkqBeWCUTVBX6rx9OeHmaWx63,,,,,
67732e569b85a0767f6f242e,Gravity,2024-10-30T01:43:13.509Z,0.30960202,-8.677832,4.557343,W1hZkqBeWCUTVBX6rx9OeHmaWx63,,,,,
67732e569b85a0767f6f242f,Gravity,2024-10-30T01:43:13.671Z,0.9094906,-8.992609,3.8046966,W1hZkqBeWCUTVBX6rx9OeHmaWx63,,,,,
67732e569b85a0767f6f2430,Gravity,2024-10-30T01:43:13.832Z,1.1538204,-8.492882,4.7654595,W1hZkqBeWCUTVBX6rx9OeHmaWx63,,,,,
67732e569b85a0767f6f2431,Gravity,2024-10-30T01:43:13.993Z,1.7447728,-7.417492,6.173058,W1hZkqBeWCUTVBX6rx9OeHmaWx63,,,,,
67732e569b85a0767f6f2432,Gravity,2024-10-30T01:43:14.150Z,2.273721,-6.856626,6.632269,W1hZkqBeWCUTVBX6rx9OeHmaWx63,,,,,
67732e569b85a0767f6f2433,Gravity,2024-10-30T01:43:14.312Z,2.3603737,-6.540827,6.914938,W1hZkqBeWCUTVBX6rx9OeHmaWx63,,,,,
67732e569b85a0767f6f2434,Gravity,2024-10-30T01:43:14.473Z,2.1409204,-6.7299743,6.8039727,W1hZkqBeWCUTVBX6rx9OeHmaWx63,,,,,
67732e569b85a0767f6f2435,Gravity,2024-10-30T01:43:14.630Z,1.7844864,-7.234559,6.375489,W1hZkqBeWCUTVBX6rx9OeHmaWx63,,,,,
67732e569b85a0767f6f2436,Gravity,2024-10-30T01:43:14.792Z,1.5569309,-7.2339706,6.4355073,W1hZkqBeWCUTVBX6rx9OeHmaWx63,,,,,
67732e569b85a0767f6f2437,Gravity,2024-10-30T01:43:14.952Z,1.5023031,-7.3921633,6.2665067,W1hZkqBeWCUTVBX6rx9OeHmaWx63,,,,,
67732e569b85a0767f6f2438,Gravity,2024-10-30T01:43:15.110Z,1.5391803,-7.70389,5.869505,W1hZkqBeWCUTVBX6rx9OeHmaWx63,,,,,
67732e569b85a0767f6f2439,Gravity,2024-10-30T01:43:15.273Z,1.2408538,-8.064676,5.439794,W1hZkqBeWCUTVBX6rx9OeHmaWx63,,,,,
67732e569b85a0767f6f243a,Gravity,2024-10-30T01:43:15.432Z,1.2140734,-8.466317,4.7976575,W1hZkqBeWCUTVBX6rx9OeHmaWx63,,,,,
67732e569b85a0767f6f243b,Gravity,2024-10-30T01:43:15.593Z,0.82475984,-8.83145,4.182729,W1hZkqBeWCUTVBX6rx9OeHmaWx63,,,,,
67732e569b85a0767f6f243c,Gravity,2024-10-30T01:43:15.748Z,-0.32297048,-9.075788,3.7007701,W1hZkqBeWCUTVBX6rx9OeHmaWx63,,,,,
67732e569b85a0767f6f243d,Gravity,2024-10-30T01:43:15.908Z,-2.1106212,-9.221675,2.5837677,W1hZkqBeWCUTVBX6rx9OeHmaWx63,,,,,
67732e569b85a0767f6f243e,Gravity,2024-10-30T01:43:16.069Z,-3.3581629,-8.940939,2.225361,W1hZkqBeWCUTVBX6rx9OeHmaWx63,,,,,
67732e569b85a0767f6f243f,Gravity,2024-10-30T01:43:16.228Z,-4.253451,-8.618254,1.9503179,W1hZkqBeWCUTVBX6rx9OeHmaWx63,,,,,
67732e569b85a0767f6f2440,Gravity,2024-10-30T01:43:25.682Z,-6.9164824,-5.3728004,4.411953,W1hZkqBeWCUTVBX6rx9OeHmaWx63,,,,,
67732e569b85a0767f6f2441,Gravity,2024-10-30T01:43:16.389Z,-5.1564274,-8.142632,1.8107196,W1hZkqBeWCUTVBX6rx9OeHmaWx63,,,,,
67732e569b85a0767f6f2442,Gravity,2024-10-30T01:43:25.693Z,-6.951408,-5.3509045,4.3835826,W1hZkqBeWCUTVBX6rx9OeHmaWx63,,,,,
67732e569b85a0767f6f2443,Gravity,2024-10-30T01:43:16.548Z,-5.8841586,-7.780452,1.0055052,W1hZkqBeWCUTVBX6rx9OeHmaWx63,,,,,
67732e569b85a0767f6f2444,Gravity,2024-10-30T01:43:25.754Z,-6.7723737,-5.290676,4.7237463,W1hZkqBeWCUTVBX6rx9OeHmaWx63,,,,,
67732e569b85a0767f6f2445,Gravity,2024-10-30T01:43:16.708Z,-6.4747467,-7.343905,0.5607485,W1hZkqBeWCUTVBX6rx9OeHmaWx63,,,,,
67732e569b85a0767f6f2446,Gravity,2024-10-30T01:43:16.869Z,-7.1554193,-6.3830485,2.0558581,W1hZkqBeWCUTVBX6rx9OeHmaWx63,,,,,
67732e569b85a0767f6f2447,Gravity,2024-10-30T01:43:17.028Z,-6.650588,-6.3814383,3.3491633,W1hZkqBeWCUTVBX6rx9OeHmaWx63,,,,,
67732e569b85a0767f6f2448,Gravity,2024-10-30T01:43:17.188Z,-6.20406,-6.973687,3.0078738,W1hZkqBeWCUTVBX6rx9OeHmaWx63,,,,,
67732e569b85a0767f6f2449,Gravity,2024-10-30T01:43:17.348Z,-6.609505,-6.6527076,2.8680747,W1hZkqBeWCUTVBX6rx9OeHmaWx63,,,,,
67732e569b85a0767f6f244a,Gravity,2024-10-30T01:43:17.610Z,-6.588906,-6.592222,3.0494082,W1hZkqBeWCUTVBX6rx9OeHmaWx63,,,,,
67732e569b85a0767f6f244b,Gravity,2024-10-30T01:43:17.615Z,-6.569712,-6.5808864,3.1146085,W1hZkqBeWCUTVBX6rx9OeHmaWx63,,,,,
67732e569b85a0767f6f244c,Gravity,2024-10-30T01:43:17.669Z,-6.666057,-5.7458158,4.326581,W1hZkqBeWCUTVBX6rx9OeHmaWx63,,,,,
67732e569b85a0767f6f244d,Gravity,2024-10-30T01:43:25.914Z,-4.4270196,-7.580437,4.371328,W1hZkqBeWCUTVBX6rx9OeHmaWx63,,,,,
67732e569b85a0767f6f244e,Gravity,2024-10-30T01:43:26.075Z,-0.1344339,-8.777643,4.3709173,W1hZkqBeWCUTVBX6rx9OeHmaWx63,,,,,
67732e569b85a0767f6f244f,Gravity,2024-10-30T01:43:26.233Z,3.2405708,-9.245654,0.43171918,W1hZkqBeWCUTVBX6rx9OeHmaWx63,,,,,
67732e569b85a0767f6f2450,Gravity,2024-10-30T01:43:26.394Z,7.296838,-6.326227,-1.7043351,W1hZkqBeWCUTVBX6rx9OeHmaWx63,,,,,
67732e569b85a0767f6f2451,Gravity,2024-10-30T01:43:26.556Z,8.766713,-4.160148,-1.416898,W1hZkqBeWCUTVBX6rx9OeHmaWx63,,,,,
67732e569b85a0767f6f2452,Gravity,2024-10-30T01:43:26.712Z,8.932811,-3.851817,-1.2402236,W1hZkqBeWCUTVBX6rx9OeHmaWx63,,,,,
67732e569b85a0767f6f2453,Gravity,2024-10-30T01:43:26.873Z,9.347887,-2.511775,-1.5740751,W1hZkqBeWCUTVBX6rx9OeHmaWx63,,,,,
67732e569b85a0767f6f2454,Gravity,2024-10-30T01:43:27.034Z,9.628841,-0.9327634,-1.6078113,W1hZkqBeWCUTVBX6rx9OeHmaWx63,,,,,
67732e569b85a0767f6f2455,Gravity,2024-10-30T01:43:27.195Z,9.623592,-1.389162,-1.2753218,W1hZkqBeWCUTVBX6rx9OeHmaWx63,,,,,
67732e569b85a0767f6f2456,Gravity,2024-10-30T01:43:27.354Z,9.443526,-2.2112873,-1.4490465,W1hZkqBeWCUTVBX6rx9OeHmaWx63,,,,,
67732e569b85a0767f6f2457,Gravity,2024-10-30T01:43:27.514Z,8.364376,-4.935258,-1.3601855,W1hZkqBeWCUTVBX6rx9OeHmaWx63,,,,,
67732e569b85a0767f6f2458,Gravity,2024-10-30T01:43:27.674Z,3.138035,-9.069535,-2.0164123,W1hZkqBeWCUTVBX6rx9OeHmaWx63,,,,,
67732e569b85a0767f6f2459,Gravity,2024-10-30T01:43:27.835Z,-1.2265277,-9.503881,-2.083664,W1hZkqBeWCUTVBX6rx9OeHmaWx63,,,,,
67732e569b85a0767f6f245a,Gravity,2024-10-30T01:43:27.994Z,-0.91317374,-9.670759,-1.346253,W1hZkqBeWCUTVBX6rx9OeHmaWx63,,,,,
67732e569b85a0767f6f245b,Gravity,2024-10-30T01:43:28.155Z,-0.24429655,-9.4858055,-2.4758065,W1hZkqBeWCUTVBX6rx9OeHmaWx63,,,,,
67732e569b85a0767f6f245c,Gravity,2024-10-30T01:43:28.310Z,1.1074133,-8.022292,-5.530465,W1hZkqBeWCUTVBX6rx9OeHmaWx63,,,,,
67732e569b85a0767f6f245d,Gravity,2024-10-30T01:43:28.469Z,2.1361766,-9.196489,-2.6516054,W1hZkqBeWCUTVBX6rx9OeHmaWx63,,,,,
67732e569b85a0767f6f245e,Gravity,2024-10-30T01:43:28.628Z,1.8961674,-9.191317,-2.8449507,W1hZkqBeWCUTVBX6rx9OeHmaWx63,,,,,
67732e569b85a0767f6f245f,Gravity,2024-10-30T01:43:28.789Z,1.7817951,-8.992626,-3.482437,W1hZkqBeWCUTVBX6rx9OeHmaWx63,,,,,
67732e569b85a0767f6f2460,Gravity,2024-10-30T01:43:28.950Z,2.051066,-9.069099,-3.1167412,W1hZkqBeWCUTVBX6rx9OeHmaWx63,,,,,
67732e569b85a0767f6f2461,Gravity,2024-10-30T01:43:29.108Z,2.0158713,-9.09897,-3.0519495,W1hZkqBeWCUTVBX6rx9OeHmaWx63,,,,,
67732e569b85a0767f6f2462,Gravity,2024-10-30T01:43:29.269Z,1.8766578,-9.234774,-2.7141497,W1hZkqBeWCUTVBX6rx9OeHmaWx63,,,,,
67732e569b85a0767f6f2463,Gravity,2024-10-30T01:43:29.429Z,1.7713649,-9.355072,-2.3482902,W1hZkqBeWCUTVBX6rx9OeHmaWx63,,,,,
67732e569b85a0767f6f2464,Gravity,2024-10-30T01:43:29.588Z,1.7782767,-9.391433,-2.1927469,W1hZkqBeWCUTVBX6rx9OeHmaWx63,,,,,
67732e569b85a0767f6f2465,Gravity,2024-10-30T01:43:29.749Z,1.6308109,-8.778702,-4.055145,W1hZkqBeWCUTVBX6rx9OeHmaWx63,,,,,
67732e569b85a0767f6f2466,Gravity,2024-10-30T01:43:29.908Z,2.1749904,-3.6773775,-8.826962,W1hZkqBeWCUTVBX6rx9OeHmaWx63,,,,,
67732e569b85a0767f6f2467,Gravity,2024-10-30T01:43:30.067Z,5.0490427,1.1297829,-8.330659,W1hZkqBeWCUTVBX6rx9OeHmaWx63,,,,,
67732e569b85a0767f6f2468,Gravity,2024-10-30T01:43:30.227Z,5.510142,2.0154855,-7.8578167,W1hZkqBeWCUTVBX6rx9OeHmaWx63,,,,,
67732e569b85a0767f6f2469,Gravity,2024-10-30T01:43:30.388Z,5.2652125,1.893369,-8.053673,W1hZkqBeWCUTVBX6rx9OeHmaWx63,,,,,
67732e569b85a0767f6f246a,Gravity,2024-10-30T01:43:30.548Z,5.47152,2.0951333,-7.863954,W1hZkqBeWCUTVBX6rx9OeHmaWx63,,,,,
67732e569b85a0767f6f246b,Gravity,2024-10-30T01:43:30.707Z,5.74785,2.510399,-7.53851,W1hZkqBeWCUTVBX6rx9OeHmaWx63,,,,,
67732e569b85a0767f6f246c,Gravity,2024-10-30T01:43:30.867Z,5.3311915,2.2211075,-7.9255166,W1hZkqBeWCUTVBX6rx9OeHmaWx63,,,,,
67732e569b85a0767f6f246d,Gravity,2024-10-30T01:43:31.027Z,5.8778133,3.259748,-7.1410193,W1hZkqBeWCUTVBX6rx9OeHmaWx63,,,,,
67732e569b85a0767f6f246e,Gravity,2024-10-30T01:43:31.187Z,5.762895,2.4724624,-7.5395546,W1hZkqBeWCUTVBX6rx9OeHmaWx63,,,,,
67732e569b85a0767f6f246f,Gravity,2024-10-30T01:43:31.348Z,4.6844277,-0.83527184,-8.574799,W1hZkqBeWCUTVBX6rx9OeHmaWx63,,,,,
67732e569b85a0767f6f2470,Gravity,2024-10-30T01:43:31.506Z,2.903069,-9.064958,-2.359657,W1hZkqBeWCUTVBX6rx9OeHmaWx63,,,,,
67732e569b85a0767f6f2471,Gravity,2024-10-30T01:43:31.666Z,-0.23760027,-9.78647,-0.5812632,W1hZkqBeWCUTVBX6rx9OeHmaWx63,,,,,
67732e569b85a0767f6f2472,Gravity,2024-10-30T01:43:32.134Z,-1.0440888,-9.568214,-1.8784062,W1hZkqBeWCUTVBX6rx9OeHmaWx63,,,,,
67732e569b85a0767f6f2473,Gravity,2024-10-30T01:43:32.134Z,-1.0440888,-9.568214,-1.8784062,W1hZkqBeWCUTVBX6rx9OeHmaWx63,,,,,
67732e569b85a0767f6f2474,Gravity,2024-10-30T01:43:32.154Z,-1.5851626,-9.320669,-2.6041439,W1hZkqBeWCUTVBX6rx9OeHmaWx63,,,,,
67732e569b85a0767f6f2475,Gravity,2024-10-30T01:43:32.313Z,-2.3098114,-9.057831,-2.9647546,W1hZkqBeWCUTVBX6rx9OeHmaWx63,,,,,
67732e569b85a0767f6f2476,Gravity,2024-10-30T01:43:32.473Z,-2.8524632,-8.912373,-2.9329712,W1hZkqBeWCUTVBX6rx9OeHmaWx63,,,,,
67732e569b85a0767f6f2477,Gravity,2024-10-30T01:43:32.633Z,-2.9042675,-8.965416,-2.7121558,W1hZkqBeWCUTVBX6rx9OeHmaWx63,,,,,
67732e569b85a0767f6f2478,Gravity,2024-10-30T01:43:32.794Z,-2.409097,-9.117875,-2.68885,W1hZkqBeWCUTVBX6rx9OeHmaWx63,,,,,
67732e569b85a0767f6f2479,Gravity,2024-10-30T01:43:32.953Z,-1.9664366,-9.22138,-2.6960242,W1hZkqBeWCUTVBX6rx9OeHmaWx63,,,,,
67732e569b85a0767f6f247a,Gravity,2024-10-30T01:43:33.112Z,-1.2306463,-9.339575,-2.7252772,W1hZkqBeWCUTVBX6rx9OeHmaWx63,,,,,
67732e569b85a0767f6f247b,Gravity,2024-10-30T01:43:33.272Z,-0.5604262,-9.382606,-2.7967653,W1hZkqBeWCUTVBX6rx9OeHmaWx63,,,,,
67732e569b85a0767f6f247c,Gravity,2024-10-30T01:43:33.432Z,-0.15570962,-9.384702,-2.8412,W1hZkqBeWCUTVBX6rx9OeHmaWx63,,,,,
67732e569b85a0767f6f247d,Gravity,2024-10-30T01:43:33.592Z,-0.003093582,-9.378327,-2.866399,W1hZkqBeWCUTVBX6rx9OeHmaWx63,,,,,
67732e569b85a0767f6f247e,Gravity,2024-10-30T01:43:33.753Z,0.09553835,-9.380036,-2.8592339,W1hZkqBeWCUTVBX6rx9OeHmaWx63,,,,,
67732e569b85a0767f6f247f,Gravity,2024-10-30T01:43:34.032Z,0.21049656,-9.260116,-3.221085,W1hZkqBeWCUTVBX6rx9OeHmaWx63,,,,,
67732e569b85a0767f6f2480,Gravity,2024-10-30T01:43:34.050Z,0.22745676,-9.24308,-3.2685096,W1hZkqBeWCUTVBX6rx9OeHmaWx63,,,,,
67732e569b85a0767f6f2481,Gravity,2024-10-30T01:43:34.072Z,-0.12684155,-9.060407,-3.7499816,W1hZkqBeWCUTVBX6rx9OeHmaWx63,,,,,
67732e569b85a0767f6f2482,Gravity,2024-10-30T01:43:34.232Z,0.14352936,-8.983452,-3.9302032,W1hZkqBeWCUTVBX6rx9OeHmaWx63,,,,,
67732e569b85a0767f6f2483,Gravity,2024-10-30T01:43:34.392Z,0.72328186,-9.213965,-3.278605,W1hZkqBeWCUTVBX6rx9OeHmaWx63,,,,,
67732e569b85a0767f6f2484,Gravity,2024-10-30T01:43:34.553Z,3.2356434,-8.88166,-2.6108286,W1hZkqBeWCUTVBX6rx9OeHmaWx63,,,,,
67732e569b85a0767f6f2485,Gravity,2024-10-30T01:43:34.711Z,4.208315,-8.056333,-3.6817737,W1hZkqBeWCUTVBX6rx9OeHmaWx63,,,,,
67732e569b85a0767f6f2486,Gravity,2024-10-30T01:43:34.871Z,4.338454,-8.143202,-3.3220553,W1hZkqBeWCUTVBX6rx9OeHmaWx63,,,,,
67732e569b85a0767f6f2487,Gravity,2024-10-30T01:43:35.031Z,4.1795764,-7.9230585,-3.9907737,W1hZkqBeWCUTVBX6rx9OeHmaWx63,,,,,
67732e569b85a0767f6f2488,Gravity,2024-10-30T01:43:35.191Z,3.8058822,-7.035968,-5.672779,W1hZkqBeWCUTVBX6rx9OeHmaWx63,,,,,
67732e569b85a0767f6f2489,Gravity,2024-10-30T01:43:35.351Z,4.532216,-6.796821,-5.425142,W1hZkqBeWCUTVBX6rx9OeHmaWx63,,,,,
67732e569b85a0767f6f248a,Gravity,2024-10-30T01:43:35.510Z,6.1537795,-6.1360893,-4.544152,W1hZkqBeWCUTVBX6rx9OeHmaWx63,,,,,
67732e569b85a0767f6f248b,Gravity,2024-10-30T01:43:35.672Z,5.505852,-7.844213,-2.0794024,W1hZkqBeWCUTVBX6rx9OeHmaWx63,,,,,
67732e569b85a0767f6f248c,Gravity,2024-10-30T01:43:35.830Z,3.7551289,-9.024277,-0.7946199,W1hZkqBeWCUTVBX6rx9OeHmaWx63,,,,,
67732e569b85a0767f6f248d,Gravity,2024-10-30T01:43:35.991Z,2.9320648,-9.308582,0.9608858,W1hZkqBeWCUTVBX6rx9OeHmaWx63,,,,,
67732e569b85a0767f6f248e,Gravity,2024-10-30T01:43:36.151Z,2.00285,-9.30367,2.3665085,W1hZkqBeWCUTVBX6rx9OeHmaWx63,,,,,
67732e569b85a0767f6f248f,Gravity,2024-10-30T01:43:36.310Z,1.6671295,-9.2545185,2.7829163,W1hZkqBeWCUTVBX6rx9OeHmaWx63,,,,,
67732e569b85a0767f6f2490,Gravity,2024-10-30T01:43:36.470Z,1.5819029,-9.430139,2.1771822,W1hZkqBeWCUTVBX6rx9OeHmaWx63,,,,,
67732e569b85a0767f6f2491,Gravity,2024-10-30T01:43:36.630Z,1.5620883,-9.5351095,1.676788,W1hZkqBeWCUTVBX6rx9OeHmaWx63,,,,,
67732e569b85a0767f6f2492,Gravity,2024-10-30T01:43:37.675Z,1.3998741,-9.620877,1.2841581,W1hZkqBeWCUTVBX6rx9OeHmaWx63,,,,,
67732e569b85a0767f6f2493,Gravity,2024-10-30T01:43:37.691Z,1.3900632,-9.624844,1.2649509,W1hZkqBeWCUTVBX6rx9OeHmaWx63,,,,,
67732e569b85a0767f6f2494,Gravity,2024-10-30T01:43:37.753Z,1.3097438,-9.648945,1.1629483,W1hZkqBeWCUTVBX6rx9OeHmaWx63,,,,,
67732e569b85a0767f6f2495,Gravity,2024-10-30T01:43:37.914Z,1.2946682,-9.65326,1.1438448,W1hZkqBeWCUTVBX6rx9OeHmaWx63,,,,,
67732e569b85a0767f6f2496,Gravity,2024-10-30T01:43:38.076Z,1.294841,-9.672026,0.9722649,W1hZkqBeWCUTVBX6rx9OeHmaWx63,,,,,
67732e569b85a0767f6f2497,Gravity,2024-10-30T01:43:38.234Z,1.2382197,-9.727166,0.13808241,W1hZkqBeWCUTVBX6rx9OeHmaWx63,,,,,
67732e569b85a0767f6f2498,Gravity,2024-10-30T01:43:38.396Z,1.1473433,-9.739006,-0.07274004,W1hZkqBeWCUTVBX6rx9OeHmaWx63,,,,,
67732e569b85a0767f6f2499,Gravity,2024-10-30T01:43:38.557Z,1.148209,-9.734531,0.30073592,W1hZkqBeWCUTVBX6rx9OeHmaWx63,,,,,
67732e569b85a0767f6f249a,Gravity,2024-10-30T01:43:38.714Z,1.1045281,-9.732284,0.48237506,W1hZkqBeWCUTVBX6rx9OeHmaWx63,,,,,
67732e569b85a0767f6f249b,Gravity,2024-10-30T01:43:38.871Z,0.8963304,-9.765205,0.08600308,W1hZkqBeWCUTVBX6rx9OeHmaWx63,,,,,
67732e569b85a0767f6f249c,Gravity,2024-10-30T01:43:39.034Z,0.7270433,-9.60902,-1.8188063,W1hZkqBeWCUTVBX6rx9OeHmaWx63,,,,,
67732e569b85a0767f6f249d,Gravity,2024-10-30T01:43:39.195Z,0.4576916,-9.049515,-3.7505674,W1hZkqBeWCUTVBX6rx9OeHmaWx63,,,,,
67732e569b85a0767f6f249e,Gravity,2024-10-30T01:43:39.354Z,-1.1877848,-9.357015,-2.6842747,W1hZkqBeWCUTVBX6rx9OeHmaWx63,,,,,
67732e569b85a0767f6f249f,Gravity,2024-10-30T01:43:39.514Z,-2.0071003,-9.078913,-3.1168501,W1hZkqBeWCUTVBX6rx9OeHmaWx63,,,,,
67732e569b85a0767f6f24a0,Gravity,2024-10-30T01:43:39.674Z,-1.820184,-9.031375,-3.3602037,W1hZkqBeWCUTVBX6rx9OeHmaWx63,,,,,
67732e569b85a0767f6f24a1,Gravity,2024-10-30T01:43:39.830Z,-1.6886724,-9.113609,-3.2031813,W1hZkqBeWCUTVBX6rx9OeHmaWx63,,,,,
67732e569b85a0767f6f24a2,Gravity,2024-10-30T01:43:39.990Z,-1.0413351,-9.149096,-3.3733525,W1hZkqBeWCUTVBX6rx9OeHmaWx63,,,,,
67732e569b85a0767f6f24a3,Gravity,2024-10-30T01:43:40.150Z,-0.17043167,-9.114547,-3.6146746,W1hZkqBeWCUTVBX6rx9OeHmaWx63,,,,,
67732e569b85a0767f6f24a4,Gravity,2024-10-30T01:43:40.310Z,0.5203285,-9.053634,-3.7323968,W1hZkqBeWCUTVBX6rx9OeHmaWx63,,,,,
67732e569b85a0767f6f24a5,Gravity,2024-10-30T01:43:40.469Z,0.96460086,-8.847877,-4.1175838,W1hZkqBeWCUTVBX6rx9OeHmaWx63,,,,,
67732e569b85a0767f6f24a6,Gravity,2024-10-30T01:43:40.629Z,1.268689,-8.891355,-3.937526,W1hZkqBeWCUTVBX6rx9OeHmaWx63,,,,,
67732e569b85a0767f6f24a7,Gravity,2024-10-30T01:43:40.788Z,1.1416867,-8.829131,-4.1125045,W1hZkqBeWCUTVBX6rx9OeHmaWx63,,,,,
67732e569b85a0767f6f24a8,Gravity,2024-10-30T01:43:40.949Z,0.663679,-8.267913,-5.2317195,W1hZkqBeWCUTVBX6rx9OeHmaWx63,,,,,
67732e569b85a0767f6f24a9,Gravity,2024-10-30T01:43:41.108Z,-0.22355391,-8.154145,-5.4432936,W1hZkqBeWCUTVBX6rx9OeHmaWx63,,,,,
67732e569b85a0767f6f24aa,Gravity,2024-10-30T01:43:41.268Z,-1.8355156,-8.714514,-4.1058173,W1hZkqBeWCUTVBX6rx9OeHmaWx63,,,,,
67732e569b85a0767f6f24ab,Gravity,2024-10-30T01:43:41.428Z,-3.5380437,-5.315428,-7.442966,W1hZkqBeWCUTVBX6rx9OeHmaWx63,,,,,
67732e569b85a0767f6f24ac,Gravity,2024-10-30T01:43:41.768Z,-5.0842614,-2.2042634,-8.09078,W1hZkqBeWCUTVBX6rx9OeHmaWx63,,,,,
67732e569b85a0767f6f24ad,Gravity,2024-10-30T01:43:41.768Z,-5.1199203,-2.0723484,-8.103151,W1hZkqBeWCUTVBX6rx9OeHmaWx63,,,,,
67732e569b85a0767f6f24ae,Gravity,2024-10-30T01:43:41.779Z,-5.1547775,-1.9404949,-8.113694,W1hZkqBeWCUTVBX6rx9OeHmaWx63,,,,,
67732e569b85a0767f6f24af,Gravity,2024-10-30T01:43:41.908Z,-5.0804567,-2.9833822,-7.839506,W1hZkqBeWCUTVBX6rx9OeHmaWx63,,,,,
67732e569b85a0767f6f24b0,Gravity,2024-10-30T01:43:42.068Z,-4.8874207,-4.3019333,-7.333199,W1hZkqBeWCUTVBX6rx9OeHmaWx63,,,,,
67732e569b85a0767f6f24b1,Gravity,2024-10-30T01:43:42.228Z,-4.4915223,-5.519808,-6.7473946,W1hZkqBeWCUTVBX6rx9OeHmaWx63,,,,,
67732e569b85a0767f6f24b2,Gravity,2024-10-30T01:43:42.388Z,-4.189552,-5.9082193,-6.6113653,W1hZkqBeWCUTVBX6rx9OeHmaWx63,,,,,
67732e569b85a0767f6f24b3,Gravity,2024-10-30T01:43:42.548Z,-4.2139297,-4.3551607,-7.710043,W1hZkqBeWCUTVBX6rx9OeHmaWx63,,,,,
67732e569b85a0767f6f24b4,Gravity,2024-10-30T01:43:42.707Z,-4.349281,-1.9032998,-8.580825,W1hZkqBeWCUTVBX6rx9OeHmaWx63,,,,,
67732e569b85a0767f6f24b5,Gravity,2024-10-30T01:43:42.867Z,-4.496878,-2.728314,-8.276698,W1hZkqBeWCUTVBX6rx9OeHmaWx63,,,,,
67732e569b85a0767f6f24b6,Gravity,2024-10-30T01:43:43.027Z,-4.1879287,-4.9734364,-7.3413715,W1hZkqBeWCUTVBX6rx9OeHmaWx63,,,,,
67732e569b85a0767f6f24b7,Gravity,2024-10-30T01:43:43.187Z,-3.9903078,-6.1399975,-6.5228434,W1hZkqBeWCUTVBX6rx9OeHmaWx63,,,,,
67732e569b85a0767f6f24b8,Gravity,2024-10-30T01:43:43.348Z,-3.741777,-6.8890734,-5.891473,W1hZkqBeWCUTVBX6rx9OeHmaWx63,,,,,
67732e569b85a0767f6f24b9,Gravity,2024-10-30T01:43:43.507Z,-3.5518665,-8.004626,-4.413614,W1hZkqBeWCUTVBX6rx9OeHmaWx63,,,,,
67732e569b85a0767f6f24ba,Gravity,2024-10-30T01:43:43.667Z,-2.251259,-9.17383,-2.634854,W1hZkqBeWCUTVBX6rx9OeHmaWx63,,,,,
67732e569b85a0767f6f24bb,Gravity,2024-10-30T01:43:43.827Z,3.578757,-9.089989,-0.85707045,W1hZkqBeWCUTVBX6rx9OeHmaWx63,,,,,
67732e569b85a0767f6f24bc,Gravity,2024-10-30T01:43:43.987Z,8.530302,-4.8096776,0.52048403,W1hZkqBeWCUTVBX6rx9OeHmaWx63,,,,,
67732e569b85a0767f6f24bd,Gravity,2024-10-30T01:43:44.147Z,8.964604,-2.9695835,2.6433856,W1hZkqBeWCUTVBX6rx9OeHmaWx63,,,,,
67732e569b85a0767f6f24be,Gravity,2024-10-30T01:43:44.306Z,8.1601,-3.9389746,3.7506444,W1hZkqBeWCUTVBX6rx9OeHmaWx63,,,,,
67732e569b85a0767f6f24bf,Gravity,2024-10-30T01:43:44.466Z,6.295261,-4.6920376,5.8757687,W1hZkqBeWCUTVBX6rx9OeHmaWx63,,,,,
67732e569b85a0767f6f24c0,Gravity,2024-10-30T01:43:44.626Z,5.6211815,-3.8609664,7.0473747,W1hZkqBeWCUTVBX6rx9OeHmaWx63,,,,,
67732e569b85a0767f6f24c1,Gravity,2024-10-30T01:43:44.786Z,5.4120398,-2.6047597,7.7521176,W1hZkqBeWCUTVBX6rx9OeHmaWx63,,,,,
67732e569b85a0767f6f24c2,Gravity,2024-10-30T01:43:44.947Z,5.281746,-1.9006019,8.041217,W1hZkqBeWCUTVBX6rx9OeHmaWx63,,,,,
67732e569b85a0767f6f24c3,Gravity,2024-10-30T01:43:45.106Z,5.4082456,-1.8896426,7.9592986,W1hZkqBeWCUTVBX6rx9OeHmaWx63,,,,,
67732e569b85a0767f6f24c4,Gravity,2024-10-30T01:43:45.266Z,5.5623507,-1.5185326,7.932503,W1hZkqBeWCUTVBX6rx9OeHmaWx63,,,,,
67732e569b85a0767f6f24c5,Gravity,2024-10-30T01:43:45.425Z,4.430407,-1.4727931,8.6239605,W1hZkqBeWCUTVBX6rx9OeHmaWx63,,,,,
67732e569b85a0767f6f24c6,Gravity,2024-10-30T01:43:45.585Z,3.663434,-1.7319199,8.930288,W1hZkqBeWCUTVBX6rx9OeHmaWx63,,,,,
67732e569b85a0767f6f24c7,Gravity,2024-10-30T01:43:45.746Z,3.8020928,-2.1285295,8.785431,W1hZkqBeWCUTVBX6rx9OeHmaWx63,,,,,
67732e569b85a0767f6f24c8,Gravity,2024-10-30T01:43:45.983Z,3.902669,-2.1796384,8.728614,W1hZkqBeWCUTVBX6rx9OeHmaWx63,,,,,
67732e569b85a0767f6f24c9,Gravity,2024-10-30T01:43:45.988Z,3.9207215,-2.1905906,8.717774,W1hZkqBeWCUTVBX6rx9OeHmaWx63,,,,,
67732e569b85a0767f6f24ca,Gravity,2024-10-30T01:43:46.065Z,3.4558413,-3.509986,8.479829,W1hZkqBeWCUTVBX6rx9OeHmaWx63,,,,,
67732e569b85a0767f6f24cb,Gravity,2024-10-30T01:43:46.225Z,3.80128,-3.933408,8.139343,W1hZkqBeWCUTVBX6rx9OeHmaWx63,,,,,
67732e569b85a0767f6f24cc,Gravity,2024-10-30T01:43:46.385Z,4.07828,-3.9820843,7.980036,W1hZkqBeWCUTVBX6rx9OeHmaWx63,,,,,
67732e569b85a0767f6f24cd,Gravity,2024-10-30T01:43:46.546Z,4.6328588,-2.9522512,8.123495,W1hZkqBeWCUTVBX6rx9OeHmaWx63,,,,,
67732e569b85a0767f6f24ce,Gravity,2024-10-30T01:43:46.705Z,5.1063757,0.33978257,8.365396,W1hZkqBeWCUTVBX6rx9OeHmaWx63,,,,,
67732e569b85a0767f6f24cf,Gravity,2024-10-30T01:43:46.865Z,5.347897,0.6754204,8.192324,W1hZkqBeWCUTVBX6rx9OeHmaWx63,,,,,
67732e569b85a0767f6f24d0,Gravity,2024-10-30T01:43:47.024Z,6.800141,-0.9076953,7.0074625,W1hZkqBeWCUTVBX6rx9OeHmaWx63,,,,,
67732e569b85a0767f6f24d1,Gravity,2024-10-30T01:43:47.184Z,8.102932,1.2536341,5.3797073,W1hZkqBeWCUTVBX6rx9OeHmaWx63,,,,,
67732e569b85a0767f6f24d2,Gravity,2024-10-30T01:43:47.345Z,6.4036584,2.6576953,6.93543,W1hZkqBeWCUTVBX6rx9OeHmaWx63,,,,,
67732e569b85a0767f6f24d3,Gravity,2024-10-30T01:43:47.504Z,4.3845606,2.0145652,8.537419,W1hZkqBeWCUTVBX6rx9OeHmaWx63,,,,,
67732e569b85a0767f6f24d4,Gravity,2024-10-30T01:43:47.666Z,3.8718357,1.6369373,8.860005,W1hZkqBeWCUTVBX6rx9OeHmaWx63,,,,,
67732e569b85a0767f6f24d5,Gravity,2024-10-30T01:43:47.824Z,3.781566,1.1212312,8.978473,W1hZkqBeWCUTVBX6rx9OeHmaWx63,,,,,
67732e569b85a0767f6f24d6,Gravity,2024-10-30T01:43:47.984Z,4.072695,-0.033837095,8.920897,W1hZkqBeWCUTVBX6rx9OeHmaWx63,,,,,
67732e569b85a0767f6f24d7,Gravity,2024-10-30T01:43:48.144Z,4.357411,-0.97893023,8.730696,W1hZkqBeWCUTVBX6rx9OeHmaWx63,,,,,
67732e569b85a0767f6f24d8,Gravity,2024-10-30T01:43:48.304Z,4.4394903,-1.47566,8.618802,W1hZkqBeWCUTVBX6rx9OeHmaWx63,,,,,
67732e569b85a0767f6f24d9,Gravity,2024-10-30T01:43:48.463Z,4.3255715,-1.7723105,8.6208315,W1hZkqBeWCUTVBX6rx9OeHmaWx63,,,,,
67732e569b85a0767f6f24da,Gravity,2024-10-30T01:43:48.623Z,4.470765,-1.8148302,8.537507,W1hZkqBeWCUTVBX6rx9OeHmaWx63,,,,,
67732e569b85a0767f6f24db,Gravity,2024-10-30T01:43:48.783Z,4.3039055,-2.0640888,8.566581,W1hZkqBeWCUTVBX6rx9OeHmaWx63,,,,,
67732e569b85a0767f6f24dc,Gravity,2024-10-30T01:43:48.944Z,4.4845777,-2.3210824,8.406635,W1hZkqBeWCUTVBX6rx9OeHmaWx63,,,,,
67732e569b85a0767f6f24dd,Gravity,2024-10-30T01:43:49.102Z,4.543571,-2.917951,8.18608,W1hZkqBeWCUTVBX6rx9OeHmaWx63,,,,,
67732e569b85a0767f6f24de,Gravity,2024-10-30T01:43:49.262Z,4.544376,-3.3316638,8.026147,W1hZkqBeWCUTVBX6rx9OeHmaWx63,,,,,
67732e569b85a0767f6f24df,Gravity,2024-10-30T01:43:49.422Z,4.7305694,-3.2287002,7.960376,W1hZkqBeWCUTVBX6rx9OeHmaWx63,,,,,
67732e569b85a0767f6f24e0,Gravity,2024-10-30T01:43:49.582Z,4.6834235,-3.079234,8.047002,W1hZkqBeWCUTVBX6rx9OeHmaWx63,,,,,
67732e569b85a0767f6f24e1,Gravity,2024-10-30T01:43:49.745Z,4.787758,-3.0808659,7.984737,W1hZkqBeWCUTVBX6rx9OeHmaWx63,,,,,
67732e569b85a0767f6f24e2,Gravity,2024-10-30T01:43:49.905Z,4.667155,-3.064562,8.06204,W1hZkqBeWCUTVBX6rx9OeHmaWx63,,,,,
67732e569b85a0767f6f24e3,Gravity,2024-10-30T01:43:50.066Z,4.4927173,-2.476076,8.357925,W1hZkqBeWCUTVBX6rx9OeHmaWx63,,,,,
67732e569b85a0767f6f24e4,Gravity,2024-10-30T01:43:50.224Z,4.052483,-1.5064954,8.802173,W1hZkqBeWCUTVBX6rx9OeHmaWx63,,,,,
67732e569b85a0767f6f24e5,Gravity,2024-10-30T01:43:50.386Z,4.0696263,-2.470076,8.573637,W1hZkqBeWCUTVBX6rx9OeHmaWx63,,,,,
67732e569b85a0767f6f24e6,Gravity,2024-10-30T01:43:50.546Z,4.232043,-2.1918097,8.570658,W1hZkqBeWCUTVBX6rx9OeHmaWx63,,,,,
67732e569b85a0767f6f24e7,Gravity,2024-10-30T01:43:50.703Z,4.2639832,-0.77948886,8.79666,W1hZkqBeWCUTVBX6rx9OeHmaWx63,,,,,
67732e569b85a0767f6f24e8,Gravity,2024-10-30T01:43:50.864Z,4.2169013,1.0501173,8.79121,W1hZkqBeWCUTVBX6rx9OeHmaWx63,,,,,
67732e569b85a0767f6f24e9,Gravity,2024-10-30T01:43:51.023Z,4.1757417,1.6074957,8.72637,W1hZkqBeWCUTVBX6rx9OeHmaWx63,,,,,
67732e569b85a0767f6f24ea,Gravity,2024-10-30T01:43:51.182Z,4.0924573,1.3058637,8.815719,W1hZkqBeWCUTVBX6rx9OeHmaWx63,,,,,
67732e569b85a0767f6f24eb,Gravity,2024-10-30T01:43:51.345Z,4.032528,1.0333787,8.879259,W1hZkqBeWCUTVBX6rx9OeHmaWx63,,,,,
67732e569b85a0767f6f24ec,Gravity,2024-10-30T01:43:51.503Z,3.9804006,0.76765054,8.929586,W1hZkqBeWCUTVBX6rx9OeHmaWx63,,,,,
67732e569b85a0767f6f24ed,Gravity,2024-10-30T01:43:51.662Z,3.9362898,0.21500395,8.979409,W1hZkqBeWCUTVBX6rx9OeHmaWx63,,,,,
67732e569b85a0767f6f24ee,Gravity,2024-10-30T01:43:51.820Z,4.0340276,-0.83548033,8.899381,W1hZkqBeWCUTVBX6rx9OeHmaWx63,,,,,
67732e569b85a0767f6f24ef,Gravity,2024-10-30T01:43:51.980Z,4.170076,-2.1962352,8.599849,W1hZkqBeWCUTVBX6rx9OeHmaWx63,,,,,
67732e569b85a0767f6f24f0,Gravity,2024-10-30T01:43:52.141Z,4.0534735,-2.5613742,8.554478,W1hZkqBeWCUTVBX6rx9OeHmaWx63,,,,,
67732e569b85a0767f6f24f1,Gravity,2024-10-30T01:43:52.300Z,3.9087958,-2.571231,8.618611,W1hZkqBeWCUTVBX6rx9OeHmaWx63,,,,,
67732e569b85a0767f6f24f2,Gravity,2024-10-30T01:43:52.460Z,3.7922852,-2.3301158,8.738393,W1hZkqBeWCUTVBX6rx9OeHmaWx63,,,,,
67732e569b85a0767f6f24f3,Gravity,2024-10-30T01:43:52.620Z,3.1169145,-1.4601094,9.182772,W1hZkqBeWCUTVBX6rx9OeHmaWx63,,,,,
67732e569b85a0767f6f24f4,Gravity,2024-10-30T01:43:52.780Z,2.3389237,-0.058580056,9.523465,W1hZkqBeWCUTVBX6rx9OeHmaWx63,,,,,
67732e569b85a0767f6f24f5,Gravity,2024-10-30T01:43:52.941Z,2.2977674,-0.09011976,9.533233,W1hZkqBeWCUTVBX6rx9OeHmaWx63,,,,,
67732e569b85a0767f6f24f6,Gravity,2024-10-30T01:43:53.100Z,2.1858156,-0.8098475,9.525583,W1hZkqBeWCUTVBX6rx9OeHmaWx63,,,,,
67732e569b85a0767f6f24f7,Gravity,2024-10-30T01:43:53.259Z,-0.118094906,-4.5679946,8.676971,W1hZkqBeWCUTVBX6rx9OeHmaWx63,,,,,
67732e569b85a0767f6f24f8,Gravity,2024-10-30T01:43:53.419Z,-3.9264278,-3.8223503,8.132842,W1hZkqBeWCUTVBX6rx9OeHmaWx63,,,,,
67732e569b85a0767f6f24f9,Gravity,2024-10-30T01:43:53.579Z,-4.299122,-2.3534875,8.494057,W1hZkqBeWCUTVBX6rx9OeHmaWx63,,,,,
67732e569b85a0767f6f24fa,Gravity,2024-10-30T01:43:53.740Z,-4.445117,-1.3468075,8.636977,W1hZkqBeWCUTVBX6rx9OeHmaWx63,,,,,
67732e569b85a0767f6f24fb,Gravity,2024-10-30T01:43:53.900Z,-4.8309655,-1.068745,8.466988,W1hZkqBeWCUTVBX6rx9OeHmaWx63,,,,,
67732e569b85a0767f6f24fc,Gravity,2024-10-30T01:43:54.059Z,-5.0949655,-1.3863597,8.263756,W1hZkqBeWCUTVBX6rx9OeHmaWx63,,,,,
67732e569b85a0767f6f24fd,Gravity,2024-10-30T01:43:54.219Z,-5.7227383,-2.3747368,7.601394,W1hZkqBeWCUTVBX6rx9OeHmaWx63,,,,,
67732e569b85a0767f6f24fe,Gravity,2024-10-30T01:43:54.379Z,-6.6460323,-2.006071,6.926482,W1hZkqBeWCUTVBX6rx9OeHmaWx63,,,,,
67732e569b85a0767f6f24ff,Gravity,2024-10-30T01:43:54.540Z,-7.8856974,0.024104806,5.8296943,W1hZkqBeWCUTVBX6rx9OeHmaWx63,,,,,
67732e569b85a0767f6f2500,Gravity,2024-10-30T01:43:54.698Z,-8.876183,0.19069472,4.1649795,W1hZkqBeWCUTVBX6rx9OeHmaWx63,,,,,
67732e569b85a0767f6f2501,Gravity,2024-10-30T01:43:54.859Z,-9.245055,0.006901158,3.2709143,W1hZkqBeWCUTVBX6rx9OeHmaWx63,,,,,
67732e569b85a0767f6f2502,Gravity,2024-10-30T01:43:55.018Z,-9.392578,-0.07056085,2.8185985,W1hZkqBeWCUTVBX6rx9OeHmaWx63,,,,,
67732e569b85a0767f6f2503,Gravity,2024-10-30T01:43:55.178Z,-9.175106,0.42040217,3.4366748,W1hZkqBeWCUTVBX6rx9OeHmaWx63,,,,,
67732e569b85a0767f6f2504,Gravity,2024-10-30T01:43:55.340Z,-9.047084,0.9427061,3.6649306,W1hZkqBeWCUTVBX6rx9OeHmaWx63,,,,,
67732e569b85a0767f6f2505,Gravity,2024-10-30T01:43:55.499Z,-9.518334,0.587868,2.2860038,W1hZkqBeWCUTVBX6rx9OeHmaWx63,,,,,
67732e569b85a0767f6f2506,Gravity,2024-10-30T01:43:55.659Z,-9.758589,-0.8622893,0.44323477,W1hZkqBeWCUTVBX6rx9OeHmaWx63,,,,,
67732e569b85a0767f6f2507,Gravity,2024-10-30T01:43:55.818Z,-9.257783,-2.6218975,-1.8944963,W1hZkqBeWCUTVBX6rx9OeHmaWx63,,,,,
67732e569b85a0767f6f2508,Gravity,2024-10-30T01:43:55.978Z,-7.536288,-2.805209,-5.6129313,W1hZkqBeWCUTVBX6rx9OeHmaWx63,,,,,
67732e569b85a0767f6f2509,Gravity,2024-10-30T01:43:56.139Z,-4.275563,-2.7795272,-8.376349,W1hZkqBeWCUTVBX6rx9OeHmaWx63,,,,,
67732e569b85a0767f6f250a,Gravity,2024-10-30T01:43:56.298Z,-1.6340979,-3.7476048,-8.913735,W1hZkqBeWCUTVBX6rx9OeHmaWx63,,,,,
67732e569b85a0767f6f250b,Gravity,2024-10-30T01:43:56.457Z,0.6716371,-4.099025,-8.883476,W1hZkqBeWCUTVBX6rx9OeHmaWx63,,,,,
67732e569b85a0767f6f250c,Gravity,2024-10-30T01:43:56.617Z,2.7158825,-4.0635247,-8.501824,W1hZkqBeWCUTVBX6rx9OeHmaWx63,,,,,
67732e569b85a0767f6f250d,Gravity,2024-10-30T01:43:56.778Z,4.429187,-4.4195642,-7.551096,W1hZkqBeWCUTVBX6rx9OeHmaWx63,,,,,
67732e569b85a0767f6f250e,Gravity,2024-10-30T01:43:56.938Z,5.517025,-4.753935,-6.5674815,W1hZkqBeWCUTVBX6rx9OeHmaWx63,,,,,
67732e569b85a0767f6f250f,Gravity,2024-10-30T01:43:57.097Z,6.2602067,-4.819729,-5.8094263,W1hZkqBeWCUTVBX6rx9OeHmaWx63,,,,,
67732e569b85a0767f6f2510,Gravity,2024-10-30T01:43:57.258Z,7.1298304,-4.8623037,-4.6575813,W1hZkqBeWCUTVBX6rx9OeHmaWx63,,,,,
67732e569b85a0767f6f2511,Gravity,2024-10-30T01:43:57.417Z,7.270576,-5.1125937,-4.143622,W1hZkqBeWCUTVBX6rx9OeHmaWx63,,,,,
67732e569b85a0767f6f2512,Gravity,2024-10-30T01:43:57.577Z,7.014374,-5.4973826,-4.0922947,W1hZkqBeWCUTVBX6rx9OeHmaWx63,,,,,
67732e569b85a0767f6f2513,Gravity,2024-10-30T01:43:57.738Z,6.927528,-6.0106516,-3.4714525,W1hZkqBeWCUTVBX6rx9OeHmaWx63,,,,,
67732e569b85a0767f6f2514,Gravity,2024-10-30T01:43:57.897Z,6.1092486,-5.982598,-4.801566,W1hZkqBeWCUTVBX6rx9OeHmaWx63,,,,,
67732e569b85a0767f6f2515,Gravity,2024-10-30T01:43:58.057Z,4.9934483,-6.3408723,-5.5702963,W1hZkqBeWCUTVBX6rx9OeHmaWx63,,,,,
67732e569b85a0767f6f2516,Gravity,2024-10-30T01:43:58.217Z,2.8763373,-4.1408973,-8.411238,W1hZkqBeWCUTVBX6rx9OeHmaWx63,,,,,
67732e569b85a0767f6f2517,Gravity,2024-10-30T01:43:58.377Z,3.6424768,-1.9425215,-8.895402,W1hZkqBeWCUTVBX6rx9OeHmaWx63,,,,,
67732e569b85a0767f6f2518,Gravity,2024-10-30T01:43:58.538Z,5.242247,-2.2451143,-7.977936,W1hZkqBeWCUTVBX6rx9OeHmaWx63,,,,,
67732e569b85a0767f6f2519,Gravity,2024-10-30T01:43:58.697Z,5.682446,-1.3453141,-7.8784018,W1hZkqBeWCUTVBX6rx9OeHmaWx63,,,,,
67732e569b85a0767f6f251a,Gravity,2024-10-30T01:43:58.857Z,5.073235,0.07805676,-8.391989,W1hZkqBeWCUTVBX6rx9OeHmaWx63,,,,,
67732e569b85a0767f6f251b,Gravity,2024-10-30T01:43:59.017Z,4.2745676,0.26798606,-8.821876,W1hZkqBeWCUTVBX6rx9OeHmaWx63,,,,,
67732e569b85a0767f6f251c,Gravity,2024-10-30T01:43:59.177Z,3.8534033,-0.23002617,-9.014852,W1hZkqBeWCUTVBX6rx9OeHmaWx63,,,,,
67732e569b85a0767f6f251d,Gravity,2024-10-30T01:43:59.337Z,4.25754,-1.5097841,-8.704214,W1hZkqBeWCUTVBX6rx9OeHmaWx63,,,,,
67732e569b85a0767f6f251e,Gravity,2024-10-30T01:43:59.497Z,5.009286,-3.1124117,-7.8351507,W1hZkqBeWCUTVBX6rx9OeHmaWx63,,,,,
67732e569b85a0767f6f251f,Gravity,2024-10-30T01:43:59.658Z,5.0893564,-4.318355,-7.1846995,W1hZkqBeWCUTVBX6rx9OeHmaWx63,,,,,
67732e569b85a0767f6f2520,Gravity,2024-10-30T01:43:59.816Z,4.562203,-4.4235926,-7.46912,W1hZkqBeWCUTVBX6rx9OeHmaWx63,,,,,
67732e569b85a0767f6f2521,Gravity,2024-10-30T01:44:00.175Z,4.7422547,-4.14496,-7.516651,W1hZkqBeWCUTVBX6rx9OeHmaWx63,,,,,
67732e569b85a0767f6f2522,Gravity,2024-10-30T01:44:00.182Z,4.788335,-4.142808,-7.4885726,W1hZkqBeWCUTVBX6rx9OeHmaWx63,,,,,
67732e569b85a0767f6f2523,Gravity,2024-10-30T01:44:00.182Z,4.8839607,-4.0415287,-7.482157,W1hZkqBeWCUTVBX6rx9OeHmaWx63,,,,,
67732e569b85a0767f6f2524,Gravity,2024-10-30T01:44:00.297Z,7.406315,-0.024479484,-6.427729,W1hZkqBeWCUTVBX6rx9OeHmaWx63,,,,,
67732e569b85a0767f6f2525,Gravity,2024-10-30T01:44:00.457Z,8.668731,2.1662374,-4.041092,W1hZkqBeWCUTVBX6rx9OeHmaWx63,,,,,
67732e569b85a0767f6f2526,Gravity,2024-10-30T01:44:00.617Z,9.409899,2.7566733,-0.15696284,W1hZkqBeWCUTVBX6rx9OeHmaWx63,,,,,
67732e569b85a0767f6f2527,Gravity,2024-10-30T01:44:00.776Z,8.900558,1.5443323,3.8164592,W1hZkqBeWCUTVBX6rx9OeHmaWx63,,,,,
67732e569b85a0767f6f2528,Gravity,2024-10-30T01:44:00.937Z,7.1839542,-0.99469465,6.6008863,W1hZkqBeWCUTVBX6rx9OeHmaWx63,,,,,
67732e569b85a0767f6f2529,Gravity,2024-10-30T01:44:01.096Z,4.608426,-3.6915848,7.829748,W1hZkqBeWCUTVBX6rx9OeHmaWx63,,,,,
67732e569b85a0767f6f252a,Gravity,2024-10-30T01:44:01.256Z,1.681026,-5.7665224,7.751885,W1hZkqBeWCUTVBX6rx9OeHmaWx63,,,,,
67732e569b85a0767f6f252b,Gravity,2024-10-30T01:44:01.576Z,-1.8591763,-8.140206,5.143033,W1hZkqBeWCUTVBX6rx9OeHmaWx63,,,,,
67732e569b85a0767f6f252c,Gravity,2024-10-30T01:44:01.416Z,-0.4915493,-7.118178,6.727573,W1hZkqBeWCUTVBX6rx9OeHmaWx63,,,,,
67732e569b85a0767f6f252d,Gravity,2024-10-30T01:44:01.739Z,-3.8147635,-8.2768545,3.6209886,W1hZkqBeWCUTVBX6rx9OeHmaWx63,,,,,
67732e569b85a0767f6f252e,Gravity,2024-10-30T01:44:01.899Z,-5.138314,-8.158308,1.7916476,W1hZkqBeWCUTVBX6rx9OeHmaWx63,,,,,
67732e569b85a0767f6f252f,Gravity,2024-10-30T01:44:02.059Z,-6.2103243,-7.5761275,-0.45224124,W1hZkqBeWCUTVBX6rx9OeHmaWx63,,,,,
67732e569b85a0767f6f2530,Gravity,2024-10-30T01:44:02.217Z,-6.9765167,-6.789881,-1.1815814,W1hZkqBeWCUTVBX6rx9OeHmaWx63,,,,,
67732e569b85a0767f6f2531,Gravity,2024-10-30T01:44:02.378Z,-7.512106,-6.15487,-1.362442,W1hZkqBeWCUTVBX6rx9OeHmaWx63,,,,,
67732e569b85a0767f6f2532,Gravity,2024-10-30T01:44:02.539Z,-7.684057,-5.489826,-2.6434019,W1hZkqBeWCUTVBX6rx9OeHmaWx63,,,,,
67732e569b85a0767f6f2533,Gravity,2024-10-30T01:44:02.700Z,-7.2127757,-5.1807876,-4.160016,W1hZkqBeWCUTVBX6rx9OeHmaWx63,,,,,
67732e569b85a0767f6f2534,Gravity,2024-10-30T01:44:02.861Z,-6.2420936,-4.961805,-5.708525,W1hZkqBeWCUTVBX6rx9OeHmaWx63,,,,,
67732e569b85a0767f6f2535,Gravity,2024-10-30T01:44:03.017Z,-4.4145737,-6.5363426,-5.827375,W1hZkqBeWCUTVBX6rx9OeHmaWx63,,,,,
67732e569b85a0767f6f2536,Gravity,2024-10-30T01:44:03.178Z,-3.4718256,-7.485481,-5.299485,W1hZkqBeWCUTVBX6rx9OeHmaWx63,,,,,
67732e569b85a0767f6f2537,Gravity,2024-10-30T01:44:03.340Z,-3.1633344,-8.571941,-3.5616941,W1hZkqBeWCUTVBX6rx9OeHmaWx63,,,,,
67732e569b85a0767f6f2538,Gravity,2024-10-30T01:44:03.497Z,-2.49665,-9.482909,-0.10815175,W1hZkqBeWCUTVBX6rx9OeHmaWx63,,,,,
67732e569b85a0767f6f2539,Gravity,2024-10-30T01:44:03.663Z,-2.320049,-9.263479,2.23066,W1hZkqBeWCUTVBX6rx9OeHmaWx63,,,,,
67732e569b85a0767f6f253a,Gravity,2024-10-30T01:44:03.815Z,-2.3949742,-9.147825,2.5984511,W1hZkqBeWCUTVBX6rx9OeHmaWx63,,,,,
67732e569b85a0767f6f253b,Gravity,2024-10-30T01:44:03.977Z,-2.7659376,-8.887512,3.0874405,W1hZkqBeWCUTVBX6rx9OeHmaWx63,,,,,
67732e569b85a0767f6f253c,Gravity,2024-10-30T01:44:04.136Z,-2.6194937,-8.740019,3.594562,W1hZkqBeWCUTVBX6rx9OeHmaWx63,,,,,
67732e569b85a0767f6f253d,Gravity,2024-10-30T01:44:04.295Z,-2.5925355,-8.963136,3.0185254,W1hZkqBeWCUTVBX6rx9OeHmaWx63,,,,,
67732e569b85a0767f6f253e,Gravity,2024-10-30T01:44:04.454Z,-2.561201,-8.951241,3.0799491,W1hZkqBeWCUTVBX6rx9OeHmaWx63,,,,,
67732e569b85a0767f6f253f,Gravity,2024-10-30T01:44:04.614Z,-2.2192533,-9.101135,2.900827,W1hZkqBeWCUTVBX6rx9OeHmaWx63,,,,,
67732e569b85a0767f6f2540,Gravity,2024-10-30T01:44:04.774Z,-2.7123067,-9.084334,2.507755,W1hZkqBeWCUTVBX6rx9OeHmaWx63,,,,,
67732e569b85a0767f6f2541,Gravity,2024-10-30T01:44:04.935Z,-4.7561493,-8.424293,1.6065065,W1hZkqBeWCUTVBX6rx9OeHmaWx63,,,,,
67732e569b85a0767f6f2542,Gravity,2024-10-30T01:44:05.094Z,-6.2811656,-7.4816265,0.86184597,W1hZkqBeWCUTVBX6rx9OeHmaWx63,,,,,
67732e569b85a0767f6f2543,Gravity,2024-10-30T01:44:05.254Z,-7.053538,-6.677363,1.3531506,W1hZkqBeWCUTVBX6rx9OeHmaWx63,,,,,
67732e569b85a0767f6f2544,Gravity,2024-10-30T01:44:05.414Z,-7.4395227,-6.1670995,1.6706337,W1hZkqBeWCUTVBX6rx9OeHmaWx63,,,,,
67732e569b85a0767f6f2545,Gravity,2024-10-30T01:44:05.574Z,-7.9782047,-5.4660172,1.6252877,W1hZkqBeWCUTVBX6rx9OeHmaWx63,,,,,
67732e569b85a0767f6f2546,Gravity,2024-10-30T01:44:05.735Z,-8.151865,-5.1948624,1.6526105,W1hZkqBeWCUTVBX6rx9OeHmaWx63,,,,,
67732e569b85a0767f6f2547,Gravity,2024-10-30T01:44:05.894Z,-8.205723,-5.027189,1.887862,W1hZkqBeWCUTVBX6rx9OeHmaWx63,,,,,
67732e569b85a0767f6f2548,Gravity,2024-10-30T01:44:06.053Z,-8.207081,-5.012327,1.9211704,W1hZkqBeWCUTVBX6rx9OeHmaWx63,,,,,
67732e569b85a0767f6f2549,Gravity,2024-10-30T01:44:06.213Z,-8.153919,-5.1269794,1.8434097,W1hZkqBeWCUTVBX6rx9OeHmaWx63,,,,,
67732e569b85a0767f6f254a,Gravity,2024-10-30T01:44:06.373Z,-8.127054,-5.195102,1.7698557,W1hZkqBeWCUTVBX6rx9OeHmaWx63,,,,,
67732e569b85a0767f6f254b,Gravity,2024-10-30T01:44:06.534Z,-8.045797,-5.3445992,1.694361,W1hZkqBeWCUTVBX6rx9OeHmaWx63,,,,,
67732e569b85a0767f6f254c,Gravity,2024-10-30T01:44:06.771Z,-7.9819055,-5.441585,1.6878228,W1hZkqBeWCUTVBX6rx9OeHmaWx63,,,,,
67732e569b85a0767f6f254d,Gravity,2024-10-30T01:44:06.854Z,-7.970905,-5.4502363,1.7117425,W1hZkqBeWCUTVBX6rx9OeHmaWx63,,,,,
67732e569b85a0767f6f254e,Gravity,2024-10-30T01:44:07.013Z,-7.9268293,-5.49318,1.7778608,W1hZkqBeWCUTVBX6rx9OeHmaWx63,,,,,
67732e569b85a0767f6f254f,Gravity,2024-10-30T01:44:07.173Z,-7.838368,-5.605179,1.8199934,W1hZkqBeWCUTVBX6rx9OeHmaWx63,,,,,
67732e569b85a0767f6f2550,Gravity,2024-10-30T01:44:07.334Z,-7.6957965,-5.7602224,1.9403491,W1hZkqBeWCUTVBX6rx9OeHmaWx63,,,,,
67732e569b85a0767f6f2551,Gravity,2024-10-30T01:44:07.493Z,-7.5970488,-5.865313,2.0132904,W1hZkqBeWCUTVBX6rx9OeHmaWx63,,,,,
67732e569b85a0767f6f2552,Gravity,2024-10-30T01:44:07.654Z,-7.2876167,-6.2203274,2.0901208,W1hZkqBeWCUTVBX6rx9OeHmaWx63,,,,,
67732e569b85a0767f6f2553,Gravity,2024-10-30T01:44:07.813Z,-6.7040896,-6.7333603,2.4264176,W1hZkqBeWCUTVBX6rx9OeHmaWx63,,,,,
67732e569b85a0767f6f2554,Gravity,2024-10-30T01:44:07.973Z,-6.0177884,-7.1524205,2.966407,W1hZkqBeWCUTVBX6rx9OeHmaWx63,,,,,
67732e569b85a0767f6f2555,Gravity,2024-10-30T01:44:08.134Z,-5.506029,-7.448402,3.2210932,W1hZkqBeWCUTVBX6rx9OeHmaWx63,,,,,
67732e569b85a0767f6f2556,Gravity,2024-10-30T01:44:08.293Z,-5.434796,-7.4422994,3.3534448,W1hZkqBeWCUTVBX6rx9OeHmaWx63,,,,,
67732e569b85a0767f6f2557,Gravity,2024-10-30T01:44:08.453Z,-5.577697,-7.316763,3.394798,W1hZkqBeWCUTVBX6rx9OeHmaWx63,,,,,
67732e569b85a0767f6f2558,Gravity,2024-10-30T01:44:08.613Z,-5.682399,-7.263607,3.3347676,W1hZkqBeWCUTVBX6rx9OeHmaWx63,,,,,
67732e569b85a0767f6f2559,Gravity,2024-10-30T01:44:08.773Z,-5.987096,-7.1486726,3.0366824,W1hZkqBeWCUTVBX6rx9OeHmaWx63,,,,,
67732e569b85a0767f6f255a,Gravity,2024-10-30T01:44:08.934Z,-6.158975,-7.03676,2.9531894,W1hZkqBeWCUTVBX6rx9OeHmaWx63,,,,,
67732e569b85a0767f6f255b,Gravity,2024-10-30T01:44:09.093Z,-6.197667,-6.939343,3.0991557,W1hZkqBeWCUTVBX6rx9OeHmaWx63,,,,,
67732e569b85a0767f6f255c,Gravity,2024-10-30T01:44:09.254Z,-6.2925677,-6.856404,3.092512,W1hZkqBeWCUTVBX6rx9OeHmaWx63,,,,,
67732e569b85a0767f6f255d,Gravity,2024-10-30T01:44:09.413Z,-6.048817,-6.949202,3.3601654,W1hZkqBeWCUTVBX6rx9OeHmaWx63,,,,,
67732e569b85a0767f6f255e,Gravity,2024-10-30T01:44:09.573Z,-5.9079466,-7.0454226,3.4100564,W1hZkqBeWCUTVBX6rx9OeHmaWx63,,,,,
67732e569b85a0767f6f255f,Gravity,2024-10-30T01:44:09.734Z,-5.798954,-7.1271567,3.427258,W1hZkqBeWCUTVBX6rx9OeHmaWx63,,,,,
67732e569b85a0767f6f2560,Gravity,2024-10-30T01:44:09.893Z,-5.556454,-7.27036,3.5267568,W1hZkqBeWCUTVBX6rx9OeHmaWx63,,,,,
67732e569b85a0767f6f2561,Gravity,2024-10-30T01:44:10.053Z,-5.6125607,-7.393461,3.1632624,W1hZkqBeWCUTVBX6rx9OeHmaWx63,,,,,
67732e569b85a0767f6f2562,Gravity,2024-10-30T01:44:10.213Z,-5.5069904,-7.523039,3.040929,W1hZkqBeWCUTVBX6rx9OeHmaWx63,,,,,
67732e569b85a0767f6f2563,Gravity,2024-10-30T01:44:10.373Z,-5.713914,-7.4459763,2.8423395,W1hZkqBeWCUTVBX6rx9OeHmaWx63,,,,,
67732e569b85a0767f6f2564,Gravity,2024-10-30T01:44:10.534Z,-6.0278797,-7.2279387,2.755336,W1hZkqBeWCUTVBX6rx9OeHmaWx63,,,,,
67732e569b85a0767f6f2565,Gravity,2024-10-30T01:44:10.693Z,-6.270752,-7.05863,2.6502357,W1hZkqBeWCUTVBX6rx9OeHmaWx63,,,,,
67732e569b85a0767f6f2566,Gravity,2024-10-30T01:44:10.853Z,-6.37811,-7.006529,2.5295203,W1hZkqBeWCUTVBX6rx9OeHmaWx63,,,,,
67732e569b85a0767f6f2567,Gravity,2024-10-30T01:44:11.013Z,-6.3662953,-7.0110407,2.5467217,W1hZkqBeWCUTVBX6rx9OeHmaWx63,,,,,
67732e569b85a0767f6f2568,Gravity,2024-10-30T01:44:11.173Z,-6.3812447,-7.0072846,2.5195017,W1hZkqBeWCUTVBX6rx9OeHmaWx63,,,,,
67732e569b85a0767f6f2569,Gravity,2024-10-30T01:44:11.334Z,-6.1712666,-7.088945,2.7986758,W1hZkqBeWCUTVBX6rx9OeHmaWx63,,,,,
67732e569b85a0767f6f256a,Gravity,2024-10-30T01:44:11.587Z,-6.001393,-7.05536,3.221095,W1hZkqBeWCUTVBX6rx9OeHmaWx63,,,,,
67732e569b85a0767f6f256b,Gravity,2024-10-30T01:44:11.654Z,-6.025173,-6.984188,3.3299654,W1hZkqBeWCUTVBX6rx9OeHmaWx63,,,,,
67732e569b85a0767f6f256c,Gravity,2024-10-30T01:44:11.812Z,-6.203626,-6.858557,3.2627437,W1hZkqBeWCUTVBX6rx9OeHmaWx63,,,,,
67732e569b85a0767f6f256d,Gravity,2024-10-30T01:44:11.973Z,-6.2888255,-6.7706933,3.2830892,W1hZkqBeWCUTVBX6rx9OeHmaWx63,,,,,
67732e569b85a0767f6f256e,Gravity,2024-10-30T01:44:12.134Z,-6.275071,-6.7449737,3.361399,W1hZkqBeWCUTVBX6rx9OeHmaWx63,,,,,
67732e569b85a0767f6f256f,Gravity,2024-10-30T01:44:12.293Z,-6.220602,-6.731532,3.4872317,W1hZkqBeWCUTVBX6rx9OeHmaWx63,,,,,
67732e569b85a0767f6f2570,Gravity,2024-10-30T01:44:12.453Z,-6.1789484,-6.7802267,3.4668946,W1hZkqBeWCUTVBX6rx9OeHmaWx63,,,,,
67732e569b85a0767f6f2571,Gravity,2024-10-30T01:44:12.612Z,-6.327291,-6.8265424,3.0877106,W1hZkqBeWCUTVBX6rx9OeHmaWx63,,,,,
67732e569b85a0767f6f2572,Gravity,2024-10-30T01:44:12.772Z,-6.8264832,-6.6330347,2.360563,W1hZkqBeWCUTVBX6rx9OeHmaWx63,,,,,
67732e569b85a0767f6f2573,Gravity,2024-10-30T01:44:12.933Z,-7.045532,-6.5592647,1.8726428,W1hZkqBeWCUTVBX6rx9OeHmaWx63,,,,,
67732e569b85a0767f6f2574,Gravity,2024-10-30T01:44:13.092Z,-7.0221825,-6.5989227,1.8202716,W1hZkqBeWCUTVBX6rx9OeHmaWx63,,,,,
67732e569b85a0767f6f2575,Gravity,2024-10-30T01:44:13.252Z,-7.044605,-6.581338,1.7971494,W1hZkqBeWCUTVBX6rx9OeHmaWx63,,,,,
67732e569b85a0767f6f2576,Gravity,2024-10-30T01:44:13.412Z,-6.997819,-6.6230464,1.8264284,W1hZkqBeWCUTVBX6rx9OeHmaWx63,,,,,
67732e569b85a0767f6f2577,Gravity,2024-10-30T01:44:13.572Z,-6.9816546,-6.634068,1.8481492,W1hZkqBeWCUTVBX6rx9OeHmaWx63,,,,,
67732e569b85a0767f6f2578,Gravity,2024-10-30T01:44:13.735Z,-6.967046,-6.6150537,1.9675688,W1hZkqBeWCUTVBX6rx9OeHmaWx63,,,,,
67732e569b85a0767f6f2579,Gravity,2024-10-30T01:44:13.895Z,-7.0602574,-6.482955,2.0722177,W1hZkqBeWCUTVBX6rx9OeHmaWx63,,,,,
67732e569b85a0767f6f257a,Gravity,2024-10-30T01:44:14.055Z,-7.211631,-6.2900686,2.1441748,W1hZkqBeWCUTVBX6rx9OeHmaWx63,,,,,
67732e569b85a0767f6f257b,Gravity,2024-10-30T01:44:14.213Z,-7.3322573,-6.133504,2.1881843,W1hZkqBeWCUTVBX6rx9OeHmaWx63,,,,,
67732e569b85a0767f6f257c,Gravity,2024-10-30T01:44:14.375Z,-7.3805346,-6.080292,2.1743338,W1hZkqBeWCUTVBX6rx9OeHmaWx63,,,,,
67732e569b85a0767f6f257d,Gravity,2024-10-30T01:44:14.536Z,-7.4029207,-6.065974,2.137909,W1hZkqBeWCUTVBX6rx9OeHmaWx63,,,,,
67732e569b85a0767f6f257e,Gravity,2024-10-30T01:44:14.692Z,-7.3949485,-6.082989,2.1170485,W1hZkqBeWCUTVBX6rx9OeHmaWx63,,,,,
67732e569b85a0767f6f257f,Gravity,2024-10-30T01:44:14.854Z,-7.357351,-6.1416306,2.0783694,W1hZkqBeWCUTVBX6rx9OeHmaWx63,,,,,
67732e569b85a0767f6f2580,Gravity,2024-10-30T01:44:15.014Z,-7.32672,-6.198654,2.016336,W1hZkqBeWCUTVBX6rx9OeHmaWx63,,,,,
67732e569b85a0767f6f2581,Gravity,2024-10-30T01:44:15.175Z,-7.3199325,-6.2228026,1.9659426,W1hZkqBeWCUTVBX6rx9OeHmaWx63,,,,,
67732e569b85a0767f6f2582,Gravity,2024-10-30T01:44:15.335Z,-7.3206124,-6.237911,1.9148499,W1hZkqBeWCUTVBX6rx9OeHmaWx63,,,,,
67732e569b85a0767f6f2583,Gravity,2024-10-30T01:44:15.494Z,-7.3220572,-6.267716,1.809041,W1hZkqBeWCUTVBX6rx9OeHmaWx63,,,,,
67732e569b85a0767f6f2584,Gravity,2024-10-30T01:44:15.656Z,-7.352535,-6.2426753,1.7715898,W1hZkqBeWCUTVBX6rx9OeHmaWx63,,,,,
67732e569b85a0767f6f2585,Gravity,2024-10-30T01:44:15.810Z,-7.3791757,-6.2157416,1.7554338,W1hZkqBeWCUTVBX6rx9OeHmaWx63,,,,,
67732e569b85a0767f6f2586,Gravity,2024-10-30T01:44:15.970Z,-7.435741,-6.1698647,1.6768525,W1hZkqBeWCUTVBX6rx9OeHmaWx63,,,,,
67732e569b85a0767f6f2587,Gravity,2024-10-30T01:44:16.132Z,-7.479162,-6.112299,1.6944647,W1hZkqBeWCUTVBX6rx9OeHmaWx63,,,,,
67732e569b85a0767f6f2588,Gravity,2024-10-30T01:44:16.290Z,-7.5059376,-6.0723495,1.7194866,W1hZkqBeWCUTVBX6rx9OeHmaWx63,,,,,
67732e569b85a0767f6f2589,Gravity,2024-10-30T01:44:16.450Z,-7.5245123,-6.0513306,1.7123613,W1hZkqBeWCUTVBX6rx9OeHmaWx63,,,,,
67732e569b85a0767f6f258a,Gravity,2024-10-30T01:44:16.610Z,-7.525273,-6.053255,1.7021967,W1hZkqBeWCUTVBX6rx9OeHmaWx63,,,,,
67732e569b85a0767f6f258b,Gravity,2024-10-30T01:44:16.769Z,-7.5204296,-6.0676084,1.6722707,W1hZkqBeWCUTVBX6rx9OeHmaWx63,,,,,
67732e569b85a0767f6f258c,Gravity,2024-10-30T01:44:16.930Z,-7.5180893,-6.080503,1.6355445,W1hZkqBeWCUTVBX6rx9OeHmaWx63,,,,,
67732e569b85a0767f6f258d,Gravity,2024-10-30T01:44:17.090Z,-7.5201116,-6.080083,1.6278156,W1hZkqBeWCUTVBX6rx9OeHmaWx63,,,,,
67732e569b85a0767f6f258e,Gravity,2024-10-30T01:44:17.249Z,-7.5281076,-6.0719395,1.6212308,W1hZkqBeWCUTVBX6rx9OeHmaWx63,,,,,
67732e569b85a0767f6f258f,Gravity,2024-10-30T01:44:17.409Z,-7.5354404,-6.073123,1.5822548,W1hZkqBeWCUTVBX6rx9OeHmaWx63,,,,,
67732e569b85a0767f6f2590,Gravity,2024-10-30T01:44:17.569Z,-7.5091286,-6.1220226,1.5175388,W1hZkqBeWCUTVBX6rx9OeHmaWx63,,,,,
67732e569b85a0767f6f2591,Gravity,2024-10-30T01:44:17.730Z,-7.5120754,-6.13215,1.4610227,W1hZkqBeWCUTVBX6rx9OeHmaWx63,,,,,
67732e569b85a0767f6f2592,Gravity,2024-10-30T01:44:17.890Z,-7.548391,-6.1148024,1.341718,W1hZkqBeWCUTVBX6rx9OeHmaWx63,,,,,
67732e569b85a0767f6f2593,Gravity,2024-10-30T01:44:18.049Z,-7.540069,-6.1449156,1.2476238,W1hZkqBeWCUTVBX6rx9OeHmaWx63,,,,,
67732e569b85a0767f6f2594,Gravity,2024-10-30T01:44:18.209Z,-7.4638734,-6.242032,1.2234598,W1hZkqBeWCUTVBX6rx9OeHmaWx63,,,,,
67732e569b85a0767f6f2595,Gravity,2024-10-30T01:44:18.369Z,-7.40986,-6.31253,1.1895458,W1hZkqBeWCUTVBX6rx9OeHmaWx63,,,,,
67732e569b85a0767f6f2596,Gravity,2024-10-30T01:44:18.529Z,-7.4067855,-6.3238893,1.1476105,W1hZkqBeWCUTVBX6rx9OeHmaWx63,,,,,
67732e569b85a0767f6f2597,Gravity,2024-10-30T01:44:18.688Z,-7.420623,-6.3175044,1.092033,W1hZkqBeWCUTVBX6rx9OeHmaWx63,,,,,
67732e569b85a0767f6f2598,Gravity,2024-10-30T01:44:18.848Z,-7.457665,-6.2840614,1.0308784,W1hZkqBeWCUTVBX6rx9OeHmaWx63,,,,,
67732e569b85a0767f6f2599,Gravity,2024-10-30T01:44:19.008Z,-7.4534082,-6.30088,0.9562467,W1hZkqBeWCUTVBX6rx9OeHmaWx63,,,,,
67732e569b85a0767f6f259a,Gravity,2024-10-30T01:44:19.168Z,-7.4966583,-6.2466664,0.97371995,W1hZkqBeWCUTVBX6rx9OeHmaWx63,,,,,
67732e569b85a0767f6f259b,Gravity,2024-10-30T01:44:19.329Z,-7.5652704,-6.16417,0.9688012,W1hZkqBeWCUTVBX6rx9OeHmaWx63,,,,,
67732e569b85a0767f6f259c,Gravity,2024-10-30T01:44:19.488Z,-7.5954504,-6.1352453,0.9147128,W1hZkqBeWCUTVBX6rx9OeHmaWx63,,,,,
67732e569b85a0767f6f259d,Gravity,2024-10-30T01:44:19.649Z,-7.5725617,-6.170582,0.8653943,W1hZkqBeWCUTVBX6rx9OeHmaWx63,,,,,
67732e569b85a0767f6f259e,Gravity,2024-10-30T01:44:19.808Z,-7.6316338,-6.1012044,0.8379794,W1hZkqBeWCUTVBX6rx9OeHmaWx63,,,,,
67732e569b85a0767f6f259f,Gravity,2024-10-30T01:44:19.967Z,-7.6331697,-6.105762,0.78941524,W1hZkqBeWCUTVBX6rx9OeHmaWx63,,,,,
67732e569b85a0767f6f25a0,Gravity,2024-10-30T01:44:20.128Z,-7.5563273,-6.2126045,0.68868005,W1hZkqBeWCUTVBX6rx9OeHmaWx63,,,,,
67732e569b85a0767f6f25a1,Gravity,2024-10-30T01:44:20.288Z,-7.511127,-6.26915,0.6704529,W1hZkqBeWCUTVBX6rx9OeHmaWx63,,,,,
67732e569b85a0767f6f25a2,Gravity,2024-10-30T01:44:20.447Z,-7.525322,-6.2561846,0.6312388,W1hZkqBeWCUTVBX6rx9OeHmaWx63,,,,,
67732e569b85a0767f6f25a3,Gravity,2024-10-30T01:44:20.607Z,-7.4814687,-6.31405,0.57378805,W1hZkqBeWCUTVBX6rx9OeHmaWx63,,,,,
67732e569b85a0767f6f25a4,Gravity,2024-10-30T01:44:20.768Z,-7.4176664,-6.3964243,0.482499,W1hZkqBeWCUTVBX6rx9OeHmaWx63,,,,,
67732e569b85a0767f6f25a5,Gravity,2024-10-30T01:44:20.929Z,-7.3712106,-6.4568477,0.37851518,W1hZkqBeWCUTVBX6rx9OeHmaWx63,,,,,
67732e569b85a0767f6f25a6,Gravity,2024-10-30T01:44:21.088Z,-7.351511,-6.482574,0.31687546,W1hZkqBeWCUTVBX6rx9OeHmaWx63,,,,,
67732e569b85a0767f6f25a7,Gravity,2024-10-30T01:44:21.248Z,-7.3710895,-6.461873,0.28304976,W1hZkqBeWCUTVBX6rx9OeHmaWx63,,,,,
67732e569b85a0767f6f25a8,Gravity,2024-10-30T01:44:21.407Z,-7.4093504,-6.417931,0.28339827,W1hZkqBeWCUTVBX6rx9OeHmaWx63,,,,,
67732e569b85a0767f6f25a9,Gravity,2024-10-30T01:44:21.567Z,-7.4197774,-6.4080763,0.2281139,W1hZkqBeWCUTVBX6rx9OeHmaWx63,,,,,
67732e569b85a0767f6f25aa,Gravity,2024-10-30T01:44:21.729Z,-7.423986,-6.404345,0.19309315,W1hZkqBeWCUTVBX6rx9OeHmaWx63,,,,,
67732e569b85a0767f6f25ab,Gravity,2024-10-30T01:44:21.887Z,-7.3954954,-6.4373565,0.18837197,W1hZkqBeWCUTVBX6rx9OeHmaWx63,,,,,
67732e569b85a0767f6f25ac,Gravity,2024-10-30T01:44:22.048Z,-7.4455338,-6.380523,0.14602993,W1hZkqBeWCUTVBX6rx9OeHmaWx63,,,,,
67732e569b85a0767f6f25ad,Gravity,2024-10-30T01:44:22.208Z,-7.5016437,-6.314876,0.12615927,W1hZkqBeWCUTVBX6rx9OeHmaWx63,,,,,
67732e569b85a0767f6f25ae,Gravity,2024-10-30T01:44:22.367Z,-7.507832,-6.307734,0.11439868,W1hZkqBeWCUTVBX6rx9OeHmaWx63,,,,,
67732e569b85a0767f6f25af,Gravity,2024-10-30T01:44:22.529Z,-7.5596967,-6.245506,0.11202041,W1hZkqBeWCUTVBX6rx9OeHmaWx63,,,,,
67732e569b85a0767f6f25b0,Gravity,2024-10-30T01:44:22.688Z,-7.578801,-6.222204,0.11736645,W1hZkqBeWCUTVBX6rx9OeHmaWx63,,,,,
67732e569b85a0767f6f25b1,Gravity,2024-10-30T01:44:22.847Z,-7.582837,-6.2177434,0.089390054,W1hZkqBeWCUTVBX6rx9OeHmaWx63,,,,,
67732e569b85a0767f6f25b2,Gravity,2024-10-30T01:44:23.007Z,-7.5119224,-6.3034163,0.07678674,W1hZkqBeWCUTVBX6rx9OeHmaWx63,,,,,
67732e569b85a0767f6f25b3,Gravity,2024-10-30T01:44:23.167Z,-7.4153514,-6.417148,0.027571168,W1hZkqBeWCUTVBX6rx9OeHmaWx63,,,,,
67732e569b85a0767f6f25b4,Gravity,2024-10-30T01:44:23.328Z,-7.3692813,-6.470033,0.009433745,W1hZkqBeWCUTVBX6rx9OeHmaWx63,,,,,
67732e569b85a0767f6f25b5,Gravity,2024-10-30T01:44:23.487Z,-7.348159,-6.4940057,-0.009189707,W1hZkqBeWCUTVBX6rx9OeHmaWx63,,,,,
67732e569b85a0767f6f25b6,Gravity,2024-10-30T01:44:25.678Z,-7.354104,-6.4872074,-0.030082127,W1hZkqBeWCUTVBX6rx9OeHmaWx63,,,,,
67732e569b85a0767f6f25b7,Gravity,2024-10-30T01:44:25.752Z,-7.174375,-6.6812735,-0.2374309,W1hZkqBeWCUTVBX6rx9OeHmaWx63,,,,,
67732e569b85a0767f6f25b8,Gravity,2024-10-30T01:44:25.913Z,-6.6858335,-7.1549234,-0.52348614,W1hZkqBeWCUTVBX6rx9OeHmaWx63,,,,,
67732e569b85a0767f6f25b9,Gravity,2024-10-30T01:44:26.074Z,-6.2567925,-7.498096,-0.89350283,W1hZkqBeWCUTVBX6rx9OeHmaWx63,,,,,
67732e569b85a0767f6f25ba,Gravity,2024-10-30T01:44:26.234Z,-5.6747026,-7.9031324,-1.2269415,W1hZkqBeWCUTVBX6rx9OeHmaWx63,,,,,
67732e569b85a0767f6f25bb,Gravity,2024-10-30T01:44:26.394Z,-5.070996,-8.199984,-1.7922503,W1hZkqBeWCUTVBX6rx9OeHmaWx63,,,,,
67732e569b85a0767f6f25bc,Gravity,2024-10-30T01:44:26.555Z,-4.4643545,-8.368153,-2.4920425,W1hZkqBeWCUTVBX6rx9OeHmaWx63,,,,,
67732e569b85a0767f6f25bd,Gravity,2024-10-30T01:44:26.714Z,-3.5405147,-8.533991,-3.2866628,W1hZkqBeWCUTVBX6rx9OeHmaWx63,,,,,
67732e569b85a0767f6f25be,Gravity,2024-10-30T01:44:26.871Z,-2.664712,-8.747094,-3.5431569,W1hZkqBeWCUTVBX6rx9OeHmaWx63,,,,,
67732e569b85a0767f6f25bf,Gravity,2024-10-30T01:44:27.034Z,-2.9570975,-8.634014,-3.5882668,W1hZkqBeWCUTVBX6rx9OeHmaWx63,,,,,
67732e569b85a0767f6f25c0,Gravity,2024-10-30T01:44:27.194Z,-3.5801792,-8.513096,-3.2978568,W1hZkqBeWCUTVBX6rx9OeHmaWx63,,,,,
67732e569b85a0767f6f25c1,Gravity,2024-10-30T01:44:27.353Z,-4.291917,-8.393617,-2.700602,W1hZkqBeWCUTVBX6rx9OeHmaWx63,,,,,
67732e569b85a0767f6f25c2,Gravity,2024-10-30T01:44:27.514Z,-5.152649,-8.048328,-2.2003195,W1hZkqBeWCUTVBX6rx9OeHmaWx63,,,,,
67732e569b85a0767f6f25c3,Gravity,2024-10-30T01:44:27.672Z,-5.6239376,-7.907084,-1.4199741,W1hZkqBeWCUTVBX6rx9OeHmaWx63,,,,,
67732e569b85a0767f6f25c4,Gravity,2024-10-30T01:44:27.831Z,-6.189839,-7.5761585,-0.6744588,W1hZkqBeWCUTVBX6rx9OeHmaWx63,,,,,
67732e569b85a0767f6f25c5,Gravity,2024-10-30T01:44:27.990Z,-6.42508,-7.4080553,0.080058314,W1hZkqBeWCUTVBX6rx9OeHmaWx63,,,,,
67732e569b85a0767f6f25c6,Gravity,2024-10-30T01:44:28.150Z,-6.6083293,-7.2448864,0.09469591,W1hZkqBeWCUTVBX6rx9OeHmaWx63,,,,,
67732e569b85a0767f6f25c7,Gravity,2024-10-30T01:44:28.309Z,-6.703099,-7.1573734,-0.088158034,W1hZkqBeWCUTVBX6rx9OeHmaWx63,,,,,
67732e569b85a0767f6f25c8,Gravity,2024-10-30T01:44:28.469Z,-6.74769,-7.1126184,0.21641149,W1hZkqBeWCUTVBX6rx9OeHmaWx63,,,,,
67732e569b85a0767f6f25c9,Gravity,2024-10-30T01:44:28.629Z,-6.8379765,-7.0271726,0.16853389,W1hZkqBeWCUTVBX6rx9OeHmaWx63,,,,,
67732e569b85a0767f6f25ca,Gravity,2024-10-30T01:44:28.789Z,-6.746146,-7.1139684,0.22033802,W1hZkqBeWCUTVBX6rx9OeHmaWx63,,,,,
67732e569b85a0767f6f25cb,Gravity,2024-10-30T01:44:28.950Z,-6.657425,-7.194361,0.2957349,W1hZkqBeWCUTVBX6rx9OeHmaWx63,,,,,
67732e569b85a0767f6f25cc,Gravity,2024-10-30T01:44:29.109Z,-6.544745,-7.2952037,0.33761224,W1hZkqBeWCUTVBX6rx9OeHmaWx63,,,,,
67732e569b85a0767f6f25cd,Gravity,2024-10-30T01:44:29.269Z,-6.5091553,-7.3322754,0.19043782,W1hZkqBeWCUTVBX6rx9OeHmaWx63,,,,,
67732e569b85a0767f6f25ce,Gravity,2024-10-30T01:44:29.429Z,-6.3657556,-7.4595265,0.012093685,W1hZkqBeWCUTVBX6rx9OeHmaWx63,,,,,
67732e569b85a0767f6f25cf,Gravity,2024-10-30T01:44:29.729Z,-6.238457,-7.566192,-0.043080945,W1hZkqBeWCUTVBX6rx9OeHmaWx63,,,,,
67732e569b85a0767f6f25d0,Gravity,2024-10-30T01:44:29.744Z,-6.2191854,-7.581894,-0.0639627,W1hZkqBeWCUTVBX6rx9OeHmaWx63,,,,,
67732e569b85a0767f6f25d1,Gravity,2024-10-30T01:44:29.748Z,-5.97318,-7.7464933,-0.6930034,W1hZkqBeWCUTVBX6rx9OeHmaWx63,,,,,
67732e569b85a0767f6f25d2,Gravity,2024-10-30T01:44:29.906Z,-5.511498,-8.015325,-1.2430404,W1hZkqBeWCUTVBX6rx9OeHmaWx63,,,,,
67732e569b85a0767f6f25d3,Gravity,2024-10-30T01:44:30.066Z,-5.13652,-8.169785,-1.7429271,W1hZkqBeWCUTVBX6rx9OeHmaWx63,,,,,
67732e569b85a0767f6f25d4,Gravity,2024-10-30T01:44:30.226Z,-4.965512,-8.121065,-2.3576999,W1hZkqBeWCUTVBX6rx9OeHmaWx63,,,,,
67732e569b85a0767f6f25d5,Gravity,2024-10-30T01:44:30.386Z,-4.5947113,-8.25348,-2.633516,W1hZkqBeWCUTVBX6rx9OeHmaWx63,,,,,
67732e569b85a0767f6f25d6,Gravity,2024-10-30T01:44:30.546Z,-4.1922607,-8.350143,-2.977703,W1hZkqBeWCUTVBX6rx9OeHmaWx63,,,,,
67732e569b85a0767f6f25d7,Gravity,2024-10-30T01:44:30.705Z,-4.487753,-7.9580235,-3.5631893,W1hZkqBeWCUTVBX6rx9OeHmaWx63,,,,,
67732e569b85a0767f6f25d8,Gravity,2024-10-30T01:44:30.865Z,-4.831085,-7.5948977,-3.8915637,W1hZkqBeWCUTVBX6rx9OeHmaWx63,,,,,
67732e569b85a0767f6f25d9,Gravity,2024-10-30T01:44:31.025Z,-4.7458205,-7.738659,-3.7089827,W1hZkqBeWCUTVBX6rx9OeHmaWx63,,,,,
67732e569b85a0767f6f25da,Gravity,2024-10-30T01:44:31.186Z,-4.724195,-7.7306213,-3.7530842,W1hZkqBeWCUTVBX6rx9OeHmaWx63,,,,,
67732e569b85a0767f6f25db,Gravity,2024-10-30T01:44:31.346Z,-4.5761943,-7.7756996,-3.8422575,W1hZkqBeWCUTVBX6rx9OeHmaWx63,,,,,
67732e569b85a0767f6f25dc,Gravity,2024-10-30T01:44:31.505Z,-4.330989,-7.8489313,-3.97527,W1hZkqBeWCUTVBX6rx9OeHmaWx63,,,,,
67732e569b85a0767f6f25dd,Gravity,2024-10-30T01:44:31.666Z,-4.1684895,-7.8327546,-4.175829,W1hZkqBeWCUTVBX6rx9OeHmaWx63,,,,,
67732e569b85a0767f6f25de,Gravity,2024-10-30T01:44:31.826Z,-4.0915446,-7.6910906,-4.50247,W1hZkqBeWCUTVBX6rx9OeHmaWx63,,,,,
67732e569b85a0767f6f25df,Gravity,2024-10-30T01:44:31.985Z,-4.070829,-7.573784,-4.71507,W1hZkqBeWCUTVBX6rx9OeHmaWx63,,,,,
67732e569b85a0767f6f25e0,Gravity,2024-10-30T01:44:32.147Z,-4.048976,-7.5006456,-4.8489,W1hZkqBeWCUTVBX6rx9OeHmaWx63,,,,,
67732e569b85a0767f6f25e1,Gravity,2024-10-30T01:44:32.305Z,-4.0996833,-7.5009885,-4.8055573,W1hZkqBeWCUTVBX6rx9OeHmaWx63,,,,,
67732e569b85a0767f6f25e2,Gravity,2024-10-30T01:44:32.464Z,-3.9659297,-7.5330424,-4.8672495,W1hZkqBeWCUTVBX6rx9OeHmaWx63,,,,,
67732e569b85a0767f6f25e3,Gravity,2024-10-30T01:44:32.624Z,-3.938059,-7.426538,-5.0500903,W1hZkqBeWCUTVBX6rx9OeHmaWx63,,,,,
67732e569b85a0767f6f25e4,Gravity,2024-10-30T01:44:32.784Z,-4.215161,-7.2408257,-5.095883,W1hZkqBeWCUTVBX6rx9OeHmaWx63,,,,,
67732e569b85a0767f6f25e5,Gravity,2024-10-30T01:44:32.945Z,-4.7734013,-6.9060245,-5.068211,W1hZkqBeWCUTVBX6rx9OeHmaWx63,,,,,
67732e569b85a0767f6f25e6,Gravity,2024-10-30T01:44:37.717Z,-1.8431472,-8.067369,-5.261697,W1hZkqBeWCUTVBX6rx9OeHmaWx63,,,,,
67732e569b85a0767f6f25e7,Gravity,2024-10-30T01:44:33.104Z,-4.9423137,-6.9796543,-4.7982583,W1hZkqBeWCUTVBX6rx9OeHmaWx63,,,,,
67732e569b85a0767f6f25e8,Gravity,2024-10-30T01:44:33.264Z,-4.338847,-7.8181496,-4.026977,W1hZkqBeWCUTVBX6rx9OeHmaWx63,,,,,
67732e569b85a0767f6f25e9,Gravity,2024-10-30T01:44:33.424Z,-3.9727776,-7.0020328,-5.5994463,W1hZkqBeWCUTVBX6rx9OeHmaWx63,,,,,
67732e569b85a0767f6f25ea,Gravity,2024-10-30T01:44:33.584Z,-3.1759043,-7.2844,-5.745977,W1hZkqBeWCUTVBX6rx9OeHmaWx63,,,,,
67732e569b85a0767f6f25eb,Gravity,2024-10-30T01:44:33.745Z,-2.445799,-7.5596147,-5.747646,W1hZkqBeWCUTVBX6rx9OeHmaWx63,,,,,
67732e569b85a0767f6f25ec,Gravity,2024-10-30T01:44:33.903Z,-1.9329932,-7.9978414,-5.3351054,W1hZkqBeWCUTVBX6rx9OeHmaWx63,,,,,
67732e569b85a0767f6f25ed,Gravity,2024-10-30T01:44:34.063Z,-1.9348087,-8.019551,-5.3017573,W1hZkqBeWCUTVBX6rx9OeHmaWx63,,,,,
67732e569b85a0767f6f25ee,Gravity,2024-10-30T01:44:34.223Z,-1.8583835,-8.0901575,-5.221217,W1hZkqBeWCUTVBX6rx9OeHmaWx63,,,,,
67732e569b85a0767f6f25ef,Gravity,2024-10-30T01:44:34.383Z,-1.8203331,-8.116403,-5.193801,W1hZkqBeWCUTVBX6rx9OeHmaWx63,,,,,
67732e569b85a0767f6f25f0,Gravity,2024-10-30T01:44:37.710Z,-1.8389474,-8.078774,-5.245645,W1hZkqBeWCUTVBX6rx9OeHmaWx63,,,,,
67732e569b85a0767f6f25f1,Gravity,2024-10-30T01:44:37.782Z,-1.7747656,-7.841722,-5.6145124,W1hZkqBeWCUTVBX6rx9OeHmaWx63,,,,,
67732e569b85a0767f6f25f2,Gravity,2024-10-30T01:44:37.942Z,-1.4101379,-7.930894,-5.5926394,W1hZkqBeWCUTVBX6rx9OeHmaWx63,,,,,
67732e569b85a0767f6f25f3,Gravity,2024-10-30T01:44:38.103Z,-1.194984,-7.9688396,-5.5888033,W1hZkqBeWCUTVBX6rx9OeHmaWx63,,,,,
67732e569b85a0767f6f25f4,Gravity,2024-10-30T01:44:38.263Z,-0.80476433,-8.333957,-5.1051755,W1hZkqBeWCUTVBX6rx9OeHmaWx63,,,,,
67732e569b85a0767f6f25f5,Gravity,2024-10-30T01:44:38.424Z,-0.87851876,-8.525527,-4.765371,W1hZkqBeWCUTVBX6rx9OeHmaWx63,,,,,
67732e569b85a0767f6f25f6,Gravity,2024-10-30T01:44:38.585Z,-0.9677884,-8.610107,-4.592889,W1hZkqBeWCUTVBX6rx9OeHmaWx63,,,,,
67732e569b85a0767f6f25f7,Gravity,2024-10-30T01:44:38.743Z,-1.1125257,-8.782394,-4.21867,W1hZkqBeWCUTVBX6rx9OeHmaWx63,,,,,
67732e569b85a0767f6f25f8,Gravity,2024-10-30T01:44:38.903Z,-1.2293468,-8.826391,-4.092535,W1hZkqBeWCUTVBX6rx9OeHmaWx63,,,,,
67732e569b85a0767f6f25f9,Gravity,2024-10-30T01:44:39.064Z,-1.443306,-8.775089,-4.1327853,W1hZkqBeWCUTVBX6rx9OeHmaWx63,,,,,
67732e569b85a0767f6f25fa,Gravity,2024-10-30T01:44:39.223Z,-1.3741326,-8.81331,-4.0746255,W1hZkqBeWCUTVBX6rx9OeHmaWx63,,,,,
67732e569b85a0767f6f25fb,Gravity,2024-10-30T01:44:39.383Z,-1.2638987,-8.850344,-4.0297804,W1hZkqBeWCUTVBX6rx9OeHmaWx63,,,,,
67732e569b85a0767f6f25fc,Gravity,2024-10-30T01:44:39.544Z,-1.1658078,-8.7186165,-4.3349257,W1hZkqBeWCUTVBX6rx9OeHmaWx63,,,,,
67732e569b85a0767f6f25fd,Gravity,2024-10-30T01:44:39.703Z,-0.9786298,-8.736583,-4.3450556,W1hZkqBeWCUTVBX6rx9OeHmaWx63,,,,,
67732e569b85a0767f6f25fe,Gravity,2024-10-30T01:44:39.860Z,-1.0867666,-8.4597225,-4.83911,W1hZkqBeWCUTVBX6rx9OeHmaWx63,,,,,
67732e569b85a0767f6f25ff,Gravity,2024-10-30T01:44:40.022Z,-1.1902444,-8.42455,-4.8759685,W1hZkqBeWCUTVBX6rx9OeHmaWx63,,,,,
67732e569b85a0767f6f2600,Gravity,2024-10-30T01:44:40.184Z,-1.121469,-8.66736,-4.44794,W1hZkqBeWCUTVBX6rx9OeHmaWx63,,,,,
67732e569b85a0767f6f2601,Gravity,2024-10-30T01:44:40.339Z,-1.0115924,-8.718025,-4.3746834,W1hZkqBeWCUTVBX6rx9OeHmaWx63,,,,,
67732e569b85a0767f6f2602,Gravity,2024-10-30T01:44:40.499Z,-0.8985014,-8.449337,-4.8955517,W1hZkqBeWCUTVBX6rx9OeHmaWx63,,,,,
67732e569b85a0767f6f2603,Gravity,2024-10-30T01:44:40.658Z,0.023089638,-7.665717,-6.1156206,W1hZkqBeWCUTVBX6rx9OeHmaWx63,,,,,
67732e569b85a0767f6f2604,Gravity,2024-10-30T01:44:40.818Z,0.03234291,-6.2807035,-7.5309963,W1hZkqBeWCUTVBX6rx9OeHmaWx63,,,,,
67732e569b85a0767f6f2605,Gravity,2024-10-30T01:44:40.980Z,-1.3692104,-3.6770318,-8.987122,W1hZkqBeWCUTVBX6rx9OeHmaWx63,,,,,
67732e569b85a0767f6f2606,Gravity,2024-10-30T01:44:41.138Z,-2.650908,-0.75823635,-9.410692,W1hZkqBeWCUTVBX6rx9OeHmaWx63,,,,,
67732e569b85a0767f6f2607,Gravity,2024-10-30T01:44:41.299Z,-2.9523196,1.3622779,-9.251565,W1hZkqBeWCUTVBX6rx9OeHmaWx63,,,,,
67732e569b85a0767f6f2608,Gravity,2024-10-30T01:44:41.458Z,-2.6655126,2.4316359,-9.118429,W1hZkqBeWCUTVBX6rx9OeHmaWx63,,,,,
67732e569b85a0767f6f2609,Gravity,2024-10-30T01:44:41.618Z,-2.5386233,2.5689924,-9.1169815,W1hZkqBeWCUTVBX6rx9OeHmaWx63,,,,,
67732e569b85a0767f6f260a,Gravity,2024-10-30T01:44:41.780Z,-2.3174832,2.5411656,-9.183431,W1hZkqBeWCUTVBX6rx9OeHmaWx63,,,,,
67732e569b85a0767f6f260b,Gravity,2024-10-30T01:44:41.938Z,-2.3269186,3.5917184,-8.823202,W1hZkqBeWCUTVBX6rx9OeHmaWx63,,,,,
67732e569b85a0767f6f260c,Gravity,2024-10-30T01:44:42.098Z,-2.2770202,4.872667,-8.199777,W1hZkqBeWCUTVBX6rx9OeHmaWx63,,,,,
67732e569b85a0767f6f260d,Gravity,2024-10-30T01:44:42.258Z,-2.1584783,5.8203793,-7.5913424,W1hZkqBeWCUTVBX6rx9OeHmaWx63,,,,,
67732e569b85a0767f6f260e,Gravity,2024-10-30T01:44:42.418Z,-2.094138,6.503035,-7.0348787,W1hZkqBeWCUTVBX6rx9OeHmaWx63,,,,,
67732e569b85a0767f6f260f,Gravity,2024-10-30T01:44:42.578Z,-2.1932843,7.549513,-5.8616743,W1hZkqBeWCUTVBX6rx9OeHmaWx63,,,,,
67732e569b85a0767f6f2610,Gravity,2024-10-30T01:44:42.737Z,-2.1447263,8.432746,-4.522645,W1hZkqBeWCUTVBX6rx9OeHmaWx63,,,,,
67732e569b85a0767f6f2611,Gravity,2024-10-30T01:44:42.898Z,-2.0469348,9.161465,-2.8360744,W1hZkqBeWCUTVBX6rx9OeHmaWx63,,,,,
67732e569b85a0767f6f2612,Gravity,2024-10-30T01:44:43.057Z,-2.0553432,9.413054,-1.8264784,W1hZkqBeWCUTVBX6rx9OeHmaWx63,,,,,
67732e569b85a0767f6f2613,Gravity,2024-10-30T01:44:43.218Z,-2.177092,9.473108,-1.2987615,W1hZkqBeWCUTVBX6rx9OeHmaWx63,,,,,
67732e569b85a0767f6f2614,Gravity,2024-10-30T01:44:43.379Z,-2.295264,9.492407,-0.8901772,W1hZkqBeWCUTVBX6rx9OeHmaWx63,,,,,
67732e569b85a0767f6f2615,Gravity,2024-10-30T01:44:43.538Z,-2.5245466,9.430326,-0.9284908,W1hZkqBeWCUTVBX6rx9OeHmaWx63,,,,,
67732e569b85a0767f6f2616,Gravity,2024-10-30T01:44:43.697Z,-2.5365527,9.351707,-1.5091987,W1hZkqBeWCUTVBX6rx9OeHmaWx63,,,,,
67732e569b85a0767f6f2617,Gravity,2024-10-30T01:44:43.857Z,-2.4895415,9.348558,-1.6039991,W1hZkqBeWCUTVBX6rx9OeHmaWx63,,,,,
67732e569b85a0767f6f2618,Gravity,2024-10-30T01:44:44.017Z,-2.4394336,9.320766,-1.8271666,W1hZkqBeWCUTVBX6rx9OeHmaWx63,,,,,
67732e569b85a0767f6f2619,Gravity,2024-10-30T01:44:44.178Z,-2.2404954,9.300482,-2.1557112,W1hZkqBeWCUTVBX6rx9OeHmaWx63,,,,,
67732e569b85a0767f6f261a,Gravity,2024-10-30T01:44:44.337Z,-2.0609198,9.282447,-2.3988733,W1hZkqBeWCUTVBX6rx9OeHmaWx63,,,,,
67732e569b85a0767f6f261b,Gravity,2024-10-30T01:44:44.497Z,-1.9354353,9.219431,-2.724308,W1hZkqBeWCUTVBX6rx9OeHmaWx63,,,,,
67732e569b85a0767f6f261c,Gravity,2024-10-30T01:44:44.657Z,-1.8213854,9.41491,-2.0513222,W1hZkqBeWCUTVBX6rx9OeHmaWx63,,,,,
67732e569b85a0767f6f261d,Gravity,2024-10-30T01:44:44.818Z,-1.7004236,9.583068,-1.1998248,W1hZkqBeWCUTVBX6rx9OeHmaWx63,,,,,
67732e569b85a0767f6f261e,Gravity,2024-10-30T01:44:44.978Z,-1.4282746,9.67655,-0.70066845,W1hZkqBeWCUTVBX6rx9OeHmaWx63,,,,,
67732e569b85a0767f6f261f,Gravity,2024-10-30T01:44:45.138Z,-1.4984753,9.691189,-0.04768968,W1hZkqBeWCUTVBX6rx9OeHmaWx63,,,,,
67732e569b85a0767f6f2620,Gravity,2024-10-30T01:44:45.297Z,-1.734137,9.651891,-0.02716171,W1hZkqBeWCUTVBX6rx9OeHmaWx63,,,,,
67732e569b85a0767f6f2621,Gravity,2024-10-30T01:44:45.457Z,-2.2807753,9.527678,-0.433902,W1hZkqBeWCUTVBX6rx9OeHmaWx63,,,,,
67732e569b85a0767f6f2622,Gravity,2024-10-30T01:44:45.617Z,-2.781655,9.349306,-1.0096856,W1hZkqBeWCUTVBX6rx9OeHmaWx63,,,,,
67732e569b85a0767f6f2623,Gravity,2024-10-30T01:44:45.778Z,-3.2477002,8.963281,-2.2974236,W1hZkqBeWCUTVBX6rx9OeHmaWx63,,,,,
67732e569b85a0767f6f2624,Gravity,2024-10-30T01:44:45.937Z,-3.8655076,7.8179584,-4.4836035,W1hZkqBeWCUTVBX6rx9OeHmaWx63,,,,,
67732e569b85a0767f6f2625,Gravity,2024-10-30T01:44:46.097Z,-4.8116503,4.9660735,-6.9534626,W1hZkqBeWCUTVBX6rx9OeHmaWx63,,,,,
67732e569b85a0767f6f2626,Gravity,2024-10-30T01:44:46.257Z,-6.154992,0.84128916,-7.5876427,W1hZkqBeWCUTVBX6rx9OeHmaWx63,,,,,
67732e569b85a0767f6f2627,Gravity,2024-10-30T01:44:46.417Z,-6.25599,-2.943601,-6.954275,W1hZkqBeWCUTVBX6rx9OeHmaWx63,,,,,
67732e569b85a0767f6f2628,Gravity,2024-10-30T01:44:46.578Z,-6.244442,-3.7745667,-6.551637,W1hZkqBeWCUTVBX6rx9OeHmaWx63,,,,,
67732e569b85a0767f6f2629,Gravity,2024-10-30T01:44:46.737Z,-6.5550146,-3.4828293,-6.4082913,W1hZkqBeWCUTVBX6rx9OeHmaWx63,,,,,
67732e569b85a0767f6f262a,Gravity,2024-10-30T01:44:46.896Z,-6.3121357,-3.5848517,-6.5932035,W1hZkqBeWCUTVBX6rx9OeHmaWx63,,,,,
67732e569b85a0767f6f262b,Gravity,2024-10-30T01:44:47.056Z,-6.2925477,-3.248108,-6.7836795,W1hZkqBeWCUTVBX6rx9OeHmaWx63,,,,,
67732e569b85a0767f6f262c,Gravity,2024-10-30T01:44:47.216Z,-7.8448067,-2.5357842,-5.3098006,W1hZkqBeWCUTVBX6rx9OeHmaWx63,,,,,
67732e569b85a0767f6f262d,Gravity,2024-10-30T01:44:47.377Z,-7.709149,-3.041283,-5.2425957,W1hZkqBeWCUTVBX6rx9OeHmaWx63,,,,,
67732e569b85a0767f6f262e,Gravity,2024-10-30T01:44:47.705Z,-6.7658467,-4.101305,-5.7937455,W1hZkqBeWCUTVBX6rx9OeHmaWx63,,,,,
67732e569b85a0767f6f262f,Gravity,2024-10-30T01:44:47.712Z,-6.7244844,-4.130244,-5.821278,W1hZkqBeWCUTVBX6rx9OeHmaWx63,,,,,
67732e569b85a0767f6f2630,Gravity,2024-10-30T01:44:47.712Z,-6.6472864,-4.208889,-5.853521,W1hZkqBeWCUTVBX6rx9OeHmaWx63,,,,,
67732e569b85a0767f6f2631,Gravity,2024-10-30T01:44:47.856Z,-6.036521,-4.890911,-5.9836454,W1hZkqBeWCUTVBX6rx9OeHmaWx63,,,,,
67732e569b85a0767f6f2632,Gravity,2024-10-30T01:44:48.016Z,-5.891877,-5.1527395,-5.9075933,W1hZkqBeWCUTVBX6rx9OeHmaWx63,,,,,
67732e569b85a0767f6f2633,Gravity,2024-10-30T01:44:49.455Z,-6.3446193,-0.5434996,-7.457536,W1hZkqBeWCUTVBX6rx9OeHmaWx63,,,,,
67732e569b85a0767f6f2634,Gravity,2024-10-30T01:44:48.177Z,-5.7577105,-5.325832,-5.8863273,W1hZkqBeWCUTVBX6rx9OeHmaWx63,,,,,
67732e569b85a0767f6f2635,Gravity,2024-10-30T01:44:49.615Z,-5.1081643,-2.8814805,-7.859272,W1hZkqBeWCUTVBX6rx9OeHmaWx63,,,,,
67732e569b85a0767f6f2636,Gravity,2024-10-30T01:44:48.336Z,-5.6766887,-5.3678193,-5.926747,W1hZkqBeWCUTVBX6rx9OeHmaWx63,,,,,
67732e569b85a0767f6f2637,Gravity,2024-10-30T01:44:48.496Z,-5.5877886,-5.3105345,-6.0613203,W1hZkqBeWCUTVBX6rx9OeHmaWx63,,,,,
67732e569b85a0767f6f2638,Gravity,2024-10-30T01:44:48.655Z,-5.6286116,-5.239029,-6.0857267,W1hZkqBeWCUTVBX6rx9OeHmaWx63,,,,,
67732e569b85a0767f6f2639,Gravity,2024-10-30T01:44:48.815Z,-5.072601,-4.1268554,-7.307682,W1hZkqBeWCUTVBX6rx9OeHmaWx63,,,,,
67732e569b85a0767f6f263a,Gravity,2024-10-30T01:44:48.977Z,-4.0954585,4.231689,-7.84119,W1hZkqBeWCUTVBX6rx9OeHmaWx63,,,,,
67732e569b85a0767f6f263b,Gravity,2024-10-30T01:44:49.136Z,-3.5000482,7.802347,-4.799819,W1hZkqBeWCUTVBX6rx9OeHmaWx63,,,,,
67732e569b85a0767f6f263c,Gravity,2024-10-30T01:44:49.295Z,-5.880098,5.0903535,-5.97308,W1hZkqBeWCUTVBX6rx9OeHmaWx63,,,,,
67732e569b85a0767f6f263d,Gravity,2024-10-30T01:44:49.778Z,-5.4855394,-3.6061404,-7.2848625,W1hZkqBeWCUTVBX6rx9OeHmaWx63,,,,,
67732e569b85a0767f6f263e,Gravity,2024-10-30T01:44:49.941Z,-5.6392784,-4.73149,-6.47893,W1hZkqBeWCUTVBX6rx9OeHmaWx63,,,,,
67732e569b85a0767f6f263f,Gravity,2024-10-30T01:44:50.099Z,-6.709139,-3.5222619,-6.224646,W1hZkqBeWCUTVBX6rx9OeHmaWx63,,,,,
67732e569b85a0767f6f2640,Gravity,2024-10-30T01:44:50.257Z,-8.880279,0.8815207,-4.0656233,W1hZkqBeWCUTVBX6rx9OeHmaWx63,,,,,
67732e569b85a0767f6f2641,Gravity,2024-10-30T01:44:50.419Z,-9.232337,3.2220967,0.7411796,W1hZkqBeWCUTVBX6rx9OeHmaWx63,,,,,
67732e569b85a0767f6f2642,Gravity,2024-10-30T01:44:50.579Z,-7.7445207,3.838508,4.6321583,W1hZkqBeWCUTVBX6rx9OeHmaWx63,,,,,
67732e569b85a0767f6f2643,Gravity,2024-10-30T01:44:50.737Z,-4.462997,5.335008,6.91294,W1hZkqBeWCUTVBX6rx9OeHmaWx63,,,,,
67732e569b85a0767f6f2644,Gravity,2024-10-30T01:44:50.896Z,-1.7881398,5.710408,7.769393,W1hZkqBeWCUTVBX6rx9OeHmaWx63,,,,,
67732e569b85a0767f6f2645,Gravity,2024-10-30T01:44:51.058Z,-0.44238988,5.3571696,8.202126,W1hZkqBeWCUTVBX6rx9OeHmaWx63,,,,,
67732e569b85a0767f6f2646,Gravity,2024-10-30T01:44:51.217Z,0.58816075,4.3555946,8.766578,W1hZkqBeWCUTVBX6rx9OeHmaWx63,,,,,
67732e569b85a0767f6f2647,Gravity,2024-10-30T01:44:51.377Z,0.7663323,6.624446,7.190197,W1hZkqBeWCUTVBX6rx9OeHmaWx63,,,,,
67732e569b85a0767f6f2648,Gravity,2024-10-30T01:44:51.538Z,1.185634,7.9630346,5.5993996,W1hZkqBeWCUTVBX6rx9OeHmaWx63,,,,,
67732e569b85a0767f6f2649,Gravity,2024-10-30T01:44:51.696Z,1.3946515,8.768169,4.164435,W1hZkqBeWCUTVBX6rx9OeHmaWx63,,,,,
67732e569b85a0767f6f264a,Gravity,2024-10-30T01:44:51.855Z,1.3966035,8.821079,4.0504837,W1hZkqBeWCUTVBX6rx9OeHmaWx63,,,,,
67732e569b85a0767f6f264b,Gravity,2024-10-30T01:44:52.015Z,1.9153508,7.6498265,5.8292837,W1hZkqBeWCUTVBX6rx9OeHmaWx63,,,,,
67732e569b85a0767f6f264c,Gravity,2024-10-30T01:44:52.175Z,2.115737,7.609887,5.8122497,W1hZkqBeWCUTVBX6rx9OeHmaWx63,,,,,
67732e569b85a0767f6f264d,Gravity,2024-10-30T01:44:52.334Z,2.7842512,6.0886636,7.1655827,W1hZkqBeWCUTVBX6rx9OeHmaWx63,,,,,
67732e569b85a0767f6f264e,Gravity,2024-10-30T01:44:52.494Z,2.2036753,2.7732825,9.144554,W1hZkqBeWCUTVBX6rx9OeHmaWx63,,,,,
67732e569b85a0767f6f264f,Gravity,2024-10-30T01:44:52.654Z,-1.3927519,3.152342,9.18113,W1hZkqBeWCUTVBX6rx9OeHmaWx63,,,,,
67732e569b85a0767f6f2650,Gravity,2024-10-30T01:44:52.814Z,-5.7113256,5.4289703,5.837467,W1hZkqBeWCUTVBX6rx9OeHmaWx63,,,,,
67732e569b85a0767f6f2651,Gravity,2024-10-30T01:44:52.975Z,-6.990673,6.1851473,3.007066,W1hZkqBeWCUTVBX6rx9OeHmaWx63,,,,,
67732e569b85a0767f6f2652,Gravity,2024-10-30T01:44:53.134Z,-6.7172375,6.490413,2.986847,W1hZkqBeWCUTVBX6rx9OeHmaWx63,,,,,
67732e569b85a0767f6f2653,Gravity,2024-10-30T01:44:53.294Z,-7.705419,5.669308,2.157118,W1hZkqBeWCUTVBX6rx9OeHmaWx63,,,,,
67732e569b85a0767f6f2654,Gravity,2024-10-30T01:44:53.454Z,-8.862878,4.1402,0.68944126,W1hZkqBeWCUTVBX6rx9OeHmaWx63,,,,,
67732e569b85a0767f6f2655,Gravity,2024-10-30T01:44:53.614Z,-8.254453,5.230249,0.8220216,W1hZkqBeWCUTVBX6rx9OeHmaWx63,,,,,
67732e569b85a0767f6f2656,Gravity,2024-10-30T01:44:53.775Z,-7.6238174,6.102625,0.8959029,W1hZkqBeWCUTVBX6rx9OeHmaWx63,,,,,
67732e569b85a0767f6f2657,Gravity,2024-10-30T01:44:53.934Z,-7.270184,6.5784907,-0.18654461,W1hZkqBeWCUTVBX6rx9OeHmaWx63,,,,,
67732e569b85a0767f6f2658,Gravity,2024-10-30T01:44:54.093Z,-6.6879025,6.779161,-2.3411913,W1hZkqBeWCUTVBX6rx9OeHmaWx63,,,,,
67732e569b85a0767f6f2659,Gravity,2024-10-30T01:44:54.253Z,-5.138733,6.442626,-5.3151855,W1hZkqBeWCUTVBX6rx9OeHmaWx63,,,,,
67732e569b85a0767f6f265a,Gravity,2024-10-30T01:44:54.413Z,-4.395972,6.0045943,-6.3863244,W1hZkqBeWCUTVBX6rx9OeHmaWx63,,,,,
67732e569b85a0767f6f265b,Gravity,2024-10-30T01:44:54.574Z,-1.8346196,7.778282,-5.683095,W1hZkqBeWCUTVBX6rx9OeHmaWx63,,,,,
67732e569b85a0767f6f265c,Gravity,2024-10-30T01:44:54.733Z,1.4773345,6.6295667,-7.0732517,W1hZkqBeWCUTVBX6rx9OeHmaWx63,,,,,
67732e569b85a0767f6f265d,Gravity,2024-10-30T01:44:54.893Z,2.3029108,-2.0821424,-9.301878,W1hZkqBeWCUTVBX6rx9OeHmaWx63,,,,,
67732e569b85a0767f6f265e,Gravity,2024-10-30T01:44:55.053Z,2.7014499,-1.7377898,-9.26531,W1hZkqBeWCUTVBX6rx9OeHmaWx63,,,,,
67732e569b85a0767f6f265f,Gravity,2024-10-30T01:44:55.213Z,4.542626,-2.4870186,-8.32725,W1hZkqBeWCUTVBX6rx9OeHmaWx63,,,,,
67732e569b85a0767f6f2660,Gravity,2024-10-30T01:44:55.374Z,6.250459,-3.9375024,-6.44921,W1hZkqBeWCUTVBX6rx9OeHmaWx63,,,,,
67732e569b85a0767f6f2661,Gravity,2024-10-30T01:44:55.533Z,5.1066685,-5.025639,-6.695459,W1hZkqBeWCUTVBX6rx9OeHmaWx63,,,,,
67732e569b85a0767f6f2662,Gravity,2024-10-30T01:44:55.693Z,2.5815535,-7.063667,-6.293213,W1hZkqBeWCUTVBX6rx9OeHmaWx63,,,,,
67732e569b85a0767f6f2663,Gravity,2024-10-30T01:44:55.853Z,2.4895813,-8.366524,-4.468584,W1hZkqBeWCUTVBX6rx9OeHmaWx63,,,,,
67732e569b85a0767f6f2664,Gravity,2024-10-30T01:44:56.012Z,5.073607,-7.8809147,-2.8836212,W1hZkqBeWCUTVBX6rx9OeHmaWx63,,,,,
67732e569b85a0767f6f2665,Gravity,2024-10-30T01:44:56.173Z,7.1965237,-5.5439706,-3.693182,W1hZkqBeWCUTVBX6rx9OeHmaWx63,,,,,
67732e569b85a0767f6f2666,Gravity,2024-10-30T01:44:56.333Z,7.6731515,-5.4148555,-2.8226852,W1hZkqBeWCUTVBX6rx9OeHmaWx63,,,,,
67732e569b85a0767f6f2667,Gravity,2024-10-30T01:44:56.492Z,6.970381,-5.84134,-3.6684759,W1hZkqBeWCUTVBX6rx9OeHmaWx63,,,,,
67732e569b85a0767f6f2668,Gravity,2024-10-30T01:44:56.654Z,6.1865845,-3.5995393,-6.703241,W1hZkqBeWCUTVBX6rx9OeHmaWx63,,,,,
67732e569b85a0767f6f2669,Gravity,2024-10-30T01:44:56.813Z,6.1489735,-3.188055,-6.9419184,W1hZkqBeWCUTVBX6rx9OeHmaWx63,,,,,
67732e569b85a0767f6f266a,Gravity,2024-10-30T01:44:56.973Z,6.1568894,-4.184414,-6.3833585,W1hZkqBeWCUTVBX6rx9OeHmaWx63,,,,,
67732e569b85a0767f6f266b,Gravity,2024-10-30T01:44:57.133Z,6.024461,-4.2739196,-6.45006,W1hZkqBeWCUTVBX6rx9OeHmaWx63,,,,,
67732e569b85a0767f6f266c,Gravity,2024-10-30T01:44:57.292Z,5.7749963,-3.5711427,-7.075297,W1hZkqBeWCUTVBX6rx9OeHmaWx63,,,,,
67732e569b85a0767f6f266d,Gravity,2024-10-30T01:44:57.452Z,4.6065855,-4.1348624,-7.6056275,W1hZkqBeWCUTVBX6rx9OeHmaWx63,,,,,
67732e569b85a0767f6f266e,Gravity,2024-10-30T01:44:57.612Z,3.6651075,-4.408769,-7.955678,W1hZkqBeWCUTVBX6rx9OeHmaWx63,,,,,
67732e569b85a0767f6f266f,Gravity,2024-10-30T01:44:57.773Z,2.8761456,-3.7952144,-8.572438,W1hZkqBeWCUTVBX6rx9OeHmaWx63,,,,,
67732e569b85a0767f6f2670,Gravity,2024-10-30T01:44:57.932Z,2.8909576,-4.9573145,-7.95175,W1hZkqBeWCUTVBX6rx9OeHmaWx63,,,,,
67732e569b85a0767f6f2671,Gravity,2024-10-30T01:44:58.092Z,3.40772,-5.3072133,-7.5089426,W1hZkqBeWCUTVBX6rx9OeHmaWx63,,,,,
67732e569b85a0767f6f2672,Gravity,2024-10-30T01:44:58.252Z,4.0289993,-5.7374787,-6.8565235,W1hZkqBeWCUTVBX6rx9OeHmaWx63,,,,,
67732e569b85a0767f6f2673,Gravity,2024-10-30T01:44:58.412Z,4.8805866,-5.581052,-6.4183645,W1hZkqBeWCUTVBX6rx9OeHmaWx63,,,,,
67732e569b85a0767f6f2674,Gravity,2024-10-30T01:44:58.573Z,5.8717327,-4.817165,-6.203343,W1hZkqBeWCUTVBX6rx9OeHmaWx63,,,,,
67732e569b85a0767f6f2675,Gravity,2024-10-30T01:44:58.733Z,5.330821,-4.459874,-6.917751,W1hZkqBeWCUTVBX6rx9OeHmaWx63,,,,,
67732e569b85a0767f6f2676,Gravity,2024-10-30T01:44:58.892Z,1.9148314,-2.4468002,-9.301018,W1hZkqBeWCUTVBX6rx9OeHmaWx63,,,,,
67732e569b85a0767f6f2677,Gravity,2024-10-30T01:44:59.052Z,-0.5144796,2.1925151,-9.544143,W1hZkqBeWCUTVBX6rx9OeHmaWx63,,,,,
67732e569b85a0767f6f2678,Gravity,2024-10-30T01:44:59.212Z,-2.7684932,6.6305475,-6.6734514,W1hZkqBeWCUTVBX6rx9OeHmaWx63,,,,,
67732e569b85a0767f6f2679,Gravity,2024-10-30T01:44:59.373Z,-3.6975389,6.904504,-5.9008417,W1hZkqBeWCUTVBX6rx9OeHmaWx63,,,,,
67732e569b85a0767f6f267a,Gravity,2024-10-30T01:44:59.534Z,-3.7619076,5.3364606,-7.316663,W1hZkqBeWCUTVBX6rx9OeHmaWx63,,,,,
67732e569b85a0767f6f267b,Gravity,2024-10-30T01:45:01.716Z,-3.7487297,5.201939,-7.4195795,W1hZkqBeWCUTVBX6rx9OeHmaWx63,,,,,
67732e569b85a0767f6f267c,Gravity,2024-10-30T01:45:01.793Z,-2.6416457,0.21653007,-9.441258,W1hZkqBeWCUTVBX6rx9OeHmaWx63,,,,,
67732e569b85a0767f6f267d,Gravity,2024-10-30T01:45:01.951Z,-1.1659223,-2.5549152,-9.395511,W1hZkqBeWCUTVBX6rx9OeHmaWx63,,,,,
67732e569b85a0767f6f267e,Gravity,2024-10-30T01:45:02.113Z,-0.38537744,0.4524316,-9.78822,W1hZkqBeWCUTVBX6rx9OeHmaWx63,,,,,
67732e569b85a0767f6f267f,Gravity,2024-10-30T01:45:02.274Z,0.24759078,0.6246162,-9.783205,W1hZkqBeWCUTVBX6rx9OeHmaWx63,,,,,
67732e569b85a0767f6f2680,Gravity,2024-10-30T01:45:02.434Z,-0.06450362,0.40815178,-9.797536,W1hZkqBeWCUTVBX6rx9OeHmaWx63,,,,,
67732e569b85a0767f6f2681,Gravity,2024-10-30T01:45:02.594Z,-0.54778135,-0.27160037,-9.7871685,W1hZkqBeWCUTVBX6rx9OeHmaWx63,,,,,
67732e569b85a0767f6f2682,Gravity,2024-10-30T01:45:02.753Z,-0.96039295,-0.66984063,-9.736084,W1hZkqBeWCUTVBX6rx9OeHmaWx63,,,,,
67732e569b85a0767f6f2683,Gravity,2024-10-30T01:45:02.914Z,-0.957485,-1.9405271,-9.564512,W1hZkqBeWCUTVBX6rx9OeHmaWx63,,,,,
67732e569b85a0767f6f2684,Gravity,2024-10-30T01:45:03.073Z,-1.164478,-4.068764,-8.846001,W1hZkqBeWCUTVBX6rx9OeHmaWx63,,,,,
67732e569b85a0767f6f2685,Gravity,2024-10-30T01:45:03.234Z,-1.7898033,-5.2015805,-8.118074,W1hZkqBeWCUTVBX6rx9OeHmaWx63,,,,,
67732e569b85a0767f6f2686,Gravity,2024-10-30T01:45:03.393Z,-2.340789,-5.4557357,-7.805053,W1hZkqBeWCUTVBX6rx9OeHmaWx63,,,,,
67732e569b85a0767f6f2687,Gravity,2024-10-30T01:45:03.554Z,-2.892166,-5.3928504,-7.662616,W1hZkqBeWCUTVBX6rx9OeHmaWx63,,,,,
67732e569b85a0767f6f2688,Gravity,2024-10-30T01:45:03.714Z,-2.413909,-5.9832554,-7.3849106,W1hZkqBeWCUTVBX6rx9OeHmaWx63,,,,,
67732e569b85a0767f6f2689,Gravity,2024-10-30T01:45:03.876Z,4.982671,-8.156086,-2.1946828,W1hZkqBeWCUTVBX6rx9OeHmaWx63,,,,,
67732e569b85a0767f6f268a,Gravity,2024-10-30T01:45:04.030Z,7.5767026,-5.7149653,2.4698231,W1hZkqBeWCUTVBX6rx9OeHmaWx63,,,,,
67732e569b85a0767f6f268b,Gravity,2024-10-30T01:45:04.191Z,7.37889,-5.735187,2.9710333,W1hZkqBeWCUTVBX6rx9OeHmaWx63,,,,,
67732e569b85a0767f6f268c,Gravity,2024-10-30T01:45:04.351Z,7.2074943,-4.6254783,4.777569,W1hZkqBeWCUTVBX6rx9OeHmaWx63,,,,,
67732e569b85a0767f6f268d,Gravity,2024-10-30T01:45:04.510Z,7.552118,-2.0007765,5.92715,W1hZkqBeWCUTVBX6rx9OeHmaWx63,,,,,
67732e569b85a0767f6f268e,Gravity,2024-10-30T01:45:04.670Z,7.821115,0.14513636,5.9142017,W1hZkqBeWCUTVBX6rx9OeHmaWx63,,,,,
67732e569b85a0767f6f268f,Gravity,2024-10-30T01:45:04.829Z,7.7515507,0.32573915,5.9980083,W1hZkqBeWCUTVBX6rx9OeHmaWx63,,,,,
67732e569b85a0767f6f2690,Gravity,2024-10-30T01:45:04.990Z,7.593175,2.1203089,5.8323784,W1hZkqBeWCUTVBX6rx9OeHmaWx63,,,,,
67732e569b85a0767f6f2691,Gravity,2024-10-30T01:45:05.149Z,7.116062,2.5441,6.249647,W1hZkqBeWCUTVBX6rx9OeHmaWx63,,,,,
67732e569b85a0767f6f2692,Gravity,2024-10-30T01:45:05.309Z,6.4395967,0.16864371,7.394087,W1hZkqBeWCUTVBX6rx9OeHmaWx63,,,,,
67732e569b85a0767f6f2693,Gravity,2024-10-30T01:45:05.469Z,3.9920478,-0.33334944,8.951116,W1hZkqBeWCUTVBX6rx9OeHmaWx63,,,,,
67732e569b85a0767f6f2694,Gravity,2024-10-30T01:45:05.728Z,3.3876476,-0.45133963,9.191859,W1hZkqBeWCUTVBX6rx9OeHmaWx63,,,,,
67732e569b85a0767f6f2695,Gravity,2024-10-30T01:45:05.729Z,3.3876476,-0.45133963,9.191859,W1hZkqBeWCUTVBX6rx9OeHmaWx63,,,,,
67732e569b85a0767f6f2696,Gravity,2024-10-30T01:45:05.785Z,4.278057,-1.7161044,8.655814,W1hZkqBeWCUTVBX6rx9OeHmaWx63,,,,,
67732e569b85a0767f6f2697,Gravity,2024-10-30T01:45:05.944Z,5.7200212,0.1511224,7.9641786,W1hZkqBeWCUTVBX6rx9OeHmaWx63,,,,,
67732e569b85a0767f6f2698,Gravity,2024-10-30T01:45:06.104Z,5.5950723,2.11779,7.770436,W1hZkqBeWCUTVBX6rx9OeHmaWx63,,,,,
67732e569b85a0767f6f2699,Gravity,2024-10-30T01:45:06.264Z,5.985524,3.3077745,7.028612,W1hZkqBeWCUTVBX6rx9OeHmaWx63,,,,,
67732e569b85a0767f6f269a,Gravity,2024-10-30T01:45:06.424Z,6.192607,3.422935,6.7900176,W1hZkqBeWCUTVBX6rx9OeHmaWx63,,,,,
67732e569b85a0767f6f269b,Gravity,2024-10-30T01:45:06.584Z,6.2179756,4.0806036,6.391752,W1hZkqBeWCUTVBX6rx9OeHmaWx63,,,,,
67732e569b85a0767f6f269c,Gravity,2024-10-30T01:45:06.743Z,6.5544114,3.9306753,6.144788,W1hZkqBeWCUTVBX6rx9OeHmaWx63,,,,,
67732e569b85a0767f6f269d,Gravity,2024-10-30T01:45:06.903Z,6.8472686,3.1263862,6.2856655,W1hZkqBeWCUTVBX6rx9OeHmaWx63,,,,,
67732e569b85a0767f6f269e,Gravity,2024-10-30T01:45:07.063Z,6.9238515,2.9395974,6.2918983,W1hZkqBeWCUTVBX6rx9OeHmaWx63,,,,,
67732e569b85a0767f6f269f,Gravity,2024-10-30T01:45:07.223Z,6.714448,3.655098,6.1420946,W1hZkqBeWCUTVBX6rx9OeHmaWx63,,,,,
67732e569b85a0767f6f26a0,Gravity,2024-10-30T01:45:07.384Z,6.660791,3.9893453,5.990639,W1hZkqBeWCUTVBX6rx9OeHmaWx63,,,,,
67732e569b85a0767f6f26a1,Gravity,2024-10-30T01:45:07.715Z,6.726377,3.9215198,5.962066,W1hZkqBeWCUTVBX6rx9OeHmaWx63,,,,,
67732e569b85a0767f6f26a2,Gravity,2024-10-30T01:45:07.715Z,6.726377,3.9215198,5.962066,W1hZkqBeWCUTVBX6rx9OeHmaWx63,,,,,
67732e569b85a0767f6f26a3,Gravity,2024-10-30T01:45:07.726Z,6.7145815,3.936159,5.965714,W1hZkqBeWCUTVBX6rx9OeHmaWx63,,,,,
67732e569b85a0767f6f26a4,Gravity,2024-10-30T01:45:08.024Z,6.0056753,4.7793875,6.103935,W1hZkqBeWCUTVBX6rx9OeHmaWx63,,,,,
67732e569b85a0767f6f26a5,Gravity,2024-10-30T01:45:08.033Z,5.9477034,4.8163238,6.131605,W1hZkqBeWCUTVBX6rx9OeHmaWx63,,,,,
67732e569b85a0767f6f26a6,Gravity,2024-10-30T01:45:08.033Z,5.8330646,4.8866673,6.1858373,W1hZkqBeWCUTVBX6rx9OeHmaWx63,,,,,
67732e569b85a0767f6f26a7,Gravity,2024-10-30T01:45:08.184Z,4.382506,5.873704,6.516297,W1hZkqBeWCUTVBX6rx9OeHmaWx63,,,,,
67732e569b85a0767f6f26a8,Gravity,2024-10-30T01:45:08.343Z,4.1405177,6.16827,6.40136,W1hZkqBeWCUTVBX6rx9OeHmaWx63,,,,,
67732e569b85a0767f6f26a9,Gravity,2024-10-30T01:45:08.503Z,3.7527528,6.6588745,6.1436987,W1hZkqBeWCUTVBX6rx9OeHmaWx63,,,,,
67732e569b85a0767f6f26aa,Gravity,2024-10-30T01:45:08.663Z,3.6164591,7.0859923,5.733985,W1hZkqBeWCUTVBX6rx9OeHmaWx63,,,,,
67732e569b85a0767f6f26ab,Gravity,2024-10-30T01:45:08.823Z,3.6917193,7.2631474,5.457694,W1hZkqBeWCUTVBX6rx9OeHmaWx63,,,,,
67732e569b85a0767f6f26ac,Gravity,2024-10-30T01:45:08.984Z,3.7056134,7.2482514,5.46807,W1hZkqBeWCUTVBX6rx9OeHmaWx63,,,,,
67732e569b85a0767f6f26ad,Gravity,2024-10-30T01:45:09.143Z,3.7545245,7.2105703,5.484498,W1hZkqBeWCUTVBX6rx9OeHmaWx63,,,,,
67732e569b85a0767f6f26ae,Gravity,2024-10-30T01:45:09.303Z,3.5617743,7.26293,5.5436573,W1hZkqBeWCUTVBX6rx9OeHmaWx63,,,,,
67732e569b85a0767f6f26af,Gravity,2024-10-30T01:45:09.463Z,3.333121,7.278276,5.6644125,W1hZkqBeWCUTVBX6rx9OeHmaWx63,,,,,
67732e569b85a0767f6f26b0,Gravity,2024-10-30T01:45:09.623Z,3.2895513,7.255739,5.718537,W1hZkqBeWCUTVBX6rx9OeHmaWx63,,,,,
67732e569b85a0767f6f26b1,Gravity,2024-10-30T01:45:09.784Z,3.2195323,7.2811565,5.72607,W1hZkqBeWCUTVBX6rx9OeHmaWx63,,,,,
67732e569b85a0767f6f26b2,Gravity,2024-10-30T01:45:13.751Z,3.2036266,7.276533,5.7408504,W1hZkqBeWCUTVBX6rx9OeHmaWx63,,,,,
67732e569b85a0767f6f26b3,Gravity,2024-10-30T01:45:13.752Z,3.2036266,7.276533,5.7408504,W1hZkqBeWCUTVBX6rx9OeHmaWx63,,,,,
67732e569b85a0767f6f26b4,Gravity,2024-10-30T01:45:13.823Z,3.209619,7.165556,5.8755183,W1hZkqBeWCUTVBX6rx9OeHmaWx63,,,,,
67732e569b85a0767f6f26b5,Gravity,2024-10-30T01:45:13.985Z,3.665859,6.3233786,6.537984,W1hZkqBeWCUTVBX6rx9OeHmaWx63,,,,,
67732e569b85a0767f6f26b6,Gravity,2024-10-30T01:45:14.145Z,4.077725,4.742962,7.5528665,W1hZkqBeWCUTVBX6rx9OeHmaWx63,,,,,
67732e569b85a0767f6f26b7,Gravity,2024-10-30T01:45:14.303Z,1.9573604,1.5312775,9.486526,W1hZkqBeWCUTVBX6rx9OeHmaWx63,,,,,
67732e569b85a0767f6f26b8,Gravity,2024-10-30T01:45:14.465Z,1.5844127,1.1164376,9.6131935,W1hZkqBeWCUTVBX6rx9OeHmaWx63,,,,,
67732e569b85a0767f6f26b9,Gravity,2024-10-30T01:45:14.626Z,1.3993522,-0.15146208,9.705112,W1hZkqBeWCUTVBX6rx9OeHmaWx63,,,,,
67732e569b85a0767f6f26ba,Gravity,2024-10-30T01:45:14.785Z,1.5288972,-0.77128416,9.655978,W1hZkqBeWCUTVBX6rx9OeHmaWx63,,,,,
67732e569b85a0767f6f26bb,Gravity,2024-10-30T01:45:14.945Z,1.9702195,-0.5232186,9.592433,W1hZkqBeWCUTVBX6rx9OeHmaWx63,,,,,
67732e569b85a0767f6f26bc,Gravity,2024-10-30T01:45:15.104Z,1.9904444,-0.6821819,9.5782585,W1hZkqBeWCUTVBX6rx9OeHmaWx63,,,,,
67732e569b85a0767f6f26bd,Gravity,2024-10-30T01:45:15.265Z,1.1867421,-0.5574329,9.718604,W1hZkqBeWCUTVBX6rx9OeHmaWx63,,,,,
67732e569b85a0767f6f26be,Gravity,2024-10-30T01:45:15.424Z,0.9780711,-1.0195535,9.704341,W1hZkqBeWCUTVBX6rx9OeHmaWx63,,,,,
67732e569b85a0767f6f26bf,Gravity,2024-10-30T01:45:15.584Z,1.1338413,-1.9250689,9.548758,W1hZkqBeWCUTVBX6rx9OeHmaWx63,,,,,
67732e569b85a0767f6f26c0,Gravity,2024-10-30T01:45:15.745Z,1.6460025,-1.9736142,9.463918,W1hZkqBeWCUTVBX6rx9OeHmaWx63,,,,,
67732e569b85a0767f6f26c1,Gravity,2024-10-30T01:45:15.901Z,2.5596461,-0.8521926,9.428265,W1hZkqBeWCUTVBX6rx9OeHmaWx63,,,,,
67732e569b85a0767f6f26c2,Gravity,2024-10-30T01:45:16.061Z,3.1273775,1.9664062,9.084205,W1hZkqBeWCUTVBX6rx9OeHmaWx63,,,,,
67732e569b85a0767f6f26c3,Gravity,2024-10-30T01:45:16.224Z,2.8527849,4.1387887,8.420318,W1hZkqBeWCUTVBX6rx9OeHmaWx63,,,,,
67732e569b85a0767f6f26c4,Gravity,2024-10-30T01:45:16.381Z,2.6698084,5.291848,7.8126736,W1hZkqBeWCUTVBX6rx9OeHmaWx63,,,,,
67732e569b85a0767f6f26c5,Gravity,2024-10-30T01:45:16.540Z,2.4601035,6.187177,7.199712,W1hZkqBeWCUTVBX6rx9OeHmaWx63,,,,,
67732e569b85a0767f6f26c6,Gravity,2024-10-30T01:45:16.700Z,2.2972252,7.1744246,6.2784595,W1hZkqBeWCUTVBX6rx9OeHmaWx63,,,,,
67732e569b85a0767f6f26c7,Gravity,2024-10-30T01:45:16.860Z,2.153695,7.9200807,5.366763,W1hZkqBeWCUTVBX6rx9OeHmaWx63,,,,,
67732e569b85a0767f6f26c8,Gravity,2024-10-30T01:45:17.021Z,2.075646,8.133121,5.0707116,W1hZkqBeWCUTVBX6rx9OeHmaWx63,,,,,
67732e569b85a0767f6f26c9,Gravity,2024-10-30T01:45:17.180Z,2.1055074,8.168649,5.000806,W1hZkqBeWCUTVBX6rx9OeHmaWx63,,,,,
67732e569b85a0767f6f26ca,Gravity,2024-10-30T01:45:17.339Z,2.2276134,7.860689,5.4236126,W1hZkqBeWCUTVBX6rx9OeHmaWx63,,,,,
67732e569b85a0767f6f26cb,Gravity,2024-10-30T01:45:17.499Z,2.6437213,7.396471,5.8712373,W1hZkqBeWCUTVBX6rx9OeHmaWx63,,,,,
67732e569b85a0767f6f26cc,Gravity,2024-10-30T01:45:17.659Z,3.3827326,5.698088,7.228973,W1hZkqBeWCUTVBX6rx9OeHmaWx63,,,,,
67732e569b85a0767f6f26cd,Gravity,2024-10-30T01:45:17.820Z,3.4185624,3.5960488,8.458818,W1hZkqBeWCUTVBX6rx9OeHmaWx63,,,,,
67732e569b85a0767f6f26ce,Gravity,2024-10-30T01:45:17.979Z,3.2264097,3.304746,8.650941,W1hZkqBeWCUTVBX6rx9OeHmaWx63,,,,,
67732e569b85a0767f6f26cf,Gravity,2024-10-30T01:45:18.138Z,3.0207403,3.7979124,8.521783,W1hZkqBeWCUTVBX6rx9OeHmaWx63,,,,,
67732e569b85a0767f6f26d0,Gravity,2024-10-30T01:45:18.298Z,2.9466758,3.7916152,8.550471,W1hZkqBeWCUTVBX6rx9OeHmaWx63,,,,,
67732e569b85a0767f6f26d1,Gravity,2024-10-30T01:45:18.458Z,2.9293296,3.7622495,8.569382,W1hZkqBeWCUTVBX6rx9OeHmaWx63,,,,,
67732e569b85a0767f6f26d2,Gravity,2024-10-30T01:45:18.619Z,2.9905014,3.8575182,8.505659,W1hZkqBeWCUTVBX6rx9OeHmaWx63,,,,,
67732e569b85a0767f6f26d3,Gravity,2024-10-30T01:45:18.778Z,2.970618,3.8004744,8.538243,W1hZkqBeWCUTVBX6rx9OeHmaWx63,,,,,
67732e569b85a0767f6f26d4,Gravity,2024-10-30T01:45:18.938Z,2.9542766,3.7499251,8.566218,W1hZkqBeWCUTVBX6rx9OeHmaWx63,,,,,
67732e569b85a0767f6f26d5,Gravity,2024-10-30T01:45:19.098Z,2.9677556,3.6560972,8.602045,W1hZkqBeWCUTVBX6rx9OeHmaWx63,,,,,
67732e569b85a0767f6f26d6,Gravity,2024-10-30T01:45:19.258Z,2.9273949,3.5953496,8.64139,W1hZkqBeWCUTVBX6rx9OeHmaWx63,,,,,
67732e569b85a0767f6f26d7,Gravity,2024-10-30T01:45:19.419Z,2.8790371,3.5501673,8.676249,W1hZkqBeWCUTVBX6rx9OeHmaWx63,,,,,
67732e569b85a0767f6f26d8,Gravity,2024-10-30T01:45:19.578Z,2.857831,3.497905,8.704441,W1hZkqBeWCUTVBX6rx9OeHmaWx63,,,,,
67732e569b85a0767f6f26d9,Gravity,2024-10-30T01:45:19.737Z,2.838935,3.5000305,8.709769,W1hZkqBeWCUTVBX6rx9OeHmaWx63,,,,,
67732e569b85a0767f6f26da,Gravity,2024-10-30T01:45:19.897Z,2.8175359,3.480754,8.724432,W1hZkqBeWCUTVBX6rx9OeHmaWx63,,,,,
67732e569b85a0767f6f26db,Gravity,2024-10-30T01:45:20.057Z,2.799326,3.4593375,8.738801,W1hZkqBeWCUTVBX6rx9OeHmaWx63,,,,,
67732e569b85a0767f6f26dc,Gravity,2024-10-30T01:45:20.218Z,2.7663927,3.4453585,8.754797,W1hZkqBeWCUTVBX6rx9OeHmaWx63,,,,,
67732e569b85a0767f6f26dd,Gravity,2024-10-30T01:45:20.377Z,2.7450516,3.4219751,8.770672,W1hZkqBeWCUTVBX6rx9OeHmaWx63,,,,,
67732e569b85a0767f6f26de,Gravity,2024-10-30T01:45:20.537Z,2.7313714,3.4167235,8.776989,W1hZkqBeWCUTVBX6rx9OeHmaWx63,,,,,
67732e569b85a0767f6f26df,Gravity,2024-10-30T01:45:20.847Z,2.7137394,3.4137728,8.783604,W1hZkqBeWCUTVBX6rx9OeHmaWx63,,,,,
67732e569b85a0767f6f26e0,Gravity,2024-10-30T01:45:20.856Z,2.7124803,3.414757,8.78361,W1hZkqBeWCUTVBX6rx9OeHmaWx63,,,,,
67732e569b85a0767f6f26e1,Gravity,2024-10-30T01:45:20.860Z,2.6892111,3.3974757,8.797456,W1hZkqBeWCUTVBX6rx9OeHmaWx63,,,,,
67732e569b85a0767f6f26e2,Gravity,2024-10-30T01:45:21.018Z,2.6730828,3.391546,8.804657,W1hZkqBeWCUTVBX6rx9OeHmaWx63,,,,,
67732e569b85a0767f6f26e3,Gravity,2024-10-30T01:45:21.620Z,2.6687362,3.3845327,8.808674,W1hZkqBeWCUTVBX6rx9OeHmaWx63,,,,,
67732e569b85a0767f6f26e4,Gravity,2024-10-30T01:45:21.658Z,2.6587949,3.3409858,8.828284,W1hZkqBeWCUTVBX6rx9OeHmaWx63,,,,,
67732e569b85a0767f6f26e5,Gravity,2024-10-30T01:45:21.818Z,2.6502223,3.3026338,8.845277,W1hZkqBeWCUTVBX6rx9OeHmaWx63,,,,,
67732e569b85a0767f6f26e6,Gravity,2024-10-30T01:45:21.977Z,2.6410372,3.269786,8.860216,W1hZkqBeWCUTVBX6rx9OeHmaWx63,,,,,
67732e569b85a0767f6f26e7,Gravity,2024-10-30T01:45:22.137Z,2.6315596,3.259364,8.866874,W1hZkqBeWCUTVBX6rx9OeHmaWx63,,,,,
67732e569b85a0767f6f26e8,Gravity,2024-10-30T01:45:22.297Z,2.622636,3.2560575,8.870731,W1hZkqBeWCUTVBX6rx9OeHmaWx63,,,,,
67732e569b85a0767f6f26e9,Gravity,2024-10-30T01:45:22.457Z,2.611742,3.2446673,8.878116,W1hZkqBeWCUTVBX6rx9OeHmaWx63,,,,,
67732e569b85a0767f6f26ea,Gravity,2024-10-30T01:45:22.618Z,2.5977395,3.2230403,8.890094,W1hZkqBeWCUTVBX6rx9OeHmaWx63,,,,,
67732e569b85a0767f6f26eb,Gravity,2024-10-30T01:45:22.777Z,2.5893672,3.2083519,8.897846,W1hZkqBeWCUTVBX6rx9OeHmaWx63,,,,,
67732e569b85a0767f6f26ec,Gravity,2024-10-30T01:45:22.937Z,2.5778403,3.1927745,8.906793,W1hZkqBeWCUTVBX6rx9OeHmaWx63,,,,,
67732e569b85a0767f6f26ed,Gravity,2024-10-30T01:45:23.097Z,2.5699623,3.173747,8.915865,W1hZkqBeWCUTVBX6rx9OeHmaWx63,,,,,
67732e569b85a0767f6f26ee,Gravity,2024-10-30T01:45:23.256Z,2.5575137,3.1606288,8.924102,W1hZkqBeWCUTVBX6rx9OeHmaWx63,,,,,
67732e569b85a0767f6f26ef,Gravity,2024-10-30T01:45:23.417Z,2.5464108,3.1409426,8.934222,W1hZkqBeWCUTVBX6rx9OeHmaWx63,,,,,
67732e569b85a0767f6f26f0,Gravity,2024-10-30T01:45:23.738Z,2.5349703,3.144973,8.936057,W1hZkqBeWCUTVBX6rx9OeHmaWx63,,,,,
67732e569b85a0767f6f26f1,Gravity,2024-10-30T01:45:23.742Z,2.533887,3.1442266,8.936627,W1hZkqBeWCUTVBX6rx9OeHmaWx63,,,,,
67732e569b85a0767f6f26f2,Gravity,2024-10-30T01:45:23.742Z,2.5314982,3.1416404,8.938213,W1hZkqBeWCUTVBX6rx9OeHmaWx63,,,,,
67732e569b85a0767f6f26f3,Gravity,2024-10-30T01:45:24.016Z,2.5099943,3.1180625,8.952523,W1hZkqBeWCUTVBX6rx9OeHmaWx63,,,,,
67732e569b85a0767f6f26f4,Gravity,2024-10-30T01:45:24.027Z,2.5100422,3.1167567,8.952964,W1hZkqBeWCUTVBX6rx9OeHmaWx63,,,,,
67732e569b85a0767f6f26f5,Gravity,2024-10-30T01:45:24.056Z,2.4835212,3.0804052,8.972919,W1hZkqBeWCUTVBX6rx9OeHmaWx63,,,,,
67732e569b85a0767f6f26f6,Gravity,2024-10-30T01:45:24.217Z,2.4645228,3.0705836,8.981521,W1hZkqBeWCUTVBX6rx9OeHmaWx63,,,,,
67732e569b85a0767f6f26f7,Gravity,2024-10-30T01:45:24.376Z,2.450239,3.0588984,8.989413,W1hZkqBeWCUTVBX6rx9OeHmaWx63,,,,,
67732e569b85a0767f6f26f8,Gravity,2024-10-30T01:45:24.536Z,2.4413543,3.0551367,8.99311,W1hZkqBeWCUTVBX6rx9OeHmaWx63,,,,,
67732e569b85a0767f6f26f9,Gravity,2024-10-30T01:45:24.695Z,2.4302518,3.0437374,8.999979,W1hZkqBeWCUTVBX6rx9OeHmaWx63,,,,,
67732e569b85a0767f6f26fa,Gravity,2024-10-30T01:45:24.855Z,2.420599,3.0104227,9.013776,W1hZkqBeWCUTVBX6rx9OeHmaWx63,,,,,
67732e569b85a0767f6f26fb,Gravity,2024-10-30T01:45:25.016Z,2.4090922,2.9700692,9.0302305,W1hZkqBeWCUTVBX6rx9OeHmaWx63,,,,,
67732e569b85a0767f6f26fc,Gravity,2024-10-30T01:45:25.175Z,2.4008043,2.9274335,9.046347,W1hZkqBeWCUTVBX6rx9OeHmaWx63,,,,,
67732e569b85a0767f6f26fd,Gravity,2024-10-30T01:45:25.335Z,2.3983383,2.8943174,9.05765,W1hZkqBeWCUTVBX6rx9OeHmaWx63,,,,,
67732e569b85a0767f6f26fe,Gravity,2024-10-30T01:45:25.496Z,2.401027,2.889049,9.0586195,W1hZkqBeWCUTVBX6rx9OeHmaWx63,,,,,
67732e569b85a0767f6f26ff,Gravity,2024-10-30T01:45:25.655Z,2.3998299,2.8821173,9.061145,W1hZkqBeWCUTVBX6rx9OeHmaWx63,,,,,
67732e569b85a0767f6f2700,Gravity,2024-10-30T01:45:25.818Z,2.385293,2.8810549,9.06532,W1hZkqBeWCUTVBX6rx9OeHmaWx63,,,,,
67732e569b85a0767f6f2701,Gravity,2024-10-30T01:45:25.978Z,2.364999,2.8191655,9.090061,W1hZkqBeWCUTVBX6rx9OeHmaWx63,,,,,
67732e569b85a0767f6f2702,Gravity,2024-10-30T01:45:26.138Z,2.3537087,2.8738892,9.075844,W1hZkqBeWCUTVBX6rx9OeHmaWx63,,,,,
67732e569b85a0767f6f2703,Gravity,2024-10-30T01:45:26.297Z,2.320407,2.8800673,9.082458,W1hZkqBeWCUTVBX6rx9OeHmaWx63,,,,,
67732e569b85a0767f6f2704,Gravity,2024-10-30T01:45:26.457Z,2.3116207,2.9088004,9.075539,W1hZkqBeWCUTVBX6rx9OeHmaWx63,,,,,
67732e569b85a0767f6f2705,Gravity,2024-10-30T01:45:26.619Z,2.2958307,2.9030855,9.081375,W1hZkqBeWCUTVBX6rx9OeHmaWx63,,,,,
67732e569b85a0767f6f2706,Gravity,2024-10-30T01:45:26.776Z,2.2905004,2.9725606,9.060222,W1hZkqBeWCUTVBX6rx9OeHmaWx63,,,,,
67732e569b85a0767f6f2707,Gravity,2024-10-30T01:45:26.935Z,2.274173,3.0426588,9.041044,W1hZkqBeWCUTVBX6rx9OeHmaWx63,,,,,
67732e569b85a0767f6f2708,Gravity,2024-10-30T01:45:27.098Z,2.2431085,3.008102,9.0603485,W1hZkqBeWCUTVBX6rx9OeHmaWx63,,,,,
67732e569b85a0767f6f2709,Gravity,2024-10-30T01:45:27.255Z,2.2049365,2.9294846,9.095411,W1hZkqBeWCUTVBX6rx9OeHmaWx63,,,,,
67732e569b85a0767f6f270a,Gravity,2024-10-30T01:45:27.422Z,2.216123,2.9578068,9.083519,W1hZkqBeWCUTVBX6rx9OeHmaWx63,,,,,
67732e569b85a0767f6f270b,Gravity,2024-10-30T01:45:27.577Z,2.1687274,2.8533907,9.128249,W1hZkqBeWCUTVBX6rx9OeHmaWx63,,,,,
67732e569b85a0767f6f270c,Gravity,2024-10-30T01:45:27.743Z,2.1880677,2.7955298,9.141527,W1hZkqBeWCUTVBX6rx9OeHmaWx63,,,,,
67732e569b85a0767f6f270d,Gravity,2024-10-30T01:45:27.894Z,2.1485946,2.7330856,9.169729,W1hZkqBeWCUTVBX6rx9OeHmaWx63,,,,,
67732e569b85a0767f6f270e,Gravity,2024-10-30T01:45:28.053Z,2.1787097,2.8098485,9.139372,W1hZkqBeWCUTVBX6rx9OeHmaWx63,,,,,
67732e569b85a0767f6f270f,Gravity,2024-10-30T01:45:28.214Z,2.0985186,4.6883183,8.3537855,W1hZkqBeWCUTVBX6rx9OeHmaWx63,,,,,
67732e569b85a0767f6f2710,Gravity,2024-10-30T01:45:28.373Z,1.5757859,6.1473694,7.47638,W1hZkqBeWCUTVBX6rx9OeHmaWx63,,,,,
67732e569b85a0767f6f2711,Gravity,2024-10-30T01:45:28.533Z,0.9168562,8.475856,4.8464174,W1hZkqBeWCUTVBX6rx9OeHmaWx63,,,,,
67732e569b85a0767f6f2712,Gravity,2024-10-30T01:45:28.693Z,0.8319947,8.49032,4.836397,W1hZkqBeWCUTVBX6rx9OeHmaWx63,,,,,
67732e569b85a0767f6f2713,Gravity,2024-10-30T01:45:28.852Z,0.8511767,8.463016,4.880714,W1hZkqBeWCUTVBX6rx9OeHmaWx63,,,,,
67732e569b85a0767f6f2714,Gravity,2024-10-30T01:45:29.013Z,0.53804654,8.507125,4.848486,W1hZkqBeWCUTVBX6rx9OeHmaWx63,,,,,
67732e569b85a0767f6f2715,Gravity,2024-10-30T01:45:29.282Z,0.41880205,8.490435,4.8893375,W1hZkqBeWCUTVBX6rx9OeHmaWx63,,,,,
67732e569b85a0767f6f2716,Gravity,2024-10-30T01:45:29.288Z,0.40774378,8.485062,4.899586,W1hZkqBeWCUTVBX6rx9OeHmaWx63,,,,,
67732e569b85a0767f6f2717,Gravity,2024-10-30T01:45:29.332Z,0.2875424,8.46968,4.934599,W1hZkqBeWCUTVBX6rx9OeHmaWx63,,,,,
67732e569b85a0767f6f2718,Gravity,2024-10-30T01:45:29.493Z,0.10621523,8.365099,5.1168633,W1hZkqBeWCUTVBX6rx9OeHmaWx63,,,,,
67732e569b85a0767f6f2719,Gravity,2024-10-30T01:45:29.652Z,-0.0770961,8.1391735,5.4696007,W1hZkqBeWCUTVBX6rx9OeHmaWx63,,,,,
67732e569b85a0767f6f271a,Gravity,2024-10-30T01:45:29.813Z,0.15854543,8.146019,5.4576416,W1hZkqBeWCUTVBX6rx9OeHmaWx63,,,,,
67732e569b85a0767f6f271b,Gravity,2024-10-30T01:45:29.972Z,3.7963552,7.4190674,5.1685205,W1hZkqBeWCUTVBX6rx9OeHmaWx63,,,,,
67732e569b85a0767f6f271c,Gravity,2024-10-30T01:45:30.132Z,7.5964108,5.118026,3.5025926,W1hZkqBeWCUTVBX6rx9OeHmaWx63,,,,,
67732e569b85a0767f6f271d,Gravity,2024-10-30T01:45:30.291Z,8.760935,3.3519385,2.8597283,W1hZkqBeWCUTVBX6rx9OeHmaWx63,,,,,
67732e569b85a0767f6f271e,Gravity,2024-10-30T01:45:30.451Z,8.974555,3.002244,2.571252,W1hZkqBeWCUTVBX6rx9OeHmaWx63,,,,,
67732e569b85a0767f6f271f,Gravity,2024-10-30T01:45:30.612Z,9.141384,2.7642689,2.2273688,W1hZkqBeWCUTVBX6rx9OeHmaWx63,,,,,
67732e569b85a0767f6f2720,Gravity,2024-10-30T01:45:30.925Z,9.233207,2.529895,2.1248057,W1hZkqBeWCUTVBX6rx9OeHmaWx63,,,,,
67732e569b85a0767f6f2721,Gravity,2024-10-30T01:45:30.931Z,9.225367,2.5433455,2.1427283,W1hZkqBeWCUTVBX6rx9OeHmaWx63,,,,,
67732e569b85a0767f6f2722,Gravity,2024-10-30T01:45:30.932Z,9.066922,2.9388661,2.3068085,W1hZkqBeWCUTVBX6rx9OeHmaWx63,,,,,
67732e569b85a0767f6f2723,Gravity,2024-10-30T01:45:31.092Z,8.948895,3.2432938,2.3591921,W1hZkqBeWCUTVBX6rx9OeHmaWx63,,,,,
67732e569b85a0767f6f2724,Gravity,2024-10-30T01:45:31.251Z,8.842414,3.4503486,2.464607,W1hZkqBeWCUTVBX6rx9OeHmaWx63,,,,,
67732e569b85a0767f6f2725,Gravity,2024-10-30T01:45:31.412Z,8.802027,3.4417508,2.6165261,W1hZkqBeWCUTVBX6rx9OeHmaWx63,,,,,
67732e569b85a0767f6f2726,Gravity,2024-10-30T01:45:31.571Z,8.697794,3.6081262,2.738144,W1hZkqBeWCUTVBX6rx9OeHmaWx63,,,,,
67732e569b85a0767f6f2727,Gravity,2024-10-30T01:45:31.731Z,8.782654,3.2782094,2.8785524,W1hZkqBeWCUTVBX6rx9OeHmaWx63,,,,,
67732e569b85a0767f6f2728,Gravity,2024-10-30T01:45:31.890Z,8.734808,3.1265185,3.1773999,W1hZkqBeWCUTVBX6rx9OeHmaWx63,,,,,
67732e569b85a0767f6f2729,Gravity,2024-10-30T01:45:32.050Z,8.689129,3.3420765,3.0817823,W1hZkqBeWCUTVBX6rx9OeHmaWx63,,,,,
67732e569b85a0767f6f272a,Gravity,2024-10-30T01:45:32.211Z,8.593688,3.5879192,3.0729723,W1hZkqBeWCUTVBX6rx9OeHmaWx63,,,,,
67732e569b85a0767f6f272b,Gravity,2024-10-30T01:45:32.370Z,8.306495,4.1799297,3.114179,W1hZkqBeWCUTVBX6rx9OeHmaWx63,,,,,
67732e569b85a0767f6f272c,Gravity,2024-10-30T01:45:32.530Z,7.9045253,4.7012215,3.403665,W1hZkqBeWCUTVBX6rx9OeHmaWx63,,,,,
67732e569b85a0767f6f272d,Gravity,2024-10-30T01:45:32.690Z,7.320744,5.4195323,3.6336532,W1hZkqBeWCUTVBX6rx9OeHmaWx63,,,,,
67732e569b85a0767f6f272e,Gravity,2024-10-30T01:45:32.851Z,6.602333,5.9744163,4.108986,W1hZkqBeWCUTVBX6rx9OeHmaWx63,,,,,
67732e569b85a0767f6f272f,Gravity,2024-10-30T01:45:33.011Z,6.3045497,6.1863585,4.260275,W1hZkqBeWCUTVBX6rx9OeHmaWx63,,,,,
67732e569b85a0767f6f2730,Gravity,2024-10-30T01:45:33.170Z,6.052676,6.3878965,4.327606,W1hZkqBeWCUTVBX6rx9OeHmaWx63,,,,,
67732e569b85a0767f6f2731,Gravity,2024-10-30T01:45:33.330Z,5.651802,6.488168,4.7041745,W1hZkqBeWCUTVBX6rx9OeHmaWx63,,,,,
67732e569b85a0767f6f2732,Gravity,2024-10-30T01:45:33.489Z,5.0631914,6.609483,5.181452,W1hZkqBeWCUTVBX6rx9OeHmaWx63,,,,,
67732e569b85a0767f6f2733,Gravity,2024-10-30T01:45:33.732Z,4.901162,6.6699862,5.259136,W1hZkqBeWCUTVBX6rx9OeHmaWx63,,,,,
67732e569b85a0767f6f2734,Gravity,2024-10-30T01:45:33.737Z,4.8744183,6.6832094,5.267198,W1hZkqBeWCUTVBX6rx9OeHmaWx63,,,,,
67732e569b85a0767f6f2735,Gravity,2024-10-30T01:45:33.810Z,4.163572,7.0459914,5.40253,W1hZkqBeWCUTVBX6rx9OeHmaWx63,,,,,
67732e569b85a0767f6f2736,Gravity,2024-10-30T01:45:33.969Z,3.6478782,7.477669,5.1909537,W1hZkqBeWCUTVBX6rx9OeHmaWx63,,,,,
67732e569b85a0767f6f2737,Gravity,2024-10-30T01:45:34.129Z,3.625328,7.7288957,4.825924,W1hZkqBeWCUTVBX6rx9OeHmaWx63,,,,,
67732e569b85a0767f6f2738,Gravity,2024-10-30T01:45:34.289Z,4.03619,7.83052,4.308158,W1hZkqBeWCUTVBX6rx9OeHmaWx63,,,,,
67732e569b85a0767f6f2739,Gravity,2024-10-30T01:45:34.448Z,4.876094,6.8285155,5.0757756,W1hZkqBeWCUTVBX6rx9OeHmaWx63,,,,,
67732e569b85a0767f6f273a,Gravity,2024-10-30T01:45:34.609Z,5.439537,6.1801662,5.327806,W1hZkqBeWCUTVBX6rx9OeHmaWx63,,,,,
67732e569b85a0767f6f273b,Gravity,2024-10-30T01:45:34.768Z,5.5959477,5.696672,5.6922717,W1hZkqBeWCUTVBX6rx9OeHmaWx63,,,,,
67732e569b85a0767f6f273c,Gravity,2024-10-30T01:45:34.928Z,5.9177623,5.16583,5.8705187,W1hZkqBeWCUTVBX6rx9OeHmaWx63,,,,,
67732e569b85a0767f6f273d,Gravity,2024-10-30T01:45:35.106Z,6.033574,4.828872,6.0371137,W1hZkqBeWCUTVBX6rx9OeHmaWx63,,,,,
67732e569b85a0767f6f273e,Gravity,2024-10-30T01:45:35.248Z,5.964553,4.7291417,6.1828914,W1hZkqBeWCUTVBX6rx9OeHmaWx63,,,,,
67732e569b85a0767f6f273f,Gravity,2024-10-30T01:45:35.409Z,5.8761373,4.467086,6.4563985,W1hZkqBeWCUTVBX6rx9OeHmaWx63,,,,,
67732e569b85a0767f6f2740,Gravity,2024-10-30T01:45:37.167Z,5.151058,1.2716795,8.24737,W1hZkqBeWCUTVBX6rx9OeHmaWx63,,,,,
67732e569b85a0767f6f2741,Gravity,2024-10-30T01:45:35.568Z,5.740254,4.2969437,6.6899,W1hZkqBeWCUTVBX6rx9OeHmaWx63,,,,,
67732e569b85a0767f6f2742,Gravity,2024-10-30T01:45:37.327Z,5.0550566,1.0310246,8.339851,W1hZkqBeWCUTVBX6rx9OeHmaWx63,,,,,
67732e569b85a0767f6f2743,Gravity,2024-10-30T01:45:35.729Z,5.565658,4.2285695,6.878352,W1hZkqBeWCUTVBX6rx9OeHmaWx63,,,,,
67732e569b85a0767f6f2744,Gravity,2024-10-30T01:45:37.487Z,5.156491,0.026377136,8.341441,W1hZkqBeWCUTVBX6rx9OeHmaWx63,,,,,
67732e569b85a0767f6f2745,Gravity,2024-10-30T01:45:35.888Z,5.424327,3.3769157,7.4392505,W1hZkqBeWCUTVBX6rx9OeHmaWx63,,,,,
67732e569b85a0767f6f2746,Gravity,2024-10-30T01:45:37.646Z,5.032143,-0.3406937,8.410186,W1hZkqBeWCUTVBX6rx9OeHmaWx63,,,,,
67732e569b85a0767f6f2747,Gravity,2024-10-30T01:45:36.047Z,5.458261,2.0964522,7.872852,W1hZkqBeWCUTVBX6rx9OeHmaWx63,,,,,
67732e569b85a0767f6f2748,Gravity,2024-10-30T01:45:36.208Z,5.6406603,1.1512395,7.938965,W1hZkqBeWCUTVBX6rx9OeHmaWx63,,,,,
67732e569b85a0767f6f2749,Gravity,2024-10-30T01:45:36.367Z,5.672065,0.7876849,7.9609547,W1hZkqBeWCUTVBX6rx9OeHmaWx63,,,,,
67732e569b85a0767f6f274a,Gravity,2024-10-30T01:45:36.527Z,5.592176,0.79185444,8.016866,W1hZkqBeWCUTVBX6rx9OeHmaWx63,,,,,
67732e569b85a0767f6f274b,Gravity,2024-10-30T01:45:36.687Z,5.312863,0.9017538,8.193291,W1hZkqBeWCUTVBX6rx9OeHmaWx63,,,,,
67732e569b85a0767f6f274c,Gravity,2024-10-30T01:45:36.847Z,5.316808,1.0657213,8.171013,W1hZkqBeWCUTVBX6rx9OeHmaWx63,,,,,
67732e569b85a0767f6f274d,Gravity,2024-10-30T01:45:37.029Z,5.2895813,1.3658648,8.143979,W1hZkqBeWCUTVBX6rx9OeHmaWx63,,,,,
67732e569b85a0767f6f274e,Gravity,2024-10-30T01:45:37.809Z,5.09411,-0.4646847,8.366831,W1hZkqBeWCUTVBX6rx9OeHmaWx63,,,,,
67732e569b85a0767f6f274f,Gravity,2024-10-30T01:45:37.970Z,5.096498,-0.46031567,8.365618,W1hZkqBeWCUTVBX6rx9OeHmaWx63,,,,,
67732e569b85a0767f6f2750,Gravity,2024-10-30T01:45:38.130Z,5.1417475,-0.45357803,8.33825,W1hZkqBeWCUTVBX6rx9OeHmaWx63,,,,,
67732e569b85a0767f6f2751,Gravity,2024-10-30T01:45:38.287Z,5.1943364,-0.47117594,8.30461,W1hZkqBeWCUTVBX6rx9OeHmaWx63,,,,,
67732e569b85a0767f6f2752,Gravity,2024-10-30T01:45:38.450Z,5.2306085,-0.2598048,8.291135,W1hZkqBeWCUTVBX6rx9OeHmaWx63,,,,,
67732e569b85a0767f6f2753,Gravity,2024-10-30T01:45:38.610Z,5.124875,-0.21488413,8.358181,W1hZkqBeWCUTVBX6rx9OeHmaWx63,,,,,
67732e569b85a0767f6f2754,Gravity,2024-10-30T01:45:38.767Z,5.1218553,-0.16506475,8.361165,W1hZkqBeWCUTVBX6rx9OeHmaWx63,,,,,
67732e569b85a0767f6f2755,Gravity,2024-10-30T01:45:38.928Z,5.140982,-0.16866599,8.349345,W1hZkqBeWCUTVBX6rx9OeHmaWx63,,,,,
67732e569b85a0767f6f2756,Gravity,2024-10-30T01:45:39.088Z,5.1027617,-0.06421265,8.374211,W1hZkqBeWCUTVBX6rx9OeHmaWx63,,,,,
67732e569b85a0767f6f2757,Gravity,2024-10-30T01:45:39.246Z,4.994823,-0.10616247,8.438614,W1hZkqBeWCUTVBX6rx9OeHmaWx63,,,,,
67732e569b85a0767f6f2758,Gravity,2024-10-30T01:45:39.408Z,4.8955674,-0.19701837,8.494962,W1hZkqBeWCUTVBX6rx9OeHmaWx63,,,,,
67732e569b85a0767f6f2759,Gravity,2024-10-30T01:45:39.568Z,4.8101015,-0.31028453,8.540283,W1hZkqBeWCUTVBX6rx9OeHmaWx63,,,,,
67732e569b85a0767f6f275a,Gravity,2024-10-30T01:45:39.728Z,4.6397696,-0.6804811,8.612741,W1hZkqBeWCUTVBX6rx9OeHmaWx63,,,,,
67732e569b85a0767f6f275b,Gravity,2024-10-30T01:45:39.890Z,4.6295953,-0.56483227,8.626566,W1hZkqBeWCUTVBX6rx9OeHmaWx63,,,,,
67732e569b85a0767f6f275c,Gravity,2024-10-30T01:45:40.049Z,4.692942,-0.25946268,8.606902,W1hZkqBeWCUTVBX6rx9OeHmaWx63,,,,,
67732e569b85a0767f6f275d,Gravity,2024-10-30T01:45:40.209Z,4.6312833,-0.21971549,8.641339,W1hZkqBeWCUTVBX6rx9OeHmaWx63,,,,,
67732e569b85a0767f6f275e,Gravity,2024-10-30T01:45:40.364Z,4.7220635,-0.21014307,8.592307,W1hZkqBeWCUTVBX6rx9OeHmaWx63,,,,,
67732e569b85a0767f6f275f,Gravity,2024-10-30T01:45:40.524Z,4.817162,-0.24387102,8.538456,W1hZkqBeWCUTVBX6rx9OeHmaWx63,,,,,
67732e569b85a0767f6f2760,Gravity,2024-10-30T01:45:40.684Z,4.72471,0.6431456,8.56932,W1hZkqBeWCUTVBX6rx9OeHmaWx63,,,,,
67732e569b85a0767f6f2761,Gravity,2024-10-30T01:45:40.844Z,4.846893,1.373263,8.413766,W1hZkqBeWCUTVBX6rx9OeHmaWx63,,,,,
67732e569b85a0767f6f2762,Gravity,2024-10-30T01:45:41.012Z,4.863338,1.5067407,8.381368,W1hZkqBeWCUTVBX6rx9OeHmaWx63,,,,,
67732e569b85a0767f6f2763,Gravity,2024-10-30T01:45:41.163Z,4.670028,1.2218301,8.536258,W1hZkqBeWCUTVBX6rx9OeHmaWx63,,,,,
67732e569b85a0767f6f2764,Gravity,2024-10-30T01:45:41.323Z,4.7349653,0.9360247,8.536609,W1hZkqBeWCUTVBX6rx9OeHmaWx63,,,,,
67732e569b85a0767f6f2765,Gravity,2024-10-30T01:45:41.483Z,4.680291,0.35796413,8.610256,W1hZkqBeWCUTVBX6rx9OeHmaWx63,,,,,
67732e569b85a0767f6f2766,Gravity,2024-10-30T01:45:41.643Z,4.540511,0.2473644,8.688634,W1hZkqBeWCUTVBX6rx9OeHmaWx63,,,,,
67732e569b85a0767f6f2767,Gravity,2024-10-30T01:45:41.804Z,4.50955,0.3162088,8.702515,W1hZkqBeWCUTVBX6rx9OeHmaWx63,,,,,
67732e569b85a0767f6f2768,Gravity,2024-10-30T01:45:41.962Z,4.460444,0.31419295,8.72786,W1hZkqBeWCUTVBX6rx9OeHmaWx63,,,,,
67732e569b85a0767f6f2769,Gravity,2024-10-30T01:45:42.122Z,4.428335,0.31438452,8.744189,W1hZkqBeWCUTVBX6rx9OeHmaWx63,,,,,
67732e569b85a0767f6f276a,Gravity,2024-10-30T01:45:42.282Z,4.422442,0.29324368,8.747907,W1hZkqBeWCUTVBX6rx9OeHmaWx63,,,,,
67732e569b85a0767f6f276b,Gravity,2024-10-30T01:45:42.442Z,4.461613,0.4253025,8.722555,W1hZkqBeWCUTVBX6rx9OeHmaWx63,,,,,
67732e569b85a0767f6f276c,Gravity,2024-10-30T01:45:42.603Z,4.4325957,0.4890664,8.733999,W1hZkqBeWCUTVBX6rx9OeHmaWx63,,,,,
67732e569b85a0767f6f276d,Gravity,2024-10-30T01:45:42.762Z,4.4085813,0.5108061,8.744904,W1hZkqBeWCUTVBX6rx9OeHmaWx63,,,,,
67732e569b85a0767f6f276e,Gravity,2024-10-30T01:45:42.922Z,4.404444,0.54423374,8.744971,W1hZkqBeWCUTVBX6rx9OeHmaWx63,,,,,
67732e569b85a0767f6f276f,Gravity,2024-10-30T01:45:43.082Z,4.399942,0.55413127,8.746617,W1hZkqBeWCUTVBX6rx9OeHmaWx63,,,,,
67732e569b85a0767f6f2770,Gravity,2024-10-30T01:45:43.242Z,4.378195,0.60456747,8.754185,W1hZkqBeWCUTVBX6rx9OeHmaWx63,,,,,
67732e569b85a0767f6f2771,Gravity,2024-10-30T01:45:43.402Z,4.376334,0.59079385,8.756056,W1hZkqBeWCUTVBX6rx9OeHmaWx63,,,,,
67732e569b85a0767f6f2772,Gravity,2024-10-30T01:45:43.561Z,4.420894,0.53805375,8.737049,W1hZkqBeWCUTVBX6rx9OeHmaWx63,,,,,
67732e569b85a0767f6f2773,Gravity,2024-10-30T01:45:43.824Z,4.472749,0.7101776,8.698274,W1hZkqBeWCUTVBX6rx9OeHmaWx63,,,,,
67732e569b85a0767f6f2774,Gravity,2024-10-30T01:45:43.831Z,4.4812016,0.7374188,8.691653,W1hZkqBeWCUTVBX6rx9OeHmaWx63,,,,,
67732e569b85a0767f6f2775,Gravity,2024-10-30T01:45:43.881Z,4.666247,1.4485453,8.502797,W1hZkqBeWCUTVBX6rx9OeHmaWx63,,,,,
67732e569b85a0767f6f2776,Gravity,2024-10-30T01:45:44.041Z,4.5231867,1.3340471,8.598306,W1hZkqBeWCUTVBX6rx9OeHmaWx63,,,,,
67732e569b85a0767f6f2777,Gravity,2024-10-30T01:45:44.202Z,4.354785,1.1874963,8.706061,W1hZkqBeWCUTVBX6rx9OeHmaWx63,,,,,
67732e569b85a0767f6f2778,Gravity,2024-10-30T01:45:44.361Z,4.3630204,1.1751096,8.703617,W1hZkqBeWCUTVBX6rx9OeHmaWx63,,,,,
67732e569b85a0767f6f2779,Gravity,2024-10-30T01:45:44.521Z,4.4241734,1.2062509,8.668413,W1hZkqBeWCUTVBX6rx9OeHmaWx63,,,,,
67732e569b85a0767f6f277a,Gravity,2024-10-30T01:45:44.681Z,4.4283056,1.2158669,8.664959,W1hZkqBeWCUTVBX6rx9OeHmaWx63,,,,,
67732e569b85a0767f6f277b,Gravity,2024-10-30T01:45:44.841Z,4.4332714,1.2289218,8.660578,W1hZkqBeWCUTVBX6rx9OeHmaWx63,,,,,
67732e569b85a0767f6f277c,Gravity,2024-10-30T01:45:45.001Z,4.4184284,1.2159532,8.669989,W1hZkqBeWCUTVBX6rx9OeHmaWx63,,,,,
67732e569b85a0767f6f277d,Gravity,2024-10-30T01:45:45.160Z,4.3883657,1.2052962,8.686729,W1hZkqBeWCUTVBX6rx9OeHmaWx63,,,,,
67732e569b85a0767f6f277e,Gravity,2024-10-30T01:45:45.320Z,4.383045,1.1717865,8.693998,W1hZkqBeWCUTVBX6rx9OeHmaWx63,,,,,
67732e569b85a0767f6f277f,Gravity,2024-10-30T01:45:45.480Z,4.3643513,1.1543268,8.70573,W1hZkqBeWCUTVBX6rx9OeHmaWx63,,,,,
67732e569b85a0767f6f2780,Gravity,2024-10-30T01:45:45.647Z,4.3525405,1.1643133,8.710313,W1hZkqBeWCUTVBX6rx9OeHmaWx63,,,,,
67732e569b85a0767f6f2781,Gravity,2024-10-30T01:45:45.801Z,4.349785,1.13205,8.715941,W1hZkqBeWCUTVBX6rx9OeHmaWx63,,,,,
67732e569b85a0767f6f2782,Gravity,2024-10-30T01:45:45.960Z,4.3540525,1.0833415,8.720001,W1hZkqBeWCUTVBX6rx9OeHmaWx63,,,,,
67732e569b85a0767f6f2783,Gravity,2024-10-30T01:45:46.120Z,4.356588,1.0620735,8.721351,W1hZkqBeWCUTVBX6rx9OeHmaWx63,,,,,
67732e569b85a0767f6f2784,Gravity,2024-10-30T01:45:46.280Z,4.3400354,1.0247209,8.734063,W1hZkqBeWCUTVBX6rx9OeHmaWx63,,,,,
67732e569b85a0767f6f2785,Gravity,2024-10-30T01:45:46.439Z,4.3179545,1.000509,8.747805,W1hZkqBeWCUTVBX6rx9OeHmaWx63,,,,,
67732e569b85a0767f6f2786,Gravity,2024-10-30T01:45:46.600Z,4.307132,0.982122,8.755221,W1hZkqBeWCUTVBX6rx9OeHmaWx63,,,,,
67732e569b85a0767f6f2787,Gravity,2024-10-30T01:45:46.759Z,4.331785,0.91811544,8.750002,W1hZkqBeWCUTVBX6rx9OeHmaWx63,,,,,
67732e569b85a0767f6f2788,Gravity,2024-10-30T01:45:46.919Z,4.3303037,0.8228813,8.760203,W1hZkqBeWCUTVBX6rx9OeHmaWx63,,,,,
67732e569b85a0767f6f2789,Gravity,2024-10-30T01:45:47.079Z,4.2947993,0.75790936,8.783512,W1hZkqBeWCUTVBX6rx9OeHmaWx63,,,,,
67732e569b85a0767f6f278a,Gravity,2024-10-30T01:45:47.239Z,4.2583313,0.75441974,8.801551,W1hZkqBeWCUTVBX6rx9OeHmaWx63,,,,,
67732e569b85a0767f6f278b,Gravity,2024-10-30T01:45:47.400Z,4.2244053,0.72953594,8.819979,W1hZkqBeWCUTVBX6rx9OeHmaWx63,,,,,
67732e569b85a0767f6f278c,Gravity,2024-10-30T01:45:47.559Z,4.207739,0.6781119,8.832041,W1hZkqBeWCUTVBX6rx9OeHmaWx63,,,,,
67732e569b85a0767f6f278d,Gravity,2024-10-30T01:45:47.721Z,4.21447,0.564188,8.836843,W1hZkqBeWCUTVBX6rx9OeHmaWx63,,,,,
67732e569b85a0767f6f278e,Gravity,2024-10-30T01:45:47.879Z,4.3237166,0.28347704,8.79744,W1hZkqBeWCUTVBX6rx9OeHmaWx63,,,,,
67732e569b85a0767f6f278f,Gravity,2024-10-30T01:45:48.039Z,4.387108,0.29834583,8.765505,W1hZkqBeWCUTVBX6rx9OeHmaWx63,,,,,
67732e569b85a0767f6f2790,Gravity,2024-10-30T01:45:48.200Z,4.4443455,1.0118068,8.68296,W1hZkqBeWCUTVBX6rx9OeHmaWx63,,,,,
67732e569b85a0767f6f2791,Gravity,2024-10-30T01:45:48.359Z,4.477302,1.007021,8.666568,W1hZkqBeWCUTVBX6rx9OeHmaWx63,,,,,
67732e569b85a0767f6f2792,Gravity,2024-10-30T01:45:48.519Z,4.406391,0.9430571,8.709999,W1hZkqBeWCUTVBX6rx9OeHmaWx63,,,,,
67732e569b85a0767f6f2793,Gravity,2024-10-30T01:45:48.679Z,4.4050236,0.89082015,8.716188,W1hZkqBeWCUTVBX6rx9OeHmaWx63,,,,,
67732e569b85a0767f6f2794,Gravity,2024-10-30T01:45:48.839Z,4.5046463,0.9349809,8.660465,W1hZkqBeWCUTVBX6rx9OeHmaWx63,,,,,
67732e569b85a0767f6f2795,Gravity,2024-10-30T01:45:49.065Z,4.5219417,0.938934,8.651019,W1hZkqBeWCUTVBX6rx9OeHmaWx63,,,,,
67732e569b85a0767f6f2796,Gravity,2024-10-30T01:45:49.159Z,4.783805,0.45546487,8.548532,W1hZkqBeWCUTVBX6rx9OeHmaWx63,,,,,
67732e569b85a0767f6f2797,Gravity,2024-10-30T01:45:49.319Z,4.856778,0.39327538,8.510383,W1hZkqBeWCUTVBX6rx9OeHmaWx63,,,,,
67732e569b85a0767f6f2798,Gravity,2024-10-30T01:45:49.479Z,4.8498936,0.16065277,8.521871,W1hZkqBeWCUTVBX6rx9OeHmaWx63,,,,,
67732e569b85a0767f6f2799,Gravity,2024-10-30T01:45:49.638Z,4.8415136,-1.3605542,8.418916,W1hZkqBeWCUTVBX6rx9OeHmaWx63,,,,,
67732e569b85a0767f6f279a,Gravity,2024-10-30T01:45:49.801Z,4.8231483,-1.3798587,8.4263115,W1hZkqBeWCUTVBX6rx9OeHmaWx63,,,,,
67732e569b85a0767f6f279b,Gravity,2024-10-30T01:45:49.962Z,4.825647,-0.9833466,8.480312,W1hZkqBeWCUTVBX6rx9OeHmaWx63,,,,,
67732e569b85a0767f6f279c,Gravity,2024-10-30T01:45:50.121Z,4.8446894,-0.38155735,8.517803,W1hZkqBeWCUTVBX6rx9OeHmaWx63,,,,,
67732e569b85a0767f6f279d,Gravity,2024-10-30T01:45:50.278Z,4.8462734,0.093415804,8.524933,W1hZkqBeWCUTVBX6rx9OeHmaWx63,,,,,
67732e569b85a0767f6f279e,Gravity,2024-10-30T01:45:50.440Z,4.845337,0.077205114,8.525627,W1hZkqBeWCUTVBX6rx9OeHmaWx63,,,,,
67732e569b85a0767f6f279f,Gravity,2024-10-30T01:45:50.601Z,4.7865815,0.12130787,8.558241,W1hZkqBeWCUTVBX6rx9OeHmaWx63,,,,,
67732e569b85a0767f6f27a0,Gravity,2024-10-30T01:45:50.758Z,4.7333574,0.1138257,8.587895,W1hZkqBeWCUTVBX6rx9OeHmaWx63,,,,,
67732e569b85a0767f6f27a1,Gravity,2024-10-30T01:45:50.920Z,4.6991878,0.093330465,8.606889,W1hZkqBeWCUTVBX6rx9OeHmaWx63,,,,,
67732e569b85a0767f6f27a2,Gravity,2024-10-30T01:45:51.081Z,4.67198,0.06835487,8.6219225,W1hZkqBeWCUTVBX6rx9OeHmaWx63,,,,,
67732e569b85a0767f6f27a3,Gravity,2024-10-30T01:45:51.238Z,4.659336,0.10240152,8.628426,W1hZkqBeWCUTVBX6rx9OeHmaWx63,,,,,
67732e569b85a0767f6f27a4,Gravity,2024-10-30T01:45:51.410Z,4.6400876,0.07672653,8.639059,W1hZkqBeWCUTVBX6rx9OeHmaWx63,,,,,
67732e569b85a0767f6f27a5,Gravity,2024-10-30T01:45:51.560Z,4.630054,0.069144994,8.644505,W1hZkqBeWCUTVBX6rx9OeHmaWx63,,,,,
67732e569b85a0767f6f27a6,Gravity,2024-10-30T01:45:51.720Z,4.617378,0.10125279,8.650968,W1hZkqBeWCUTVBX6rx9OeHmaWx63,,,,,
67732e569b85a0767f6f27a7,Gravity,2024-10-30T01:45:51.876Z,4.545064,0.43975088,8.678634,W1hZkqBeWCUTVBX6rx9OeHmaWx63,,,,,
67732e569b85a0767f6f27a8,Gravity,2024-10-30T01:45:52.036Z,4.352317,1.1647443,8.710363,W1hZkqBeWCUTVBX6rx9OeHmaWx63,,,,,
67732e569b85a0767f6f27a9,Gravity,2024-10-30T01:45:52.197Z,4.0790854,1.8397187,8.726179,W1hZkqBeWCUTVBX6rx9OeHmaWx63,,,,,
67732e569b85a0767f6f27aa,Gravity,2024-10-30T01:45:52.356Z,4.153684,1.4114947,8.770652,W1hZkqBeWCUTVBX6rx9OeHmaWx63,,,,,
67732e569b85a0767f6f27ab,Gravity,2024-10-30T01:45:52.516Z,4.2792835,0.8570031,8.781972,W1hZkqBeWCUTVBX6rx9OeHmaWx63,,,,,
67732e569b85a0767f6f27ac,Gravity,2024-10-30T01:45:52.676Z,4.330555,0.63443935,8.775735,W1hZkqBeWCUTVBX6rx9OeHmaWx63,,,,,
67732e569b85a0767f6f27ad,Gravity,2024-10-30T01:45:52.836Z,4.354711,0.44100425,8.775634,W1hZkqBeWCUTVBX6rx9OeHmaWx63,,,,,
67732e569b85a0767f6f27ae,Gravity,2024-10-30T01:45:53.161Z,4.3559675,0.2655109,8.782073,W1hZkqBeWCUTVBX6rx9OeHmaWx63,,,,,
67732e569b85a0767f6f27af,Gravity,2024-10-30T01:45:53.166Z,4.35576,0.26240695,8.782269,W1hZkqBeWCUTVBX6rx9OeHmaWx63,,,,,
67732e569b85a0767f6f27b0,Gravity,2024-10-30T01:45:53.167Z,4.355962,0.25983167,8.782245,W1hZkqBeWCUTVBX6rx9OeHmaWx63,,,,,
67732e569b85a0767f6f27b1,Gravity,2024-10-30T01:45:53.316Z,4.514021,0.21887743,8.703183,W1hZkqBeWCUTVBX6rx9OeHmaWx63,,,,,
67732e569b85a0767f6f27b2,Gravity,2024-10-30T01:45:53.476Z,4.6436467,0.020101562,8.637465,W1hZkqBeWCUTVBX6rx9OeHmaWx63,,,,,
67732e569b85a0767f6f27b3,Gravity,2024-10-30T01:45:53.636Z,4.657147,-0.023605917,8.630184,W1hZkqBeWCUTVBX6rx9OeHmaWx63,,,,,
67732e569b85a0767f6f27b4,Gravity,2024-10-30T01:45:53.796Z,4.6450124,-0.03764891,8.636671,W1hZkqBeWCUTVBX6rx9OeHmaWx63,,,,,
67732e569b85a0767f6f27b5,Gravity,2024-10-30T01:45:53.956Z,4.600286,-0.058858726,8.660459,W1hZkqBeWCUTVBX6rx9OeHmaWx63,,,,,
67732e569b85a0767f6f27b6,Gravity,2024-10-30T01:45:54.115Z,4.4508514,-0.2414489,8.735063,W1hZkqBeWCUTVBX6rx9OeHmaWx63,,,,,
67732e569b85a0767f6f27b7,Gravity,2024-10-30T01:45:54.275Z,4.273499,-0.46358943,8.814308,W1hZkqBeWCUTVBX6rx9OeHmaWx63,,,,,
67732e569b85a0767f6f27b8,Gravity,2024-10-30T01:45:54.435Z,4.1774483,-0.58488023,8.853057,W1hZkqBeWCUTVBX6rx9OeHmaWx63,,,,,
67732e569b85a0767f6f27b9,Gravity,2024-10-30T01:45:54.596Z,4.1356635,-0.61471844,8.870637,W1hZkqBeWCUTVBX6rx9OeHmaWx63,,,,,
67732e569b85a0767f6f27ba,Gravity,2024-10-30T01:45:54.755Z,4.118093,-0.6250057,8.878089,W1hZkqBeWCUTVBX6rx9OeHmaWx63,,,,,
67732e569b85a0767f6f27bb,Gravity,2024-10-30T01:45:54.916Z,4.0916486,-0.66512954,8.887397,W1hZkqBeWCUTVBX6rx9OeHmaWx63,,,,,
67732e569b85a0767f6f27bc,Gravity,2024-10-30T01:45:55.075Z,4.069358,-0.6893508,8.895782,W1hZkqBeWCUTVBX6rx9OeHmaWx63,,,,,
67732e569b85a0767f6f27bd,Gravity,2024-10-30T01:45:55.235Z,4.053197,-0.72549236,8.900286,W1hZkqBeWCUTVBX6rx9OeHmaWx63,,,,,
67732e569b85a0767f6f27be,Gravity,2024-10-30T01:45:55.396Z,4.0149207,-0.75322425,8.915319,W1hZkqBeWCUTVBX6rx9OeHmaWx63,,,,,
67732e569b85a0767f6f27bf,Gravity,2024-10-30T01:45:57.581Z,4.004042,-0.76258683,8.9194145,W1hZkqBeWCUTVBX6rx9OeHmaWx63,,,,,
67732e569b85a0767f6f27c0,Gravity,2024-10-30T01:45:57.592Z,4.004151,-0.7630233,8.919329,W1hZkqBeWCUTVBX6rx9OeHmaWx63,,,,,
67732e569b85a0767f6f27c1,Gravity,2024-10-30T01:45:57.653Z,3.9921927,-0.77151746,8.923958,W1hZkqBeWCUTVBX6rx9OeHmaWx63,,,,,
67732e569b85a0767f6f27c2,Gravity,2024-10-30T01:45:57.814Z,3.979507,-0.79348963,8.927696,W1hZkqBeWCUTVBX6rx9OeHmaWx63,,,,,
67732e569b85a0767f6f27c3,Gravity,2024-10-30T01:45:57.973Z,3.970918,-0.8177441,8.929332,W1hZkqBeWCUTVBX6rx9OeHmaWx63,,,,,
67732e569b85a0767f6f27c4,Gravity,2024-10-30T01:45:58.133Z,3.9681935,-0.85279644,8.927264,W1hZkqBeWCUTVBX6rx9OeHmaWx63,,,,,
67732e569b85a0767f6f27c5,Gravity,2024-10-30T01:45:58.293Z,3.9562056,-0.8907158,8.928882,W1hZkqBeWCUTVBX6rx9OeHmaWx63,,,,,
67732e569b85a0767f6f27c6,Gravity,2024-10-30T01:45:58.453Z,4.125611,-1.3257842,8.797239,W1hZkqBeWCUTVBX6rx9OeHmaWx63,,,,,
67732e569b85a0767f6f27c7,Gravity,2024-10-30T01:45:58.614Z,4.5825357,-2.3841968,8.335794,W1hZkqBeWCUTVBX6rx9OeHmaWx63,,,,,
67732e569b85a0767f6f27c8,Gravity,2024-10-30T01:45:58.773Z,4.677195,-2.4867911,8.252828,W1hZkqBeWCUTVBX6rx9OeHmaWx63,,,,,
67732e569b85a0767f6f27c9,Gravity,2024-10-30T01:45:58.933Z,4.656636,-2.4486635,8.275822,W1hZkqBeWCUTVBX6rx9OeHmaWx63,,,,,
67732e569b85a0767f6f27ca,Gravity,2024-10-30T01:45:59.165Z,4.6684337,-2.4698052,8.262881,W1hZkqBeWCUTVBX6rx9OeHmaWx63,,,,,
67732e569b85a0767f6f27cb,Gravity,2024-10-30T01:45:59.253Z,4.6802144,-2.5115473,8.243611,W1hZkqBeWCUTVBX6rx9OeHmaWx63,,,,,
67732e569b85a0767f6f27cc,Gravity,2024-10-30T01:46:01.013Z,4.4775605,-2.2907124,8.418645,W1hZkqBeWCUTVBX6rx9OeHmaWx63,,,,,
67732e569b85a0767f6f27cd,Gravity,2024-10-30T01:45:59.413Z,4.6598234,-2.4533584,8.272635,W1hZkqBeWCUTVBX6rx9OeHmaWx63,,,,,
67732e569b85a0767f6f27ce,Gravity,2024-10-30T01:46:01.172Z,4.462322,-2.3125522,8.420765,W1hZkqBeWCUTVBX6rx9OeHmaWx63,,,,,
67732e569b85a0767f6f27cf,Gravity,2024-10-30T01:45:59.572Z,4.6285205,-2.367434,8.315136,W1hZkqBeWCUTVBX6rx9OeHmaWx63,,,,,
67732e569b85a0767f6f27d0,Gravity,2024-10-30T01:46:01.333Z,4.444629,-2.335765,8.423715,W1hZkqBeWCUTVBX6rx9OeHmaWx63,,,,,
67732e569b85a0767f6f27d1,Gravity,2024-10-30T01:45:59.734Z,4.596876,-2.3176544,8.346655,W1hZkqBeWCUTVBX6rx9OeHmaWx63,,,,,
67732e569b85a0767f6f27d2,Gravity,2024-10-30T01:46:01.493Z,4.431757,-2.3606527,8.423559,W1hZkqBeWCUTVBX6rx9OeHmaWx63,,,,,
67732e569b85a0767f6f27d3,Gravity,2024-10-30T01:45:59.892Z,4.572668,-2.2753465,8.371556,W1hZkqBeWCUTVBX6rx9OeHmaWx63,,,,,
67732e569b85a0767f6f27d4,Gravity,2024-10-30T01:46:01.652Z,4.421645,-2.3760822,8.424535,W1hZkqBeWCUTVBX6rx9OeHmaWx63,,,,,
67732e569b85a0767f6f27d5,Gravity,2024-10-30T01:46:00.052Z,4.5641766,-2.2667103,8.37853,W1hZkqBeWCUTVBX6rx9OeHmaWx63,,,,,
67732e569b85a0767f6f27d6,Gravity,2024-10-30T01:46:00.213Z,4.5532823,-2.2542274,8.387821,W1hZkqBeWCUTVBX6rx9OeHmaWx63,,,,,
67732e569b85a0767f6f27d7,Gravity,2024-10-30T01:46:00.372Z,4.541265,-2.2665818,8.3910055,W1hZkqBeWCUTVBX6rx9OeHmaWx63,,,,,
67732e569b85a0767f6f27d8,Gravity,2024-10-30T01:46:00.532Z,4.5269866,-2.2560391,8.401556,W1hZkqBeWCUTVBX6rx9OeHmaWx63,,,,,
67732e569b85a0767f6f27d9,Gravity,2024-10-30T01:46:00.692Z,4.5087023,-2.2524197,8.412353,W1hZkqBeWCUTVBX6rx9OeHmaWx63,,,,,
67732e569b85a0767f6f27da,Gravity,2024-10-30T01:46:00.852Z,4.490705,-2.2658808,8.418364,W1hZkqBeWCUTVBX6rx9OeHmaWx63,,,,,
67732e569b85a0767f6f27db,Gravity,2024-10-30T01:46:01.815Z,4.408998,-2.3735151,8.431885,W1hZkqBeWCUTVBX6rx9OeHmaWx63,,,,,
67732e569b85a0767f6f27dc,Gravity,2024-10-30T01:46:01.977Z,4.4023814,-2.3730617,8.435468,W1hZkqBeWCUTVBX6rx9OeHmaWx63,,,,,
67732e569b85a0767f6f27dd,Gravity,2024-10-30T01:46:02.135Z,4.3953114,-2.3399212,8.448403,W1hZkqBeWCUTVBX6rx9OeHmaWx63,,,,,
67732e569b85a0767f6f27de,Gravity,2024-10-30T01:46:02.293Z,4.3810043,-2.3149025,8.462715,W1hZkqBeWCUTVBX6rx9OeHmaWx63,,,,,
67732e569b85a0767f6f27df,Gravity,2024-10-30T01:46:02.455Z,4.3678594,-2.2976563,8.474203,W1hZkqBeWCUTVBX6rx9OeHmaWx63,,,,,
67732e569b85a0767f6f27e0,Gravity,2024-10-30T01:46:02.617Z,4.352837,-2.2947757,8.482708,W1hZkqBeWCUTVBX6rx9OeHmaWx63,,,,,
67732e569b85a0767f6f27e1,Gravity,2024-10-30T01:46:02.772Z,4.338619,-2.3004968,8.488442,W1hZkqBeWCUTVBX6rx9OeHmaWx63,,,,,
67732e569b85a0767f6f27e2,Gravity,2024-10-30T01:46:02.934Z,4.3262563,-2.3099823,8.492175,W1hZkqBeWCUTVBX6rx9OeHmaWx63,,,,,
67732e569b85a0767f6f27e3,Gravity,2024-10-30T01:46:03.094Z,4.314258,-2.3257477,8.493976,W1hZkqBeWCUTVBX6rx9OeHmaWx63,,,,,
67732e569b85a0767f6f27e4,Gravity,2024-10-30T01:46:03.255Z,4.3032775,-2.3519914,8.49232,W1hZkqBeWCUTVBX6rx9OeHmaWx63,,,,,
67732e569b85a0767f6f27e5,Gravity,2024-10-30T01:46:03.416Z,4.2943892,-2.3786583,8.489392,W1hZkqBeWCUTVBX6rx9OeHmaWx63,,,,,
67732e569b85a0767f6f27e6,Gravity,2024-10-30T01:46:03.574Z,4.286523,-2.3799026,8.493018,W1hZkqBeWCUTVBX6rx9OeHmaWx63,,,,,
67732e569b85a0767f6f27e7,Gravity,2024-10-30T01:46:03.734Z,4.2754345,-2.393238,8.494861,W1hZkqBeWCUTVBX6rx9OeHmaWx63,,,,,
67732e569b85a0767f6f27e8,Gravity,2024-10-30T01:46:03.890Z,4.2641287,-2.40938,8.495979,W1hZkqBeWCUTVBX6rx9OeHmaWx63,,,,,
67732e569b85a0767f6f27e9,Gravity,2024-10-30T01:46:04.050Z,4.248041,-2.4241238,8.499844,W1hZkqBeWCUTVBX6rx9OeHmaWx63,,,,,
67732e569b85a0767f6f27ea,Gravity,2024-10-30T01:46:04.211Z,4.233481,-2.4375556,8.503267,W1hZkqBeWCUTVBX6rx9OeHmaWx63,,,,,
67732e569b85a0767f6f27eb,Gravity,2024-10-30T01:46:04.370Z,4.224442,-2.4564414,8.502327,W1hZkqBeWCUTVBX6rx9OeHmaWx63,,,,,
67732e569b85a0767f6f27ec,Gravity,2024-10-30T01:46:04.530Z,4.216895,-2.475863,8.50044,W1hZkqBeWCUTVBX6rx9OeHmaWx63,,,,,
67732e569b85a0767f6f27ed,Gravity,2024-10-30T01:46:04.690Z,4.200354,-2.5057142,8.499884,W1hZkqBeWCUTVBX6rx9OeHmaWx63,,,,,
67732e569b85a0767f6f27ee,Gravity,2024-10-30T01:46:04.850Z,4.179652,-2.5190082,8.506157,W1hZkqBeWCUTVBX6rx9OeHmaWx63,,,,,
67732e569b85a0767f6f27ef,Gravity,2024-10-30T01:46:05.011Z,4.163973,-2.4911418,8.522039,W1hZkqBeWCUTVBX6rx9OeHmaWx63,,,,,
67732e569b85a0767f6f27f0,Gravity,2024-10-30T01:46:05.170Z,4.149224,-2.5029185,8.525783,W1hZkqBeWCUTVBX6rx9OeHmaWx63,,,,,
67732e569b85a0767f6f27f1,Gravity,2024-10-30T01:46:05.330Z,4.1301513,-2.4959202,8.537087,W1hZkqBeWCUTVBX6rx9OeHmaWx63,,,,,
67732e569b85a0767f6f27f2,Gravity,2024-10-30T01:46:05.490Z,4.106655,-2.479625,8.553157,W1hZkqBeWCUTVBX6rx9OeHmaWx63,,,,,
67732e569b85a0767f6f27f3,Gravity,2024-10-30T01:46:05.650Z,4.090647,-2.482083,8.560113,W1hZkqBeWCUTVBX6rx9OeHmaWx63,,,,,
67732e569b85a0767f6f27f4,Gravity,2024-10-30T01:46:05.811Z,4.080263,-2.4859896,8.563934,W1hZkqBeWCUTVBX6rx9OeHmaWx63,,,,,
67732e569b85a0767f6f27f5,Gravity,2024-10-30T01:46:05.970Z,4.0680456,-2.5145555,8.561407,W1hZkqBeWCUTVBX6rx9OeHmaWx63,,,,,
67732e569b85a0767f6f27f6,Gravity,2024-10-30T01:46:06.130Z,3.993651,-2.5708098,8.579706,W1hZkqBeWCUTVBX6rx9OeHmaWx63,,,,,
67732e569b85a0767f6f27f7,Gravity,2024-10-30T01:46:06.289Z,3.9685354,-2.587909,8.586216,W1hZkqBeWCUTVBX6rx9OeHmaWx63,,,,,
67732e569b85a0767f6f27f8,Gravity,2024-10-30T01:46:06.450Z,3.9853532,-2.5770607,8.581688,W1hZkqBeWCUTVBX6rx9OeHmaWx63,,,,,
67732e569b85a0767f6f27f9,Gravity,2024-10-30T01:46:06.611Z,3.9671276,-2.5304663,8.603971,W1hZkqBeWCUTVBX6rx9OeHmaWx63,,,,,
67732e569b85a0767f6f27fa,Gravity,2024-10-30T01:46:06.770Z,3.9618556,-2.5491936,8.600871,W1hZkqBeWCUTVBX6rx9OeHmaWx63,,,,,
67732e569b85a0767f6f27fb,Gravity,2024-10-30T01:46:06.929Z,3.9491959,-2.5818622,8.596949,W1hZkqBeWCUTVBX6rx9OeHmaWx63,,,,,
67732e569b85a0767f6f27fc,Gravity,2024-10-30T01:46:07.090Z,3.9352357,-2.6103456,8.594749,W1hZkqBeWCUTVBX6rx9OeHmaWx63,,,,,
67732e569b85a0767f6f27fd,Gravity,2024-10-30T01:46:07.249Z,3.9262025,-2.6282737,8.593416,W1hZkqBeWCUTVBX6rx9OeHmaWx63,,,,,
67732e569b85a0767f6f27fe,Gravity,2024-10-30T01:46:07.410Z,3.915247,-2.6242948,8.599628,W1hZkqBeWCUTVBX6rx9OeHmaWx63,,,,,
67732e569b85a0767f6f27ff,Gravity,2024-10-30T01:46:07.569Z,3.8992963,-2.6275928,8.605866,W1hZkqBeWCUTVBX6rx9OeHmaWx63,,,,,
67732e569b85a0767f6f2800,Gravity,2024-10-30T01:46:07.730Z,3.8837914,-2.6307337,8.6119175,W1hZkqBeWCUTVBX6rx9OeHmaWx63,,,,,
67732e569b85a0767f6f2801,Gravity,2024-10-30T01:46:07.889Z,3.864616,-2.6319077,8.620181,W1hZkqBeWCUTVBX6rx9OeHmaWx63,,,,,
67732e569b85a0767f6f2802,Gravity,2024-10-30T01:46:08.049Z,3.8384562,-2.6438124,8.628223,W1hZkqBeWCUTVBX6rx9OeHmaWx63,,,,,
67732e569b85a0767f6f2803,Gravity,2024-10-30T01:46:08.209Z,3.799208,-2.7035167,8.627093,W1hZkqBeWCUTVBX6rx9OeHmaWx63,,,,,
67732e569b85a0767f6f2804,Gravity,2024-10-30T01:46:08.369Z,3.7668316,-3.002738,8.54191,W1hZkqBeWCUTVBX6rx9OeHmaWx63,,,,,
67732e569b85a0767f6f2805,Gravity,2024-10-30T01:46:08.528Z,3.630018,-3.1586585,8.544913,W1hZkqBeWCUTVBX6rx9OeHmaWx63,,,,,
67732e569b85a0767f6f2806,Gravity,2024-10-30T01:46:08.689Z,3.4553535,-3.4527123,8.503468,W1hZkqBeWCUTVBX6rx9OeHmaWx63,,,,,
67732e569b85a0767f6f2807,Gravity,2024-10-30T01:46:08.848Z,3.3879616,-3.5212405,8.502482,W1hZkqBeWCUTVBX6rx9OeHmaWx63,,,,,
67732e569b85a0767f6f2808,Gravity,2024-10-30T01:46:09.009Z,3.3035705,-3.4816768,8.551842,W1hZkqBeWCUTVBX6rx9OeHmaWx63,,,,,
67732e569b85a0767f6f2809,Gravity,2024-10-30T01:46:09.168Z,3.3278933,-3.4349701,8.561295,W1hZkqBeWCUTVBX6rx9OeHmaWx63,,,,,
67732e569b85a0767f6f280a,Gravity,2024-10-30T01:46:09.328Z,3.3336997,-3.395822,8.574644,W1hZkqBeWCUTVBX6rx9OeHmaWx63,,,,,
67732e569b85a0767f6f280b,Gravity,2024-10-30T01:46:09.488Z,3.3188484,-3.3866637,8.5840225,W1hZkqBeWCUTVBX6rx9OeHmaWx63,,,,,
67732e569b85a0767f6f280c,Gravity,2024-10-30T01:46:09.648Z,3.3093092,-3.3862581,8.587865,W1hZkqBeWCUTVBX6rx9OeHmaWx63,,,,,
67732e569b85a0767f6f280d,Gravity,2024-10-30T01:46:09.809Z,3.285944,-3.4032068,8.5901375,W1hZkqBeWCUTVBX6rx9OeHmaWx63,,,,,
67732e569b85a0767f6f280e,Gravity,2024-10-30T01:46:09.968Z,3.2601,-3.4171507,8.594447,W1hZkqBeWCUTVBX6rx9OeHmaWx63,,,,,
67732e569b85a0767f6f280f,Gravity,2024-10-30T01:46:10.128Z,3.2355201,-3.3925414,8.613465,W1hZkqBeWCUTVBX6rx9OeHmaWx63,,,,,
67732e569b85a0767f6f2810,Gravity,2024-10-30T01:46:10.288Z,3.2061682,-3.3817892,8.628656,W1hZkqBeWCUTVBX6rx9OeHmaWx63,,,,,
67732e569b85a0767f6f2811,Gravity,2024-10-30T01:46:10.447Z,3.135194,-3.4237654,8.638177,W1hZkqBeWCUTVBX6rx9OeHmaWx63,,,,,
67732e569b85a0767f6f2812,Gravity,2024-10-30T01:46:10.608Z,3.1255474,-3.4426532,8.634165,W1hZkqBeWCUTVBX6rx9OeHmaWx63,,,,,
67732e569b85a0767f6f2813,Gravity,2024-10-30T01:46:10.767Z,3.1210158,-3.4433568,8.635523,W1hZkqBeWCUTVBX6rx9OeHmaWx63,,,,,
67732e569b85a0767f6f2814,Gravity,2024-10-30T01:46:10.926Z,3.115476,-3.3512723,8.673668,W1hZkqBeWCUTVBX6rx9OeHmaWx63,,,,,
67732e569b85a0767f6f2815,Gravity,2024-10-30T01:46:11.087Z,3.1065712,-3.3691497,8.669934,W1hZkqBeWCUTVBX6rx9OeHmaWx63,,,,,
67732e569b85a0767f6f2816,Gravity,2024-10-30T01:46:11.246Z,3.0889392,-3.3927877,8.667016,W1hZkqBeWCUTVBX6rx9OeHmaWx63,,,,,
67732e569b85a0767f6f2817,Gravity,2024-10-30T01:46:11.407Z,3.0768192,-3.4139128,8.663032,W1hZkqBeWCUTVBX6rx9OeHmaWx63,,,,,
67732e569b85a0767f6f2818,Gravity,2024-10-30T01:46:11.566Z,3.0645957,-3.439293,8.657323,W1hZkqBeWCUTVBX6rx9OeHmaWx63,,,,,
67732e569b85a0767f6f2819,Gravity,2024-10-30T01:46:11.728Z,3.0568168,-3.4658198,8.649491,W1hZkqBeWCUTVBX6rx9OeHmaWx63,,,,,
67732e569b85a0767f6f281a,Gravity,2024-10-30T01:46:11.886Z,3.0473251,-3.4987717,8.639568,W1hZkqBeWCUTVBX6rx9OeHmaWx63,,,,,
67732e569b85a0767f6f281b,Gravity,2024-10-30T01:46:12.045Z,3.0392172,-3.528424,8.63036,W1hZkqBeWCUTVBX6rx9OeHmaWx63,,,,,
67732e569b85a0767f6f281c,Gravity,2024-10-30T01:46:12.206Z,3.0285857,-3.5609586,8.620729,W1hZkqBeWCUTVBX6rx9OeHmaWx63,,,,,
67732e569b85a0767f6f281d,Gravity,2024-10-30T01:46:12.365Z,3.0095017,-3.5839267,8.617894,W1hZkqBeWCUTVBX6rx9OeHmaWx63,,,,,
67732e569b85a0767f6f281e,Gravity,2024-10-30T01:46:12.525Z,2.9384513,-3.6538384,8.613052,W1hZkqBeWCUTVBX6rx9OeHmaWx63,,,,,
67732e569b85a0767f6f281f,Gravity,2024-10-30T01:46:12.728Z,2.9322758,-3.6813657,8.60343,W1hZkqBeWCUTVBX6rx9OeHmaWx63,,,,,
67732e569b85a0767f6f2820,Gravity,2024-10-30T01:46:13.742Z,2.9025548,-3.7706287,8.574801,W1hZkqBeWCUTVBX6rx9OeHmaWx63,,,,,
67732e569b85a0767f6f2821,Gravity,2024-10-30T01:46:13.750Z,2.9012043,-3.771748,8.574765,W1hZkqBeWCUTVBX6rx9OeHmaWx63,,,,,
67732e569b85a0767f6f2822,Gravity,2024-10-30T01:46:13.813Z,2.891159,-3.794825,8.567975,W1hZkqBeWCUTVBX6rx9OeHmaWx63,,,,,
67732e569b85a0767f6f2823,Gravity,2024-10-30T01:46:13.974Z,2.873468,-3.8267057,8.559744,W1hZkqBeWCUTVBX6rx9OeHmaWx63,,,,,
67732e569b85a0767f6f2824,Gravity,2024-10-30T01:46:14.136Z,2.847548,-3.8565917,8.554992,W1hZkqBeWCUTVBX6rx9OeHmaWx63,,,,,
67732e569b85a0767f6f2825,Gravity,2024-10-30T01:46:14.293Z,2.8186102,-3.8901057,8.549399,W1hZkqBeWCUTVBX6rx9OeHmaWx63,,,,,
67732e569b85a0767f6f2826,Gravity,2024-10-30T01:46:14.453Z,2.799093,-3.9138846,8.544957,W1hZkqBeWCUTVBX6rx9OeHmaWx63,,,,,
67732e569b85a0767f6f2827,Gravity,2024-10-30T01:46:14.615Z,2.7864883,-3.931587,8.540949,W1hZkqBeWCUTVBX6rx9OeHmaWx63,,,,,
67732e569b85a0767f6f2828,Gravity,2024-10-30T01:46:14.774Z,2.7754312,-3.9603105,8.531274,W1hZkqBeWCUTVBX6rx9OeHmaWx63,,,,,
67732e569b85a0767f6f2829,Gravity,2024-10-30T01:46:14.934Z,2.7687628,-3.9874728,8.520782,W1hZkqBeWCUTVBX6rx9OeHmaWx63,,,,,
67732e569b85a0767f6f282a,Gravity,2024-10-30T01:46:15.094Z,2.764702,-4.015087,8.509125,W1hZkqBeWCUTVBX6rx9OeHmaWx63,,,,,
67732e569b85a0767f6f282b,Gravity,2024-10-30T01:46:15.254Z,2.7552104,-4.0424476,8.499243,W1hZkqBeWCUTVBX6rx9OeHmaWx63,,,,,
67732e569b85a0767f6f282c,Gravity,2024-10-30T01:46:15.414Z,2.744315,-4.061804,8.493538,W1hZkqBeWCUTVBX6rx9OeHmaWx63,,,,,
67732e569b85a0767f6f282d,Gravity,2024-10-30T01:46:15.574Z,2.7118125,-4.073868,8.498199,W1hZkqBeWCUTVBX6rx9OeHmaWx63,,,,,
67732e569b85a0767f6f282e,Gravity,2024-10-30T01:46:15.734Z,2.7016873,-4.0867057,8.495259,W1hZkqBeWCUTVBX6rx9OeHmaWx63,,,,,
67732e569b85a0767f6f282f,Gravity,2024-10-30T01:46:15.891Z,2.6898336,-4.110108,8.487728,W1hZkqBeWCUTVBX6rx9OeHmaWx63,,,,,
67732e569b85a0767f6f2830,Gravity,2024-10-30T01:46:16.052Z,2.665438,-4.1433635,8.479251,W1hZkqBeWCUTVBX6rx9OeHmaWx63,,,,,
67732e569b85a0767f6f2831,Gravity,2024-10-30T01:46:16.214Z,2.6036358,-4.040431,8.5478525,W1hZkqBeWCUTVBX6rx9OeHmaWx63,,,,,
67732e569b85a0767f6f2832,Gravity,2024-10-30T01:46:25.833Z,2.6299567,-4.7758565,8.151322,W1hZkqBeWCUTVBX6rx9OeHmaWx63,,,,,
67732e569b85a0767f6f2833,Gravity,2024-10-30T01:46:16.371Z,2.5351784,-3.896922,8.634622,W1hZkqBeWCUTVBX6rx9OeHmaWx63,,,,,
67732e569b85a0767f6f2834,Gravity,2024-10-30T01:46:16.530Z,2.511455,-3.824343,8.673916,W1hZkqBeWCUTVBX6rx9OeHmaWx63,,,,,
67732e569b85a0767f6f2835,Gravity,2024-10-30T01:46:16.689Z,2.485048,-3.7249594,8.724623,W1hZkqBeWCUTVBX6rx9OeHmaWx63,,,,,
67732e569b85a0767f6f2836,Gravity,2024-10-30T01:46:16.849Z,2.4648821,-3.47206,8.833971,W1hZkqBeWCUTVBX6rx9OeHmaWx63,,,,,
67732e569b85a0767f6f2837,Gravity,2024-10-30T01:46:17.010Z,2.4585185,-3.37696,8.872527,W1hZkqBeWCUTVBX6rx9OeHmaWx63,,,,,
67732e569b85a0767f6f2838,Gravity,2024-10-30T01:46:17.170Z,2.4552333,-3.43701,8.850349,W1hZkqBeWCUTVBX6rx9OeHmaWx63,,,,,
67732e569b85a0767f6f2839,Gravity,2024-10-30T01:46:17.329Z,2.4847713,-3.7357335,8.720093,W1hZkqBeWCUTVBX6rx9OeHmaWx63,,,,,
67732e569b85a0767f6f283a,Gravity,2024-10-30T01:46:17.489Z,2.5799105,-4.336959,8.408598,W1hZkqBeWCUTVBX6rx9OeHmaWx63,,,,,
67732e569b85a0767f6f283b,Gravity,2024-10-30T01:46:25.815Z,2.6070611,-4.6595984,8.225627,W1hZkqBeWCUTVBX6rx9OeHmaWx63,,,,,
67732e569b85a0767f6f283c,Gravity,2024-10-30T01:46:25.892Z,2.6266456,-4.792553,8.142585,W1hZkqBeWCUTVBX6rx9OeHmaWx63,,,,,
67732e569b85a0767f6f283d,Gravity,2024-10-30T01:46:26.054Z,2.5669584,-4.8090196,8.151907,W1hZkqBeWCUTVBX6rx9OeHmaWx63,,,,,
67732e569b85a0767f6f283e,Gravity,2024-10-30T01:46:26.215Z,2.4477959,-4.813529,8.185827,W1hZkqBeWCUTVBX6rx9OeHmaWx63,,,,,
67732e569b85a0767f6f283f,Gravity,2024-10-30T01:46:26.373Z,2.1147556,-5.432414,7.885815,W1hZkqBeWCUTVBX6rx9OeHmaWx63,,,,,
67732e569b85a0767f6f2840,Gravity,2024-10-30T01:46:26.534Z,1.6845655,-6.2171855,7.3944573,W1hZkqBeWCUTVBX6rx9OeHmaWx63,,,,,
67732e569b85a0767f6f2841,Gravity,2024-10-30T01:46:26.695Z,1.4825337,-6.265236,7.397166,W1hZkqBeWCUTVBX6rx9OeHmaWx63,,,,,
67732e569b85a0767f6f2842,Gravity,2024-10-30T01:46:26.858Z,1.3407778,-6.3684993,7.3357773,W1hZkqBeWCUTVBX6rx9OeHmaWx63,,,,,
67732e569b85a0767f6f2843,Gravity,2024-10-30T01:46:27.013Z,1.4482124,-6.361497,7.3214154,W1hZkqBeWCUTVBX6rx9OeHmaWx63,,,,,
67732e569b85a0767f6f2844,Gravity,2024-10-30T01:46:27.174Z,1.5447403,-6.23107,7.413276,W1hZkqBeWCUTVBX6rx9OeHmaWx63,,,,,
67732e569b85a0767f6f2845,Gravity,2024-10-30T01:46:27.333Z,1.5356114,-6.0556107,7.559145,W1hZkqBeWCUTVBX6rx9OeHmaWx63,,,,,
67732e569b85a0767f6f2846,Gravity,2024-10-30T01:46:27.494Z,1.5095893,-5.9373503,7.6575623,W1hZkqBeWCUTVBX6rx9OeHmaWx63,,,,,
67732e569b85a0767f6f2847,Gravity,2024-10-30T01:46:27.654Z,1.4770721,-5.857204,7.7253265,W1hZkqBeWCUTVBX6rx9OeHmaWx63,,,,,
67732e569b85a0767f6f2848,Gravity,2024-10-30T01:46:27.814Z,1.4869765,-5.845369,7.7323895,W1hZkqBeWCUTVBX6rx9OeHmaWx63,,,,,
67732e569b85a0767f6f2849,Gravity,2024-10-30T01:46:27.972Z,1.4657174,-5.836075,7.743462,W1hZkqBeWCUTVBX6rx9OeHmaWx63,,,,,
67732e569b85a0767f6f284a,Gravity,2024-10-30T01:46:28.133Z,1.4394784,-5.8503146,7.7376385,W1hZkqBeWCUTVBX6rx9OeHmaWx63,,,,,
67732e569b85a0767f6f284b,Gravity,2024-10-30T01:46:28.294Z,1.3745517,-5.876381,7.729687,W1hZkqBeWCUTVBX6rx9OeHmaWx63,,,,,
67732e569b85a0767f6f284c,Gravity,2024-10-30T01:46:28.450Z,1.3124238,-5.8893948,7.73058,W1hZkqBeWCUTVBX6rx9OeHmaWx63,,,,,
67732e569b85a0767f6f284d,Gravity,2024-10-30T01:46:28.609Z,1.2913649,-5.8973923,7.728029,W1hZkqBeWCUTVBX6rx9OeHmaWx63,,,,,
67732e569b85a0767f6f284e,Gravity,2024-10-30T01:46:28.769Z,1.2640893,-5.914082,7.719781,W1hZkqBeWCUTVBX6rx9OeHmaWx63,,,,,
67732e569b85a0767f6f284f,Gravity,2024-10-30T01:46:28.929Z,1.2768162,-5.901055,7.7276525,W1hZkqBeWCUTVBX6rx9OeHmaWx63,,,,,
67732e569b85a0767f6f2850,Gravity,2024-10-30T01:46:29.090Z,1.2500315,-5.9289837,7.710634,W1hZkqBeWCUTVBX6rx9OeHmaWx63,,,,,
67732e569b85a0767f6f2851,Gravity,2024-10-30T01:46:29.248Z,1.5845848,-5.770502,7.769152,W1hZkqBeWCUTVBX6rx9OeHmaWx63,,,,,
67732e569b85a0767f6f2852,Gravity,2024-10-30T01:46:29.408Z,2.9545999,-5.184521,7.782057,W1hZkqBeWCUTVBX6rx9OeHmaWx63,,,,,
67732e569b85a0767f6f2853,Gravity,2024-10-30T01:46:29.569Z,4.1916957,-4.154484,7.831942,W1hZkqBeWCUTVBX6rx9OeHmaWx63,,,,,
67732e569b85a0767f6f2854,Gravity,2024-10-30T01:46:29.728Z,4.8761873,-3.549616,7.73255,W1hZkqBeWCUTVBX6rx9OeHmaWx63,,,,,
67732e569b85a0767f6f2855,Gravity,2024-10-30T01:46:29.889Z,5.0187955,-3.0626261,7.848653,W1hZkqBeWCUTVBX6rx9OeHmaWx63,,,,,
67732e569b85a0767f6f2856,Gravity,2024-10-30T01:46:30.048Z,4.859649,-3.1154635,7.927615,W1hZkqBeWCUTVBX6rx9OeHmaWx63,,,,,
67732e569b85a0767f6f2857,Gravity,2024-10-30T01:46:30.207Z,4.5387983,-3.065161,8.134716,W1hZkqBeWCUTVBX6rx9OeHmaWx63,,,,,
67732e569b85a0767f6f2858,Gravity,2024-10-30T01:46:30.367Z,3.9737606,-2.979385,8.455894,W1hZkqBeWCUTVBX6rx9OeHmaWx63,,,,,
67732e569b85a0767f6f2859,Gravity,2024-10-30T01:46:30.528Z,3.1874566,-3.4448123,8.6106415,W1hZkqBeWCUTVBX6rx9OeHmaWx63,,,,,
67732e569b85a0767f6f285a,Gravity,2024-10-30T01:46:30.688Z,2.2608273,-4.1324215,8.60125,W1hZkqBeWCUTVBX6rx9OeHmaWx63,,,,,
67732e569b85a0767f6f285b,Gravity,2024-10-30T01:46:30.847Z,1.633476,-5.2570076,8.115733,W1hZkqBeWCUTVBX6rx9OeHmaWx63,,,,,
67732e569b85a0767f6f285c,Gravity,2024-10-30T01:46:31.007Z,1.63416,-5.1952786,8.1552515,W1hZkqBeWCUTVBX6rx9OeHmaWx63,,,,,
67732e569b85a0767f6f285d,Gravity,2024-10-30T01:46:31.167Z,2.0885427,-4.8014927,8.291759,W1hZkqBeWCUTVBX6rx9OeHmaWx63,,,,,
67732e569b85a0767f6f285e,Gravity,2024-10-30T01:46:31.327Z,2.8326287,-3.5412006,8.695168,W1hZkqBeWCUTVBX6rx9OeHmaWx63,,,,,
67732e569b85a0767f6f285f,Gravity,2024-10-30T01:46:31.488Z,3.4603696,-2.9454224,8.690234,W1hZkqBeWCUTVBX6rx9OeHmaWx63,,,,,
67732e569b85a0767f6f2860,Gravity,2024-10-30T01:46:31.646Z,3.6164227,-2.492106,8.768168,W1hZkqBeWCUTVBX6rx9OeHmaWx63,,,,,
67732e569b85a0767f6f2861,Gravity,2024-10-30T01:46:31.806Z,3.39731,-2.2809882,8.912088,W1hZkqBeWCUTVBX6rx9OeHmaWx63,,,,,
67732e569b85a0767f6f2862,Gravity,2024-10-30T01:46:31.967Z,3.056281,-2.4592724,8.987831,W1hZkqBeWCUTVBX6rx9OeHmaWx63,,,,,
67732e569b85a0767f6f2863,Gravity,2024-10-30T01:46:32.126Z,3.0089896,-2.497698,8.993191,W1hZkqBeWCUTVBX6rx9OeHmaWx63,,,,,
67732e569b85a0767f6f2864,Gravity,2024-10-30T01:46:32.287Z,3.0808117,-2.4737499,8.975473,W1hZkqBeWCUTVBX6rx9OeHmaWx63,,,,,
67732e569b85a0767f6f2865,Gravity,2024-10-30T01:46:32.446Z,3.105944,-2.4814231,8.964686,W1hZkqBeWCUTVBX6rx9OeHmaWx63,,,,,
67732e569b85a0767f6f2866,Gravity,2024-10-30T01:46:37.924Z,4.080826,-2.4185832,8.58295,W1hZkqBeWCUTVBX6rx9OeHmaWx63,,,,,
67732e569b85a0767f6f2867,Gravity,2024-10-30T01:46:32.606Z,3.1100843,-2.5121925,8.954677,W1hZkqBeWCUTVBX6rx9OeHmaWx63,,,,,
67732e569b85a0767f6f2868,Gravity,2024-10-30T01:46:32.767Z,3.1547766,-2.5144916,8.938383,W1hZkqBeWCUTVBX6rx9OeHmaWx63,,,,,
67732e569b85a0767f6f2869,Gravity,2024-10-30T01:46:32.927Z,3.2338536,-2.482544,8.919029,W1hZkqBeWCUTVBX6rx9OeHmaWx63,,,,,
67732e569b85a0767f6f286a,Gravity,2024-10-30T01:46:33.087Z,3.3081493,-2.446055,8.901847,W1hZkqBeWCUTVBX6rx9OeHmaWx63,,,,,
67732e569b85a0767f6f286b,Gravity,2024-10-30T01:46:33.246Z,3.3672209,-2.3959043,8.8933325,W1hZkqBeWCUTVBX6rx9OeHmaWx63,,,,,
67732e569b85a0767f6f286c,Gravity,2024-10-30T01:46:33.406Z,3.461494,-2.3145509,8.878671,W1hZkqBeWCUTVBX6rx9OeHmaWx63,,,,,
67732e569b85a0767f6f286d,Gravity,2024-10-30T01:46:33.566Z,3.7486994,-2.6249945,8.673316,W1hZkqBeWCUTVBX6rx9OeHmaWx63,,,,,
67732e569b85a0767f6f286e,Gravity,2024-10-30T01:46:37.847Z,3.9228084,-2.7100914,8.569521,W1hZkqBeWCUTVBX6rx9OeHmaWx63,,,,,
67732e569b85a0767f6f286f,Gravity,2024-10-30T01:46:38.085Z,4.040607,-2.4571404,8.591023,W1hZkqBeWCUTVBX6rx9OeHmaWx63,,,,,
67732e569b85a0767f6f2870,Gravity,2024-10-30T01:46:38.246Z,4.010347,-2.5088413,8.5902605,W1hZkqBeWCUTVBX6rx9OeHmaWx63,,,,,
67732e569b85a0767f6f2871,Gravity,2024-10-30T01:46:38.406Z,4.0031223,-2.5332396,8.586469,W1hZkqBeWCUTVBX6rx9OeHmaWx63,,,,,
67732e569b85a0767f6f2872,Gravity,2024-10-30T01:46:38.563Z,3.999549,-2.5512478,8.582802,W1hZkqBeWCUTVBX6rx9OeHmaWx63,,,,,
67732e569b85a0767f6f2873,Gravity,2024-10-30T01:46:38.727Z,3.9689233,-2.5783937,8.588905,W1hZkqBeWCUTVBX6rx9OeHmaWx63,,,,,
67732e569b85a0767f6f2874,Gravity,2024-10-30T01:46:38.884Z,3.9403565,-2.5975966,8.596269,W1hZkqBeWCUTVBX6rx9OeHmaWx63,,,,,
67732e569b85a0767f6f2875,Gravity,2024-10-30T01:46:39.044Z,3.9184222,-2.628478,8.596909,W1hZkqBeWCUTVBX6rx9OeHmaWx63,,,,,
67732e569b85a0767f6f2876,Gravity,2024-10-30T01:46:39.205Z,3.898734,-2.6572535,8.597013,W1hZkqBeWCUTVBX6rx9OeHmaWx63,,,,,
67732e569b85a0767f6f2877,Gravity,2024-10-30T01:46:39.365Z,3.9032676,-2.6766527,8.588934,W1hZkqBeWCUTVBX6rx9OeHmaWx63,,,,,
67732e569b85a0767f6f2878,Gravity,2024-10-30T01:46:39.524Z,3.9157548,-2.6925838,8.578264,W1hZkqBeWCUTVBX6rx9OeHmaWx63,,,,,
67732e569b85a0767f6f2879,Gravity,2024-10-30T01:46:39.684Z,3.9143448,-2.7060835,8.574659,W1hZkqBeWCUTVBX6rx9OeHmaWx63,,,,,
67732e569b85a0767f6f287a,Gravity,2024-10-30T01:46:39.844Z,3.8997247,-2.731813,8.573163,W1hZkqBeWCUTVBX6rx9OeHmaWx63,,,,,
67732e569b85a0767f6f287b,Gravity,2024-10-30T01:46:40.001Z,3.876482,-2.759008,8.574995,W1hZkqBeWCUTVBX6rx9OeHmaWx63,,,,,
67732e569b85a0767f6f287c,Gravity,2024-10-30T01:46:40.160Z,3.858892,-2.7841973,8.574788,W1hZkqBeWCUTVBX6rx9OeHmaWx63,,,,,
67732e569b85a0767f6f287d,Gravity,2024-10-30T01:46:40.321Z,3.8440673,-2.807455,8.573863,W1hZkqBeWCUTVBX6rx9OeHmaWx63,,,,,
67732e569b85a0767f6f287e,Gravity,2024-10-30T01:46:40.480Z,3.8335629,-2.8252869,8.572709,W1hZkqBeWCUTVBX6rx9OeHmaWx63,,,,,
67732e569b85a0767f6f287f,Gravity,2024-10-30T01:46:50.002Z,3.6844807,-3.059231,8.5577755,W1hZkqBeWCUTVBX6rx9OeHmaWx63,,,,,
67732e569b85a0767f6f2880,Gravity,2024-10-30T01:46:40.640Z,3.821822,-2.850267,8.569681,W1hZkqBeWCUTVBX6rx9OeHmaWx63,,,,,
67732e569b85a0767f6f2881,Gravity,2024-10-30T01:46:40.800Z,3.8059962,-2.8793545,8.567,W1hZkqBeWCUTVBX6rx9OeHmaWx63,,,,,
67732e569b85a0767f6f2882,Gravity,2024-10-30T01:46:40.960Z,3.7974203,-2.9023995,8.563029,W1hZkqBeWCUTVBX6rx9OeHmaWx63,,,,,
67732e569b85a0767f6f2883,Gravity,2024-10-30T01:46:41.120Z,3.7819314,-2.9244735,8.562374,W1hZkqBeWCUTVBX6rx9OeHmaWx63,,,,,
67732e569b85a0767f6f2884,Gravity,2024-10-30T01:46:41.279Z,3.7583234,-2.9544706,8.562471,W1hZkqBeWCUTVBX6rx9OeHmaWx63,,,,,
67732e569b85a0767f6f2885,Gravity,2024-10-30T01:46:41.439Z,3.7331388,-2.9786344,8.565116,W1hZkqBeWCUTVBX6rx9OeHmaWx63,,,,,
67732e569b85a0767f6f2886,Gravity,2024-10-30T01:46:41.599Z,3.7106204,-3.0158165,8.56189,W1hZkqBeWCUTVBX6rx9OeHmaWx63,,,,,
67732e569b85a0767f6f2887,Gravity,2024-10-30T01:46:49.928Z,3.7022629,-3.0298312,8.560559,W1hZkqBeWCUTVBX6rx9OeHmaWx63,,,,,
67732e569b85a0767f6f2888,Gravity,2024-10-30T01:46:49.934Z,3.702098,-3.03143,8.560065,W1hZkqBeWCUTVBX6rx9OeHmaWx63,,,,,
67732e569b85a0767f6f2889,Gravity,2024-10-30T01:46:50.161Z,3.663809,-3.0799959,8.559202,W1hZkqBeWCUTVBX6rx9OeHmaWx63,,,,,
67732e569b85a0767f6f288a,Gravity,2024-10-30T01:46:50.325Z,3.647898,-3.1060207,8.556594,W1hZkqBeWCUTVBX6rx9OeHmaWx63,,,,,
67732e569b85a0767f6f288b,Gravity,2024-10-30T01:46:50.484Z,3.6455963,-3.1261113,8.550257,W1hZkqBeWCUTVBX6rx9OeHmaWx63,,,,,
67732e569b85a0767f6f288c,Gravity,2024-10-30T01:46:50.646Z,3.6505828,-3.1404605,8.542867,W1hZkqBeWCUTVBX6rx9OeHmaWx63,,,,,
67732e569b85a0767f6f288d,Gravity,2024-10-30T01:46:50.805Z,3.6286535,-3.1649132,8.543185,W1hZkqBeWCUTVBX6rx9OeHmaWx63,,,,,
67732e569b85a0767f6f288e,Gravity,2024-10-30T01:46:50.964Z,3.6008058,-3.1959586,8.543411,W1hZkqBeWCUTVBX6rx9OeHmaWx63,,,,,
67732e569b85a0767f6f288f,Gravity,2024-10-30T01:46:51.123Z,3.578334,-3.223735,8.542418,W1hZkqBeWCUTVBX6rx9OeHmaWx63,,,,,
67732e569b85a0767f6f2890,Gravity,2024-10-30T01:46:51.283Z,3.5508442,-3.262432,8.539197,W1hZkqBeWCUTVBX6rx9OeHmaWx63,,,,,
67732e569b85a0767f6f2891,Gravity,2024-10-30T01:46:51.444Z,3.5506747,-3.2840612,8.5309725,W1hZkqBeWCUTVBX6rx9OeHmaWx63,,,,,
67732e569b85a0767f6f2892,Gravity,2024-10-30T01:46:51.603Z,3.5372305,-3.30737,8.527552,W1hZkqBeWCUTVBX6rx9OeHmaWx63,,,,,
67732e569b85a0767f6f2893,Gravity,2024-10-30T01:46:51.764Z,3.5249023,-3.3361428,8.521446,W1hZkqBeWCUTVBX6rx9OeHmaWx63,,,,,
67732e569b85a0767f6f2894,Gravity,2024-10-30T01:46:51.923Z,3.5197184,-3.3415973,8.521452,W1hZkqBeWCUTVBX6rx9OeHmaWx63,,,,,
67732e569b85a0767f6f2895,Gravity,2024-10-30T01:46:52.081Z,3.532776,-3.3528874,8.511608,W1hZkqBeWCUTVBX6rx9OeHmaWx63,,,,,
67732e569b85a0767f6f2896,Gravity,2024-10-30T01:46:52.243Z,3.5167391,-3.3688154,8.511961,W1hZkqBeWCUTVBX6rx9OeHmaWx63,,,,,
67732e569b85a0767f6f2897,Gravity,2024-10-30T01:46:52.405Z,3.5050523,-3.3978288,8.505246,W1hZkqBeWCUTVBX6rx9OeHmaWx63,,,,,
67732e569b85a0767f6f2898,Gravity,2024-10-30T01:46:52.561Z,3.4948254,-3.4185917,8.501135,W1hZkqBeWCUTVBX6rx9OeHmaWx63,,,,,
67732e569b85a0767f6f2899,Gravity,2024-10-30T01:46:52.719Z,3.4917486,-3.438292,8.4944515,W1hZkqBeWCUTVBX6rx9OeHmaWx63,,,,,
67732e569b85a0767f6f289a,Gravity,2024-10-30T01:46:52.879Z,3.4659767,-3.4693794,8.492366,W1hZkqBeWCUTVBX6rx9OeHmaWx63,,,,,
67732e569b85a0767f6f289b,Gravity,2024-10-30T01:46:53.039Z,3.4555469,-3.4843638,8.490481,W1hZkqBeWCUTVBX6rx9OeHmaWx63,,,,,
67732e569b85a0767f6f289c,Gravity,2024-10-30T01:46:53.200Z,3.4333007,-3.507571,8.48995,W1hZkqBeWCUTVBX6rx9OeHmaWx63,,,,,
67732e569b85a0767f6f289d,Gravity,2024-10-30T01:46:53.442Z,3.4027884,-3.5386603,8.489333,W1hZkqBeWCUTVBX6rx9OeHmaWx63,,,,,
67732e569b85a0767f6f289e,Gravity,2024-10-30T01:46:53.519Z,3.4070659,-3.5496006,8.483048,W1hZkqBeWCUTVBX6rx9OeHmaWx63,,,,,
67732e569b85a0767f6f289f,Gravity,2024-10-30T01:46:53.679Z,3.397259,-3.569782,8.478511,W1hZkqBeWCUTVBX6rx9OeHmaWx63,,,,,
67732e569b85a0767f6f28a0,Gravity,2024-10-30T01:46:53.839Z,3.38367,-3.5891197,8.4757805,W1hZkqBeWCUTVBX6rx9OeHmaWx63,,,,,
67732e569b85a0767f6f28a1,Gravity,2024-10-30T01:46:53.999Z,3.3746169,-3.604201,8.472991,W1hZkqBeWCUTVBX6rx9OeHmaWx63,,,,,
67732e569b85a0767f6f28a2,Gravity,2024-10-30T01:46:54.159Z,3.3605585,-3.6230264,8.47055,W1hZkqBeWCUTVBX6rx9OeHmaWx63,,,,,
67732e569b85a0767f6f28a3,Gravity,2024-10-30T01:46:54.318Z,3.3811564,-3.6291509,8.4597225,W1hZkqBeWCUTVBX6rx9OeHmaWx63,,,,,
67732e569b85a0767f6f28a4,Gravity,2024-10-30T01:46:54.478Z,3.4008586,-3.6398563,8.447218,W1hZkqBeWCUTVBX6rx9OeHmaWx63,,,,,
67732e569b85a0767f6f28a5,Gravity,2024-10-30T01:46:54.638Z,3.381267,-3.654186,8.448895,W1hZkqBeWCUTVBX6rx9OeHmaWx63,,,,,
67732e569b85a0767f6f28a6,Gravity,2024-10-30T01:46:54.799Z,3.3531075,-3.6757092,8.450782,W1hZkqBeWCUTVBX6rx9OeHmaWx63,,,,,
67732e569b85a0767f6f28a7,Gravity,2024-10-30T01:46:54.958Z,3.3139055,-3.6976132,8.456689,W1hZkqBeWCUTVBX6rx9OeHmaWx63,,,,,
67732e569b85a0767f6f28a8,Gravity,2024-10-30T01:46:55.118Z,3.3005638,-3.7122874,8.455477,W1hZkqBeWCUTVBX6rx9OeHmaWx63,,,,,
67732e569b85a0767f6f28a9,Gravity,2024-10-30T01:46:55.318Z,3.2969162,-3.724341,8.451598,W1hZkqBeWCUTVBX6rx9OeHmaWx63,,,,,
67732e569b85a0767f6f28aa,Gravity,2024-10-30T01:46:55.438Z,3.295667,-3.7551317,8.438452,W1hZkqBeWCUTVBX6rx9OeHmaWx63,,,,,
67732e569b85a0767f6f28ab,Gravity,2024-10-30T01:46:55.599Z,3.304743,-3.772165,8.427298,W1hZkqBeWCUTVBX6rx9OeHmaWx63,,,,,
67732e569b85a0767f6f28ac,Gravity,2024-10-30T01:46:55.757Z,3.3087082,-3.795639,8.415194,W1hZkqBeWCUTVBX6rx9OeHmaWx63,,,,,
67732e569b85a0767f6f28ad,Gravity,2024-10-30T01:46:55.917Z,3.293925,-3.8159711,8.411797,W1hZkqBeWCUTVBX6rx9OeHmaWx63,,,,,
67732e569b85a0767f6f28ae,Gravity,2024-10-30T01:46:56.077Z,3.257713,-3.8466408,8.411931,W1hZkqBeWCUTVBX6rx9OeHmaWx63,,,,,
67732e569b85a0767f6f28af,Gravity,2024-10-30T01:46:56.237Z,3.2269979,-3.8666217,8.414609,W1hZkqBeWCUTVBX6rx9OeHmaWx63,,,,,
67732e569b85a0767f6f28b0,Gravity,2024-10-30T01:46:56.398Z,3.1970096,-3.8887618,8.4158535,W1hZkqBeWCUTVBX6rx9OeHmaWx63,,,,,
67732e569b85a0767f6f28b1,Gravity,2024-10-30T01:46:56.557Z,3.1781373,-3.9197712,8.408613,W1hZkqBeWCUTVBX6rx9OeHmaWx63,,,,,
67732e569b85a0767f6f28b2,Gravity,2024-10-30T01:46:56.717Z,3.1894994,-3.9397938,8.394942,W1hZkqBeWCUTVBX6rx9OeHmaWx63,,,,,
67732e569b85a0767f6f28b3,Gravity,2024-10-30T01:46:56.877Z,3.2057767,-3.9572086,8.380539,W1hZkqBeWCUTVBX6rx9OeHmaWx63,,,,,
67732e569b85a0767f6f28b4,Gravity,2024-10-30T01:46:57.037Z,3.2100368,-3.976482,8.369779,W1hZkqBeWCUTVBX6rx9OeHmaWx63,,,,,
67732e569b85a0767f6f28b5,Gravity,2024-10-30T01:46:57.198Z,3.195949,-3.991373,8.368082,W1hZkqBeWCUTVBX6rx9OeHmaWx63,,,,,
67732e569b85a0767f6f28b6,Gravity,2024-10-30T01:46:57.357Z,3.15346,-4.0214343,8.36981,W1hZkqBeWCUTVBX6rx9OeHmaWx63,,,,,
67732e569b85a0767f6f28b7,Gravity,2024-10-30T01:46:57.517Z,3.1256897,-4.044777,8.3689785,W1hZkqBeWCUTVBX6rx9OeHmaWx63,,,,,
67732e569b85a0767f6f28b8,Gravity,2024-10-30T01:46:57.677Z,3.1196673,-4.059499,8.364097,W1hZkqBeWCUTVBX6rx9OeHmaWx63,,,,,
67732e569b85a0767f6f28b9,Gravity,2024-10-30T01:46:57.837Z,3.0915105,-4.104277,8.352691,W1hZkqBeWCUTVBX6rx9OeHmaWx63,,,,,
67732e569b85a0767f6f28ba,Gravity,2024-10-30T01:46:58.029Z,3.0890846,-4.115148,8.348239,W1hZkqBeWCUTVBX6rx9OeHmaWx63,,,,,
67732e569b85a0767f6f28bb,Gravity,2024-10-30T01:46:58.035Z,3.0889828,-4.116064,8.347825,W1hZkqBeWCUTVBX6rx9OeHmaWx63,,,,,
67732e569b85a0767f6f28bc,Gravity,2024-10-30T01:46:58.156Z,3.0871801,-4.145108,8.334109,W1hZkqBeWCUTVBX6rx9OeHmaWx63,,,,,
67732e569b85a0767f6f28bd,Gravity,2024-10-30T01:46:58.316Z,3.0412893,-4.1752634,8.335931,W1hZkqBeWCUTVBX6rx9OeHmaWx63,,,,,
67732e569b85a0767f6f28be,Gravity,2024-10-30T01:46:58.478Z,3.0172718,-4.1927667,8.335874,W1hZkqBeWCUTVBX6rx9OeHmaWx63,,,,,
67732e569b85a0767f6f28bf,Gravity,2024-10-30T01:46:58.636Z,3.013223,-4.215823,8.325705,W1hZkqBeWCUTVBX6rx9OeHmaWx63,,,,,
67732e569b85a0767f6f28c0,Gravity,2024-10-30T01:46:58.797Z,3.0110638,-4.236589,8.315939,W1hZkqBeWCUTVBX6rx9OeHmaWx63,,,,,
67732e569b85a0767f6f28c1,Gravity,2024-10-30T01:46:58.956Z,3.0047977,-4.263083,8.304658,W1hZkqBeWCUTVBX6rx9OeHmaWx63,,,,,
67732e569b85a0767f6f28c2,Gravity,2024-10-30T01:46:59.116Z,3.0116076,-4.2796474,8.293665,W1hZkqBeWCUTVBX6rx9OeHmaWx63,,,,,
67732e569b85a0767f6f28c3,Gravity,2024-10-30T01:46:59.276Z,3.0032635,-4.2970695,8.28768,W1hZkqBeWCUTVBX6rx9OeHmaWx63,,,,,
67732e569b85a0767f6f28c4,Gravity,2024-10-30T01:46:59.436Z,2.9816911,-4.325922,8.280457,W1hZkqBeWCUTVBX6rx9OeHmaWx63,,,,,
67732e569b85a0767f6f28c5,Gravity,2024-10-30T01:46:59.597Z,2.9747462,-4.336371,8.27749,W1hZkqBeWCUTVBX6rx9OeHmaWx63,,,,,
67732e569b85a0767f6f28c6,Gravity,2024-10-30T01:46:59.755Z,2.9452074,-4.364197,8.273428,W1hZkqBeWCUTVBX6rx9OeHmaWx63,,,,,
67732e569b85a0767f6f28c7,Gravity,2024-10-30T01:46:59.917Z,2.9364815,-4.387226,8.264345,W1hZkqBeWCUTVBX6rx9OeHmaWx63,,,,,
67732e569b85a0767f6f28c8,Gravity,2024-10-30T01:47:00.076Z,2.9446673,-4.4018235,8.253663,W1hZkqBeWCUTVBX6rx9OeHmaWx63,,,,,
67732e569b85a0767f6f28c9,Gravity,2024-10-30T01:47:00.235Z,2.9306586,-4.428106,8.244586,W1hZkqBeWCUTVBX6rx9OeHmaWx63,,,,,
67732e569b85a0767f6f28ca,Gravity,2024-10-30T01:47:00.397Z,2.9026356,-4.453007,8.241087,W1hZkqBeWCUTVBX6rx9OeHmaWx63,,,,,
67732e569b85a0767f6f28cb,Gravity,2024-10-30T01:47:00.559Z,2.8877945,-4.473989,8.234935,W1hZkqBeWCUTVBX6rx9OeHmaWx63,,,,,
67732e569b85a0767f6f28cc,Gravity,2024-10-30T01:47:00.715Z,2.8718228,-4.499577,8.226575,W1hZkqBeWCUTVBX6rx9OeHmaWx63,,,,,
67732e569b85a0767f6f28cd,Gravity,2024-10-30T01:47:00.875Z,2.840396,-4.5310144,8.220229,W1hZkqBeWCUTVBX6rx9OeHmaWx63,,,,,
67732e569b85a0767f6f28ce,Gravity,2024-10-30T01:47:01.035Z,2.7892687,-4.5764914,8.212541,W1hZkqBeWCUTVBX6rx9OeHmaWx63,,,,,
67732e569b85a0767f6f28cf,Gravity,2024-10-30T01:47:01.196Z,2.7257833,-4.5933013,8.2244625,W1hZkqBeWCUTVBX6rx9OeHmaWx63,,,,,
67732e569b85a0767f6f28d0,Gravity,2024-10-30T01:47:01.355Z,2.6918595,-4.6068015,8.228085,W1hZkqBeWCUTVBX6rx9OeHmaWx63,,,,,
67732e569b85a0767f6f28d1,Gravity,2024-10-30T01:47:01.515Z,2.664509,-4.6170945,8.231217,W1hZkqBeWCUTVBX6rx9OeHmaWx63,,,,,
67732e569b85a0767f6f28d2,Gravity,2024-10-30T01:47:01.675Z,2.6676662,-4.636101,8.219503,W1hZkqBeWCUTVBX6rx9OeHmaWx63,,,,,
67732e569b85a0767f6f28d3,Gravity,2024-10-30T01:47:01.835Z,2.6955075,-4.6507716,8.202113,W1hZkqBeWCUTVBX6rx9OeHmaWx63,,,,,
67732e569b85a0767f6f28d4,Gravity,2024-10-30T01:47:01.998Z,2.723792,-4.638906,8.199489,W1hZkqBeWCUTVBX6rx9OeHmaWx63,,,,,
67732e569b85a0767f6f28d5,Gravity,2024-10-30T01:47:02.158Z,2.5924978,-3.706268,8.701306,W1hZkqBeWCUTVBX6rx9OeHmaWx63,,,,,
67732e569b85a0767f6f28d6,Gravity,2024-10-30T01:47:02.317Z,2.2594712,-2.5390942,9.198808,W1hZkqBeWCUTVBX6rx9OeHmaWx63,,,,,
67732e569b85a0767f6f28d7,Gravity,2024-10-30T01:47:02.477Z,1.4939059,-1.3384278,9.599334,W1hZkqBeWCUTVBX6rx9OeHmaWx63,,,,,
67732e569b85a0767f6f28d8,Gravity,2024-10-30T01:47:02.637Z,0.36638305,-1.0283575,9.745697,W1hZkqBeWCUTVBX6rx9OeHmaWx63,,,,,
67732e569b85a0767f6f28d9,Gravity,2024-10-30T01:47:02.798Z,-0.30049512,-0.36189032,9.795362,W1hZkqBeWCUTVBX6rx9OeHmaWx63,,,,,
67732e569b85a0767f6f28da,Gravity,2024-10-30T01:47:02.956Z,-0.24161258,-0.7375904,9.775887,W1hZkqBeWCUTVBX6rx9OeHmaWx63,,,,,
67732e569b85a0767f6f28db,Gravity,2024-10-30T01:47:03.117Z,-0.29150337,-1.2542624,9.72174,W1hZkqBeWCUTVBX6rx9OeHmaWx63,,,,,
67732e569b85a0767f6f28dc,Gravity,2024-10-30T01:47:03.276Z,-0.35298446,-2.5937722,9.450824,W1hZkqBeWCUTVBX6rx9OeHmaWx63,,,,,
67732e569b85a0767f6f28dd,Gravity,2024-10-30T01:47:03.438Z,-0.7629873,-3.1814537,9.244809,W1hZkqBeWCUTVBX6rx9OeHmaWx63,,,,,
67732e569b85a0767f6f28de,Gravity,2024-10-30T01:47:03.597Z,-0.8153207,-2.6400266,9.4093485,W1hZkqBeWCUTVBX6rx9OeHmaWx63,,,,,
67732e569b85a0767f6f28df,Gravity,2024-10-30T01:47:03.756Z,-0.76151896,-2.3309588,9.495107,W1hZkqBeWCUTVBX6rx9OeHmaWx63,,,,,
67732e569b85a0767f6f28e0,Gravity,2024-10-30T01:47:03.916Z,-0.5145902,-2.7552712,9.3975525,W1hZkqBeWCUTVBX6rx9OeHmaWx63,,,,,
67732e569b85a0767f6f28e1,Gravity,2024-10-30T01:47:04.074Z,-0.20319991,-2.2939942,9.532399,W1hZkqBeWCUTVBX6rx9OeHmaWx63,,,,,
67732e569b85a0767f6f28e2,Gravity,2024-10-30T01:47:04.234Z,-0.023031112,-2.088839,9.581574,W1hZkqBeWCUTVBX6rx9OeHmaWx63,,,,,
67732e569b85a0767f6f28e3,Gravity,2024-10-30T01:47:04.394Z,-0.033691403,-2.0029569,9.599864,W1hZkqBeWCUTVBX6rx9OeHmaWx63,,,,,
67732e569b85a0767f6f28e4,Gravity,2024-10-30T01:47:04.553Z,-0.64967537,-2.22701,9.52831,W1hZkqBeWCUTVBX6rx9OeHmaWx63,,,,,
67732e569b85a0767f6f28e5,Gravity,2024-10-30T01:47:04.713Z,-2.342828,-4.322575,8.4850855,W1hZkqBeWCUTVBX6rx9OeHmaWx63,,,,,
67732e569b85a0767f6f28e6,Gravity,2024-10-30T01:47:04.873Z,-4.066045,-5.86592,6.725192,W1hZkqBeWCUTVBX6rx9OeHmaWx63,,,,,
67732e569b85a0767f6f28e7,Gravity,2024-10-30T01:47:05.033Z,-4.468577,-5.601898,6.69481,W1hZkqBeWCUTVBX6rx9OeHmaWx63,,,,,
67732e569b85a0767f6f28e8,Gravity,2024-10-30T01:47:05.194Z,-3.8106918,-4.6242704,7.763044,W1hZkqBeWCUTVBX6rx9OeHmaWx63,,,,,
67732e569b85a0767f6f28e9,Gravity,2024-10-30T01:47:05.353Z,-3.5293288,-4.196607,8.130343,W1hZkqBeWCUTVBX6rx9OeHmaWx63,,,,,
67732e569b85a0767f6f28ea,Gravity,2024-10-30T01:47:05.512Z,-3.4134583,-3.715579,8.409101,W1hZkqBeWCUTVBX6rx9OeHmaWx63,,,,,
67732e569b85a0767f6f28eb,Gravity,2024-10-30T01:47:05.672Z,-3.4331496,-1.5669119,9.051439,W1hZkqBeWCUTVBX6rx9OeHmaWx63,,,,,
67732e569b85a0767f6f28ec,Gravity,2024-10-30T01:47:05.832Z,-2.6742556,2.0361943,9.212631,W1hZkqBeWCUTVBX6rx9OeHmaWx63,,,,,
67732e569b85a0767f6f28ed,Gravity,2024-10-30T01:47:05.993Z,-1.8800393,3.5779598,8.934983,W1hZkqBeWCUTVBX6rx9OeHmaWx63,,,,,
67732e569b85a0767f6f28ee,Gravity,2024-10-30T01:47:06.152Z,-1.3887454,5.29951,8.133679,W1hZkqBeWCUTVBX6rx9OeHmaWx63,,,,,
67732e569b85a0767f6f28ef,Gravity,2024-10-30T01:47:06.312Z,-1.0697166,5.510694,8.041027,W1hZkqBeWCUTVBX6rx9OeHmaWx63,,,,,
67732e569b85a0767f6f28f0,Gravity,2024-10-30T01:47:06.472Z,-1.3119645,5.3718734,8.098883,W1hZkqBeWCUTVBX6rx9OeHmaWx63,,,,,
67732e569b85a0767f6f28f1,Gravity,2024-10-30T01:47:06.632Z,-1.3557935,5.2703934,8.158122,W1hZkqBeWCUTVBX6rx9OeHmaWx63,,,,,
67732e569b85a0767f6f28f2,Gravity,2024-10-30T01:47:06.793Z,-1.3665859,5.1681046,8.221515,W1hZkqBeWCUTVBX6rx9OeHmaWx63,,,,,
67732e569b85a0767f6f28f3,Gravity,2024-10-30T01:47:06.952Z,-1.4381921,5.388152,8.066571,W1hZkqBeWCUTVBX6rx9OeHmaWx63,,,,,
67732e569b85a0767f6f28f4,Gravity,2024-10-30T01:47:07.112Z,-1.1447612,4.7694645,8.491874,W1hZkqBeWCUTVBX6rx9OeHmaWx63,,,,,
67732e569b85a0767f6f28f5,Gravity,2024-10-30T01:47:07.272Z,-1.1249568,4.518565,8.630599,W1hZkqBeWCUTVBX6rx9OeHmaWx63,,,,,
67732e569b85a0767f6f28f6,Gravity,2024-10-30T01:47:07.432Z,-1.1530185,4.469787,8.652268,W1hZkqBeWCUTVBX6rx9OeHmaWx63,,,,,
67732e569b85a0767f6f28f7,Gravity,2024-10-30T01:47:07.593Z,-1.1880053,4.398848,8.683835,W1hZkqBeWCUTVBX6rx9OeHmaWx63,,,,,
67732e569b85a0767f6f28f8,Gravity,2024-10-30T01:47:07.752Z,-1.2512672,4.4350696,8.656483,W1hZkqBeWCUTVBX6rx9OeHmaWx63,,,,,
67732e569b85a0767f6f28f9,Gravity,2024-10-30T01:47:07.911Z,-1.2700983,4.417788,8.662575,W1hZkqBeWCUTVBX6rx9OeHmaWx63,,,,,
67732e569b85a0767f6f28fa,Gravity,2024-10-30T01:47:08.071Z,-1.314888,4.377844,8.67616,W1hZkqBeWCUTVBX6rx9OeHmaWx63,,,,,
67732e569b85a0767f6f28fb,Gravity,2024-10-30T01:47:08.231Z,-1.3379394,4.3275743,8.697829,W1hZkqBeWCUTVBX6rx9OeHmaWx63,,,,,
67732e569b85a0767f6f28fc,Gravity,2024-10-30T01:47:08.392Z,-1.33248,4.2746673,8.724789,W1hZkqBeWCUTVBX6rx9OeHmaWx63,,,,,
67732e569b85a0767f6f28fd,Gravity,2024-10-30T01:47:08.551Z,-1.3245229,4.2109876,8.756909,W1hZkqBeWCUTVBX6rx9OeHmaWx63,,,,,
67732e569b85a0767f6f28fe,Gravity,2024-10-30T01:47:08.711Z,-1.3277646,4.171049,8.775514,W1hZkqBeWCUTVBX6rx9OeHmaWx63,,,,,
67732e569b85a0767f6f28ff,Gravity,2024-10-30T01:47:08.871Z,-1.331001,4.1537356,8.783232,W1hZkqBeWCUTVBX6rx9OeHmaWx63,,,,,
67732e569b85a0767f6f2900,Gravity,2024-10-30T01:47:09.031Z,-1.338217,4.1284513,8.79405,W1hZkqBeWCUTVBX6rx9OeHmaWx63,,,,,
67732e569b85a0767f6f2901,Gravity,2024-10-30T01:47:09.192Z,-1.3450685,4.098475,8.807017,W1hZkqBeWCUTVBX6rx9OeHmaWx63,,,,,
67732e569b85a0767f6f2902,Gravity,2024-10-30T01:47:09.351Z,-1.35723,4.0965257,8.806059,W1hZkqBeWCUTVBX6rx9OeHmaWx63,,,,,
67732e569b85a0767f6f2903,Gravity,2024-10-30T01:47:09.511Z,-1.3579342,4.075888,8.815521,W1hZkqBeWCUTVBX6rx9OeHmaWx63,,,,,
67732e569b85a0767f6f2904,Gravity,2024-10-30T01:47:09.670Z,-1.3527514,4.064041,8.821786,W1hZkqBeWCUTVBX6rx9OeHmaWx63,,,,,
67732e569b85a0767f6f2905,Gravity,2024-10-30T01:47:09.830Z,-1.3627322,4.066394,8.819165,W1hZkqBeWCUTVBX6rx9OeHmaWx63,,,,,
67732e569b85a0767f6f2906,Gravity,2024-10-30T01:47:09.991Z,-1.3697163,4.0473056,8.826861,W1hZkqBeWCUTVBX6rx9OeHmaWx63,,,,,
67732e569b85a0767f6f2907,Gravity,2024-10-30T01:47:10.150Z,-1.3703884,4.018316,8.839993,W1hZkqBeWCUTVBX6rx9OeHmaWx63,,,,,
67732e569b85a0767f6f2908,Gravity,2024-10-30T01:47:10.310Z,-1.3587828,3.9810555,8.858623,W1hZkqBeWCUTVBX6rx9OeHmaWx63,,,,,
67732e569b85a0767f6f2909,Gravity,2024-10-30T01:47:10.470Z,-1.3641651,3.9455214,8.873681,W1hZkqBeWCUTVBX6rx9OeHmaWx63,,,,,
67732e569b85a0767f6f290a,Gravity,2024-10-30T01:47:10.630Z,-1.3830115,3.9281425,8.878472,W1hZkqBeWCUTVBX6rx9OeHmaWx63,,,,,
67732e569b85a0767f6f290b,Gravity,2024-10-30T01:47:10.791Z,-1.3993253,3.9160712,8.881248,W1hZkqBeWCUTVBX6rx9OeHmaWx63,,,,,
67732e569b85a0767f6f290c,Gravity,2024-10-30T01:47:10.951Z,-1.406357,3.896544,8.888724,W1hZkqBeWCUTVBX6rx9OeHmaWx63,,,,,
67732e569b85a0767f6f290d,Gravity,2024-10-30T01:47:11.110Z,-1.4106025,3.8761272,8.896974,W1hZkqBeWCUTVBX6rx9OeHmaWx63,,,,,
67732e569b85a0767f6f290e,Gravity,2024-10-30T01:47:11.270Z,-1.4194145,3.8518603,8.906107,W1hZkqBeWCUTVBX6rx9OeHmaWx63,,,,,
67732e569b85a0767f6f290f,Gravity,2024-10-30T01:47:11.430Z,-1.4378594,3.8310075,8.912141,W1hZkqBeWCUTVBX6rx9OeHmaWx63,,,,,
67732e569b85a0767f6f2910,Gravity,2024-10-30T01:47:11.591Z,-1.4508023,3.8476274,8.902879,W1hZkqBeWCUTVBX6rx9OeHmaWx63,,,,,
67732e569b85a0767f6f2911,Gravity,2024-10-30T01:47:12.256Z,-0.97024095,1.4835503,9.645106,W1hZkqBeWCUTVBX6rx9OeHmaWx63,,,,,
67732e569b85a0767f6f2912,Gravity,2024-10-30T01:47:12.265Z,-0.6554108,1.2419378,9.705586,W1hZkqBeWCUTVBX6rx9OeHmaWx63,,,,,
67732e569b85a0767f6f2913,Gravity,2024-10-30T01:47:12.268Z,0.75911814,2.1489422,9.538142,W1hZkqBeWCUTVBX6rx9OeHmaWx63,,,,,
67732e569b85a0767f6f2914,Gravity,2024-10-30T01:47:12.397Z,0.57432765,2.9543724,9.333391,W1hZkqBeWCUTVBX6rx9OeHmaWx63,,,,,
67732e569b85a0767f6f2915,Gravity,2024-10-30T01:47:13.948Z,-8.343984,0.9993223,5.05464,W1hZkqBeWCUTVBX6rx9OeHmaWx63,,,,,
67732e569b85a0767f6f2916,Gravity,2024-10-30T01:47:12.556Z,0.3201007,3.4980795,9.155944,W1hZkqBeWCUTVBX6rx9OeHmaWx63,,,,,
67732e569b85a0767f6f2917,Gravity,2024-10-30T01:47:13.997Z,-8.391792,1.3051857,4.9035106,W1hZkqBeWCUTVBX6rx9OeHmaWx63,,,,,
67732e569b85a0767f6f2918,Gravity,2024-10-30T01:47:12.716Z,0.057282563,3.786339,9.046032,W1hZkqBeWCUTVBX6rx9OeHmaWx63,,,,,
67732e569b85a0767f6f2919,Gravity,2024-10-30T01:47:12.876Z,0.53467053,3.3111389,9.21525,W1hZkqBeWCUTVBX6rx9OeHmaWx63,,,,,
67732e569b85a0767f6f291a,Gravity,2024-10-30T01:47:13.036Z,0.34014586,3.101879,9.296935,W1hZkqBeWCUTVBX6rx9OeHmaWx63,,,,,
67732e569b85a0767f6f291b,Gravity,2024-10-30T01:47:13.197Z,1.3203849,1.9196454,9.525855,W1hZkqBeWCUTVBX6rx9OeHmaWx63,,,,,
67732e569b85a0767f6f291c,Gravity,2024-10-30T01:47:13.356Z,2.8243542,-1.5588106,9.260858,W1hZkqBeWCUTVBX6rx9OeHmaWx63,,,,,
67732e569b85a0767f6f291d,Gravity,2024-10-30T01:47:13.516Z,-2.8236225,-4.213252,8.393209,W1hZkqBeWCUTVBX6rx9OeHmaWx63,,,,,
67732e569b85a0767f6f291e,Gravity,2024-10-30T01:47:13.675Z,-7.840144,-0.005679804,5.890862,W1hZkqBeWCUTVBX6rx9OeHmaWx63,,,,,
67732e569b85a0767f6f291f,Gravity,2024-10-30T01:47:13.940Z,-8.303869,0.91347426,5.1362844,W1hZkqBeWCUTVBX6rx9OeHmaWx63,,,,,
67732e569b85a0767f6f2920,Gravity,2024-10-30T01:47:14.157Z,-8.430561,1.0535916,4.897524,W1hZkqBeWCUTVBX6rx9OeHmaWx63,,,,,
67732e569b85a0767f6f2921,Gravity,2024-10-30T01:47:14.317Z,-8.405864,1.0401453,4.9426436,W1hZkqBeWCUTVBX6rx9OeHmaWx63,,,,,
67732e569b85a0767f6f2922,Gravity,2024-10-30T01:47:14.477Z,-8.382016,1.0141886,4.9883275,W1hZkqBeWCUTVBX6rx9OeHmaWx63,,,,,
67732e569b85a0767f6f2923,Gravity,2024-10-30T01:47:14.638Z,-8.389716,0.98516434,4.981197,W1hZkqBeWCUTVBX6rx9OeHmaWx63,,,,,
67732e569b85a0767f6f2924,Gravity,2024-10-30T01:47:14.798Z,-8.385618,0.93888927,4.9970055,W1hZkqBeWCUTVBX6rx9OeHmaWx63,,,,,
67732e569b85a0767f6f2925,Gravity,2024-10-30T01:47:14.957Z,-8.372571,0.88584125,5.0284657,W1hZkqBeWCUTVBX6rx9OeHmaWx63,,,,,
67732e569b85a0767f6f2926,Gravity,2024-10-30T01:47:15.117Z,-8.382194,0.83943254,5.020391,W1hZkqBeWCUTVBX6rx9OeHmaWx63,,,,,
67732e569b85a0767f6f2927,Gravity,2024-10-30T01:47:15.277Z,-8.395098,0.7873396,5.007246,W1hZkqBeWCUTVBX6rx9OeHmaWx63,,,,,
67732e569b85a0767f6f2928,Gravity,2024-10-30T01:47:15.437Z,-8.403749,0.71899396,5.0030117,W1hZkqBeWCUTVBX6rx9OeHmaWx63,,,,,
67732e569b85a0767f6f2929,Gravity,2024-10-30T01:47:15.597Z,-8.398437,0.645509,5.021917,W1hZkqBeWCUTVBX6rx9OeHmaWx63,,,,,
67732e569b85a0767f6f292a,Gravity,2024-10-30T01:47:15.756Z,-8.408047,0.58641803,5.0130773,W1hZkqBeWCUTVBX6rx9OeHmaWx63,,,,,
67732e569b85a0767f6f292b,Gravity,2024-10-30T01:47:15.916Z,-8.405867,0.56503046,5.0191884,W1hZkqBeWCUTVBX6rx9OeHmaWx63,,,,,
67732e569b85a0767f6f292c,Gravity,2024-10-30T01:47:16.074Z,-8.407884,0.54343003,5.0182014,W1hZkqBeWCUTVBX6rx9OeHmaWx63,,,,,
67732e569b85a0767f6f292d,Gravity,2024-10-30T01:47:16.236Z,-8.414196,0.5219323,5.0098996,W1hZkqBeWCUTVBX6rx9OeHmaWx63,,,,,
67732e569b85a0767f6f292e,Gravity,2024-10-30T01:47:16.397Z,-8.419072,0.5118415,5.002744,W1hZkqBeWCUTVBX6rx9OeHmaWx63,,,,,
67732e569b85a0767f6f292f,Gravity,2024-10-30T01:47:16.555Z,-8.424894,0.51156795,4.992958,W1hZkqBeWCUTVBX6rx9OeHmaWx63,,,,,
67732e569b85a0767f6f2930,Gravity,2024-10-30T01:47:16.713Z,-8.436434,0.52058536,4.9725013,W1hZkqBeWCUTVBX6rx9OeHmaWx63,,,,,
67732e569b85a0767f6f2931,Gravity,2024-10-30T01:47:16.873Z,-8.435381,0.52170235,4.974173,W1hZkqBeWCUTVBX6rx9OeHmaWx63,,,,,
67732e569b85a0767f6f2932,Gravity,2024-10-30T01:47:17.033Z,-8.430931,0.5188551,4.982005,W1hZkqBeWCUTVBX6rx9OeHmaWx63,,,,,
67732e569b85a0767f6f2933,Gravity,2024-10-30T01:47:17.194Z,-8.433468,0.51233387,4.978384,W1hZkqBeWCUTVBX6rx9OeHmaWx63,,,,,
67732e569b85a0767f6f2934,Gravity,2024-10-30T01:47:17.353Z,-8.436203,0.5057086,4.9744306,W1hZkqBeWCUTVBX6rx9OeHmaWx63,,,,,
67732e569b85a0767f6f2935,Gravity,2024-10-30T01:47:17.513Z,-8.439048,0.50155133,4.9700274,W1hZkqBeWCUTVBX6rx9OeHmaWx63,,,,,
67732e569b85a0767f6f2936,Gravity,2024-10-30T01:47:17.673Z,-8.443871,0.49578238,4.962408,W1hZkqBeWCUTVBX6rx9OeHmaWx63,,,,,
67732e569b85a0767f6f2937,Gravity,2024-10-30T01:47:17.833Z,-8.447939,0.4882374,4.956232,W1hZkqBeWCUTVBX6rx9OeHmaWx63,,,,,
67732e569b85a0767f6f2938,Gravity,2024-10-30T01:47:17.994Z,-8.451809,0.48326135,4.950121,W1hZkqBeWCUTVBX6rx9OeHmaWx63,,,,,
67732e569b85a0767f6f2939,Gravity,2024-10-30T01:47:18.153Z,-8.457553,0.47923806,4.940693,W1hZkqBeWCUTVBX6rx9OeHmaWx63,,,,,
67732e569b85a0767f6f293a,Gravity,2024-10-30T01:47:18.313Z,-8.461609,0.47482336,4.934173,W1hZkqBeWCUTVBX6rx9OeHmaWx63,,,,,
67732e569b85a0767f6f293b,Gravity,2024-10-30T01:47:18.472Z,-8.465925,0.47076294,4.927151,W1hZkqBeWCUTVBX6rx9OeHmaWx63,,,,,
67732e569b85a0767f6f293c,Gravity,2024-10-30T01:47:18.632Z,-8.469558,0.4643031,4.9215155,W1hZkqBeWCUTVBX6rx9OeHmaWx63,,,,,
67732e569b85a0767f6f293d,Gravity,2024-10-30T01:47:18.843Z,-8.471475,0.45449337,4.9191313,W1hZkqBeWCUTVBX6rx9OeHmaWx63,,,,,
67732e569b85a0767f6f293e,Gravity,2024-10-30T01:47:18.952Z,-8.474652,0.4464744,4.914393,W1hZkqBeWCUTVBX6rx9OeHmaWx63,,,,,
67732e569b85a0767f6f293f,Gravity,2024-10-30T01:47:19.112Z,-8.477372,0.4402149,4.910266,W1hZkqBeWCUTVBX6rx9OeHmaWx63,,,,,
67732e569b85a0767f6f2940,Gravity,2024-10-30T01:47:19.272Z,-8.481661,0.43554974,4.9032755,W1hZkqBeWCUTVBX6rx9OeHmaWx63,,,,,
67732e569b85a0767f6f2941,Gravity,2024-10-30T01:47:19.433Z,-8.486876,0.43114012,4.8946323,W1hZkqBeWCUTVBX6rx9OeHmaWx63,,,,,
67732e569b85a0767f6f2942,Gravity,2024-10-30T01:47:19.593Z,-8.489746,0.42573613,4.890133,W1hZkqBeWCUTVBX6rx9OeHmaWx63,,,,,
67732e569b85a0767f6f2943,Gravity,2024-10-30T01:47:19.752Z,-8.489812,0.4191707,4.8905864,W1hZkqBeWCUTVBX6rx9OeHmaWx63,,,,,
67732e569b85a0767f6f2944,Gravity,2024-10-30T01:47:19.912Z,-8.474457,0.4284217,4.9163513,W1hZkqBeWCUTVBX6rx9OeHmaWx63,,,,,
67732e569b85a0767f6f2945,Gravity,2024-10-30T01:47:20.072Z,-8.40725,0.4739719,5.0263243,W1hZkqBeWCUTVBX6rx9OeHmaWx63,,,,,
67732e569b85a0767f6f2946,Gravity,2024-10-30T01:47:20.232Z,-8.322543,0.59967995,5.152297,W1hZkqBeWCUTVBX6rx9OeHmaWx63,,,,,
67732e569b85a0767f6f2947,Gravity,2024-10-30T01:47:20.393Z,-8.302273,0.7526206,5.1649175,W1hZkqBeWCUTVBX6rx9OeHmaWx63,,,,,
67732e569b85a0767f6f2948,Gravity,2024-10-30T01:47:26.043Z,-8.1978245,0.7822769,5.3248687,W1hZkqBeWCUTVBX6rx9OeHmaWx63,,,,,
67732e569b85a0767f6f2949,Gravity,2024-10-30T01:47:20.552Z,-8.318189,0.81331044,5.1299872,W1hZkqBeWCUTVBX6rx9OeHmaWx63,,,,,
67732e569b85a0767f6f294a,Gravity,2024-10-30T01:47:20.712Z,-8.267568,0.7837643,5.215703,W1hZkqBeWCUTVBX6rx9OeHmaWx63,,,,,
67732e569b85a0767f6f294b,Gravity,2024-10-30T01:47:25.967Z,-8.234703,0.7719206,5.269185,W1hZkqBeWCUTVBX6rx9OeHmaWx63,,,,,
67732e569b85a0767f6f294c,Gravity,2024-10-30T01:47:26.204Z,-8.207662,0.7821346,5.3097186,W1hZkqBeWCUTVBX6rx9OeHmaWx63,,,,,
67732e569b85a0767f6f294d,Gravity,2024-10-30T01:47:26.364Z,-8.220029,0.764538,5.293124,W1hZkqBeWCUTVBX6rx9OeHmaWx63,,,,,
67732e569b85a0767f6f294e,Gravity,2024-10-30T01:47:26.524Z,-8.234364,0.75589347,5.272043,W1hZkqBeWCUTVBX6rx9OeHmaWx63,,,,,
67732e569b85a0767f6f294f,Gravity,2024-10-30T01:47:26.684Z,-8.238209,0.75898486,5.2655873,W1hZkqBeWCUTVBX6rx9OeHmaWx63,,,,,
67732e569b85a0767f6f2950,Gravity,2024-10-30T01:47:26.845Z,-8.238327,0.74757326,5.267034,W1hZkqBeWCUTVBX6rx9OeHmaWx63,,,,,
67732e569b85a0767f6f2951,Gravity,2024-10-30T01:47:27.006Z,-8.241571,0.7343512,5.2638183,W1hZkqBeWCUTVBX6rx9OeHmaWx63,,,,,
67732e569b85a0767f6f2952,Gravity,2024-10-30T01:47:27.164Z,-8.243455,0.7222289,5.26255,W1hZkqBeWCUTVBX6rx9OeHmaWx63,,,,,
67732e569b85a0767f6f2953,Gravity,2024-10-30T01:47:27.324Z,-8.24642,0.7122286,5.2592664,W1hZkqBeWCUTVBX6rx9OeHmaWx63,,,,,
67732e569b85a0767f6f2954,Gravity,2024-10-30T01:47:27.483Z,-8.249937,0.7026811,5.255031,W1hZkqBeWCUTVBX6rx9OeHmaWx63,,,,,
67732e569b85a0767f6f2955,Gravity,2024-10-30T01:47:27.644Z,-8.25157,0.69202685,5.2538815,W1hZkqBeWCUTVBX6rx9OeHmaWx63,,,,,
67732e569b85a0767f6f2956,Gravity,2024-10-30T01:47:27.804Z,-8.254886,0.6821194,5.2499733,W1hZkqBeWCUTVBX6rx9OeHmaWx63,,,,,
67732e569b85a0767f6f2957,Gravity,2024-10-30T01:47:27.963Z,-8.2602215,0.67602795,5.2423663,W1hZkqBeWCUTVBX6rx9OeHmaWx63,,,,,
67732e569b85a0767f6f2958,Gravity,2024-10-30T01:47:28.121Z,-8.267176,0.67017114,5.2321477,W1hZkqBeWCUTVBX6rx9OeHmaWx63,,,,,
67732e569b85a0767f6f2959,Gravity,2024-10-30T01:47:28.283Z,-8.270935,0.6635437,5.227051,W1hZkqBeWCUTVBX6rx9OeHmaWx63,,,,,
67732e569b85a0767f6f295a,Gravity,2024-10-30T01:47:28.443Z,-8.276289,0.6476176,5.2205763,W1hZkqBeWCUTVBX6rx9OeHmaWx63,,,,,
67732e569b85a0767f6f295b,Gravity,2024-10-30T01:47:28.601Z,-8.280177,0.63369435,5.2161183,W1hZkqBeWCUTVBX6rx9OeHmaWx63,,,,,
67732e569b85a0767f6f295c,Gravity,2024-10-30T01:47:28.760Z,-8.288378,0.6249672,5.2041345,W1hZkqBeWCUTVBX6rx9OeHmaWx63,,,,,
67732e569b85a0767f6f295d,Gravity,2024-10-30T01:47:28.919Z,-8.29466,0.6223501,5.1944284,W1hZkqBeWCUTVBX6rx9OeHmaWx63,,,,,
67732e569b85a0767f6f295e,Gravity,2024-10-30T01:47:29.079Z,-8.297621,0.62085205,5.1898746,W1hZkqBeWCUTVBX6rx9OeHmaWx63,,,,,
67732e569b85a0767f6f295f,Gravity,2024-10-30T01:47:29.241Z,-8.298448,0.61444265,5.1893134,W1hZkqBeWCUTVBX6rx9OeHmaWx63,,,,,
67732e569b85a0767f6f2960,Gravity,2024-10-30T01:47:29.399Z,-8.305034,0.6086426,5.179455,W1hZkqBeWCUTVBX6rx9OeHmaWx63,,,,,
67732e569b85a0767f6f2961,Gravity,2024-10-30T01:47:29.559Z,-8.311463,0.60817933,5.169186,W1hZkqBeWCUTVBX6rx9OeHmaWx63,,,,,
67732e569b85a0767f6f2962,Gravity,2024-10-30T01:47:29.719Z,-8.318378,0.60413545,5.1585255,W1hZkqBeWCUTVBX6rx9OeHmaWx63,,,,,
67732e569b85a0767f6f2963,Gravity,2024-10-30T01:47:29.879Z,-8.323642,0.5898727,5.1516857,W1hZkqBeWCUTVBX6rx9OeHmaWx63,,,,,
67732e569b85a0767f6f2964,Gravity,2024-10-30T01:47:30.039Z,-8.3261795,0.57980347,5.1487284,W1hZkqBeWCUTVBX6rx9OeHmaWx63,,,,,
67732e569b85a0767f6f2965,Gravity,2024-10-30T01:47:30.199Z,-8.332175,0.5725047,5.139838,W1hZkqBeWCUTVBX6rx9OeHmaWx63,,,,,
67732e569b85a0767f6f2966,Gravity,2024-10-30T01:47:30.358Z,-8.346563,0.5748975,5.1161766,W1hZkqBeWCUTVBX6rx9OeHmaWx63,,,,,
67732e569b85a0767f6f2967,Gravity,2024-10-30T01:47:30.518Z,-8.368836,0.6088076,5.075709,W1hZkqBeWCUTVBX6rx9OeHmaWx63,,,,,
67732e569b85a0767f6f2968,Gravity,2024-10-30T01:47:30.678Z,-8.404184,0.65410507,5.0112576,W1hZkqBeWCUTVBX6rx9OeHmaWx63,,,,,
67732e569b85a0767f6f2969,Gravity,2024-10-30T01:47:30.839Z,-8.429302,0.687605,4.964363,W1hZkqBeWCUTVBX6rx9OeHmaWx63,,,,,
67732e569b85a0767f6f296a,Gravity,2024-10-30T01:47:30.998Z,-8.428312,0.68167895,4.9668593,W1hZkqBeWCUTVBX6rx9OeHmaWx63,,,,,
67732e569b85a0767f6f296b,Gravity,2024-10-30T01:47:31.158Z,-8.432832,0.6692567,4.960878,W1hZkqBeWCUTVBX6rx9OeHmaWx63,,,,,
67732e569b85a0767f6f296c,Gravity,2024-10-30T01:47:31.318Z,-8.445099,0.6602336,4.9411807,W1hZkqBeWCUTVBX6rx9OeHmaWx63,,,,,
67732e569b85a0767f6f296d,Gravity,2024-10-30T01:47:31.478Z,-8.451987,0.6546831,4.930128,W1hZkqBeWCUTVBX6rx9OeHmaWx63,,,,,
67732e569b85a0767f6f296e,Gravity,2024-10-30T01:47:31.639Z,-8.448714,0.65130424,4.936184,W1hZkqBeWCUTVBX6rx9OeHmaWx63,,,,,
67732e569b85a0767f6f296f,Gravity,2024-10-30T01:47:31.798Z,-8.448213,0.64544326,4.9378185,W1hZkqBeWCUTVBX6rx9OeHmaWx63,,,,,
67732e569b85a0767f6f2970,Gravity,2024-10-30T01:47:31.958Z,-8.457947,0.6507893,4.9204183,W1hZkqBeWCUTVBX6rx9OeHmaWx63,,,,,
67732e569b85a0767f6f2971,Gravity,2024-10-30T01:47:32.117Z,-8.470687,0.6470339,4.898957,W1hZkqBeWCUTVBX6rx9OeHmaWx63,,,,,
67732e569b85a0767f6f2972,Gravity,2024-10-30T01:47:32.277Z,-8.470817,0.6331994,4.9005456,W1hZkqBeWCUTVBX6rx9OeHmaWx63,,,,,
67732e569b85a0767f6f2973,Gravity,2024-10-30T01:47:32.438Z,-8.474727,0.62437826,4.8949122,W1hZkqBeWCUTVBX6rx9OeHmaWx63,,,,,
67732e569b85a0767f6f2974,Gravity,2024-10-30T01:47:32.597Z,-8.489784,0.6152223,4.8699145,W1hZkqBeWCUTVBX6rx9OeHmaWx63,,,,,
67732e569b85a0767f6f2975,Gravity,2024-10-30T01:47:32.757Z,-8.506793,0.60785586,4.841073,W1hZkqBeWCUTVBX6rx9OeHmaWx63,,,,,
67732e569b85a0767f6f2976,Gravity,2024-10-30T01:47:32.951Z,-8.501794,0.6291913,4.847127,W1hZkqBeWCUTVBX6rx9OeHmaWx63,,,,,
67732e569b85a0767f6f2977,Gravity,2024-10-30T01:47:33.077Z,-8.502414,0.6831702,4.8387227,W1hZkqBeWCUTVBX6rx9OeHmaWx63,,,,,
67732e569b85a0767f6f2978,Gravity,2024-10-30T01:47:33.239Z,-8.568286,0.57789,4.7351356,W1hZkqBeWCUTVBX6rx9OeHmaWx63,,,,,
67732e569b85a0767f6f2979,Gravity,2024-10-30T01:47:33.397Z,-8.54493,0.5399967,4.7815857,W1hZkqBeWCUTVBX6rx9OeHmaWx63,,,,,
67732e569b85a0767f6f297a,Gravity,2024-10-30T01:47:33.556Z,-8.537049,0.55128264,4.794358,W1hZkqBeWCUTVBX6rx9OeHmaWx63,,,,,
67732e569b85a0767f6f297b,Gravity,2024-10-30T01:47:33.716Z,-8.538602,0.54355854,4.7924733,W1hZkqBeWCUTVBX6rx9OeHmaWx63,,,,,
67732e569b85a0767f6f297c,Gravity,2024-10-30T01:47:33.876Z,-8.538995,0.5305485,4.793234,W1hZkqBeWCUTVBX6rx9OeHmaWx63,,,,,
67732e569b85a0767f6f297d,Gravity,2024-10-30T01:47:34.037Z,-8.539376,0.5156074,4.794192,W1hZkqBeWCUTVBX6rx9OeHmaWx63,,,,,
67732e569b85a0767f6f297e,Gravity,2024-10-30T01:47:34.196Z,-8.539256,0.5009344,4.7959623,W1hZkqBeWCUTVBX6rx9OeHmaWx63,,,,,
67732e569b85a0767f6f297f,Gravity,2024-10-30T01:47:34.533Z,-8.544561,0.49043056,4.7875957,W1hZkqBeWCUTVBX6rx9OeHmaWx63,,,,,
67732e569b85a0767f6f2980,Gravity,2024-10-30T01:47:34.542Z,-8.545192,0.48929656,4.786587,W1hZkqBeWCUTVBX6rx9OeHmaWx63,,,,,
67732e569b85a0767f6f2981,Gravity,2024-10-30T01:47:34.542Z,-8.546796,0.48688063,4.7839694,W1hZkqBeWCUTVBX6rx9OeHmaWx63,,,,,
67732e569b85a0767f6f2982,Gravity,2024-10-30T01:47:34.676Z,-8.557441,0.4715784,4.766445,W1hZkqBeWCUTVBX6rx9OeHmaWx63,,,,,
67732e569b85a0767f6f2983,Gravity,2024-10-30T01:47:34.837Z,-8.560624,0.45865944,4.761988,W1hZkqBeWCUTVBX6rx9OeHmaWx63,,,,,
67732e569b85a0767f6f2984,Gravity,2024-10-30T01:47:34.996Z,-8.562994,0.44753334,4.758792,W1hZkqBeWCUTVBX6rx9OeHmaWx63,,,,,
67732e569b85a0767f6f2985,Gravity,2024-10-30T01:47:35.156Z,-8.564955,0.44482934,4.755516,W1hZkqBeWCUTVBX6rx9OeHmaWx63,,,,,
67732e569b85a0767f6f2986,Gravity,2024-10-30T01:47:35.316Z,-8.567724,0.44294572,4.7506986,W1hZkqBeWCUTVBX6rx9OeHmaWx63,,,,,
67732e569b85a0767f6f2987,Gravity,2024-10-30T01:47:35.476Z,-8.568667,0.44465634,4.7488303,W1hZkqBeWCUTVBX6rx9OeHmaWx63,,,,,
67732e569b85a0767f6f2988,Gravity,2024-10-30T01:47:35.637Z,-8.559333,0.42858943,4.767106,W1hZkqBeWCUTVBX6rx9OeHmaWx63,,,,,
67732e569b85a0767f6f2989,Gravity,2024-10-30T01:47:35.796Z,-8.560079,0.4169766,4.7668014,W1hZkqBeWCUTVBX6rx9OeHmaWx63,,,,,
67732e569b85a0767f6f298a,Gravity,2024-10-30T01:47:35.957Z,-8.565163,0.41122657,4.7581596,W1hZkqBeWCUTVBX6rx9OeHmaWx63,,,,,
67732e569b85a0767f6f298b,Gravity,2024-10-30T01:47:36.121Z,-8.56732,0.40427354,4.754872,W1hZkqBeWCUTVBX6rx9OeHmaWx63,,,,,
67732e569b85a0767f6f298c,Gravity,2024-10-30T01:47:36.276Z,-8.572447,0.39908817,4.7460675,W1hZkqBeWCUTVBX6rx9OeHmaWx63,,,,,
67732e569b85a0767f6f298d,Gravity,2024-10-30T01:47:36.437Z,-8.580057,0.3930828,4.7327986,W1hZkqBeWCUTVBX6rx9OeHmaWx63,,,,,
67732e569b85a0767f6f298e,Gravity,2024-10-30T01:47:37.715Z,-8.618102,0.34198222,4.6672034,W1hZkqBeWCUTVBX6rx9OeHmaWx63,,,,,
67732e569b85a0767f6f298f,Gravity,2024-10-30T01:47:36.596Z,-8.58435,0.38750967,4.7254715,W1hZkqBeWCUTVBX6rx9OeHmaWx63,,,,,
67732e569b85a0767f6f2990,Gravity,2024-10-30T01:47:37.876Z,-8.626911,0.33756292,4.651225,W1hZkqBeWCUTVBX6rx9OeHmaWx63,,,,,
67732e569b85a0767f6f2991,Gravity,2024-10-30T01:47:36.756Z,-8.590768,0.384632,4.7140293,W1hZkqBeWCUTVBX6rx9OeHmaWx63,,,,,
67732e569b85a0767f6f2992,Gravity,2024-10-30T01:47:36.916Z,-8.598997,0.38298225,4.699137,W1hZkqBeWCUTVBX6rx9OeHmaWx63,,,,,
67732e569b85a0767f6f2993,Gravity,2024-10-30T01:47:37.076Z,-8.603589,0.37843716,4.6910973,W1hZkqBeWCUTVBX6rx9OeHmaWx63,,,,,
67732e569b85a0767f6f2994,Gravity,2024-10-30T01:47:37.236Z,-8.6042185,0.36920267,4.69068,W1hZkqBeWCUTVBX6rx9OeHmaWx63,,,,,
67732e569b85a0767f6f2995,Gravity,2024-10-30T01:47:37.396Z,-8.604714,0.3528234,4.6910324,W1hZkqBeWCUTVBX6rx9OeHmaWx63,,,,,
67732e569b85a0767f6f2996,Gravity,2024-10-30T01:47:37.556Z,-8.608941,0.3421588,4.6840687,W1hZkqBeWCUTVBX6rx9OeHmaWx63,,,,,
67732e569b85a0767f6f2997,Gravity,2024-10-30T01:47:38.038Z,-8.633649,0.33296397,4.6390443,W1hZkqBeWCUTVBX6rx9OeHmaWx63,,,,,
67732e569b85a0767f6f2998,Gravity,2024-10-30T01:47:38.197Z,-8.639359,0.3209696,4.6292458,W1hZkqBeWCUTVBX6rx9OeHmaWx63,,,,,
67732e569b85a0767f6f2999,Gravity,2024-10-30T01:47:38.357Z,-8.642778,0.3105838,4.6235704,W1hZkqBeWCUTVBX6rx9OeHmaWx63,,,,,
67732e569b85a0767f6f299a,Gravity,2024-10-30T01:47:38.516Z,-8.649418,0.30405033,4.6115766,W1hZkqBeWCUTVBX6rx9OeHmaWx63,,,,,
67732e569b85a0767f6f299b,Gravity,2024-10-30T01:47:38.677Z,-8.653075,0.2997448,4.6049914,W1hZkqBeWCUTVBX6rx9OeHmaWx63,,,,,
67732e569b85a0767f6f299c,Gravity,2024-10-30T01:47:38.836Z,-8.658322,0.30017355,4.595091,W1hZkqBeWCUTVBX6rx9OeHmaWx63,,,,,
67732e569b85a0767f6f299d,Gravity,2024-10-30T01:47:38.995Z,-8.66141,0.29947102,4.5893145,W1hZkqBeWCUTVBX6rx9OeHmaWx63,,,,,
67732e569b85a0767f6f299e,Gravity,2024-10-30T01:47:39.156Z,-8.664296,0.29769635,4.5839787,W1hZkqBeWCUTVBX6rx9OeHmaWx63,,,,,
67732e569b85a0767f6f299f,Gravity,2024-10-30T01:47:39.316Z,-8.67018,0.2966179,4.5729074,W1hZkqBeWCUTVBX6rx9OeHmaWx63,,,,,
67732e569b85a0767f6f29a0,Gravity,2024-10-30T01:47:39.476Z,-8.675329,0.29326305,4.56335,W1hZkqBeWCUTVBX6rx9OeHmaWx63,,,,,
67732e569b85a0767f6f29a1,Gravity,2024-10-30T01:47:39.637Z,-8.680039,0.28980684,4.554607,W1hZkqBeWCUTVBX6rx9OeHmaWx63,,,,,
67732e569b85a0767f6f29a2,Gravity,2024-10-30T01:47:39.795Z,-8.684381,0.2846699,4.546653,W1hZkqBeWCUTVBX6rx9OeHmaWx63,,,,,
67732e569b85a0767f6f29a3,Gravity,2024-10-30T01:47:39.956Z,-8.688056,0.2787457,4.5399885,W1hZkqBeWCUTVBX6rx9OeHmaWx63,,,,,
67732e569b85a0767f6f29a4,Gravity,2024-10-30T01:47:40.115Z,-8.692219,0.27478907,4.532257,W1hZkqBeWCUTVBX6rx9OeHmaWx63,,,,,
67732e569b85a0767f6f29a5,Gravity,2024-10-30T01:47:40.275Z,-8.696743,0.26946115,4.5238924,W1hZkqBeWCUTVBX6rx9OeHmaWx63,,,,,
67732e569b85a0767f6f29a6,Gravity,2024-10-30T01:47:40.435Z,-8.700523,0.26089004,4.5171194,W1hZkqBeWCUTVBX6rx9OeHmaWx63,,,,,
67732e569b85a0767f6f29a7,Gravity,2024-10-30T01:47:40.594Z,-8.703465,0.2555781,4.511747,W1hZkqBeWCUTVBX6rx9OeHmaWx63,,,,,
67732e569b85a0767f6f29a8,Gravity,2024-10-30T01:47:40.754Z,-8.70976,0.2510523,4.49984,W1hZkqBeWCUTVBX6rx9OeHmaWx63,,,,,
67732e569b85a0767f6f29a9,Gravity,2024-10-30T01:47:40.914Z,-8.715191,0.24998394,4.489376,W1hZkqBeWCUTVBX6rx9OeHmaWx63,,,,,
67732e569b85a0767f6f29aa,Gravity,2024-10-30T01:47:41.073Z,-8.721509,0.25083405,4.477042,W1hZkqBeWCUTVBX6rx9OeHmaWx63,,,,,
67732e569b85a0767f6f29ab,Gravity,2024-10-30T01:47:41.248Z,-8.728197,0.24667263,4.4642215,W1hZkqBeWCUTVBX6rx9OeHmaWx63,,,,,
67732e569b85a0767f6f29ac,Gravity,2024-10-30T01:47:41.394Z,-8.735548,0.24235271,4.450062,W1hZkqBeWCUTVBX6rx9OeHmaWx63,,,,,
67732e569b85a0767f6f29ad,Gravity,2024-10-30T01:47:41.554Z,-8.741614,0.23575872,4.438491,W1hZkqBeWCUTVBX6rx9OeHmaWx63,,,,,
67732e569b85a0767f6f29ae,Gravity,2024-10-30T01:47:41.714Z,-8.746347,0.22886634,4.429516,W1hZkqBeWCUTVBX6rx9OeHmaWx63,,,,,
67732e569b85a0767f6f29af,Gravity,2024-10-30T01:47:41.874Z,-8.750633,0.22005409,4.421493,W1hZkqBeWCUTVBX6rx9OeHmaWx63,,,,,
67732e569b85a0767f6f29b0,Gravity,2024-10-30T01:47:42.035Z,-8.755994,0.21267961,4.4112315,W1hZkqBeWCUTVBX6rx9OeHmaWx63,,,,,
67732e569b85a0767f6f29b1,Gravity,2024-10-30T01:47:42.194Z,-8.759979,0.20801146,4.4035344,W1hZkqBeWCUTVBX6rx9OeHmaWx63,,,,,
67732e569b85a0767f6f29b2,Gravity,2024-10-30T01:47:42.353Z,-8.762302,0.20808205,4.3989058,W1hZkqBeWCUTVBX6rx9OeHmaWx63,,,,,
67732e569b85a0767f6f29b3,Gravity,2024-10-30T01:47:42.513Z,-8.767605,0.20682636,4.388388,W1hZkqBeWCUTVBX6rx9OeHmaWx63,,,,,
67732e569b85a0767f6f29b4,Gravity,2024-10-30T01:47:42.673Z,-8.773157,0.21245062,4.37701,W1hZkqBeWCUTVBX6rx9OeHmaWx63,,,,,
67732e569b85a0767f6f29b5,Gravity,2024-10-30T01:47:42.834Z,-8.778898,0.21280003,4.365462,W1hZkqBeWCUTVBX6rx9OeHmaWx63,,,,,
67732e569b85a0767f6f29b6,Gravity,2024-10-30T01:47:42.993Z,-8.784527,0.2081519,4.3543587,W1hZkqBeWCUTVBX6rx9OeHmaWx63,,,,,
67732e569b85a0767f6f29b7,Gravity,2024-10-30T01:47:43.153Z,-8.788177,0.20057796,4.347343,W1hZkqBeWCUTVBX6rx9OeHmaWx63,,,,,
67732e569b85a0767f6f29b8,Gravity,2024-10-30T01:47:43.319Z,-8.791065,0.19802068,4.341622,W1hZkqBeWCUTVBX6rx9OeHmaWx63,,,,,
67732e569b85a0767f6f29b9,Gravity,2024-10-30T01:47:43.473Z,-8.794512,0.18680574,4.3351336,W1hZkqBeWCUTVBX6rx9OeHmaWx63,,,,,
67732e569b85a0767f6f29ba,Gravity,2024-10-30T01:47:43.634Z,-8.798555,0.18055896,4.327189,W1hZkqBeWCUTVBX6rx9OeHmaWx63,,,,,
67732e569b85a0767f6f29bb,Gravity,2024-10-30T01:47:43.793Z,-8.801267,0.17144364,4.3220377,W1hZkqBeWCUTVBX6rx9OeHmaWx63,,,,,
67732e569b85a0767f6f29bc,Gravity,2024-10-30T01:47:43.952Z,-8.8073,0.16514994,4.309979,W1hZkqBeWCUTVBX6rx9OeHmaWx63,,,,,
67732e569b85a0767f6f29bd,Gravity,2024-10-30T01:47:44.112Z,-8.790949,0.19758302,4.341878,W1hZkqBeWCUTVBX6rx9OeHmaWx63,,,,,
67732e569b85a0767f6f29be,Gravity,2024-10-30T01:47:44.272Z,-8.628278,0.52009183,4.631845,W1hZkqBeWCUTVBX6rx9OeHmaWx63,,,,,
67732e569b85a0767f6f29bf,Gravity,2024-10-30T01:47:44.433Z,-8.458021,1.122785,4.8345485,W1hZkqBeWCUTVBX6rx9OeHmaWx63,,,,,
67732e569b85a0767f6f29c0,Gravity,2024-10-30T01:47:44.592Z,-8.440287,1.2618355,4.8312454,W1hZkqBeWCUTVBX6rx9OeHmaWx63,,,,,
67732e569b85a0767f6f29c1,Gravity,2024-10-30T01:47:44.752Z,-8.483049,1.049867,4.807001,W1hZkqBeWCUTVBX6rx9OeHmaWx63,,,,,
67732e569b85a0767f6f29c2,Gravity,2024-10-30T01:47:44.912Z,-8.494421,0.90358126,4.8166275,W1hZkqBeWCUTVBX6rx9OeHmaWx63,,,,,
67732e569b85a0767f6f29c3,Gravity,2024-10-30T01:47:45.073Z,-8.485757,0.84963137,4.8416524,W1hZkqBeWCUTVBX6rx9OeHmaWx63,,,,,
67732e569b85a0767f6f29c4,Gravity,2024-10-30T01:47:45.234Z,-8.48411,0.8096843,4.851369,W1hZkqBeWCUTVBX6rx9OeHmaWx63,,,,,
67732e569b85a0767f6f29c5,Gravity,2024-10-30T01:47:45.393Z,-8.484756,0.7808663,4.8549657,W1hZkqBeWCUTVBX6rx9OeHmaWx63,,,,,
67732e569b85a0767f6f29c6,Gravity,2024-10-30T01:47:45.552Z,-8.484153,0.7490647,4.8610287,W1hZkqBeWCUTVBX6rx9OeHmaWx63,,,,,
67732e569b85a0767f6f29c7,Gravity,2024-10-30T01:47:45.712Z,-8.499932,0.6652413,4.845635,W1hZkqBeWCUTVBX6rx9OeHmaWx63,,,,,
67732e569b85a0767f6f29c8,Gravity,2024-10-30T01:47:45.872Z,-8.528083,0.59663904,4.8049326,W1hZkqBeWCUTVBX6rx9OeHmaWx63,,,,,
67732e569b85a0767f6f29c9,Gravity,2024-10-30T01:47:46.033Z,-8.540014,0.574203,4.7864413,W1hZkqBeWCUTVBX6rx9OeHmaWx63,,,,,
67732e569b85a0767f6f29ca,Gravity,2024-10-30T01:47:46.193Z,-8.548691,0.55995035,4.772622,W1hZkqBeWCUTVBX6rx9OeHmaWx63,,,,,
67732e569b85a0767f6f29cb,Gravity,2024-10-30T01:47:46.353Z,-8.555297,0.5640958,4.7602854,W1hZkqBeWCUTVBX6rx9OeHmaWx63,,,,,
67732e569b85a0767f6f29cc,Gravity,2024-10-30T01:47:46.512Z,-8.565874,0.5700329,4.7405186,W1hZkqBeWCUTVBX6rx9OeHmaWx63,,,,,
67732e569b85a0767f6f29cd,Gravity,2024-10-30T01:47:46.673Z,-8.572934,0.56249726,4.7286444,W1hZkqBeWCUTVBX6rx9OeHmaWx63,,,,,
67732e569b85a0767f6f29ce,Gravity,2024-10-30T01:47:46.834Z,-8.586314,0.5608346,4.704505,W1hZkqBeWCUTVBX6rx9OeHmaWx63,,,,,
67732e569b85a0767f6f29cf,Gravity,2024-10-30T01:47:46.993Z,-8.599747,0.5515027,4.6810117,W1hZkqBeWCUTVBX6rx9OeHmaWx63,,,,,
67732e569b85a0767f6f29d0,Gravity,2024-10-30T01:47:47.152Z,-8.6097355,0.5433046,4.663575,W1hZkqBeWCUTVBX6rx9OeHmaWx63,,,,,
67732e569b85a0767f6f29d1,Gravity,2024-10-30T01:47:47.312Z,-8.621189,0.5559303,4.6408744,W1hZkqBeWCUTVBX6rx9OeHmaWx63,,,,,
67732e569b85a0767f6f29d2,Gravity,2024-10-30T01:47:47.472Z,-8.643462,0.548487,4.6001525,W1hZkqBeWCUTVBX6rx9OeHmaWx63,,,,,
67732e569b85a0767f6f29d3,Gravity,2024-10-30T01:47:47.633Z,-8.677169,0.5224191,4.539323,W1hZkqBeWCUTVBX6rx9OeHmaWx63,,,,,
67732e569b85a0767f6f29d4,Gravity,2024-10-30T01:47:47.792Z,-8.697872,0.49688467,4.5024095,W1hZkqBeWCUTVBX6rx9OeHmaWx63,,,,,
67732e569b85a0767f6f29d5,Gravity,2024-10-30T01:47:47.953Z,-8.714879,0.48646134,4.4705453,W1hZkqBeWCUTVBX6rx9OeHmaWx63,,,,,
67732e569b85a0767f6f29d6,Gravity,2024-10-30T01:47:48.112Z,-8.722718,0.48557302,4.455328,W1hZkqBeWCUTVBX6rx9OeHmaWx63,,,,,
67732e569b85a0767f6f29d7,Gravity,2024-10-30T01:47:48.272Z,-8.745245,0.4913877,4.4103036,W1hZkqBeWCUTVBX6rx9OeHmaWx63,,,,,
67732e569b85a0767f6f29d8,Gravity,2024-10-30T01:47:49.976Z,-8.775626,0.40489787,4.3584495,W1hZkqBeWCUTVBX6rx9OeHmaWx63,,,,,
67732e569b85a0767f6f29d9,Gravity,2024-10-30T01:47:48.433Z,-8.751766,0.48048884,4.398553,W1hZkqBeWCUTVBX6rx9OeHmaWx63,,,,,
67732e569b85a0767f6f29da,Gravity,2024-10-30T01:47:49.985Z,-8.776266,0.4046848,4.357181,W1hZkqBeWCUTVBX6rx9OeHmaWx63,,,,,
67732e569b85a0767f6f29db,Gravity,2024-10-30T01:47:48.593Z,-8.754519,0.47022435,4.3941813,W1hZkqBeWCUTVBX6rx9OeHmaWx63,,,,,
67732e569b85a0767f6f29dc,Gravity,2024-10-30T01:47:48.752Z,-8.756389,0.46216363,4.391314,W1hZkqBeWCUTVBX6rx9OeHmaWx63,,,,,
67732e569b85a0767f6f29dd,Gravity,2024-10-30T01:47:48.912Z,-8.759329,0.45448697,4.386245,W1hZkqBeWCUTVBX6rx9OeHmaWx63,,,,,
67732e569b85a0767f6f29de,Gravity,2024-10-30T01:47:49.072Z,-8.761954,0.44581077,4.3818946,W1hZkqBeWCUTVBX6rx9OeHmaWx63,,,,,
67732e569b85a0767f6f29df,Gravity,2024-10-30T01:47:49.232Z,-8.763924,0.4371398,4.3788266,W1hZkqBeWCUTVBX6rx9OeHmaWx63,,,,,
67732e569b85a0767f6f29e0,Gravity,2024-10-30T01:47:49.392Z,-8.76512,0.42675987,4.3774595,W1hZkqBeWCUTVBX6rx9OeHmaWx63,,,,,
67732e569b85a0767f6f29e1,Gravity,2024-10-30T01:47:49.552Z,-8.768147,0.41847646,4.372195,W1hZkqBeWCUTVBX6rx9OeHmaWx63,,,,,
67732e569b85a0767f6f29e2,Gravity,2024-10-30T01:47:49.712Z,-8.77305,0.41042674,4.3631153,W1hZkqBeWCUTVBX6rx9OeHmaWx63,,,,,
67732e569b85a0767f6f29e3,Gravity,2024-10-30T01:47:50.033Z,-8.78344,0.3900237,4.344046,W1hZkqBeWCUTVBX6rx9OeHmaWx63,,,,,
67732e569b85a0767f6f29e4,Gravity,2024-10-30T01:47:50.194Z,-8.788751,0.3826105,4.333955,W1hZkqBeWCUTVBX6rx9OeHmaWx63,,,,,
67732e569b85a0767f6f29e5,Gravity,2024-10-30T01:47:50.354Z,-8.793723,0.37456894,4.3245625,W1hZkqBeWCUTVBX6rx9OeHmaWx63,,,,,
67732e569b85a0767f6f29e6,Gravity,2024-10-30T01:47:50.516Z,-8.795891,0.37252897,4.32033,W1hZkqBeWCUTVBX6rx9OeHmaWx63,,,,,
67732e569b85a0767f6f29e7,Gravity,2024-10-30T01:47:50.674Z,-8.797835,0.37296456,4.3163347,W1hZkqBeWCUTVBX6rx9OeHmaWx63,,,,,
67732e569b85a0767f6f29e8,Gravity,2024-10-30T01:47:50.834Z,-8.800604,0.37215018,4.3107595,W1hZkqBeWCUTVBX6rx9OeHmaWx63,,,,,
67732e569b85a0767f6f29e9,Gravity,2024-10-30T01:47:50.993Z,-8.805491,0.37110272,4.300857,W1hZkqBeWCUTVBX6rx9OeHmaWx63,,,,,
67732e569b85a0767f6f29ea,Gravity,2024-10-30T01:47:51.153Z,-8.811128,0.3648615,4.289832,W1hZkqBeWCUTVBX6rx9OeHmaWx63,,,,,
67732e569b85a0767f6f29eb,Gravity,2024-10-30T01:47:51.314Z,-8.816051,0.35684288,4.2803826,W1hZkqBeWCUTVBX6rx9OeHmaWx63,,,,,
67732e569b85a0767f6f29ec,Gravity,2024-10-30T01:47:51.473Z,-8.822747,0.35872343,4.2664065,W1hZkqBeWCUTVBX6rx9OeHmaWx63,,,,,
67732e569b85a0767f6f29ed,Gravity,2024-10-30T01:47:51.634Z,-8.828956,0.3604083,4.2534046,W1hZkqBeWCUTVBX6rx9OeHmaWx63,,,,,
67732e569b85a0767f6f29ee,Gravity,2024-10-30T01:47:51.793Z,-8.835782,0.36154288,4.2391086,W1hZkqBeWCUTVBX6rx9OeHmaWx63,,,,,
67732e569b85a0767f6f29ef,Gravity,2024-10-30T01:47:51.953Z,-8.842272,0.35423416,4.2261815,W1hZkqBeWCUTVBX6rx9OeHmaWx63,,,,,
67732e569b85a0767f6f29f0,Gravity,2024-10-30T01:47:52.111Z,-8.8459,0.3502683,4.218914,W1hZkqBeWCUTVBX6rx9OeHmaWx63,,,,,
67732e569b85a0767f6f29f1,Gravity,2024-10-30T01:47:52.271Z,-8.849626,0.34502324,4.2115293,W1hZkqBeWCUTVBX6rx9OeHmaWx63,,,,,
67732e569b85a0767f6f29f2,Gravity,2024-10-30T01:47:52.433Z,-8.854881,0.3339714,4.2013664,W1hZkqBeWCUTVBX6rx9OeHmaWx63,,,,,
67732e569b85a0767f6f29f3,Gravity,2024-10-30T01:47:52.591Z,-8.8578615,0.33469343,4.1950207,W1hZkqBeWCUTVBX6rx9OeHmaWx63,,,,,
67732e569b85a0767f6f29f4,Gravity,2024-10-30T01:47:52.750Z,-8.863696,0.32244244,4.183647,W1hZkqBeWCUTVBX6rx9OeHmaWx63,,,,,
67732e569b85a0767f6f29f5,Gravity,2024-10-30T01:47:52.910Z,-8.869431,0.31884924,4.171753,W1hZkqBeWCUTVBX6rx9OeHmaWx63,,,,,
67732e569b85a0767f6f29f6,Gravity,2024-10-30T01:47:53.070Z,-8.870818,0.3149252,4.1691055,W1hZkqBeWCUTVBX6rx9OeHmaWx63,,,,,
67732e569b85a0767f6f29f7,Gravity,2024-10-30T01:47:53.231Z,-8.876224,0.309897,4.157971,W1hZkqBeWCUTVBX6rx9OeHmaWx63,,,,,
67732e569b85a0767f6f29f8,Gravity,2024-10-30T01:47:53.463Z,-8.877173,0.30807272,4.156079,W1hZkqBeWCUTVBX6rx9OeHmaWx63,,,,,
67732e569b85a0767f6f29f9,Gravity,2024-10-30T01:47:53.550Z,-8.88063,0.30802608,4.1486974,W1hZkqBeWCUTVBX6rx9OeHmaWx63,,,,,
67732e569b85a0767f6f29fa,Gravity,2024-10-30T01:47:53.710Z,-8.884091,0.30211043,4.141717,W1hZkqBeWCUTVBX6rx9OeHmaWx63,,,,,
67732e569b85a0767f6f29fb,Gravity,2024-10-30T01:47:53.870Z,-8.889001,0.29856122,4.131434,W1hZkqBeWCUTVBX6rx9OeHmaWx63,,,,,
67732e569b85a0767f6f29fc,Gravity,2024-10-30T01:47:54.031Z,-8.900554,0.31147593,4.10553,W1hZkqBeWCUTVBX6rx9OeHmaWx63,,,,,
67732e569b85a0767f6f29fd,Gravity,2024-10-30T01:47:54.190Z,-8.897393,0.31213352,4.112327,W1hZkqBeWCUTVBX6rx9OeHmaWx63,,,,,
67732e569b85a0767f6f29fe,Gravity,2024-10-30T01:47:54.349Z,-8.9046755,0.29206353,4.098018,W1hZkqBeWCUTVBX6rx9OeHmaWx63,,,,,
67732e569b85a0767f6f29ff,Gravity,2024-10-30T01:47:54.509Z,-8.904164,0.28540963,4.099598,W1hZkqBeWCUTVBX6rx9OeHmaWx63,,,,,
67732e569b85a0767f6f2a00,Gravity,2024-10-30T01:47:54.669Z,-8.91137,0.28269804,4.0841,W1hZkqBeWCUTVBX6rx9OeHmaWx63,,,,,
67732e569b85a0767f6f2a01,Gravity,2024-10-30T01:47:54.830Z,-8.915441,0.28206033,4.075252,W1hZkqBeWCUTVBX6rx9OeHmaWx63,,,,,
67732e569b85a0767f6f2a02,Gravity,2024-10-30T01:47:54.989Z,-8.918793,0.28153425,4.067947,W1hZkqBeWCUTVBX6rx9OeHmaWx63,,,,,
67732e569b85a0767f6f2a03,Gravity,2024-10-30T01:47:55.149Z,-8.924272,0.2761144,4.056282,W1hZkqBeWCUTVBX6rx9OeHmaWx63,,,,,
67732e569b85a0767f6f2a04,Gravity,2024-10-30T01:47:55.310Z,-8.928471,0.2686787,4.0475316,W1hZkqBeWCUTVBX6rx9OeHmaWx63,,,,,
67732e569b85a0767f6f2a05,Gravity,2024-10-30T01:47:55.470Z,-8.934711,0.25708967,4.0344906,W1hZkqBeWCUTVBX6rx9OeHmaWx63,,,,,
67732e569b85a0767f6f2a06,Gravity,2024-10-30T01:47:55.631Z,-8.941244,0.25185704,4.0203304,W1hZkqBeWCUTVBX6rx9OeHmaWx63,,,,,
67732e569b85a0767f6f2a07,Gravity,2024-10-30T01:47:55.790Z,-8.948776,0.25136766,4.003567,W1hZkqBeWCUTVBX6rx9OeHmaWx63,,,,,
67732e569b85a0767f6f2a08,Gravity,2024-10-30T01:47:55.949Z,-8.954667,0.25082418,3.990408,W1hZkqBeWCUTVBX6rx9OeHmaWx63,,,,,
67732e569b85a0767f6f2a09,Gravity,2024-10-30T01:47:56.109Z,-8.958855,0.2523115,3.9809012,W1hZkqBeWCUTVBX6rx9OeHmaWx63,,,,,
67732e569b85a0767f6f2a0a,Gravity,2024-10-30T01:47:56.269Z,-8.991838,0.18598668,3.9095485,W1hZkqBeWCUTVBX6rx9OeHmaWx63,,,,,
67732e569b85a0767f6f2a0b,Gravity,2024-10-30T01:47:56.430Z,-8.907365,0.25792262,4.094454,W1hZkqBeWCUTVBX6rx9OeHmaWx63,,,,,
67732e569b85a0767f6f2a0c,Gravity,2024-10-30T01:47:56.589Z,-8.868044,0.1884066,4.1826425,W1hZkqBeWCUTVBX6rx9OeHmaWx63,,,,,
67732e569b85a0767f6f2a0d,Gravity,2024-10-30T01:47:56.749Z,-8.8752985,0.19466625,4.166943,W1hZkqBeWCUTVBX6rx9OeHmaWx63,,,,,
67732e569b85a0767f6f2a0e,Gravity,2024-10-30T01:47:56.909Z,-8.883573,0.17465018,4.150159,W1hZkqBeWCUTVBX6rx9OeHmaWx63,,,,,
67732e569b85a0767f6f2a0f,Gravity,2024-10-30T01:47:57.069Z,-8.920434,0.19679157,4.0693045,W1hZkqBeWCUTVBX6rx9OeHmaWx63,,,,,
67732e569b85a0767f6f2a10,Gravity,2024-10-30T01:47:57.230Z,-8.9160185,0.22280426,4.077626,W1hZkqBeWCUTVBX6rx9OeHmaWx63,,,,,
67732e569b85a0767f6f2a11,Gravity,2024-10-30T01:47:57.389Z,-8.915956,0.22043957,4.0779014,W1hZkqBeWCUTVBX6rx9OeHmaWx63,,,,,
67732e569b85a0767f6f2a12,Gravity,2024-10-30T01:47:57.549Z,-8.921562,0.21472266,4.0659323,W1hZkqBeWCUTVBX6rx9OeHmaWx63,,,,,
67732e569b85a0767f6f2a13,Gravity,2024-10-30T01:47:57.708Z,-8.949216,0.25130263,4.0025673,W1hZkqBeWCUTVBX6rx9OeHmaWx63,,,,,
67732e569b85a0767f6f2a14,Gravity,2024-10-30T01:47:57.868Z,-8.987917,0.2582909,3.9144423,W1hZkqBeWCUTVBX6rx9OeHmaWx63,,,,,
67732e569b85a0767f6f2a15,Gravity,2024-10-30T01:47:58.029Z,-8.991444,0.27383128,3.9052749,W1hZkqBeWCUTVBX6rx9OeHmaWx63,,,,,
67732e569b85a0767f6f2a16,Gravity,2024-10-30T01:47:58.189Z,-8.988105,0.26308075,3.9136791,W1hZkqBeWCUTVBX6rx9OeHmaWx63,,,,,
67732e569b85a0767f6f2a17,Gravity,2024-10-30T01:47:58.348Z,-8.992125,0.23910132,3.9059763,W1hZkqBeWCUTVBX6rx9OeHmaWx63,,,,,
67732e569b85a0767f6f2a18,Gravity,2024-10-30T01:47:58.508Z,-8.99397,0.22799803,3.9023907,W1hZkqBeWCUTVBX6rx9OeHmaWx63,,,,,
67732e569b85a0767f6f2a19,Gravity,2024-10-30T01:47:58.668Z,-9.001705,0.21615328,3.8851938,W1hZkqBeWCUTVBX6rx9OeHmaWx63,,,,,
67732e569b85a0767f6f2a1a,Gravity,2024-10-30T01:47:58.829Z,-9.007564,0.2034484,3.8722627,W1hZkqBeWCUTVBX6rx9OeHmaWx63,,,,,
67732e569b85a0767f6f2a1b,Gravity,2024-10-30T01:47:58.988Z,-9.009127,0.20322073,3.8686419,W1hZkqBeWCUTVBX6rx9OeHmaWx63,,,,,
67732e569b85a0767f6f2a1c,Gravity,2024-10-30T01:47:59.148Z,-9.00846,0.18905455,3.8709097,W1hZkqBeWCUTVBX6rx9OeHmaWx63,,,,,
67732e569b85a0767f6f2a1d,Gravity,2024-10-30T01:47:59.308Z,-9.044178,0.13305326,3.789084,W1hZkqBeWCUTVBX6rx9OeHmaWx63,,,,,
67732e569b85a0767f6f2a1e,Gravity,2024-10-30T01:47:59.468Z,-9.081776,0.053523794,3.7000716,W1hZkqBeWCUTVBX6rx9OeHmaWx63,,,,,
67732e569b85a0767f6f2a1f,Gravity,2024-10-30T01:47:59.629Z,-9.0816965,0.023992285,3.700562,W1hZkqBeWCUTVBX6rx9OeHmaWx63,,,,,
67732e569b85a0767f6f2a20,Gravity,2024-10-30T01:47:59.788Z,-9.098684,0.017192835,3.6586177,W1hZkqBeWCUTVBX6rx9OeHmaWx63,,,,,
67732e569b85a0767f6f2a21,Gravity,2024-10-30T01:47:59.949Z,-9.106567,0.021262862,3.6389384,W1hZkqBeWCUTVBX6rx9OeHmaWx63,,,,,
67732e569b85a0767f6f2a22,Gravity,2024-10-30T01:48:00.108Z,-9.113923,0.02690905,3.620441,W1hZkqBeWCUTVBX6rx9OeHmaWx63,,,,,
67732e569b85a0767f6f2a23,Gravity,2024-10-30T01:48:00.268Z,-9.114599,0.028669922,3.6187263,W1hZkqBeWCUTVBX6rx9OeHmaWx63,,,,,
67732e569b85a0767f6f2a24,Gravity,2024-10-30T01:48:01.867Z,-9.143704,-0.017791092,3.544641,W1hZkqBeWCUTVBX6rx9OeHmaWx63,,,,,
67732e569b85a0767f6f2a25,Gravity,2024-10-30T01:48:00.429Z,-9.116041,0.0225114,3.6151376,W1hZkqBeWCUTVBX6rx9OeHmaWx63,,,,,
67732e569b85a0767f6f2a26,Gravity,2024-10-30T01:48:00.588Z,-9.116075,0.014665655,3.6150918,W1hZkqBeWCUTVBX6rx9OeHmaWx63,,,,,
67732e569b85a0767f6f2a27,Gravity,2024-10-30T01:48:00.748Z,-9.120308,0.005876199,3.6044285,W1hZkqBeWCUTVBX6rx9OeHmaWx63,,,,,
67732e569b85a0767f6f2a28,Gravity,2024-10-30T01:48:00.908Z,-9.1236925,-0.002673311,3.595858,W1hZkqBeWCUTVBX6rx9OeHmaWx63,,,,,
67732e569b85a0767f6f2a29,Gravity,2024-10-30T01:48:01.067Z,-9.12738,-0.0072176764,3.5864866,W1hZkqBeWCUTVBX6rx9OeHmaWx63,,,,,
67732e569b85a0767f6f2a2a,Gravity,2024-10-30T01:48:01.228Z,-9.131364,-0.014485914,3.5763142,W1hZkqBeWCUTVBX6rx9OeHmaWx63,,,,,
67732e569b85a0767f6f2a2b,Gravity,2024-10-30T01:48:01.387Z,-9.136297,-0.016300855,3.563685,W1hZkqBeWCUTVBX6rx9OeHmaWx63,,,,,
67732e569b85a0767f6f2a2c,Gravity,2024-10-30T01:48:01.547Z,-9.139478,-0.015386662,3.5555255,W1hZkqBeWCUTVBX6rx9OeHmaWx63,,,,,
67732e569b85a0767f6f2a2d,Gravity,2024-10-30T01:48:01.706Z,-9.140966,-0.015477847,3.5517006,W1hZkqBeWCUTVBX6rx9OeHmaWx63,,,,,
67732e569b85a0767f6f2a2e,Gravity,2024-10-30T01:48:02.030Z,-9.1481285,-0.019734921,3.5332022,W1hZkqBeWCUTVBX6rx9OeHmaWx63,,,,,
67732e569b85a0767f6f2a2f,Gravity,2024-10-30T01:48:02.189Z,-9.15082,-0.018425006,3.5262396,W1hZkqBeWCUTVBX6rx9OeHmaWx63,,,,,
67732e569b85a0767f6f2a30,Gravity,2024-10-30T01:48:02.348Z,-9.153065,-0.019665947,3.5204,W1hZkqBeWCUTVBX6rx9OeHmaWx63,,,,,
67732e569b85a0767f6f2a31,Gravity,2024-10-30T01:48:02.506Z,-9.153641,-0.02139058,3.5188928,W1hZkqBeWCUTVBX6rx9OeHmaWx63,,,,,
67732e569b85a0767f6f2a32,Gravity,2024-10-30T01:48:02.666Z,-9.158106,-0.023431145,3.5072503,W1hZkqBeWCUTVBX6rx9OeHmaWx63,,,,,
67732e569b85a0767f6f2a33,Gravity,2024-10-30T01:48:02.831Z,-9.165244,-0.019258827,3.4885874,W1hZkqBeWCUTVBX6rx9OeHmaWx63,,,,,
67732e569b85a0767f6f2a34,Gravity,2024-10-30T01:48:02.987Z,-9.171287,-0.014446459,3.472694,W1hZkqBeWCUTVBX6rx9OeHmaWx63,,,,,
67732e569b85a0767f6f2a35,Gravity,2024-10-30T01:48:03.147Z,-9.174741,-0.02244798,3.4635236,W1hZkqBeWCUTVBX6rx9OeHmaWx63,,,,,
67732e569b85a0767f6f2a36,Gravity,2024-10-30T01:48:03.306Z,-9.180397,-0.032134384,3.448423,W1hZkqBeWCUTVBX6rx9OeHmaWx63,,,,,
67732e569b85a0767f6f2a37,Gravity,2024-10-30T01:48:03.467Z,-9.193185,-0.034872867,3.4141655,W1hZkqBeWCUTVBX6rx9OeHmaWx63,,,,,
67732e569b85a0767f6f2a38,Gravity,2024-10-30T01:48:03.628Z,-9.189831,0.0050394554,3.423358,W1hZkqBeWCUTVBX6rx9OeHmaWx63,,,,,
67732e569b85a0767f6f2a39,Gravity,2024-10-30T01:48:03.787Z,-9.219141,0.076606855,3.3427372,W1hZkqBeWCUTVBX6rx9OeHmaWx63,,,,,
67732e569b85a0767f6f2a3a,Gravity,2024-10-30T01:48:03.946Z,-9.222172,0.09248861,3.3339598,W1hZkqBeWCUTVBX6rx9OeHmaWx63,,,,,
67732e569b85a0767f6f2a3b,Gravity,2024-10-30T01:48:04.104Z,-9.222397,0.085802555,3.3335273,W1hZkqBeWCUTVBX6rx9OeHmaWx63,,,,,
67732e569b85a0767f6f2a3c,Gravity,2024-10-30T01:48:04.264Z,-9.2217245,0.06316315,3.3358896,W1hZkqBeWCUTVBX6rx9OeHmaWx63,,,,,
67732e569b85a0767f6f2a3d,Gravity,2024-10-30T01:48:04.425Z,-9.225293,0.051000122,3.3262227,W1hZkqBeWCUTVBX6rx9OeHmaWx63,,,,,
67732e569b85a0767f6f2a3e,Gravity,2024-10-30T01:48:04.585Z,-9.229221,0.04831629,3.3153539,W1hZkqBeWCUTVBX6rx9OeHmaWx63,,,,,
67732e569b85a0767f6f2a3f,Gravity,2024-10-30T01:48:04.745Z,-9.225366,0.0496414,3.3260536,W1hZkqBeWCUTVBX6rx9OeHmaWx63,,,,,
67732e569b85a0767f6f2a40,Gravity,2024-10-30T01:48:04.904Z,-9.22733,0.05024404,3.320597,W1hZkqBeWCUTVBX6rx9OeHmaWx63,,,,,
67732e569b85a0767f6f2a41,Gravity,2024-10-30T01:48:05.064Z,-9.230244,0.04171499,3.3126104,W1hZkqBeWCUTVBX6rx9OeHmaWx63,,,,,
67732e569b85a0767f6f2a42,Gravity,2024-10-30T01:48:05.225Z,-9.234704,0.03968553,3.3001878,W1hZkqBeWCUTVBX6rx9OeHmaWx63,,,,,
67732e569b85a0767f6f2a43,Gravity,2024-10-30T01:48:05.384Z,-9.237789,0.03489917,3.2916033,W1hZkqBeWCUTVBX6rx9OeHmaWx63,,,,,
67732e569b85a0767f6f2a44,Gravity,2024-10-30T01:48:05.543Z,-9.240225,0.030535132,3.2848108,W1hZkqBeWCUTVBX6rx9OeHmaWx63,,,,,
67732e569b85a0767f6f2a45,Gravity,2024-10-30T01:48:05.703Z,-9.242931,0.026567983,3.2772193,W1hZkqBeWCUTVBX6rx9OeHmaWx63,,,,,
67732e569b85a0767f6f2a46,Gravity,2024-10-30T01:48:05.863Z,-9.246523,0.021041911,3.267119,W1hZkqBeWCUTVBX6rx9OeHmaWx63,,,,,
67732e569b85a0767f6f2a47,Gravity,2024-10-30T01:48:06.024Z,-9.248147,0.018925942,3.2625396,W1hZkqBeWCUTVBX6rx9OeHmaWx63,,,,,
67732e569b85a0767f6f2a48,Gravity,2024-10-30T01:48:06.184Z,-9.2518835,0.014895371,3.251957,W1hZkqBeWCUTVBX6rx9OeHmaWx63,,,,,
67732e569b85a0767f6f2a49,Gravity,2024-10-30T01:48:06.344Z,-9.253941,0.0114917,3.2461188,W1hZkqBeWCUTVBX6rx9OeHmaWx63,,,,,
67732e569b85a0767f6f2a4a,Gravity,2024-10-30T01:48:06.517Z,-9.257891,0.009310849,3.2348447,W1hZkqBeWCUTVBX6rx9OeHmaWx63,,,,,
67732e569b85a0767f6f2a4b,Gravity,2024-10-30T01:48:06.663Z,-9.263369,0.006240356,3.219139,W1hZkqBeWCUTVBX6rx9OeHmaWx63,,,,,
67732e569b85a0767f6f2a4c,Gravity,2024-10-30T01:48:06.824Z,-9.268187,0.0045031565,3.205238,W1hZkqBeWCUTVBX6rx9OeHmaWx63,,,,,
67732e569b85a0767f6f2a4d,Gravity,2024-10-30T01:48:06.983Z,-9.274314,0.0010480478,3.1874714,W1hZkqBeWCUTVBX6rx9OeHmaWx63,,,,,
67732e569b85a0767f6f2a4e,Gravity,2024-10-30T01:48:07.143Z,-9.276885,-0.0037035306,3.1799824,W1hZkqBeWCUTVBX6rx9OeHmaWx63,,,,,
67732e569b85a0767f6f2a4f,Gravity,2024-10-30T01:48:07.303Z,-9.28119,-0.0056596333,3.1673973,W1hZkqBeWCUTVBX6rx9OeHmaWx63,,,,,
67732e569b85a0767f6f2a50,Gravity,2024-10-30T01:48:07.463Z,-9.285556,-0.007851298,3.154571,W1hZkqBeWCUTVBX6rx9OeHmaWx63,,,,,
67732e569b85a0767f6f2a51,Gravity,2024-10-30T01:48:07.624Z,-9.289372,-0.009173779,3.1433222,W1hZkqBeWCUTVBX6rx9OeHmaWx63,,,,,
67732e569b85a0767f6f2a52,Gravity,2024-10-30T01:48:07.783Z,-9.292139,-0.009034079,3.1351345,W1hZkqBeWCUTVBX6rx9OeHmaWx63,,,,,
67732e569b85a0767f6f2a53,Gravity,2024-10-30T01:48:07.943Z,-9.294025,-0.008530805,3.1295483,W1hZkqBeWCUTVBX6rx9OeHmaWx63,,,,,
67732e569b85a0767f6f2a54,Gravity,2024-10-30T01:48:08.103Z,-9.296666,-0.010860417,3.1216884,W1hZkqBeWCUTVBX6rx9OeHmaWx63,,,,,
67732e569b85a0767f6f2a55,Gravity,2024-10-30T01:48:08.263Z,-9.299376,-0.012830548,3.113607,W1hZkqBeWCUTVBX6rx9OeHmaWx63,,,,,
67732e569b85a0767f6f2a56,Gravity,2024-10-30T01:48:08.423Z,-9.30288,-0.012051088,3.1031315,W1hZkqBeWCUTVBX6rx9OeHmaWx63,,,,,
67732e569b85a0767f6f2a57,Gravity,2024-10-30T01:48:08.583Z,-9.30626,-0.012687632,3.0929832,W1hZkqBeWCUTVBX6rx9OeHmaWx63,,,,,
67732e569b85a0767f6f2a58,Gravity,2024-10-30T01:48:08.742Z,-9.309322,-0.0140223885,3.0837474,W1hZkqBeWCUTVBX6rx9OeHmaWx63,,,,,
67732e569b85a0767f6f2a59,Gravity,2024-10-30T01:48:08.902Z,-9.313019,-0.014376901,3.0725663,W1hZkqBeWCUTVBX6rx9OeHmaWx63,,,,,
67732e569b85a0767f6f2a5a,Gravity,2024-10-30T01:48:09.063Z,-9.316701,-0.016150925,3.0613775,W1hZkqBeWCUTVBX6rx9OeHmaWx63,,,,,
67732e569b85a0767f6f2a5b,Gravity,2024-10-30T01:48:09.223Z,-9.320336,-0.016531449,3.050293,W1hZkqBeWCUTVBX6rx9OeHmaWx63,,,,,
67732e569b85a0767f6f2a5c,Gravity,2024-10-30T01:48:09.383Z,-9.323885,-0.017260054,3.0394254,W1hZkqBeWCUTVBX6rx9OeHmaWx63,,,,,
67732e569b85a0767f6f2a5d,Gravity,2024-10-30T01:48:09.543Z,-9.326941,-0.017161563,3.030044,W1hZkqBeWCUTVBX6rx9OeHmaWx63,,,,,
67732e569b85a0767f6f2a5e,Gravity,2024-10-30T01:48:09.702Z,-9.330834,-0.017041735,3.018041,W1hZkqBeWCUTVBX6rx9OeHmaWx63,,,,,
67732e569b85a0767f6f2a5f,Gravity,2024-10-30T01:48:09.862Z,-9.334967,-0.016894437,3.0052404,W1hZkqBeWCUTVBX6rx9OeHmaWx63,,,,,
67732e569b85a0767f6f2a60,Gravity,2024-10-30T01:48:10.023Z,-9.338822,-0.018002106,2.9932272,W1hZkqBeWCUTVBX6rx9OeHmaWx63,,,,,
67732e569b85a0767f6f2a61,Gravity,2024-10-30T01:48:10.182Z,-9.343166,-0.018459493,2.9796326,W1hZkqBeWCUTVBX6rx9OeHmaWx63,,,,,
67732e569b85a0767f6f2a62,Gravity,2024-10-30T01:48:10.342Z,-9.346991,-0.01965484,2.967605,W1hZkqBeWCUTVBX6rx9OeHmaWx63,,,,,
67732e569b85a0767f6f2a63,Gravity,2024-10-30T01:48:10.502Z,-9.352137,-0.019212065,2.951354,W1hZkqBeWCUTVBX6rx9OeHmaWx63,,,,,
67732e569b85a0767f6f2a64,Gravity,2024-10-30T01:48:10.662Z,-9.357165,-0.02760697,2.9353187,W1hZkqBeWCUTVBX6rx9OeHmaWx63,,,,,
67732e569b85a0767f6f2a65,Gravity,2024-10-30T01:48:10.823Z,-9.365232,-0.04558131,2.909261,W1hZkqBeWCUTVBX6rx9OeHmaWx63,,,,,
67732e569b85a0767f6f2a66,Gravity,2024-10-30T01:48:10.982Z,-9.374554,-0.03454729,2.8792217,W1hZkqBeWCUTVBX6rx9OeHmaWx63,,,,,
67732e569b85a0767f6f2a67,Gravity,2024-10-30T01:48:11.142Z,-9.38656,-0.014238076,2.8400066,W1hZkqBeWCUTVBX6rx9OeHmaWx63,,,,,
67732e569b85a0767f6f2a68,Gravity,2024-10-30T01:48:11.301Z,-9.391992,-0.004540274,2.8220243,W1hZkqBeWCUTVBX6rx9OeHmaWx63,,,,,
67732e569b85a0767f6f2a69,Gravity,2024-10-30T01:48:11.461Z,-9.3983135,0.009749533,2.8008943,W1hZkqBeWCUTVBX6rx9OeHmaWx63,,,,,
67732e569b85a0767f6f2a6a,Gravity,2024-10-30T01:48:11.622Z,-9.399761,0.025425825,2.7959273,W1hZkqBeWCUTVBX6rx9OeHmaWx63,,,,,
67732e569b85a0767f6f2a6b,Gravity,2024-10-30T01:48:11.781Z,-9.393143,0.021930678,2.8181186,W1hZkqBeWCUTVBX6rx9OeHmaWx63,,,,,
67732e569b85a0767f6f2a6c,Gravity,2024-10-30T01:48:11.943Z,-9.396613,0.0029258244,2.8065987,W1hZkqBeWCUTVBX6rx9OeHmaWx63,,,,,
67732e569b85a0767f6f2a6d,Gravity,2024-10-30T01:48:12.261Z,-9.404459,0.0018044191,2.7802048,W1hZkqBeWCUTVBX6rx9OeHmaWx63,,,,,
67732e569b85a0767f6f2a6e,Gravity,2024-10-30T01:48:12.422Z,-9.405916,0.0050371173,2.775278,W1hZkqBeWCUTVBX6rx9OeHmaWx63,,,,,
67732e569b85a0767f6f2a6f,Gravity,2024-10-30T01:48:12.581Z,-9.410608,0.010208091,2.7593262,W1hZkqBeWCUTVBX6rx9OeHmaWx63,,,,,
67732e569b85a0767f6f2a70,Gravity,2024-10-30T01:48:12.742Z,-9.414371,0.0082598785,2.7464738,W1hZkqBeWCUTVBX6rx9OeHmaWx63,,,,,
67732e569b85a0767f6f2a71,Gravity,2024-10-30T01:48:12.901Z,-9.416549,0.007507307,2.7390106,W1hZkqBeWCUTVBX6rx9OeHmaWx63,,,,,
67732e569b85a0767f6f2a72,Gravity,2024-10-30T01:48:13.061Z,-9.420116,0.0074383332,2.7267256,W1hZkqBeWCUTVBX6rx9OeHmaWx63,,,,,
67732e569b85a0767f6f2a73,Gravity,2024-10-30T01:48:13.222Z,-9.424232,0.0046326285,2.7124815,W1hZkqBeWCUTVBX6rx9OeHmaWx63,,,,,
67732e569b85a0767f6f2a74,Gravity,2024-10-30T01:48:13.381Z,-9.428077,-0.0029202714,2.699104,W1hZkqBeWCUTVBX6rx9OeHmaWx63,,,,,
67732e569b85a0767f6f2a75,Gravity,2024-10-30T01:48:13.541Z,-9.432685,-0.007850129,2.6829567,W1hZkqBeWCUTVBX6rx9OeHmaWx63,,,,,
67732e569b85a0767f6f2a76,Gravity,2024-10-30T01:48:14.024Z,-9.4463825,-0.0073480248,2.634356,W1hZkqBeWCUTVBX6rx9OeHmaWx63,,,,,
67732e569b85a0767f6f2a77,Gravity,2024-10-30T01:48:14.184Z,-9.448633,-0.0045879125,2.626271,W1hZkqBeWCUTVBX6rx9OeHmaWx63,,,,,
67732e569b85a0767f6f2a78,Gravity,2024-10-30T01:48:14.345Z,-9.448509,-0.0039107436,2.6267216,W1hZkqBeWCUTVBX6rx9OeHmaWx63,,,,,
67732e569b85a0767f6f2a79,Gravity,2024-10-30T01:48:14.503Z,-9.4502125,-0.009131986,2.6205812,W1hZkqBeWCUTVBX6rx9OeHmaWx63,,,,,
67732e569b85a0767f6f2a7a,Gravity,2024-10-30T01:48:14.663Z,-9.452586,-0.009444705,2.6120112,W1hZkqBeWCUTVBX6rx9OeHmaWx63,,,,,
67732e569b85a0767f6f2a7b,Gravity,2024-10-30T01:48:14.824Z,-9.455681,-0.009149229,2.6007905,W1hZkqBeWCUTVBX6rx9OeHmaWx63,,,,,
67732e569b85a0767f6f2a7c,Gravity,2024-10-30T01:48:14.983Z,-9.458799,-0.008973288,2.5894396,W1hZkqBeWCUTVBX6rx9OeHmaWx63,,,,,
67732e569b85a0767f6f2a7d,Gravity,2024-10-30T01:48:15.143Z,-9.461205,-0.008280045,2.5806432,W1hZkqBeWCUTVBX6rx9OeHmaWx63,,,,,
67732e569b85a0767f6f2a7e,Gravity,2024-10-30T01:48:15.303Z,-9.463033,-0.010971184,2.5739205,W1hZkqBeWCUTVBX6rx9OeHmaWx63,,,,,
67732e569b85a0767f6f2a7f,Gravity,2024-10-30T01:48:15.461Z,-9.4653015,-0.014864684,2.565556,W1hZkqBeWCUTVBX6rx9OeHmaWx63,,,,,
67732e569b85a0767f6f2a80,Gravity,2024-10-30T01:48:15.624Z,-9.469746,-0.013846739,2.5491211,W1hZkqBeWCUTVBX6rx9OeHmaWx63,,,,,
67732e569b85a0767f6f2a81,Gravity,2024-10-30T01:48:15.783Z,-9.475248,-0.00815525,2.5286224,W1hZkqBeWCUTVBX6rx9OeHmaWx63,,,,,
67732e569b85a0767f6f2a82,Gravity,2024-10-30T01:48:15.941Z,-9.479477,-0.004313187,2.5127492,W1hZkqBeWCUTVBX6rx9OeHmaWx63,,,,,
67732e569b85a0767f6f2a83,Gravity,2024-10-30T01:48:16.101Z,-9.482054,-0.005282909,2.5030124,W1hZkqBeWCUTVBX6rx9OeHmaWx63,,,,,
67732e569b85a0767f6f2a84,Gravity,2024-10-30T01:48:16.261Z,-9.483648,-0.008042729,2.4969654,W1hZkqBeWCUTVBX6rx9OeHmaWx63,,,,,
67732e569b85a0767f6f2a85,Gravity,2024-10-30T01:48:16.421Z,-9.485843,-0.0092570735,2.488609,W1hZkqBeWCUTVBX6rx9OeHmaWx63,,,,,
67732e569b85a0767f6f2a86,Gravity,2024-10-30T01:48:16.580Z,-9.489423,-0.008727789,2.4749224,W1hZkqBeWCUTVBX6rx9OeHmaWx63,,,,,
67732e569b85a0767f6f2a87,Gravity,2024-10-30T01:48:16.741Z,-9.493745,-0.004483283,2.458309,W1hZkqBeWCUTVBX6rx9OeHmaWx63,,,,,
67732e569b85a0767f6f2a88,Gravity,2024-10-30T01:48:16.900Z,-9.506998,0.012600246,2.4065073,W1hZkqBeWCUTVBX6rx9OeHmaWx63,,,,,
67732e569b85a0767f6f2a89,Gravity,2024-10-30T01:48:17.060Z,-9.503254,0.0012660745,2.4212906,W1hZkqBeWCUTVBX6rx9OeHmaWx63,,,,,
67732e569b85a0767f6f2a8a,Gravity,2024-10-30T01:48:17.221Z,-9.506651,0.008810206,2.4079108,W1hZkqBeWCUTVBX6rx9OeHmaWx63,,,,,
67732e569b85a0767f6f2a8b,Gravity,2024-10-30T01:48:17.380Z,-9.508646,0.016719373,2.3999934,W1hZkqBeWCUTVBX6rx9OeHmaWx63,,,,,
67732e569b85a0767f6f2a8c,Gravity,2024-10-30T01:48:17.540Z,-9.508952,0.021214345,2.398746,W1hZkqBeWCUTVBX6rx9OeHmaWx63,,,,,
67732e569b85a0767f6f2a8d,Gravity,2024-10-30T01:48:17.700Z,-9.508557,0.02312924,2.4002903,W1hZkqBeWCUTVBX6rx9OeHmaWx63,,,,,
67732e569b85a0767f6f2a8e,Gravity,2024-10-30T01:48:17.860Z,-9.506438,0.015416765,2.4087417,W1hZkqBeWCUTVBX6rx9OeHmaWx63,,,,,
67732e569b85a0767f6f2a8f,Gravity,2024-10-30T01:48:18.021Z,-9.506285,0.010628946,2.4093704,W1hZkqBeWCUTVBX6rx9OeHmaWx63,,,,,
67732e569b85a0767f6f2a90,Gravity,2024-10-30T01:48:18.181Z,-9.507903,0.0047641457,2.403004,W1hZkqBeWCUTVBX6rx9OeHmaWx63,,,,,
67732e569b85a0767f6f2a91,Gravity,2024-10-30T01:48:18.340Z,-9.511064,0.0044774376,2.390468,W1hZkqBeWCUTVBX6rx9OeHmaWx63,,,,,
67732e569b85a0767f6f2a92,Gravity,2024-10-30T01:48:18.500Z,-9.513943,0.0062868255,2.3789797,W1hZkqBeWCUTVBX6rx9OeHmaWx63,,,,,
67732e569b85a0767f6f2a93,Gravity,2024-10-30T01:48:18.660Z,-9.516582,0.005484569,2.3684163,W1hZkqBeWCUTVBX6rx9OeHmaWx63,,,,,
67732e569b85a0767f6f2a94,Gravity,2024-10-30T01:48:18.821Z,-9.518484,0.009803602,2.3607504,W1hZkqBeWCUTVBX6rx9OeHmaWx63,,,,,
67732e569b85a0767f6f2a95,Gravity,2024-10-30T01:48:18.980Z,-9.51704,0.046582595,2.36613,W1hZkqBeWCUTVBX6rx9OeHmaWx63,,,,,
67732e569b85a0767f6f2a96,Gravity,2024-10-30T01:48:19.140Z,-9.51844,0.070204005,2.3598983,W1hZkqBeWCUTVBX6rx9OeHmaWx63,,,,,
67732e569b85a0767f6f2a97,Gravity,2024-10-30T01:48:19.300Z,-9.522268,0.051899407,2.3448756,W1hZkqBeWCUTVBX6rx9OeHmaWx63,,,,,
67732e569b85a0767f6f2a98,Gravity,2024-10-30T01:48:19.460Z,-9.540816,0.032248367,2.2685983,W1hZkqBeWCUTVBX6rx9OeHmaWx63,,,,,
67732e569b85a0767f6f2a99,Gravity,2024-10-30T01:48:19.621Z,-9.540483,0.029284548,2.2700255,W1hZkqBeWCUTVBX6rx9OeHmaWx63,,,,,
67732e569b85a0767f6f2a9a,Gravity,2024-10-30T01:48:19.780Z,-9.542757,0.028503627,2.2604654,W1hZkqBeWCUTVBX6rx9OeHmaWx63,,,,,
67732e569b85a0767f6f2a9b,Gravity,2024-10-30T01:48:19.940Z,-9.546654,0.025541853,2.2440052,W1hZkqBeWCUTVBX6rx9OeHmaWx63,,,,,
67732e569b85a0767f6f2a9c,Gravity,2024-10-30T01:48:20.099Z,-9.549845,0.022287235,2.2304418,W1hZkqBeWCUTVBX6rx9OeHmaWx63,,,,,
67732e569b85a0767f6f2a9d,Gravity,2024-10-30T01:48:20.259Z,-9.552585,0.018156126,2.2187302,W1hZkqBeWCUTVBX6rx9OeHmaWx63,,,,,
67732e569b85a0767f6f2a9e,Gravity,2024-10-30T01:48:20.420Z,-9.555684,0.01911299,2.205347,W1hZkqBeWCUTVBX6rx9OeHmaWx63,,,,,
67732e569b85a0767f6f2a9f,Gravity,2024-10-30T01:48:20.579Z,-9.55812,0.017674774,2.1947818,W1hZkqBeWCUTVBX6rx9OeHmaWx63,,,,,
67732e569b85a0767f6f2aa0,Gravity,2024-10-30T01:48:20.739Z,-9.560045,0.016206454,2.186415,W1hZkqBeWCUTVBX6rx9OeHmaWx63,,,,,
67732e569b85a0767f6f2aa1,Gravity,2024-10-30T01:48:20.899Z,-9.561373,0.016126666,2.180613,W1hZkqBeWCUTVBX6rx9OeHmaWx63,,,,,
67732e569b85a0767f6f2aa2,Gravity,2024-10-30T01:48:21.059Z,-9.563323,0.020761926,2.1720037,W1hZkqBeWCUTVBX6rx9OeHmaWx63,,,,,
67732e569b85a0767f6f2aa3,Gravity,2024-10-30T01:48:21.219Z,-9.5653925,0.025235271,2.1628296,W1hZkqBeWCUTVBX6rx9OeHmaWx63,,,,,
67732e569b85a0767f6f2aa4,Gravity,2024-10-30T01:48:21.378Z,-9.566779,0.023642449,2.1567104,W1hZkqBeWCUTVBX6rx9OeHmaWx63,,,,,
67732e569b85a0767f6f2aa5,Gravity,2024-10-30T01:48:21.539Z,-9.568586,0.020911563,2.148701,W1hZkqBeWCUTVBX6rx9OeHmaWx63,,,,,
67732e569b85a0767f6f2aa6,Gravity,2024-10-30T01:48:21.699Z,-9.570695,0.022236967,2.1392815,W1hZkqBeWCUTVBX6rx9OeHmaWx63,,,,,
67732e569b85a0767f6f2aa7,Gravity,2024-10-30T01:48:21.858Z,-9.573305,0.026190672,2.1275156,W1hZkqBeWCUTVBX6rx9OeHmaWx63,,,,,
67732e569b85a0767f6f2aa8,Gravity,2024-10-30T01:48:22.020Z,-9.574041,0.035595924,2.1240625,W1hZkqBeWCUTVBX6rx9OeHmaWx63,,,,,
67732e569b85a0767f6f2aa9,Gravity,2024-10-30T01:48:22.178Z,-9.58131,0.045224458,2.0908585,W1hZkqBeWCUTVBX6rx9OeHmaWx63,,,,,
67732e569b85a0767f6f2aaa,Gravity,2024-10-30T01:48:22.338Z,-9.584071,0.045483693,2.0781803,W1hZkqBeWCUTVBX6rx9OeHmaWx63,,,,,
67732e569b85a0767f6f2aab,Gravity,2024-10-30T01:48:22.498Z,-9.586543,0.053934127,2.0665562,W1hZkqBeWCUTVBX6rx9OeHmaWx63,,,,,
67732e569b85a0767f6f2aac,Gravity,2024-10-30T01:48:22.658Z,-9.590046,0.053893503,2.0502515,W1hZkqBeWCUTVBX6rx9OeHmaWx63,,,,,
67732e569b85a0767f6f2aad,Gravity,2024-10-30T01:48:22.819Z,-9.594247,0.05676526,2.030431,W1hZkqBeWCUTVBX6rx9OeHmaWx63,,,,,
67732e569b85a0767f6f2aae,Gravity,2024-10-30T01:48:22.978Z,-9.587701,0.09129355,2.0598667,W1hZkqBeWCUTVBX6rx9OeHmaWx63,,,,,
67732e569b85a0767f6f2aaf,Gravity,2024-10-30T01:48:23.138Z,-9.593775,0.077166244,2.0319457,W1hZkqBeWCUTVBX6rx9OeHmaWx63,,,,,
67732e569b85a0767f6f2ab0,Gravity,2024-10-30T01:48:23.298Z,-9.604324,0.061421268,1.9820306,W1hZkqBeWCUTVBX6rx9OeHmaWx63,,,,,
67732e569b85a0767f6f2ab1,Gravity,2024-10-30T01:48:23.457Z,-9.606102,0.066180445,1.9732633,W1hZkqBeWCUTVBX6rx9OeHmaWx63,,,,,
67732e569b85a0767f6f2ab2,Gravity,2024-10-30T01:48:23.618Z,-9.610096,0.06522972,1.9537616,W1hZkqBeWCUTVBX6rx9OeHmaWx63,,,,,
67732e569b85a0767f6f2ab3,Gravity,2024-10-30T01:48:23.777Z,-9.613247,0.06453794,1.9382453,W1hZkqBeWCUTVBX6rx9OeHmaWx63,,,,,
67732e569b85a0767f6f2ab4,Gravity,2024-10-30T01:48:23.939Z,-9.613349,0.058723114,1.9379393,W1hZkqBeWCUTVBX6rx9OeHmaWx63,,,,,
67732e569b85a0767f6f2ab5,Gravity,2024-10-30T01:48:24.097Z,-9.611586,0.05424714,1.9467974,W1hZkqBeWCUTVBX6rx9OeHmaWx63,,,,,
67732e569b85a0767f6f2ab6,Gravity,2024-10-30T01:48:24.257Z,-9.610917,0.053077217,1.9501476,W1hZkqBeWCUTVBX6rx9OeHmaWx63,,,,,
67732e569b85a0767f6f2ab7,Gravity,2024-10-30T01:48:24.418Z,-9.611917,0.052863576,1.9452432,W1hZkqBeWCUTVBX6rx9OeHmaWx63,,,,,
67732e569b85a0767f6f2ab8,Gravity,2024-10-30T01:48:24.577Z,-9.6154585,0.05558365,1.9276068,W1hZkqBeWCUTVBX6rx9OeHmaWx63,,,,,
67732e569b85a0767f6f2ab9,Gravity,2024-10-30T01:48:24.737Z,-9.626613,0.052109834,1.8712263,W1hZkqBeWCUTVBX6rx9OeHmaWx63,,,,,
67732e569b85a0767f6f2aba,Gravity,2024-10-30T01:48:24.897Z,-9.647385,-0.0044134324,1.7617887,W1hZkqBeWCUTVBX6rx9OeHmaWx63,,,,,
67732e569b85a0767f6f2abb,Gravity,2024-10-30T01:48:25.056Z,-9.649972,0.016489362,1.7474991,W1hZkqBeWCUTVBX6rx9OeHmaWx63,,,,,
67732e569b85a0767f6f2abc,Gravity,2024-10-30T01:48:25.217Z,-9.65423,0.0261103,1.7236816,W1hZkqBeWCUTVBX6rx9OeHmaWx63,,,,,
67732e569b85a0767f6f2abd,Gravity,2024-10-30T01:48:25.376Z,-9.658338,0.017833471,1.7006456,W1hZkqBeWCUTVBX6rx9OeHmaWx63,,,,,
67732e569b85a0767f6f2abe,Gravity,2024-10-30T01:48:25.536Z,-9.663512,0.003267185,1.6710991,W1hZkqBeWCUTVBX6rx9OeHmaWx63,,,,,
67732e569b85a0767f6f2abf,Gravity,2024-10-30T01:48:25.696Z,-9.66851,-0.006065584,1.6419505,W1hZkqBeWCUTVBX6rx9OeHmaWx63,,,,,
67732e569b85a0767f6f2ac0,Gravity,2024-10-30T01:48:25.856Z,-9.670936,-0.00937427,1.6276122,W1hZkqBeWCUTVBX6rx9OeHmaWx63,,,,,
67732e569b85a0767f6f2ac1,Gravity,2024-10-30T01:48:26.018Z,-9.671055,-0.009547873,1.6269442,W1hZkqBeWCUTVBX6rx9OeHmaWx63,,,,,
67732e569b85a0767f6f2ac2,Gravity,2024-10-30T01:48:26.338Z,-9.682849,0.0067912675,1.5551399,W1hZkqBeWCUTVBX6rx9OeHmaWx63,,,,,
67732e569b85a0767f6f2ac3,Gravity,2024-10-30T01:48:26.658Z,-9.682415,0.0029173489,1.5578716,W1hZkqBeWCUTVBX6rx9OeHmaWx63,,,,,
67732e569b85a0767f6f2ac4,Gravity,2024-10-30T01:48:26.819Z,-9.686821,0.020701135,1.5301087,W1hZkqBeWCUTVBX6rx9OeHmaWx63,,,,,
67732e569b85a0767f6f2ac5,Gravity,2024-10-30T01:48:26.977Z,-9.69111,0.033075463,1.5024598,W1hZkqBeWCUTVBX6rx9OeHmaWx63,,,,,
67732e569b85a0767f6f2ac6,Gravity,2024-10-30T01:48:27.138Z,-9.687224,0.0355892,1.5272694,W1hZkqBeWCUTVBX6rx9OeHmaWx63,,,,,
67732e569b85a0767f6f2ac7,Gravity,2024-10-30T01:48:27.298Z,-9.678174,0.078352824,1.5820372,W1hZkqBeWCUTVBX6rx9OeHmaWx63,,,,,
67732e569b85a0767f6f2ac8,Gravity,2024-10-30T01:48:27.458Z,-9.687061,0.04126929,1.528166,W1hZkqBeWCUTVBX6rx9OeHmaWx63,,,,,
67732e569b85a0767f6f2ac9,Gravity,2024-10-30T01:48:27.619Z,-9.722968,0.0366805,1.280184,W1hZkqBeWCUTVBX6rx9OeHmaWx63,,,,,
67732e569b85a0767f6f2aca,Gravity,2024-10-30T01:48:27.778Z,-9.716002,-0.03767916,1.3319756,W1hZkqBeWCUTVBX6rx9OeHmaWx63,,,,,
67732e569b85a0767f6f2acb,Gravity,2024-10-30T01:48:27.937Z,-9.715869,-0.04789631,1.33258,W1hZkqBeWCUTVBX6rx9OeHmaWx63,,,,,
67732e569b85a0767f6f2acc,Gravity,2024-10-30T01:48:28.096Z,-9.721925,-0.08373422,1.2858,W1hZkqBeWCUTVBX6rx9OeHmaWx63,,,,,
67732e569b85a0767f6f2acd,Gravity,2024-10-30T01:48:28.256Z,-9.7236395,-0.12034371,1.2698429,W1hZkqBeWCUTVBX6rx9OeHmaWx63,,,,,
67732e569b85a0767f6f2ace,Gravity,2024-10-30T01:48:28.416Z,-9.72478,-0.106519766,1.2622914,W1hZkqBeWCUTVBX6rx9OeHmaWx63,,,,,
67732e569b85a0767f6f2acf,Gravity,2024-10-30T01:48:28.575Z,-9.726593,-0.103121355,1.2485248,W1hZkqBeWCUTVBX6rx9OeHmaWx63,,,,,
67732e569b85a0767f6f2ad0,Gravity,2024-10-30T01:48:28.735Z,-9.727732,-0.0987313,1.2400502,W1hZkqBeWCUTVBX6rx9OeHmaWx63,,,,,
67732e569b85a0767f6f2ad1,Gravity,2024-10-30T01:48:28.895Z,-9.728145,-0.097470194,1.2369661,W1hZkqBeWCUTVBX6rx9OeHmaWx63,,,,,
67732e569b85a0767f6f2ad2,Gravity,2024-10-30T01:48:29.055Z,-9.72925,-0.09424305,1.2284862,W1hZkqBeWCUTVBX6rx9OeHmaWx63,,,,,
67732e569b85a0767f6f2ad3,Gravity,2024-10-30T01:48:29.215Z,-9.730491,-0.0926815,1.2187684,W1hZkqBeWCUTVBX6rx9OeHmaWx63,,,,,
67732e569b85a0767f6f2ad4,Gravity,2024-10-30T01:48:29.374Z,-9.728453,-0.07736206,1.2359622,W1hZkqBeWCUTVBX6rx9OeHmaWx63,,,,,
67732e569b85a0767f6f2ad5,Gravity,2024-10-30T01:48:29.534Z,-9.729271,-0.066174015,1.230171,W1hZkqBeWCUTVBX6rx9OeHmaWx63,,,,,
67732e569b85a0767f6f2ad6,Gravity,2024-10-30T01:48:29.694Z,-9.731323,-0.062694944,1.2140143,W1hZkqBeWCUTVBX6rx9OeHmaWx63,,,,,
67732e569b85a0767f6f2ad7,Gravity,2024-10-30T01:48:29.854Z,-9.732645,-0.06044132,1.2034891,W1hZkqBeWCUTVBX6rx9OeHmaWx63,,,,,
67732e569b85a0767f6f2ad8,Gravity,2024-10-30T01:48:30.015Z,-9.733824,-0.060941085,1.1939256,W1hZkqBeWCUTVBX6rx9OeHmaWx63,,,,,
67732e569b85a0767f6f2ad9,Gravity,2024-10-30T01:48:30.174Z,-9.735224,-0.059043434,1.1825682,W1hZkqBeWCUTVBX6rx9OeHmaWx63,,,,,
67732e569b85a0767f6f2ada,Gravity,2024-10-30T01:48:30.333Z,-9.737232,-0.05688801,1.1660653,W1hZkqBeWCUTVBX6rx9OeHmaWx63,,,,,
67732e569b85a0767f6f2adb,Gravity,2024-10-30T01:48:30.493Z,-9.738496,-0.057544135,1.1554726,W1hZkqBeWCUTVBX6rx9OeHmaWx63,,,,,
67732e569b85a0767f6f2adc,Gravity,2024-10-30T01:48:30.653Z,-9.739441,-0.05617197,1.1475896,W1hZkqBeWCUTVBX6rx9OeHmaWx63,,,,,
67732e569b85a0767f6f2add,Gravity,2024-10-30T01:48:30.814Z,-9.740833,-0.05667495,1.1356926,W1hZkqBeWCUTVBX6rx9OeHmaWx63,,,,,
67732e569b85a0767f6f2ade,Gravity,2024-10-30T01:48:30.973Z,-9.742567,-0.05988164,1.1205645,W1hZkqBeWCUTVBX6rx9OeHmaWx63,,,,,
67732e569b85a0767f6f2adf,Gravity,2024-10-30T01:48:31.133Z,-9.744855,-0.06178981,1.1003911,W1hZkqBeWCUTVBX6rx9OeHmaWx63,,,,,
67732e569b85a0767f6f2ae0,Gravity,2024-10-30T01:48:31.293Z,-9.748488,-0.067295715,1.0673912,W1hZkqBeWCUTVBX6rx9OeHmaWx63,,,,,
67732e569b85a0767f6f2ae1,Gravity,2024-10-30T01:48:31.453Z,-9.753004,-0.07530045,1.0247182,W1hZkqBeWCUTVBX6rx9OeHmaWx63,,,,,
67732e569b85a0767f6f2ae2,Gravity,2024-10-30T01:48:31.614Z,-9.762092,-0.11113281,0.9306578,W1hZkqBeWCUTVBX6rx9OeHmaWx63,,,,,
67732e569b85a0767f6f2ae3,Gravity,2024-10-30T01:48:31.773Z,-9.764799,-0.15637481,0.8950584,W1hZkqBeWCUTVBX6rx9OeHmaWx63,,,,,
67732e569b85a0767f6f2ae4,Gravity,2024-10-30T01:48:31.934Z,-9.769885,-0.25874272,0.8119614,W1hZkqBeWCUTVBX6rx9OeHmaWx63,,,,,
67732e569b85a0767f6f2ae5,Gravity,2024-10-30T01:48:32.094Z,-9.780764,-0.15840602,0.6990144,W1hZkqBeWCUTVBX6rx9OeHmaWx63,,,,,
67732e569b85a0767f6f2ae6,Gravity,2024-10-30T01:48:32.253Z,-9.756151,0.12737288,0.9890486,W1hZkqBeWCUTVBX6rx9OeHmaWx63,,,,,
67732e569b85a0767f6f2ae7,Gravity,2024-10-30T01:48:32.414Z,-9.736739,0.2530784,1.1439586,W1hZkqBeWCUTVBX6rx9OeHmaWx63,,,,,
67732e569b85a0767f6f2ae8,Gravity,2024-10-30T01:48:32.573Z,-9.712105,0.34659517,1.3158802,W1hZkqBeWCUTVBX6rx9OeHmaWx63,,,,,
67732e569b85a0767f6f2ae9,Gravity,2024-10-30T01:48:32.733Z,-9.668409,0.5549217,1.5460668,W1hZkqBeWCUTVBX6rx9OeHmaWx63,,,,,
67732e569b85a0767f6f2aea,Gravity,2024-10-30T01:48:32.893Z,-9.673359,0.54014176,1.5200899,W1hZkqBeWCUTVBX6rx9OeHmaWx63,,,,,
67732e569b85a0767f6f2aeb,Gravity,2024-10-30T01:48:33.053Z,-9.676109,0.5225085,1.508664,W1hZkqBeWCUTVBX6rx9OeHmaWx63,,,,,
67732e569b85a0767f6f2aec,Gravity,2024-10-30T01:48:33.214Z,-9.680011,0.53024143,1.4806112,W1hZkqBeWCUTVBX6rx9OeHmaWx63,,,,,
67732e569b85a0767f6f2aed,Gravity,2024-10-30T01:48:33.373Z,-9.688253,0.54746497,1.4191185,W1hZkqBeWCUTVBX6rx9OeHmaWx63,,,,,
67732e569b85a0767f6f2aee,Gravity,2024-10-30T01:48:33.535Z,-9.692072,0.54604137,1.3933467,W1hZkqBeWCUTVBX6rx9OeHmaWx63,,,,,
67732e569b85a0767f6f2aef,Gravity,2024-10-30T01:48:33.693Z,-9.692946,0.5364973,1.3909748,W1hZkqBeWCUTVBX6rx9OeHmaWx63,,,,,
67732e569b85a0767f6f2af0,Gravity,2024-10-30T01:48:33.853Z,-9.694809,0.523769,1.3828272,W1hZkqBeWCUTVBX6rx9OeHmaWx63,,,,,
67732e569b85a0767f6f2af1,Gravity,2024-10-30T01:48:34.014Z,-9.69728,0.5231173,1.3656942,W1hZkqBeWCUTVBX6rx9OeHmaWx63,,,,,
67732e569b85a0767f6f2af2,Gravity,2024-10-30T01:48:34.173Z,-9.699867,0.5237351,1.3469682,W1hZkqBeWCUTVBX6rx9OeHmaWx63,,,,,
67732e569b85a0767f6f2af3,Gravity,2024-10-30T01:48:34.333Z,-9.70228,0.5202064,1.3308684,W1hZkqBeWCUTVBX6rx9OeHmaWx63,,,,,
67732e569b85a0767f6f2af4,Gravity,2024-10-30T01:48:34.493Z,-9.704203,0.5161574,1.3183609,W1hZkqBeWCUTVBX6rx9OeHmaWx63,,,,,
67732e569b85a0767f6f2af5,Gravity,2024-10-30T01:48:34.653Z,-9.70615,0.51466626,1.304555,W1hZkqBeWCUTVBX6rx9OeHmaWx63,,,,,
67732e569b85a0767f6f2af6,Gravity,2024-10-30T01:48:34.814Z,-9.707869,0.5142913,1.2918675,W1hZkqBeWCUTVBX6rx9OeHmaWx63,,,,,
67732e569b85a0767f6f2af7,Gravity,2024-10-30T01:48:34.973Z,-9.708224,0.51086515,1.2905505,W1hZkqBeWCUTVBX6rx9OeHmaWx63,,,,,
67732e569b85a0767f6f2af8,Gravity,2024-10-30T01:48:35.133Z,-9.70936,0.51222444,1.2814597,W1hZkqBeWCUTVBX6rx9OeHmaWx63,,,,,
67732e569b85a0767f6f2af9,Gravity,2024-10-30T01:48:35.293Z,-9.7116785,0.5084984,1.2653023,W1hZkqBeWCUTVBX6rx9OeHmaWx63,,,,,
67732e569b85a0767f6f2afa,Gravity,2024-10-30T01:48:35.452Z,-9.713498,0.5067048,1.2520262,W1hZkqBeWCUTVBX6rx9OeHmaWx63,,,,,
67732e569b85a0767f6f2afb,Gravity,2024-10-30T01:48:35.613Z,-9.715268,0.5085978,1.2374429,W1hZkqBeWCUTVBX6rx9OeHmaWx63,,,,,
67732e569b85a0767f6f2afc,Gravity,2024-10-30T01:48:35.772Z,-9.71664,0.50910455,1.226419,W1hZkqBeWCUTVBX6rx9OeHmaWx63,,,,,
67732e569b85a0767f6f2afd,Gravity,2024-10-30T01:48:35.933Z,-9.717616,0.50979835,1.2183642,W1hZkqBeWCUTVBX6rx9OeHmaWx63,,,,,
67732e569b85a0767f6f2afe,Gravity,2024-10-30T01:48:36.092Z,-9.718791,0.5100839,1.2088556,W1hZkqBeWCUTVBX6rx9OeHmaWx63,,,,,
67732e569b85a0767f6f2aff,Gravity,2024-10-30T01:48:36.252Z,-9.720008,0.51053953,1.1988573,W1hZkqBeWCUTVBX6rx9OeHmaWx63,,,,,
67732e569b85a0767f6f2b00,Gravity,2024-10-30T01:48:36.413Z,-9.721141,0.512785,1.1886989,W1hZkqBeWCUTVBX6rx9OeHmaWx63,,,,,
67732e569b85a0767f6f2b01,Gravity,2024-10-30T01:48:36.572Z,-9.721919,0.51642686,1.1807234,W1hZkqBeWCUTVBX6rx9OeHmaWx63,,,,,
67732e569b85a0767f6f2b02,Gravity,2024-10-30T01:48:36.732Z,-9.722762,0.5220538,1.1712787,W1hZkqBeWCUTVBX6rx9OeHmaWx63,,,,,
67732e569b85a0767f6f2b03,Gravity,2024-10-30T01:48:36.892Z,-9.724168,0.5355705,1.1533911,W1hZkqBeWCUTVBX6rx9OeHmaWx63,,,,,
67732e569b85a0767f6f2b04,Gravity,2024-10-30T01:48:37.052Z,-9.726398,0.5494307,1.1278143,W1hZkqBeWCUTVBX6rx9OeHmaWx63,,,,,
67732e569b85a0767f6f2b05,Gravity,2024-10-30T01:48:37.212Z,-9.728511,0.55493367,1.1067115,W1hZkqBeWCUTVBX6rx9OeHmaWx63,,,,,
67732e569b85a0767f6f2b06,Gravity,2024-10-30T01:48:37.371Z,-9.729014,0.5537623,1.1029031,W1hZkqBeWCUTVBX6rx9OeHmaWx63,,,,,
67732e569b85a0767f6f2b07,Gravity,2024-10-30T01:48:37.531Z,-9.730019,0.5552096,1.093278,W1hZkqBeWCUTVBX6rx9OeHmaWx63,,,,,
67732e569b85a0767f6f2b08,Gravity,2024-10-30T01:48:37.691Z,-9.730873,0.5584902,1.0839509,W1hZkqBeWCUTVBX6rx9OeHmaWx63,,,,,
67732e569b85a0767f6f2b09,Gravity,2024-10-30T01:48:37.851Z,-9.732036,0.56360155,1.0708047,W1hZkqBeWCUTVBX6rx9OeHmaWx63,,,,,
67732e569b85a0767f6f2b0a,Gravity,2024-10-30T01:48:38.013Z,-9.733386,0.567458,1.0564041,W1hZkqBeWCUTVBX6rx9OeHmaWx63,,,,,
67732e569b85a0767f6f2b0b,Gravity,2024-10-30T01:48:38.173Z,-9.73338,0.5785478,1.0504379,W1hZkqBeWCUTVBX6rx9OeHmaWx63,,,,,
67732e569b85a0767f6f2b0c,Gravity,2024-10-30T01:48:38.333Z,-9.734443,0.58762866,1.035451,W1hZkqBeWCUTVBX6rx9OeHmaWx63,,,,,
67732e569b85a0767f6f2b0d,Gravity,2024-10-30T01:48:38.491Z,-9.734836,0.58719987,1.0320225,W1hZkqBeWCUTVBX6rx9OeHmaWx63,,,,,
67732e569b85a0767f6f2b0e,Gravity,2024-10-30T01:48:38.652Z,-9.735548,0.58651894,1.0256565,W1hZkqBeWCUTVBX6rx9OeHmaWx63,,,,,
67732e569b85a0767f6f2b0f,Gravity,2024-10-30T01:48:38.813Z,-9.736108,0.58878654,1.0190476,W1hZkqBeWCUTVBX6rx9OeHmaWx63,,,,,
67732e569b85a0767f6f2b10,Gravity,2024-10-30T01:48:38.972Z,-9.736423,0.5925439,1.0138576,W1hZkqBeWCUTVBX6rx9OeHmaWx63,,,,,
67732e569b85a0767f6f2b11,Gravity,2024-10-30T01:48:39.132Z,-9.737424,0.5945517,1.0030084,W1hZkqBeWCUTVBX6rx9OeHmaWx63,,,,,
67732e569b85a0767f6f2b12,Gravity,2024-10-30T01:48:39.292Z,-9.737873,0.59931993,0.9957915,W1hZkqBeWCUTVBX6rx9OeHmaWx63,,,,,
67732e569b85a0767f6f2b13,Gravity,2024-10-30T01:48:39.453Z,-9.738672,0.6014084,0.9867352,W1hZkqBeWCUTVBX6rx9OeHmaWx63,,,,,
67732e569b85a0767f6f2b14,Gravity,2024-10-30T01:48:39.612Z,-9.73985,0.6082491,0.9708359,W1hZkqBeWCUTVBX6rx9OeHmaWx63,,,,,
67732e569b85a0767f6f2b15,Gravity,2024-10-30T01:48:39.772Z,-9.739455,0.63716626,0.95608467,W1hZkqBeWCUTVBX6rx9OeHmaWx63,,,,,
67732e569b85a0767f6f2b16,Gravity,2024-10-30T01:48:39.932Z,-9.733167,0.72430444,0.9580685,W1hZkqBeWCUTVBX6rx9OeHmaWx63,,,,,
67732e569b85a0767f6f2b17,Gravity,2024-10-30T01:48:40.090Z,-9.691648,0.97358876,1.140598,W1hZkqBeWCUTVBX6rx9OeHmaWx63,,,,,
67732e569b85a0767f6f2b18,Gravity,2024-10-30T01:48:40.250Z,-9.625265,1.2652014,1.3893161,W1hZkqBeWCUTVBX6rx9OeHmaWx63,,,,,
67732e569b85a0767f6f2b19,Gravity,2024-10-30T01:48:40.411Z,-9.640774,1.2404145,1.3013666,W1hZkqBeWCUTVBX6rx9OeHmaWx63,,,,,
67732e569b85a0767f6f2b1a,Gravity,2024-10-30T01:48:40.570Z,-9.647116,1.2260236,1.2675554,W1hZkqBeWCUTVBX6rx9OeHmaWx63,,,,,
67732e569b85a0767f6f2b1b,Gravity,2024-10-30T01:48:40.730Z,-9.645869,1.2616385,1.2418026,W1hZkqBeWCUTVBX6rx9OeHmaWx63,,,,,
67732e569b85a0767f6f2b1c,Gravity,2024-10-30T01:48:40.890Z,-9.649612,1.2517937,1.2225817,W1hZkqBeWCUTVBX6rx9OeHmaWx63,,,,,
67732e569b85a0767f6f2b1d,Gravity,2024-10-30T01:48:41.050Z,-9.656589,1.2133251,1.2061647,W1hZkqBeWCUTVBX6rx9OeHmaWx63,,,,,
67732e569b85a0767f6f2b1e,Gravity,2024-10-30T01:48:41.211Z,-9.654879,1.2187417,1.2143471,W1hZkqBeWCUTVBX6rx9OeHmaWx63,,,,,
67732e569b85a0767f6f2b1f,Gravity,2024-10-30T01:48:41.369Z,-9.65823,1.2097856,1.1965619,W1hZkqBeWCUTVBX6rx9OeHmaWx63,,,,,
67732e569b85a0767f6f2b20,Gravity,2024-10-30T01:48:41.529Z,-9.6602335,1.2080008,1.1821412,W1hZkqBeWCUTVBX6rx9OeHmaWx63,,,,,
67732e569b85a0767f6f2b21,Gravity,2024-10-30T01:48:41.689Z,-9.660467,1.2021309,1.186213,W1hZkqBeWCUTVBX6rx9OeHmaWx63,,,,,
67732e569b85a0767f6f2b22,Gravity,2024-10-30T01:48:41.849Z,-9.659876,1.1930832,1.2000363,W1hZkqBeWCUTVBX6rx9OeHmaWx63,,,,,
67732e569b85a0767f6f2b23,Gravity,2024-10-30T01:48:42.010Z,-9.662533,1.1565576,1.2142714,W1hZkqBeWCUTVBX6rx9OeHmaWx63,,,,,
67732e569b85a0767f6f2b24,Gravity,2024-10-30T01:48:42.169Z,-9.66318,1.1303666,1.2335824,W1hZkqBeWCUTVBX6rx9OeHmaWx63,,,,,
67732e569b85a0767f6f2b25,Gravity,2024-10-30T01:48:42.329Z,-9.6625,1.1269468,1.2419372,W1hZkqBeWCUTVBX6rx9OeHmaWx63,,,,,
67732e569b85a0767f6f2b26,Gravity,2024-10-30T01:48:42.489Z,-9.662503,1.1228075,1.2456714,W1hZkqBeWCUTVBX6rx9OeHmaWx63,,,,,
67732e569b85a0767f6f2b27,Gravity,2024-10-30T01:48:42.649Z,-9.668624,1.1049162,1.2137182,W1hZkqBeWCUTVBX6rx9OeHmaWx63,,,,,
67732e569b85a0767f6f2b28,Gravity,2024-10-30T01:48:42.810Z,-9.674473,1.0907973,1.179382,W1hZkqBeWCUTVBX6rx9OeHmaWx63,,,,,
67732e569b85a0767f6f2b29,Gravity,2024-10-30T01:48:42.969Z,-9.679166,1.0896257,1.141378,W1hZkqBeWCUTVBX6rx9OeHmaWx63,,,,,
67732e569b85a0767f6f2b2a,Gravity,2024-10-30T01:48:43.129Z,-9.683062,1.1007181,1.0968595,W1hZkqBeWCUTVBX6rx9OeHmaWx63,,,,,
67732e569b85a0767f6f2b2b,Gravity,2024-10-30T01:48:43.288Z,-9.685993,1.0829624,1.0886183,W1hZkqBeWCUTVBX6rx9OeHmaWx63,,,,,
67732e569b85a0767f6f2b2c,Gravity,2024-10-30T01:48:43.448Z,-9.686123,1.0894969,1.0809044,W1hZkqBeWCUTVBX6rx9OeHmaWx63,,,,,
67732e569b85a0767f6f2b2d,Gravity,2024-10-30T01:48:43.609Z,-9.686934,1.0924749,1.070596,W1hZkqBeWCUTVBX6rx9OeHmaWx63,,,,,
67732e569b85a0767f6f2b2e,Gravity,2024-10-30T01:48:43.768Z,-9.687628,1.0824463,1.0745035,W1hZkqBeWCUTVBX6rx9OeHmaWx63,,,,,
67732e569b85a0767f6f2b2f,Gravity,2024-10-30T01:48:43.928Z,-9.687539,1.0779628,1.0798168,W1hZkqBeWCUTVBX6rx9OeHmaWx63,,,,,
67732e569b85a0767f6f2b30,Gravity,2024-10-30T01:48:44.088Z,-9.688489,1.073328,1.0759131,W1hZkqBeWCUTVBX6rx9OeHmaWx63,,,,,
67732e569b85a0767f6f2b31,Gravity,2024-10-30T01:48:44.248Z,-9.687994,1.0857275,1.0679142,W1hZkqBeWCUTVBX6rx9OeHmaWx63,,,,,
67732e569b85a0767f6f2b32,Gravity,2024-10-30T01:48:44.409Z,-9.687677,1.098364,1.0578336,W1hZkqBeWCUTVBX6rx9OeHmaWx63,,,,,
67732e569b85a0767f6f2b33,Gravity,2024-10-30T01:48:44.568Z,-9.684189,1.1248767,1.0619106,W1hZkqBeWCUTVBX6rx9OeHmaWx63,,,,,
67732e569b85a0767f6f2b34,Gravity,2024-10-30T01:48:44.728Z,-9.6855545,1.1203732,1.0541925,W1hZkqBeWCUTVBX6rx9OeHmaWx63,,,,,
67732e569b85a0767f6f2b35,Gravity,2024-10-30T01:48:44.887Z,-9.6851015,1.1211364,1.0574939,W1hZkqBeWCUTVBX6rx9OeHmaWx63,,,,,
67732e569b85a0767f6f2b36,Gravity,2024-10-30T01:48:45.047Z,-9.682728,1.1253315,1.0745968,W1hZkqBeWCUTVBX6rx9OeHmaWx63,,,,,
67732e569b85a0767f6f2b37,Gravity,2024-10-30T01:48:45.208Z,-9.682677,1.1239585,1.076481,W1hZkqBeWCUTVBX6rx9OeHmaWx63,,,,,
67732e569b85a0767f6f2b38,Gravity,2024-10-30T01:48:45.367Z,-9.684689,1.1175729,1.0649852,W1hZkqBeWCUTVBX6rx9OeHmaWx63,,,,,
67732e569b85a0767f6f2b39,Gravity,2024-10-30T01:48:45.528Z,-9.685383,1.1235878,1.0522642,W1hZkqBeWCUTVBX6rx9OeHmaWx63,,,,,
67732e569b85a0767f6f2b3a,Gravity,2024-10-30T01:48:45.688Z,-9.688364,1.1213748,1.0268465,W1hZkqBeWCUTVBX6rx9OeHmaWx63,,,,,
67732e569b85a0767f6f2b3b,Gravity,2024-10-30T01:48:45.848Z,-9.689896,1.1172858,1.0168153,W1hZkqBeWCUTVBX6rx9OeHmaWx63,,,,,
67732e569b85a0767f6f2b3c,Gravity,2024-10-30T01:48:46.008Z,-9.693112,1.1165786,0.9864883,W1hZkqBeWCUTVBX6rx9OeHmaWx63,,,,,
67732e569b85a0767f6f2b3d,Gravity,2024-10-30T01:48:46.167Z,-9.697805,1.1056325,0.95209616,W1hZkqBeWCUTVBX6rx9OeHmaWx63,,,,,
67732e569b85a0767f6f2b3e,Gravity,2024-10-30T01:48:46.327Z,-9.700374,1.1062042,0.92492086,W1hZkqBeWCUTVBX6rx9OeHmaWx63,,,,,
67732e569b85a0767f6f2b3f,Gravity,2024-10-30T01:48:46.487Z,-9.701774,1.1068597,0.90929365,W1hZkqBeWCUTVBX6rx9OeHmaWx63,,,,,
67732e569b85a0767f6f2b40,Gravity,2024-10-30T01:48:46.647Z,-9.702201,1.1080393,0.9032991,W1hZkqBeWCUTVBX6rx9OeHmaWx63,,,,,
67732e569b85a0767f6f2b41,Gravity,2024-10-30T01:48:46.808Z,-9.703685,1.105933,0.88985306,W1hZkqBeWCUTVBX6rx9OeHmaWx63,,,,,
67732e569b85a0767f6f2b42,Gravity,2024-10-30T01:48:46.967Z,-9.703924,1.1049486,0.88847065,W1hZkqBeWCUTVBX6rx9OeHmaWx63,,,,,
67732e569b85a0767f6f2b43,Gravity,2024-10-30T01:48:47.127Z,-9.70469,1.1022046,0.8835043,W1hZkqBeWCUTVBX6rx9OeHmaWx63,,,,,
67732e569b85a0767f6f2b44,Gravity,2024-10-30T01:48:47.287Z,-9.709018,1.0795187,0.8637313,W1hZkqBeWCUTVBX6rx9OeHmaWx63,,,,,
67732e569b85a0767f6f2b45,Gravity,2024-10-30T01:48:47.447Z,-9.725503,1.0153677,0.7483742,W1hZkqBeWCUTVBX6rx9OeHmaWx63,,,,,
67732e569b85a0767f6f2b46,Gravity,2024-10-30T01:48:47.607Z,-9.724005,1.0360796,0.73941463,W1hZkqBeWCUTVBX6rx9OeHmaWx63,,,,,
67732e569b85a0767f6f2b47,Gravity,2024-10-30T01:48:47.766Z,-9.717706,1.1313734,0.6801368,W1hZkqBeWCUTVBX6rx9OeHmaWx63,,,,,
67732e569b85a0767f6f2b48,Gravity,2024-10-30T01:48:47.928Z,-9.715787,1.1546754,0.6683479,W1hZkqBeWCUTVBX6rx9OeHmaWx63,,,,,
67732e569b85a0767f6f2b49,Gravity,2024-10-30T01:48:48.086Z,-9.715916,1.150132,0.67430127,W1hZkqBeWCUTVBX6rx9OeHmaWx63,,,,,
67732e569b85a0767f6f2b4a,Gravity,2024-10-30T01:48:48.246Z,-9.71802,1.1438743,0.6542951,W1hZkqBeWCUTVBX6rx9OeHmaWx63,,,,,
67732e569b85a0767f6f2b4b,Gravity,2024-10-30T01:48:48.407Z,-9.71753,1.1390026,0.6698843,W1hZkqBeWCUTVBX6rx9OeHmaWx63,,,,,
67732e569b85a0767f6f2b4c,Gravity,2024-10-30T01:48:48.566Z,-9.717534,1.1375176,0.6724337,W1hZkqBeWCUTVBX6rx9OeHmaWx63,,,,,
67732e569b85a0767f6f2b4d,Gravity,2024-10-30T01:48:48.726Z,-9.71715,1.1397303,0.67434216,W1hZkqBeWCUTVBX6rx9OeHmaWx63,,,,,
67732e569b85a0767f6f2b4e,Gravity,2024-10-30T01:48:48.886Z,-9.717307,1.1385111,0.67413116,W1hZkqBeWCUTVBX6rx9OeHmaWx63,,,,,
67732e569b85a0767f6f2b4f,Gravity,2024-10-30T01:48:49.046Z,-9.715336,1.1520482,0.6795508,W1hZkqBeWCUTVBX6rx9OeHmaWx63,,,,,
67732e569b85a0767f6f2b50,Gravity,2024-10-30T01:48:49.206Z,-9.707175,1.1962492,0.7186223,W1hZkqBeWCUTVBX6rx9OeHmaWx63,,,,,
67732e569b85a0767f6f2b51,Gravity,2024-10-30T01:48:49.365Z,-9.710679,1.1896602,0.68131787,W1hZkqBeWCUTVBX6rx9OeHmaWx63,,,,,
67732e569b85a0767f6f2b52,Gravity,2024-10-30T01:48:49.525Z,-9.717879,1.1804299,0.5882938,W1hZkqBeWCUTVBX6rx9OeHmaWx63,,,,,
67732e569b85a0767f6f2b53,Gravity,2024-10-30T01:48:49.685Z,-9.718526,1.1675159,0.6031693,W1hZkqBeWCUTVBX6rx9OeHmaWx63,,,,,
67732e569b85a0767f6f2b54,Gravity,2024-10-30T01:48:49.845Z,-9.719914,1.158563,0.59812605,W1hZkqBeWCUTVBX6rx9OeHmaWx63,,,,,
67732e569b85a0767f6f2b55,Gravity,2024-10-30T01:48:50.006Z,-9.720799,1.1521088,0.5960262,W1hZkqBeWCUTVBX6rx9OeHmaWx63,,,,,
67732e569b85a0767f6f2b56,Gravity,2024-10-30T01:48:50.167Z,-9.721532,1.1530519,0.5821572,W1hZkqBeWCUTVBX6rx9OeHmaWx63,,,,,
67732e569b85a0767f6f2b57,Gravity,2024-10-30T01:48:50.329Z,-9.721758,1.1546689,0.57521486,W1hZkqBeWCUTVBX6rx9OeHmaWx63,,,,,
67732e569b85a0767f6f2b58,Gravity,2024-10-30T01:48:50.487Z,-9.721521,1.1588293,0.5708388,W1hZkqBeWCUTVBX6rx9OeHmaWx63,,,,,
67732e569b85a0767f6f2b59,Gravity,2024-10-30T01:48:50.647Z,-9.722286,1.1590064,0.5573481,W1hZkqBeWCUTVBX6rx9OeHmaWx63,,,,,
67732e569b85a0767f6f2b5a,Gravity,2024-10-30T01:48:50.808Z,-9.722507,1.1622005,0.5467834,W1hZkqBeWCUTVBX6rx9OeHmaWx63,,,,,
67732e569b85a0767f6f2b5b,Gravity,2024-10-30T01:48:50.966Z,-9.722386,1.1665032,0.5396379,W1hZkqBeWCUTVBX6rx9OeHmaWx63,,,,,
67732e569b85a0767f6f2b5c,Gravity,2024-10-30T01:48:51.127Z,-9.722638,1.1662103,0.5357237,W1hZkqBeWCUTVBX6rx9OeHmaWx63,,,,,
67732e569b85a0767f6f2b5d,Gravity,2024-10-30T01:48:51.287Z,-9.722658,1.1665145,0.5346935,W1hZkqBeWCUTVBX6rx9OeHmaWx63,,,,,
67732e569b85a0767f6f2b5e,Gravity,2024-10-30T01:48:51.447Z,-9.722696,1.1678598,0.5310265,W1hZkqBeWCUTVBX6rx9OeHmaWx63,,,,,
67732e569b85a0767f6f2b5f,Gravity,2024-10-30T01:48:51.609Z,-9.722544,1.1724311,0.523736,W1hZkqBeWCUTVBX6rx9OeHmaWx63,,,,,
67732e569b85a0767f6f2b60,Gravity,2024-10-30T01:48:51.768Z,-9.722356,1.177778,0.51518416,W1hZkqBeWCUTVBX6rx9OeHmaWx63,,,,,
67732e569b85a0767f6f2b61,Gravity,2024-10-30T01:48:51.927Z,-9.722526,1.1796854,0.5075164,W1hZkqBeWCUTVBX6rx9OeHmaWx63,,,,,
67732e569b85a0767f6f2b62,Gravity,2024-10-30T01:48:52.085Z,-9.724223,1.1767712,0.48108813,W1hZkqBeWCUTVBX6rx9OeHmaWx63,,,,,
67732e569b85a0767f6f2b63,Gravity,2024-10-30T01:48:52.245Z,-9.730187,1.1433792,0.43906772,W1hZkqBeWCUTVBX6rx9OeHmaWx63,,,,,
67732e569b85a0767f6f2b64,Gravity,2024-10-30T01:48:52.406Z,-9.748802,0.9991882,0.3729241,W1hZkqBeWCUTVBX6rx9OeHmaWx63,,,,,
67732e569b85a0767f6f2b65,Gravity,2024-10-30T01:48:52.565Z,-9.767594,0.8357529,0.26868105,W1hZkqBeWCUTVBX6rx9OeHmaWx63,,,,,
67732e569b85a0767f6f2b66,Gravity,2024-10-30T01:48:52.725Z,-9.7763815,0.7513807,0.18506052,W1hZkqBeWCUTVBX6rx9OeHmaWx63,,,,,
67732e569b85a0767f6f2b67,Gravity,2024-10-30T01:48:52.885Z,-9.783734,0.6632304,0.12304127,W1hZkqBeWCUTVBX6rx9OeHmaWx63,,,,,
67732e569b85a0767f6f2b68,Gravity,2024-10-30T01:48:53.044Z,-9.78563,0.6393445,0.09503128,W1hZkqBeWCUTVBX6rx9OeHmaWx63,,,,,
67732e569b85a0767f6f2b69,Gravity,2024-10-30T01:48:53.205Z,-9.786072,0.6324717,-0.09579992,W1hZkqBeWCUTVBX6rx9OeHmaWx63,,,,,
67732e569b85a0767f6f2b6a,Gravity,2024-10-30T01:48:53.364Z,-9.793427,0.47828797,-0.19098055,W1hZkqBeWCUTVBX6rx9OeHmaWx63,,,,,
67732e569b85a0767f6f2b6b,Gravity,2024-10-30T01:48:53.524Z,-9.794342,0.45876378,-0.19218846,W1hZkqBeWCUTVBX6rx9OeHmaWx63,,,,,
67732e569b85a0767f6f2b6c,Gravity,2024-10-30T01:48:53.684Z,-9.799508,0.26647797,-0.27408698,W1hZkqBeWCUTVBX6rx9OeHmaWx63,,,,,
67732e569b85a0767f6f2b6d,Gravity,2024-10-30T01:48:53.844Z,-9.797134,0.14743513,-0.4135244,W1hZkqBeWCUTVBX6rx9OeHmaWx63,,,,,
67732e569b85a0767f6f2b6e,Gravity,2024-10-30T01:48:54.005Z,-9.794268,0.11314152,-0.48579353,W1hZkqBeWCUTVBX6rx9OeHmaWx63,,,,,
67732e569b85a0767f6f2b6f,Gravity,2024-10-30T01:48:54.164Z,-9.790397,0.1259592,-0.5557792,W1hZkqBeWCUTVBX6rx9OeHmaWx63,,,,,
67732e569b85a0767f6f2b70,Gravity,2024-10-30T01:48:54.324Z,-9.787092,0.14026713,-0.6080001,W1hZkqBeWCUTVBX6rx9OeHmaWx63,,,,,
67732e569b85a0767f6f2b71,Gravity,2024-10-30T01:48:54.484Z,-9.783168,0.14316022,-0.6674907,W1hZkqBeWCUTVBX6rx9OeHmaWx63,,,,,
67732e569b85a0767f6f2b72,Gravity,2024-10-30T01:48:54.644Z,-9.787728,0.15917028,-0.59268445,W1hZkqBeWCUTVBX6rx9OeHmaWx63,,,,,
67732e569b85a0767f6f2b73,Gravity,2024-10-30T01:48:54.805Z,-9.786322,0.15665713,-0.6161428,W1hZkqBeWCUTVBX6rx9OeHmaWx63,,,,,
67732e569b85a0767f6f2b74,Gravity,2024-10-30T01:48:54.964Z,-9.773785,0.2113558,-0.77765614,W1hZkqBeWCUTVBX6rx9OeHmaWx63,,,,,
67732e569b85a0767f6f2b75,Gravity,2024-10-30T01:48:55.124Z,-9.778791,0.27824062,-0.6884952,W1hZkqBeWCUTVBX6rx9OeHmaWx63,,,,,
67732e569b85a0767f6f2b76,Gravity,2024-10-30T01:48:55.284Z,-9.779708,0.3715376,-0.62878656,W1hZkqBeWCUTVBX6rx9OeHmaWx63,,,,,
67732e569b85a0767f6f2b77,Gravity,2024-10-30T01:48:55.444Z,-9.778556,0.6325816,-0.39451692,W1hZkqBeWCUTVBX6rx9OeHmaWx63,,,,,
67732e569b85a0767f6f2b78,Gravity,2024-10-30T01:48:55.605Z,-9.7774935,0.6773478,-0.34313804,W1hZkqBeWCUTVBX6rx9OeHmaWx63,,,,,
67732e569b85a0767f6f2b79,Gravity,2024-10-30T01:48:55.763Z,-9.776397,0.68569857,-0.35742432,W1hZkqBeWCUTVBX6rx9OeHmaWx63,,,,,
67732e569b85a0767f6f2b7a,Gravity,2024-10-30T01:48:55.923Z,-9.776938,0.66985506,-0.37239948,W1hZkqBeWCUTVBX6rx9OeHmaWx63,,,,,
67732e569b85a0767f6f2b7b,Gravity,2024-10-30T01:48:56.084Z,-9.776485,0.68021196,-0.36555737,W1hZkqBeWCUTVBX6rx9OeHmaWx63,,,,,
67732e569b85a0767f6f2b7c,Gravity,2024-10-30T01:48:56.244Z,-9.7762575,0.68684363,-0.3592866,W1hZkqBeWCUTVBX6rx9OeHmaWx63,,,,,
67732e569b85a0767f6f2b7d,Gravity,2024-10-30T01:48:56.405Z,-9.775924,0.68985975,-0.36255848,W1hZkqBeWCUTVBX6rx9OeHmaWx63,,,,,
67732e569b85a0767f6f2b7e,Gravity,2024-10-30T01:48:56.563Z,-9.774733,0.70210314,-0.37115183,W1hZkqBeWCUTVBX6rx9OeHmaWx63,,,,,
67732e569b85a0767f6f2b7f,Gravity,2024-10-30T01:48:56.723Z,-9.773572,0.71150196,-0.38369274,W1hZkqBeWCUTVBX6rx9OeHmaWx63,,,,,
67732e569b85a0767f6f2b80,Gravity,2024-10-30T01:48:56.883Z,-9.772636,0.71926767,-0.39294952,W1hZkqBeWCUTVBX6rx9OeHmaWx63,,,,,
67732e569b85a0767f6f2b81,Gravity,2024-10-30T01:48:57.043Z,-9.771826,0.7261185,-0.40046677,W1hZkqBeWCUTVBX6rx9OeHmaWx63,,,,,
67732e569b85a0767f6f2b82,Gravity,2024-10-30T01:48:57.203Z,-9.771215,0.73303664,-0.40279257,W1hZkqBeWCUTVBX6rx9OeHmaWx63,,,,,
67732e569b85a0767f6f2b83,Gravity,2024-10-30T01:48:57.362Z,-9.769633,0.7540198,-0.40240973,W1hZkqBeWCUTVBX6rx9OeHmaWx63,,,,,
67732e569b85a0767f6f2b84,Gravity,2024-10-30T01:48:57.522Z,-9.769031,0.76278967,-0.40062663,W1hZkqBeWCUTVBX6rx9OeHmaWx63,,,,,
67732e569b85a0767f6f2b85,Gravity,2024-10-30T01:48:57.683Z,-9.768663,0.7694214,-0.3970222,W1hZkqBeWCUTVBX6rx9OeHmaWx63,,,,,
67732e569b85a0767f6f2b86,Gravity,2024-10-30T01:48:57.842Z,-9.768447,0.7709122,-0.39949003,W1hZkqBeWCUTVBX6rx9OeHmaWx63,,,,,
67732e569b85a0767f6f2b87,Gravity,2024-10-30T01:48:58.004Z,-9.768394,0.77418345,-0.3944532,W1hZkqBeWCUTVBX6rx9OeHmaWx63,,,,,
67732e569b85a0767f6f2b88,Gravity,2024-10-30T01:48:58.162Z,-9.7672205,0.7833611,-0.40537557,W1hZkqBeWCUTVBX6rx9OeHmaWx63,,,,,
67732e569b85a0767f6f2b89,Gravity,2024-10-30T01:48:58.322Z,-9.765266,0.799853,-0.42008975,W1hZkqBeWCUTVBX6rx9OeHmaWx63,,,,,
67732e569b85a0767f6f2b8a,Gravity,2024-10-30T01:48:58.482Z,-9.764263,0.80941087,-0.42502576,W1hZkqBeWCUTVBX6rx9OeHmaWx63,,,,,
67732e569b85a0767f6f2b8b,Gravity,2024-10-30T01:48:58.642Z,-9.763302,0.81530607,-0.43577772,W1hZkqBeWCUTVBX6rx9OeHmaWx63,,,,,
67732e569b85a0767f6f2b8c,Gravity,2024-10-30T01:48:58.803Z,-9.762557,0.82130176,-0.4412132,W1hZkqBeWCUTVBX6rx9OeHmaWx63,,,,,
67732e569b85a0767f6f2b8d,Gravity,2024-10-30T01:48:58.961Z,-9.761685,0.8281816,-0.44765696,W1hZkqBeWCUTVBX6rx9OeHmaWx63,,,,,
67732e569b85a0767f6f2b8e,Gravity,2024-10-30T01:48:59.122Z,-9.760546,0.8358438,-0.45815763,W1hZkqBeWCUTVBX6rx9OeHmaWx63,,,,,
67732e569b85a0767f6f2b8f,Gravity,2024-10-30T01:48:59.282Z,-9.759389,0.84538496,-0.46530253,W1hZkqBeWCUTVBX6rx9OeHmaWx63,,,,,
67732e569b85a0767f6f2b90,Gravity,2024-10-30T01:48:59.442Z,-9.75817,0.8524498,-0.47782737,W1hZkqBeWCUTVBX6rx9OeHmaWx63,,,,,
67732e569b85a0767f6f2b91,Gravity,2024-10-30T01:48:59.602Z,-9.756875,0.8590338,-0.49230713,W1hZkqBeWCUTVBX6rx9OeHmaWx63,,,,,
67732e569b85a0767f6f2b92,Gravity,2024-10-30T01:48:59.761Z,-9.755131,0.8661048,-0.5140686,W1hZkqBeWCUTVBX6rx9OeHmaWx63,,,,,
67732e569b85a0767f6f2b93,Gravity,2024-10-30T01:48:59.922Z,-9.751694,0.8811694,-0.5523279,W1hZkqBeWCUTVBX6rx9OeHmaWx63,,,,,
67732e569b85a0767f6f2b94,Gravity,2024-10-30T01:49:00.081Z,-9.748585,0.89558285,-0.5833058,W1hZkqBeWCUTVBX6rx9OeHmaWx63,,,,,
67732e569b85a0767f6f2b95,Gravity,2024-10-30T01:49:00.241Z,-9.747341,0.9039231,-0.59118545,W1hZkqBeWCUTVBX6rx9OeHmaWx63,,,,,
67732e569b85a0767f6f2b96,Gravity,2024-10-30T01:49:00.402Z,-9.747026,0.91101915,-0.58549017,W1hZkqBeWCUTVBX6rx9OeHmaWx63,,,,,
67732e569b85a0767f6f2b97,Gravity,2024-10-30T01:49:00.561Z,-9.745018,0.92964995,-0.58961076,W1hZkqBeWCUTVBX6rx9OeHmaWx63,,,,,
67732e569b85a0767f6f2b98,Gravity,2024-10-30T01:49:00.721Z,-9.742876,0.93877226,-0.61014205,W1hZkqBeWCUTVBX6rx9OeHmaWx63,,,,,
67732e569b85a0767f6f2b99,Gravity,2024-10-30T01:49:00.881Z,-9.742077,0.9500594,-0.6054086,W1hZkqBeWCUTVBX6rx9OeHmaWx63,,,,,
67732e569b85a0767f6f2b9a,Gravity,2024-10-30T01:49:01.041Z,-9.73915,0.9634268,-0.6307628,W1hZkqBeWCUTVBX6rx9OeHmaWx63,,,,,
67732e569b85a0767f6f2b9b,Gravity,2024-10-30T01:49:01.201Z,-9.734835,0.9828338,-0.66642773,W1hZkqBeWCUTVBX6rx9OeHmaWx63,,,,,
67732e569b85a0767f6f2b9c,Gravity,2024-10-30T01:49:01.360Z,-9.729978,1.0146228,-0.6893933,W1hZkqBeWCUTVBX6rx9OeHmaWx63,,,,,
67732e569b85a0767f6f2b9d,Gravity,2024-10-30T01:49:01.520Z,-9.726218,1.0268302,-0.7235323,W1hZkqBeWCUTVBX6rx9OeHmaWx63,,,,,
67732e569b85a0767f6f2b9e,Gravity,2024-10-30T01:49:01.680Z,-9.723215,1.0301754,-0.7583271,W1hZkqBeWCUTVBX6rx9OeHmaWx63,,,,,
67732e569b85a0767f6f2b9f,Gravity,2024-10-30T01:49:01.840Z,-9.721317,1.0440637,-0.7635984,W1hZkqBeWCUTVBX6rx9OeHmaWx63,,,,,
67732e569b85a0767f6f2ba0,Gravity,2024-10-30T01:49:02.002Z,-9.719521,1.0530232,-0.77409494,W1hZkqBeWCUTVBX6rx9OeHmaWx63,,,,,
67732e569b85a0767f6f2ba1,Gravity,2024-10-30T01:49:02.162Z,-9.718107,1.0594506,-0.7830434,W1hZkqBeWCUTVBX6rx9OeHmaWx63,,,,,
67732e569b85a0767f6f2ba2,Gravity,2024-10-30T01:49:02.324Z,-9.716959,1.066196,-0.7881334,W1hZkqBeWCUTVBX6rx9OeHmaWx63,,,,,
67732e569b85a0767f6f2ba3,Gravity,2024-10-30T01:49:02.480Z,-9.716831,1.06842,-0.7867136,W1hZkqBeWCUTVBX6rx9OeHmaWx63,,,,,
67732e569b85a0767f6f2ba4,Gravity,2024-10-30T01:49:02.641Z,-9.717734,1.0566312,-0.791438,W1hZkqBeWCUTVBX6rx9OeHmaWx63,,,,,
67732e569b85a0767f6f2ba5,Gravity,2024-10-30T01:49:02.802Z,-9.716984,1.0557421,-0.8017495,W1hZkqBeWCUTVBX6rx9OeHmaWx63,,,,,
67732e569b85a0767f6f2ba6,Gravity,2024-10-30T01:49:02.961Z,-9.714901,1.0603306,-0.8207213,W1hZkqBeWCUTVBX6rx9OeHmaWx63,,,,,
67732e569b85a0767f6f2ba7,Gravity,2024-10-30T01:49:03.122Z,-9.713312,1.0605203,-0.8391206,W1hZkqBeWCUTVBX6rx9OeHmaWx63,,,,,
67732e569b85a0767f6f2ba8,Gravity,2024-10-30T01:49:03.281Z,-9.711746,1.0617838,-0.8555176,W1hZkqBeWCUTVBX6rx9OeHmaWx63,,,,,
67732e569b85a0767f6f2ba9,Gravity,2024-10-30T01:49:03.441Z,-9.709966,1.0712819,-0.8639099,W1hZkqBeWCUTVBX6rx9OeHmaWx63,,,,,
67732e569b85a0767f6f2baa,Gravity,2024-10-30T01:49:03.602Z,-9.708883,1.0807222,-0.86429656,W1hZkqBeWCUTVBX6rx9OeHmaWx63,,,,,
67732e569b85a0767f6f2bab,Gravity,2024-10-30T01:49:03.761Z,-9.708153,1.0871859,-0.86435944,W1hZkqBeWCUTVBX6rx9OeHmaWx63,,,,,
67732e569b85a0767f6f2bac,Gravity,2024-10-30T01:49:03.921Z,-9.70728,1.0951155,-0.8641674,W1hZkqBeWCUTVBX6rx9OeHmaWx63,,,,,
67732e569b85a0767f6f2bad,Gravity,2024-10-30T01:49:04.081Z,-9.705488,1.1064798,-0.86978585,W1hZkqBeWCUTVBX6rx9OeHmaWx63,,,,,
67732e569b85a0767f6f2bae,Gravity,2024-10-30T01:49:04.241Z,-9.70347,1.1164222,-0.87952775,W1hZkqBeWCUTVBX6rx9OeHmaWx63,,,,,
67732e569b85a0767f6f2baf,Gravity,2024-10-30T01:49:04.402Z,-9.701732,1.126647,-0.88566464,W1hZkqBeWCUTVBX6rx9OeHmaWx63,,,,,
67732e569b85a0767f6f2bb0,Gravity,2024-10-30T01:49:04.559Z,-9.701302,1.1358076,-0.8786565,W1hZkqBeWCUTVBX6rx9OeHmaWx63,,,,,
67732e569b85a0767f6f2bb1,Gravity,2024-10-30T01:49:04.719Z,-9.701344,1.1418647,-0.8703394,W1hZkqBeWCUTVBX6rx9OeHmaWx63,,,,,
67732e569b85a0767f6f2bb2,Gravity,2024-10-30T01:49:04.879Z,-9.700436,1.1520462,-0.8670792,W1hZkqBeWCUTVBX6rx9OeHmaWx63,,,,,
67732e569b85a0767f6f2bb3,Gravity,2024-10-30T01:49:05.039Z,-9.699038,1.1608441,-0.8709993,W1hZkqBeWCUTVBX6rx9OeHmaWx63,,,,,
67732e569b85a0767f6f2bb4,Gravity,2024-10-30T01:49:05.202Z,-9.697174,1.1696619,-0.8799147,W1hZkqBeWCUTVBX6rx9OeHmaWx63,,,,,
67732e569b85a0767f6f2bb5,Gravity,2024-10-30T01:49:05.358Z,-9.6954565,1.1781243,-0.88754183,W1hZkqBeWCUTVBX6rx9OeHmaWx63,,,,,
67732e569b85a0767f6f2bb6,Gravity,2024-10-30T01:49:05.518Z,-9.693531,1.1883866,-0.894877,W1hZkqBeWCUTVBX6rx9OeHmaWx63,,,,,
67732e569b85a0767f6f2bb7,Gravity,2024-10-30T01:49:05.678Z,-9.691498,1.2001901,-0.90112704,W1hZkqBeWCUTVBX6rx9OeHmaWx63,,,,,
67732e569b85a0767f6f2bb8,Gravity,2024-10-30T01:49:05.838Z,-9.6891165,1.2083471,-0.91571057,W1hZkqBeWCUTVBX6rx9OeHmaWx63,,,,,
67732e569b85a0767f6f2bb9,Gravity,2024-10-30T01:49:05.999Z,-9.686748,1.2153455,-0.9314333,W1hZkqBeWCUTVBX6rx9OeHmaWx63,,,,,
67732e569b85a0767f6f2bba,Gravity,2024-10-30T01:49:06.158Z,-9.685072,1.2277924,-0.9325515,W1hZkqBeWCUTVBX6rx9OeHmaWx63,,,,,
67732e569b85a0767f6f2bbb,Gravity,2024-10-30T01:49:06.318Z,-9.683488,1.2327242,-0.94248897,W1hZkqBeWCUTVBX6rx9OeHmaWx63,,,,,
67732e569b85a0767f6f2bbc,Gravity,2024-10-30T01:49:06.480Z,-9.681453,1.2428274,-0.9501322,W1hZkqBeWCUTVBX6rx9OeHmaWx63,,,,,
67732e569b85a0767f6f2bbd,Gravity,2024-10-30T01:49:06.638Z,-9.679061,1.2549661,-0.95855045,W1hZkqBeWCUTVBX6rx9OeHmaWx63,,,,,
67732e569b85a0767f6f2bbe,Gravity,2024-10-30T01:49:06.799Z,-9.677042,1.2642475,-0.9666794,W1hZkqBeWCUTVBX6rx9OeHmaWx63,,,,,
67732e569b85a0767f6f2bbf,Gravity,2024-10-30T01:49:06.958Z,-9.675449,1.2702693,-0.9747528,W1hZkqBeWCUTVBX6rx9OeHmaWx63,,,,,
67732e569b85a0767f6f2bc0,Gravity,2024-10-30T01:49:07.117Z,-9.674058,1.2779768,-0.97847444,W1hZkqBeWCUTVBX6rx9OeHmaWx63,,,,,
67732e569b85a0767f6f2bc1,Gravity,2024-10-30T01:49:07.277Z,-9.672658,1.2866973,-0.9809049,W1hZkqBeWCUTVBX6rx9OeHmaWx63,,,,,
67732e569b85a0767f6f2bc2,Gravity,2024-10-30T01:49:07.437Z,-9.670975,1.2932962,-0.9888071,W1hZkqBeWCUTVBX6rx9OeHmaWx63,,,,,
67732e569b85a0767f6f2bc3,Gravity,2024-10-30T01:49:07.598Z,-9.668865,1.3025279,-0.99733174,W1hZkqBeWCUTVBX6rx9OeHmaWx63,,,,,
67732e569b85a0767f6f2bc4,Gravity,2024-10-30T01:49:07.757Z,-9.667569,1.3106811,-0.9992501,W1hZkqBeWCUTVBX6rx9OeHmaWx63,,,,,
67732e569b85a0767f6f2bc5,Gravity,2024-10-30T01:49:07.917Z,-9.666476,1.3195462,-0.99819565,W1hZkqBeWCUTVBX6rx9OeHmaWx63,,,,,
67732e569b85a0767f6f2bc6,Gravity,2024-10-30T01:49:08.077Z,-9.664823,1.3274349,-1.003803,W1hZkqBeWCUTVBX6rx9OeHmaWx63,,,,,
67732e569b85a0767f6f2bc7,Gravity,2024-10-30T01:49:08.238Z,-9.661774,1.3416513,-1.0141811,W1hZkqBeWCUTVBX6rx9OeHmaWx63,,,,,
67732e569b85a0767f6f2bc8,Gravity,2024-10-30T01:49:08.398Z,-9.65989,1.3516958,-1.0187807,W1hZkqBeWCUTVBX6rx9OeHmaWx63,,,,,
67732e569b85a0767f6f2bc9,Gravity,2024-10-30T01:49:08.557Z,-9.658318,1.3597201,-1.0230384,W1hZkqBeWCUTVBX6rx9OeHmaWx63,,,,,
67732e569b85a0767f6f2bca,Gravity,2024-10-30T01:49:08.717Z,-9.655538,1.36864,-1.03732,W1hZkqBeWCUTVBX6rx9OeHmaWx63,,,,,
67732e569b85a0767f6f2bcb,Gravity,2024-10-30T01:49:08.877Z,-9.650251,1.3827485,-1.0674404,W1hZkqBeWCUTVBX6rx9OeHmaWx63,,,,,
67732e569b85a0767f6f2bcc,Gravity,2024-10-30T01:49:09.037Z,-9.644444,1.3980341,-1.0995839,W1hZkqBeWCUTVBX6rx9OeHmaWx63,,,,,
67732e569b85a0767f6f2bcd,Gravity,2024-10-30T01:49:09.197Z,-9.642024,1.4109669,-1.104294,W1hZkqBeWCUTVBX6rx9OeHmaWx63,,,,,
67732e569b85a0767f6f2bce,Gravity,2024-10-30T01:49:09.357Z,-9.640553,1.4164708,-1.1101053,W1hZkqBeWCUTVBX6rx9OeHmaWx63,,,,,
67732e569b85a0767f6f2bcf,Gravity,2024-10-30T01:49:09.516Z,-9.639464,1.421995,-1.1125333,W1hZkqBeWCUTVBX6rx9OeHmaWx63,,,,,
67732e569b85a0767f6f2bd0,Gravity,2024-10-30T01:49:09.677Z,-9.637058,1.4322046,-1.1202742,W1hZkqBeWCUTVBX6rx9OeHmaWx63,,,,,
67732e569b85a0767f6f2bd1,Gravity,2024-10-30T01:49:09.836Z,-9.634596,1.4425547,-1.1281419,W1hZkqBeWCUTVBX6rx9OeHmaWx63,,,,,
67732e569b85a0767f6f2bd2,Gravity,2024-10-30T01:49:09.997Z,-9.632034,1.4511589,-1.1389585,W1hZkqBeWCUTVBX6rx9OeHmaWx63,,,,,
67732e569b85a0767f6f2bd3,Gravity,2024-10-30T01:49:10.156Z,-9.630737,1.4578575,-1.1413842,W1hZkqBeWCUTVBX6rx9OeHmaWx63,,,,,
67732e569b85a0767f6f2bd4,Gravity,2024-10-30T01:49:10.316Z,-9.629059,1.4657822,-1.1454273,W1hZkqBeWCUTVBX6rx9OeHmaWx63,,,,,
67732e569b85a0767f6f2bd5,Gravity,2024-10-30T01:49:10.476Z,-9.626784,1.4775159,-1.1494746,W1hZkqBeWCUTVBX6rx9OeHmaWx63,,,,,
67732e569b85a0767f6f2bd6,Gravity,2024-10-30T01:49:10.636Z,-9.625949,1.4859526,-1.1455886,W1hZkqBeWCUTVBX6rx9OeHmaWx63,,,,,
67732e569b85a0767f6f2bd7,Gravity,2024-10-30T01:49:10.797Z,-9.625579,1.4916844,-1.1412328,W1hZkqBeWCUTVBX6rx9OeHmaWx63,,,,,
67732e569b85a0767f6f2bd8,Gravity,2024-10-30T01:49:10.956Z,-9.624427,1.4991642,-1.1411638,W1hZkqBeWCUTVBX6rx9OeHmaWx63,,,,,
67732e569b85a0767f6f2bd9,Gravity,2024-10-30T01:49:11.116Z,-9.622707,1.5130007,-1.1374165,W1hZkqBeWCUTVBX6rx9OeHmaWx63,,,,,
67732e569b85a0767f6f2bda,Gravity,2024-10-30T01:49:11.276Z,-9.620149,1.5239238,-1.1444302,W1hZkqBeWCUTVBX6rx9OeHmaWx63,,,,,
67732e569b85a0767f6f2bdb,Gravity,2024-10-30T01:49:11.436Z,-9.618002,1.5317885,-1.1519856,W1hZkqBeWCUTVBX6rx9OeHmaWx63,,,,,
67732e569b85a0767f6f2bdc,Gravity,2024-10-30T01:49:11.597Z,-9.616066,1.5396304,-1.1576971,W1hZkqBeWCUTVBX6rx9OeHmaWx63,,,,,
67732e569b85a0767f6f2bdd,Gravity,2024-10-30T01:49:11.756Z,-9.613806,1.5476342,-1.1657887,W1hZkqBeWCUTVBX6rx9OeHmaWx63,,,,,
67732e569b85a0767f6f2bde,Gravity,2024-10-30T01:49:11.917Z,-9.611622,1.5569834,-1.1713585,W1hZkqBeWCUTVBX6rx9OeHmaWx63,,,,,
67732e569b85a0767f6f2bdf,Gravity,2024-10-30T01:49:12.075Z,-9.609003,1.5681244,-1.1780133,W1hZkqBeWCUTVBX6rx9OeHmaWx63,,,,,
67732e569b85a0767f6f2be0,Gravity,2024-10-30T01:49:12.235Z,-9.606463,1.5769331,-1.1869588,W1hZkqBeWCUTVBX6rx9OeHmaWx63,,,,,
67732e569b85a0767f6f2be1,Gravity,2024-10-30T01:49:12.396Z,-9.604101,1.5854788,-1.1946704,W1hZkqBeWCUTVBX6rx9OeHmaWx63,,,,,
67732e569b85a0767f6f2be2,Gravity,2024-10-30T01:49:12.556Z,-9.602084,1.5921652,-1.201974,W1hZkqBeWCUTVBX6rx9OeHmaWx63,,,,,
67732e569b85a0767f6f2be3,Gravity,2024-10-30T01:49:12.715Z,-9.599876,1.5995033,-1.2098609,W1hZkqBeWCUTVBX6rx9OeHmaWx63,,,,,
67732e569b85a0767f6f2be4,Gravity,2024-10-30T01:49:12.875Z,-9.597006,1.6095228,-1.2193354,W1hZkqBeWCUTVBX6rx9OeHmaWx63,,,,,
67732e569b85a0767f6f2be5,Gravity,2024-10-30T01:49:13.036Z,-9.593429,1.6194191,-1.2343326,W1hZkqBeWCUTVBX6rx9OeHmaWx63,,,,,
67732e569b85a0767f6f2be6,Gravity,2024-10-30T01:49:13.196Z,-9.5899725,1.6293603,-1.2480203,W1hZkqBeWCUTVBX6rx9OeHmaWx63,,,,,
67732e569b85a0767f6f2be7,Gravity,2024-10-30T01:49:13.356Z,-9.586798,1.6392443,-1.2594541,W1hZkqBeWCUTVBX6rx9OeHmaWx63,,,,,
67732e569b85a0767f6f2be8,Gravity,2024-10-30T01:49:13.515Z,-9.584075,1.65014,-1.265954,W1hZkqBeWCUTVBX6rx9OeHmaWx63,,,,,
67732e569b85a0767f6f2be9,Gravity,2024-10-30T01:49:13.675Z,-9.581692,1.6622324,-1.2682067,W1hZkqBeWCUTVBX6rx9OeHmaWx63,,,,,
67732e569b85a0767f6f2bea,Gravity,2024-10-30T01:49:13.835Z,-9.579717,1.6718346,-1.2705145,W1hZkqBeWCUTVBX6rx9OeHmaWx63,,,,,
67732e569b85a0767f6f2beb,Gravity,2024-10-30T01:49:13.996Z,-9.578236,1.6777307,-1.2738789,W1hZkqBeWCUTVBX6rx9OeHmaWx63,,,,,
67732e569b85a0767f6f2bec,Gravity,2024-10-30T01:49:14.157Z,-9.5768585,1.6867014,-1.2723984,W1hZkqBeWCUTVBX6rx9OeHmaWx63,,,,,
67732e569b85a0767f6f2bed,Gravity,2024-10-30T01:49:14.317Z,-9.575978,1.6960365,-1.2666361,W1hZkqBeWCUTVBX6rx9OeHmaWx63,,,,,
67732e569b85a0767f6f2bee,Gravity,2024-10-30T01:49:14.477Z,-9.575784,1.7251784,-1.2281109,W1hZkqBeWCUTVBX6rx9OeHmaWx63,,,,,
67732e569b85a0767f6f2bef,Gravity,2024-10-30T01:49:14.637Z,-9.574122,1.7295065,-1.2348808,W1hZkqBeWCUTVBX6rx9OeHmaWx63,,,,,
67732e569b85a0767f6f2bf0,Gravity,2024-10-30T01:49:14.798Z,-9.574754,1.735673,-1.2211848,W1hZkqBeWCUTVBX6rx9OeHmaWx63,,,,,
67732e569b85a0767f6f2bf1,Gravity,2024-10-30T01:49:14.956Z,-9.568427,1.7575723,-1.2393746,W1hZkqBeWCUTVBX6rx9OeHmaWx63,,,,,
67732e569b85a0767f6f2bf2,Gravity,2024-10-30T01:49:15.117Z,-9.5645075,1.7615076,-1.2637889,W1hZkqBeWCUTVBX6rx9OeHmaWx63,,,,,
67732e569b85a0767f6f2bf3,Gravity,2024-10-30T01:49:15.277Z,-9.560838,1.7696295,-1.2800971,W1hZkqBeWCUTVBX6rx9OeHmaWx63,,,,,
67732e569b85a0767f6f2bf4,Gravity,2024-10-30T01:49:15.439Z,-9.557232,1.7739687,-1.3008704,W1hZkqBeWCUTVBX6rx9OeHmaWx63,,,,,
67732e569b85a0767f6f2bf5,Gravity,2024-10-30T01:49:15.598Z,-9.553535,1.7749066,-1.326518,W1hZkqBeWCUTVBX6rx9OeHmaWx63,,,,,
67732e569b85a0767f6f2bf6,Gravity,2024-10-30T01:49:15.757Z,-9.55089,1.7737025,-1.3470372,W1hZkqBeWCUTVBX6rx9OeHmaWx63,,,,,
67732e569b85a0767f6f2bf7,Gravity,2024-10-30T01:49:15.916Z,-9.548131,1.7810645,-1.356881,W1hZkqBeWCUTVBX6rx9OeHmaWx63,,,,,
67732e569b85a0767f6f2bf8,Gravity,2024-10-30T01:49:16.074Z,-9.546306,1.7890599,-1.3592665,W1hZkqBeWCUTVBX6rx9OeHmaWx63,,,,,
67732e569b85a0767f6f2bf9,Gravity,2024-10-30T01:49:16.234Z,-9.54445,1.7964182,-1.3626124,W1hZkqBeWCUTVBX6rx9OeHmaWx63,,,,,
67732e569b85a0767f6f2bfa,Gravity,2024-10-30T01:49:16.395Z,-9.542218,1.8052982,-1.3665047,W1hZkqBeWCUTVBX6rx9OeHmaWx63,,,,,
67732e569b85a0767f6f2bfb,Gravity,2024-10-30T01:49:16.554Z,-9.540069,1.8134882,-1.3706682,W1hZkqBeWCUTVBX6rx9OeHmaWx63,,,,,
67732e569b85a0767f6f2bfc,Gravity,2024-10-30T01:49:16.714Z,-9.537813,1.8218349,-1.3753005,W1hZkqBeWCUTVBX6rx9OeHmaWx63,,,,,
67732e569b85a0767f6f2bfd,Gravity,2024-10-30T01:49:16.873Z,-9.534886,1.8342823,-1.3790239,W1hZkqBeWCUTVBX6rx9OeHmaWx63,,,,,
67732e569b85a0767f6f2bfe,Gravity,2024-10-30T01:49:17.034Z,-9.533129,1.842434,-1.3803432,W1hZkqBeWCUTVBX6rx9OeHmaWx63,,,,,
67732e569b85a0767f6f2bff,Gravity,2024-10-30T01:49:17.195Z,-9.530181,1.8497382,-1.3909037,W1hZkqBeWCUTVBX6rx9OeHmaWx63,,,,,
67732e569b85a0767f6f2c00,Gravity,2024-10-30T01:49:17.354Z,-9.526313,1.8543648,-1.4110808,W1hZkqBeWCUTVBX6rx9OeHmaWx63,,,,,
67732e569b85a0767f6f2c01,Gravity,2024-10-30T01:49:17.514Z,-9.523316,1.847523,-1.4400012,W1hZkqBeWCUTVBX6rx9OeHmaWx63,,,,,
67732e569b85a0767f6f2c02,Gravity,2024-10-30T01:49:17.674Z,-9.518784,1.852498,-1.4633892,W1hZkqBeWCUTVBX6rx9OeHmaWx63,,,,,
67732e569b85a0767f6f2c03,Gravity,2024-10-30T01:49:17.834Z,-9.515109,1.8220553,-1.5242484,W1hZkqBeWCUTVBX6rx9OeHmaWx63,,,,,
67732e569b85a0767f6f2c04,Gravity,2024-10-30T01:49:17.994Z,-9.512407,1.8092046,-1.5560932,W1hZkqBeWCUTVBX6rx9OeHmaWx63,,,,,
67732e569b85a0767f6f2c05,Gravity,2024-10-30T01:49:18.153Z,-9.523475,1.782304,-1.5190023,W1hZkqBeWCUTVBX6rx9OeHmaWx63,,,,,
67732e569b85a0767f6f2c06,Gravity,2024-10-30T01:49:18.313Z,-9.522957,1.7964029,-1.5055981,W1hZkqBeWCUTVBX6rx9OeHmaWx63,,,,,
67732e569b85a0767f6f2c07,Gravity,2024-10-30T01:49:18.473Z,-9.51387,1.82288,-1.530947,W1hZkqBeWCUTVBX6rx9OeHmaWx63,,,,,
67732e569b85a0767f6f2c08,Gravity,2024-10-30T01:49:18.634Z,-9.5091095,1.8197985,-1.56382,W1hZkqBeWCUTVBX6rx9OeHmaWx63,,,,,
67732e569b85a0767f6f2c09,Gravity,2024-10-30T01:49:18.794Z,-9.502144,1.8199708,-1.6054122,W1hZkqBeWCUTVBX6rx9OeHmaWx63,,,,,
67732e569b85a0767f6f2c0a,Gravity,2024-10-30T01:49:18.954Z,-9.515899,1.8126848,-1.5303847,W1hZkqBeWCUTVBX6rx9OeHmaWx63,,,,,
67732e569b85a0767f6f2c0b,Gravity,2024-10-30T01:49:19.113Z,-9.510933,1.801144,-1.5741935,W1hZkqBeWCUTVBX6rx9OeHmaWx63,,,,,
67732e569b85a0767f6f2c0c,Gravity,2024-10-30T01:49:19.273Z,-9.503801,1.7671789,-1.6537194,W1hZkqBeWCUTVBX6rx9OeHmaWx63,,,,,
67732e569b85a0767f6f2c0d,Gravity,2024-10-30T01:49:19.433Z,-9.485618,1.7851346,-1.7367122,W1hZkqBeWCUTVBX6rx9OeHmaWx63,,,,,
67732e569b85a0767f6f2c0e,Gravity,2024-10-30T01:49:19.594Z,-9.488467,1.7941009,-1.7117414,W1hZkqBeWCUTVBX6rx9OeHmaWx63,,,,,
67732e569b85a0767f6f2c0f,Gravity,2024-10-30T01:49:19.753Z,-9.4832945,1.764859,-1.7698113,W1hZkqBeWCUTVBX6rx9OeHmaWx63,,,,,
67732e569b85a0767f6f2c10,Gravity,2024-10-30T01:49:19.913Z,-9.482723,1.7136896,-1.8223634,W1hZkqBeWCUTVBX6rx9OeHmaWx63,,,,,
67732e569b85a0767f6f2c11,Gravity,2024-10-30T01:49:20.073Z,-9.483697,1.6932855,-1.8362703,W1hZkqBeWCUTVBX6rx9OeHmaWx63,,,,,
67732e569b85a0767f6f2c12,Gravity,2024-10-30T01:49:20.233Z,-9.479392,1.6593212,-1.888717,W1hZkqBeWCUTVBX6rx9OeHmaWx63,,,,,
67732e569b85a0767f6f2c13,Gravity,2024-10-30T01:49:20.394Z,-9.478203,1.6390933,-1.9121681,W1hZkqBeWCUTVBX6rx9OeHmaWx63,,,,,
67732e569b85a0767f6f2c14,Gravity,2024-10-30T01:49:20.554Z,-9.485419,1.5611641,-1.9413211,W1hZkqBeWCUTVBX6rx9OeHmaWx63,,,,,
67732e569b85a0767f6f2c15,Gravity,2024-10-30T01:49:20.713Z,-9.487277,1.5135192,-1.9697587,W1hZkqBeWCUTVBX6rx9OeHmaWx63,,,,,
67732e569b85a0767f6f2c16,Gravity,2024-10-30T01:49:20.873Z,-9.485975,1.5162536,-1.9738661,W1hZkqBeWCUTVBX6rx9OeHmaWx63,,,,,
67732e569b85a0767f6f2c17,Gravity,2024-10-30T01:49:21.033Z,-9.480393,1.5484692,-1.9756343,W1hZkqBeWCUTVBX6rx9OeHmaWx63,,,,,
67732e569b85a0767f6f2c18,Gravity,2024-10-30T01:49:21.194Z,-9.476733,1.5780545,-1.9697686,W1hZkqBeWCUTVBX6rx9OeHmaWx63,,,,,
67732e569b85a0767f6f2c19,Gravity,2024-10-30T01:49:21.353Z,-9.469616,1.6232927,-1.967161,W1hZkqBeWCUTVBX6rx9OeHmaWx63,,,,,
67732e569b85a0767f6f2c1a,Gravity,2024-10-30T01:49:21.513Z,-9.464548,1.6534926,-1.9664351,W1hZkqBeWCUTVBX6rx9OeHmaWx63,,,,,
67732e569b85a0767f6f2c1b,Gravity,2024-10-30T01:49:21.673Z,-9.463071,1.6826751,-1.9487364,W1hZkqBeWCUTVBX6rx9OeHmaWx63,,,,,
67732e569b85a0767f6f2c1c,Gravity,2024-10-30T01:49:21.833Z,-9.459944,1.7194709,-1.9316958,W1hZkqBeWCUTVBX6rx9OeHmaWx63,,,,,
67732e569b85a0767f6f2c1d,Gravity,2024-10-30T01:49:21.994Z,-9.445296,1.7634605,-1.963422,W1hZkqBeWCUTVBX6rx9OeHmaWx63,,,,,
67732e569b85a0767f6f2c1e,Gravity,2024-10-30T01:49:22.153Z,-9.423613,1.878741,-1.9606559,W1hZkqBeWCUTVBX6rx9OeHmaWx63,,,,,
67732e569b85a0767f6f2c1f,Gravity,2024-10-30T01:49:22.312Z,-9.424937,1.9570634,-1.8758091,W1hZkqBeWCUTVBX6rx9OeHmaWx63,,,,,
67732e569b85a0767f6f2c20,Gravity,2024-10-30T01:49:22.472Z,-9.428199,2.015316,-1.7959979,W1hZkqBeWCUTVBX6rx9OeHmaWx63,,,,,
67732e569b85a0767f6f2c21,Gravity,2024-10-30T01:49:22.632Z,-9.421803,2.045979,-1.7948885,W1hZkqBeWCUTVBX6rx9OeHmaWx63,,,,,
67732e569b85a0767f6f2c22,Gravity,2024-10-30T01:49:22.793Z,-9.417338,2.0593297,-1.803028,W1hZkqBeWCUTVBX6rx9OeHmaWx63,,,,,
67732e569b85a0767f6f2c23,Gravity,2024-10-30T01:49:22.952Z,-9.411629,2.0974066,-1.7888925,W1hZkqBeWCUTVBX6rx9OeHmaWx63,,,,,
67732e569b85a0767f6f2c24,Gravity,2024-10-30T01:49:23.112Z,-9.384706,2.1336439,-1.8849154,W1hZkqBeWCUTVBX6rx9OeHmaWx63,,,,,
67732e569b85a0767f6f2c25,Gravity,2024-10-30T01:49:23.272Z,-9.39045,2.08732,-1.9080104,W1hZkqBeWCUTVBX6rx9OeHmaWx63,,,,,
67732e569b85a0767f6f2c26,Gravity,2024-10-30T01:49:23.432Z,-9.395405,2.089701,-1.8807799,W1hZkqBeWCUTVBX6rx9OeHmaWx63,,,,,
67732e569b85a0767f6f2c27,Gravity,2024-10-30T01:49:23.593Z,-9.403017,1.9641421,-1.9756303,W1hZkqBeWCUTVBX6rx9OeHmaWx63,,,,,
67732e569b85a0767f6f2c28,Gravity,2024-10-30T01:49:23.753Z,-9.430154,1.5721081,-2.1859546,W1hZkqBeWCUTVBX6rx9OeHmaWx63,,,,,
67732e569b85a0767f6f2c29,Gravity,2024-10-30T01:49:23.914Z,-9.370395,1.6543244,-2.3741817,W1hZkqBeWCUTVBX6rx9OeHmaWx63,,,,,
67732e569b85a0767f6f2c2a,Gravity,2024-10-30T01:49:24.072Z,-9.376368,1.7142969,-2.3070915,W1hZkqBeWCUTVBX6rx9OeHmaWx63,,,,,
67732e569b85a0767f6f2c2b,Gravity,2024-10-30T01:49:24.232Z,-9.386482,1.7766514,-2.2169805,W1hZkqBeWCUTVBX6rx9OeHmaWx63,,,,,
67732e569b85a0767f6f2c2c,Gravity,2024-10-30T01:49:24.393Z,-9.378226,1.8151965,-2.2206285,W1hZkqBeWCUTVBX6rx9OeHmaWx63,,,,,
67732e569b85a0767f6f2c2d,Gravity,2024-10-30T01:49:24.552Z,-9.37465,1.8397588,-2.2154882,W1hZkqBeWCUTVBX6rx9OeHmaWx63,,,,,
67732e569b85a0767f6f2c2e,Gravity,2024-10-30T01:49:24.712Z,-9.372542,1.8700159,-2.1989772,W1hZkqBeWCUTVBX6rx9OeHmaWx63,,,,,
67732e569b85a0767f6f2c2f,Gravity,2024-10-30T01:49:24.872Z,-9.372526,1.7993747,-2.257212,W1hZkqBeWCUTVBX6rx9OeHmaWx63,,,,,
67732e569b85a0767f6f2c30,Gravity,2024-10-30T01:49:25.032Z,-9.369102,1.6868373,-2.356161,W1hZkqBeWCUTVBX6rx9OeHmaWx63,,,,,
67732e569b85a0767f6f2c31,Gravity,2024-10-30T01:49:25.193Z,-9.372256,1.7547456,-2.2931483,W1hZkqBeWCUTVBX6rx9OeHmaWx63,,,,,
67732e569b85a0767f6f2c32,Gravity,2024-10-30T01:49:25.352Z,-9.346417,1.874569,-2.303757,W1hZkqBeWCUTVBX6rx9OeHmaWx63,,,,,
67732e569b85a0767f6f2c33,Gravity,2024-10-30T01:49:25.512Z,-9.368816,1.8836888,-2.2031426,W1hZkqBeWCUTVBX6rx9OeHmaWx63,,,,,
67732e569b85a0767f6f2c34,Gravity,2024-10-30T01:49:25.672Z,-9.384311,1.8207232,-2.1900885,W1hZkqBeWCUTVBX6rx9OeHmaWx63,,,,,
67732e569b85a0767f6f2c35,Gravity,2024-10-30T01:49:25.832Z,-9.3795,1.8355802,-2.1982465,W1hZkqBeWCUTVBX6rx9OeHmaWx63,,,,,
67732e569b85a0767f6f2c36,Gravity,2024-10-30T01:49:25.993Z,-9.373204,1.7868954,-2.264211,W1hZkqBeWCUTVBX6rx9OeHmaWx63,,,,,
67732e569b85a0767f6f2c37,Gravity,2024-10-30T01:49:26.154Z,-9.33695,1.9697473,-2.2623453,W1hZkqBeWCUTVBX6rx9OeHmaWx63,,,,,
67732e569b85a0767f6f2c38,Gravity,2024-10-30T01:49:26.314Z,-9.33711,1.9660344,-2.2648857,W1hZkqBeWCUTVBX6rx9OeHmaWx63,,,,,
67732e569b85a0767f6f2c39,Gravity,2024-10-30T01:49:26.472Z,-9.327212,1.9562349,-2.3135862,W1hZkqBeWCUTVBX6rx9OeHmaWx63,,,,,
67732e569b85a0767f6f2c3a,Gravity,2024-10-30T01:49:26.634Z,-9.307751,2.1345894,-2.2328439,W1hZkqBeWCUTVBX6rx9OeHmaWx63,,,,,
67732e569b85a0767f6f2c3b,Gravity,2024-10-30T01:49:26.794Z,-9.265881,2.1417356,-2.3943496,W1hZkqBeWCUTVBX6rx9OeHmaWx63,,,,,
67732e569b85a0767f6f2c3c,Gravity,2024-10-30T01:49:26.953Z,-9.267688,2.0831945,-2.4386048,W1hZkqBeWCUTVBX6rx9OeHmaWx63,,,,,
67732e569b85a0767f6f2c3d,Gravity,2024-10-30T01:49:27.113Z,-9.278768,2.0481696,-2.4260974,W1hZkqBeWCUTVBX6rx9OeHmaWx63,,,,,
67732e569b85a0767f6f2c3e,Gravity,2024-10-30T01:49:27.273Z,-9.281196,2.0546567,-2.4113095,W1hZkqBeWCUTVBX6rx9OeHmaWx63,,,,,
67732e569b85a0767f6f2c3f,Gravity,2024-10-30T01:49:27.433Z,-9.324506,1.6243154,-2.5674903,W1hZkqBeWCUTVBX6rx9OeHmaWx63,,,,,
67732e569b85a0767f6f2c40,Gravity,2024-10-30T01:49:27.594Z,-9.33902,2.0125363,-2.2156572,W1hZkqBeWCUTVBX6rx9OeHmaWx63,,,,,
67732e569b85a0767f6f2c41,Gravity,2024-10-30T01:49:27.753Z,-9.363018,2.1854234,-1.9324387,W1hZkqBeWCUTVBX6rx9OeHmaWx63,,,,,
67732e569b85a0767f6f2c42,Gravity,2024-10-30T01:49:27.913Z,-9.322371,2.1445887,-2.1611996,W1hZkqBeWCUTVBX6rx9OeHmaWx63,,,,,
67732e569b85a0767f6f2c43,Gravity,2024-10-30T01:49:28.071Z,-9.259959,2.2628598,-2.3041952,W1hZkqBeWCUTVBX6rx9OeHmaWx63,,,,,
67732e569b85a0767f6f2c44,Gravity,2024-10-30T01:49:28.231Z,-9.252761,2.3081622,-2.2881021,W1hZkqBeWCUTVBX6rx9OeHmaWx63,,,,,
67732e569b85a0767f6f2c45,Gravity,2024-10-30T01:49:28.392Z,-9.250426,2.2245512,-2.3785605,W1hZkqBeWCUTVBX6rx9OeHmaWx63,,,,,
67732e569b85a0767f6f2c46,Gravity,2024-10-30T01:49:28.551Z,-9.280401,2.0321953,-2.433308,W1hZkqBeWCUTVBX6rx9OeHmaWx63,,,,,
67732e569b85a0767f6f2c47,Gravity,2024-10-30T01:49:28.711Z,-9.244264,2.2749257,-2.3547833,W1hZkqBeWCUTVBX6rx9OeHmaWx63,,,,,
67732e569b85a0767f6f2c48,Gravity,2024-10-30T01:49:28.870Z,-9.228269,2.1104841,-2.5615766,W1hZkqBeWCUTVBX6rx9OeHmaWx63,,,,,
67732e569b85a0767f6f2c49,Gravity,2024-10-30T01:49:29.031Z,-9.178617,1.9013299,-2.8835564,W1hZkqBeWCUTVBX6rx9OeHmaWx63,,,,,
67732e569b85a0767f6f2c4a,Gravity,2024-10-30T01:49:29.192Z,-9.160945,1.7841219,-3.0118344,W1hZkqBeWCUTVBX6rx9OeHmaWx63,,,,,
67732e569b85a0767f6f2c4b,Gravity,2024-10-30T01:49:29.351Z,-9.203415,1.778103,-2.8831327,W1hZkqBeWCUTVBX6rx9OeHmaWx63,,,,,
67732e569b85a0767f6f2c4c,Gravity,2024-10-30T01:49:29.511Z,-9.202881,1.6620526,-2.9532442,W1hZkqBeWCUTVBX6rx9OeHmaWx63,,,,,
67732e569b85a0767f6f2c4d,Gravity,2024-10-30T01:49:29.670Z,-9.226906,1.447721,-2.9909015,W1hZkqBeWCUTVBX6rx9OeHmaWx63,,,,,
67732e569b85a0767f6f2c4e,Gravity,2024-10-30T01:49:29.830Z,-9.212469,1.472641,-3.0230556,W1hZkqBeWCUTVBX6rx9OeHmaWx63,,,,,
67732e569b85a0767f6f2c4f,Gravity,2024-10-30T01:49:29.991Z,-9.204538,1.5347841,-3.016278,W1hZkqBeWCUTVBX6rx9OeHmaWx63,,,,,
67732e569b85a0767f6f2c50,Gravity,2024-10-30T01:49:30.150Z,-9.191062,1.3689646,-3.134853,W1hZkqBeWCUTVBX6rx9OeHmaWx63,,,,,
67732e569b85a0767f6f2c51,Gravity,2024-10-30T01:49:30.310Z,-9.144266,1.6903616,-3.1148055,W1hZkqBeWCUTVBX6rx9OeHmaWx63,,,,,
67732e569b85a0767f6f2c52,Gravity,2024-10-30T01:49:30.470Z,-9.197834,2.1468835,-2.6395764,W1hZkqBeWCUTVBX6rx9OeHmaWx63,,,,,
67732e569b85a0767f6f2c53,Gravity,2024-10-30T01:49:30.630Z,-9.183139,2.5803847,-2.2777328,W1hZkqBeWCUTVBX6rx9OeHmaWx63,,,,,
67732e569b85a0767f6f2c54,Gravity,2024-10-30T01:49:30.791Z,-9.169573,2.4745152,-2.4438195,W1hZkqBeWCUTVBX6rx9OeHmaWx63,,,,,
67732e569b85a0767f6f2c55,Gravity,2024-10-30T01:49:30.950Z,-9.163943,2.382748,-2.553651,W1hZkqBeWCUTVBX6rx9OeHmaWx63,,,,,
67732e569b85a0767f6f2c56,Gravity,2024-10-30T01:49:31.110Z,-9.164297,2.3952477,-2.5406349,W1hZkqBeWCUTVBX6rx9OeHmaWx63,,,,,
67732e569b85a0767f6f2c57,Gravity,2024-10-30T01:49:31.270Z,-9.143942,2.5024853,-2.5104122,W1hZkqBeWCUTVBX6rx9OeHmaWx63,,,,,
67732e569b85a0767f6f2c58,Gravity,2024-10-30T01:49:31.430Z,-9.136862,2.5592773,-2.4786808,W1hZkqBeWCUTVBX6rx9OeHmaWx63,,,,,
67732e569b85a0767f6f2c59,Gravity,2024-10-30T01:49:31.591Z,-9.136078,2.5837915,-2.4560137,W1hZkqBeWCUTVBX6rx9OeHmaWx63,,,,,
67732e569b85a0767f6f2c5a,Gravity,2024-10-30T01:49:31.750Z,-9.136862,2.5949557,-2.4413123,W1hZkqBeWCUTVBX6rx9OeHmaWx63,,,,,
67732e569b85a0767f6f2c5b,Gravity,2024-10-30T01:49:31.910Z,-9.132334,2.6116285,-2.4404852,W1hZkqBeWCUTVBX6rx9OeHmaWx63,,,,,
67732e569b85a0767f6f2c5c,Gravity,2024-10-30T01:49:32.070Z,-9.125416,2.6355023,-2.4406624,W1hZkqBeWCUTVBX6rx9OeHmaWx63,,,,,
67732e569b85a0767f6f2c5d,Gravity,2024-10-30T01:49:32.230Z,-9.12628,2.6579201,-2.4128737,W1hZkqBeWCUTVBX6rx9OeHmaWx63,,,,,
67732e569b85a0767f6f2c5e,Gravity,2024-10-30T01:49:32.391Z,-9.124733,2.673568,-2.4014497,W1hZkqBeWCUTVBX6rx9OeHmaWx63,,,,,
67732e569b85a0767f6f2c5f,Gravity,2024-10-30T01:49:32.550Z,-9.122909,2.681547,-2.3995056,W1hZkqBeWCUTVBX6rx9OeHmaWx63,,,,,
67732e569b85a0767f6f2c60,Gravity,2024-10-30T01:49:32.710Z,-9.121964,2.693969,-2.3891706,W1hZkqBeWCUTVBX6rx9OeHmaWx63,,,,,
67732e569b85a0767f6f2c61,Gravity,2024-10-30T01:49:32.870Z,-9.117284,2.710794,-2.3880012,W1hZkqBeWCUTVBX6rx9OeHmaWx63,,,,,
67732e569b85a0767f6f2c62,Gravity,2024-10-30T01:49:33.030Z,-9.111206,2.7257729,-2.3941636,W1hZkqBeWCUTVBX6rx9OeHmaWx63,,,,,
67732e569b85a0767f6f2c63,Gravity,2024-10-30T01:49:33.191Z,-9.107931,2.7348976,-2.3962417,W1hZkqBeWCUTVBX6rx9OeHmaWx63,,,,,
67732e569b85a0767f6f2c64,Gravity,2024-10-30T01:49:33.350Z,-9.105386,2.742765,-2.396942,W1hZkqBeWCUTVBX6rx9OeHmaWx63,,,,,
67732e569b85a0767f6f2c65,Gravity,2024-10-30T01:49:33.510Z,-9.100993,2.755203,-2.3993723,W1hZkqBeWCUTVBX6rx9OeHmaWx63,,,,,
67732e569b85a0767f6f2c66,Gravity,2024-10-30T01:49:33.670Z,-9.092369,2.7714229,-2.413377,W1hZkqBeWCUTVBX6rx9OeHmaWx63,,,,,
67732e569b85a0767f6f2c67,Gravity,2024-10-30T01:49:33.830Z,-9.087527,2.7868829,-2.413834,W1hZkqBeWCUTVBX6rx9OeHmaWx63,,,,,
67732e569b85a0767f6f2c68,Gravity,2024-10-30T01:49:33.991Z,-9.084814,2.7975411,-2.4117649,W1hZkqBeWCUTVBX6rx9OeHmaWx63,,,,,
67732e569b85a0767f6f2c69,Gravity,2024-10-30T01:49:34.150Z,-9.082304,2.8052278,-2.412309,W1hZkqBeWCUTVBX6rx9OeHmaWx63,,,,,
67732e569b85a0767f6f2c6a,Gravity,2024-10-30T01:49:34.310Z,-9.080545,2.8157678,-2.4066527,W1hZkqBeWCUTVBX6rx9OeHmaWx63,,,,,
67732e569b85a0767f6f2c6b,Gravity,2024-10-30T01:49:34.469Z,-9.077084,2.826181,-2.4075224,W1hZkqBeWCUTVBX6rx9OeHmaWx63,,,,,
67732e569b85a0767f6f2c6c,Gravity,2024-10-30T01:49:34.629Z,-9.07464,2.835716,-2.4055321,W1hZkqBeWCUTVBX6rx9OeHmaWx63,,,,,
67732e569b85a0767f6f2c6d,Gravity,2024-10-30T01:49:34.790Z,-9.070455,2.8475657,-2.4073243,W1hZkqBeWCUTVBX6rx9OeHmaWx63,,,,,
67732e569b85a0767f6f2c6e,Gravity,2024-10-30T01:49:34.949Z,-9.067457,2.8605962,-2.403167,W1hZkqBeWCUTVBX6rx9OeHmaWx63,,,,,
67732e569b85a0767f6f2c6f,Gravity,2024-10-30T01:49:35.109Z,-9.064222,2.8703203,-2.403785,W1hZkqBeWCUTVBX6rx9OeHmaWx63,,,,,
67732e569b85a0767f6f2c70,Gravity,2024-10-30T01:49:35.269Z,-9.062023,2.8785338,-2.4022582,W1hZkqBeWCUTVBX6rx9OeHmaWx63,,,,,
67732e569b85a0767f6f2c71,Gravity,2024-10-30T01:49:35.429Z,-9.058315,2.8860471,-2.407247,W1hZkqBeWCUTVBX6rx9OeHmaWx63,,,,,
67732e569b85a0767f6f2c72,Gravity,2024-10-30T01:49:35.590Z,-9.051986,2.8976505,-2.417105,W1hZkqBeWCUTVBX6rx9OeHmaWx63,,,,,
67732e569b85a0767f6f2c73,Gravity,2024-10-30T01:49:35.749Z,-9.046933,2.910014,-2.421189,W1hZkqBeWCUTVBX6rx9OeHmaWx63,,,,,
67732e569b85a0767f6f2c74,Gravity,2024-10-30T01:49:35.911Z,-9.043021,2.9195375,-2.424321,W1hZkqBeWCUTVBX6rx9OeHmaWx63,,,,,
67732e569b85a0767f6f2c75,Gravity,2024-10-30T01:49:36.068Z,-9.039134,2.9290054,-2.4274013,W1hZkqBeWCUTVBX6rx9OeHmaWx63,,,,,
67732e569b85a0767f6f2c76,Gravity,2024-10-30T01:49:36.228Z,-9.035456,2.9385457,-2.4295635,W1hZkqBeWCUTVBX6rx9OeHmaWx63,,,,,
67732e569b85a0767f6f2c77,Gravity,2024-10-30T01:49:36.389Z,-9.031307,2.9507165,-2.4302568,W1hZkqBeWCUTVBX6rx9OeHmaWx63,,,,,
67732e569b85a0767f6f2c78,Gravity,2024-10-30T01:49:36.548Z,-9.027387,2.961171,-2.4321232,W1hZkqBeWCUTVBX6rx9OeHmaWx63,,,,,
67732e569b85a0767f6f2c79,Gravity,2024-10-30T01:49:36.708Z,-9.024059,2.9707391,-2.4328263,W1hZkqBeWCUTVBX6rx9OeHmaWx63,,,,,
67732e569b85a0767f6f2c7a,Gravity,2024-10-30T01:49:36.868Z,-9.020367,2.9808905,-2.4341047,W1hZkqBeWCUTVBX6rx9OeHmaWx63,,,,,
67732e569b85a0767f6f2c7b,Gravity,2024-10-30T01:49:37.028Z,-9.016186,2.9928744,-2.4348745,W1hZkqBeWCUTVBX6rx9OeHmaWx63,,,,,
67732e569b85a0767f6f2c7c,Gravity,2024-10-30T01:49:37.189Z,-9.011392,3.0048409,-2.437897,W1hZkqBeWCUTVBX6rx9OeHmaWx63,,,,,
67732e569b85a0767f6f2c7d,Gravity,2024-10-30T01:49:37.348Z,-9.006809,3.018157,-2.438395,W1hZkqBeWCUTVBX6rx9OeHmaWx63,,,,,
67732e569b85a0767f6f2c7e,Gravity,2024-10-30T01:49:37.508Z,-9.002032,3.0307999,-2.4403656,W1hZkqBeWCUTVBX6rx9OeHmaWx63,,,,,
67732e569b85a0767f6f2c7f,Gravity,2024-10-30T01:49:37.668Z,-8.996589,3.041522,-2.4470868,W1hZkqBeWCUTVBX6rx9OeHmaWx63,,,,,
67732e569b85a0767f6f2c80,Gravity,2024-10-30T01:49:37.828Z,-8.990974,3.0536885,-2.4525685,W1hZkqBeWCUTVBX6rx9OeHmaWx63,,,,,
67732e569b85a0767f6f2c81,Gravity,2024-10-30T01:49:37.990Z,-8.986517,3.0624719,-2.4579356,W1hZkqBeWCUTVBX6rx9OeHmaWx63,,,,,
67732e569b85a0767f6f2c82,Gravity,2024-10-30T01:49:38.150Z,-8.982505,3.0695515,-2.4637387,W1hZkqBeWCUTVBX6rx9OeHmaWx63,,,,,
67732e569b85a0767f6f2c83,Gravity,2024-10-30T01:49:38.310Z,-8.977925,3.0805073,-2.466759,W1hZkqBeWCUTVBX6rx9OeHmaWx63,,,,,
67732e569b85a0767f6f2c84,Gravity,2024-10-30T01:49:38.468Z,-8.972681,3.0919967,-2.4714684,W1hZkqBeWCUTVBX6rx9OeHmaWx63,,,,,
67732e569b85a0767f6f2c85,Gravity,2024-10-30T01:49:38.629Z,-8.96798,3.1024761,-2.4753888,W1hZkqBeWCUTVBX6rx9OeHmaWx63,,,,,
67732e569b85a0767f6f2c86,Gravity,2024-10-30T01:49:38.791Z,-8.962776,3.1146593,-2.4789364,W1hZkqBeWCUTVBX6rx9OeHmaWx63,,,,,
67732e569b85a0767f6f2c87,Gravity,2024-10-30T01:49:38.947Z,-8.958921,3.1230228,-2.4823465,W1hZkqBeWCUTVBX6rx9OeHmaWx63,,,,,
67732e569b85a0767f6f2c88,Gravity,2024-10-30T01:49:39.110Z,-8.956542,3.133245,-2.4780455,W1hZkqBeWCUTVBX6rx9OeHmaWx63,,,,,
67732e569b85a0767f6f2c89,Gravity,2024-10-30T01:49:39.269Z,-8.954159,3.1395702,-2.4786506,W1hZkqBeWCUTVBX6rx9OeHmaWx63,,,,,
67732e569b85a0767f6f2c8a,Gravity,2024-10-30T01:49:39.429Z,-8.951411,3.146939,-2.479255,W1hZkqBeWCUTVBX6rx9OeHmaWx63,,,,,
67732e569b85a0767f6f2c8b,Gravity,2024-10-30T01:49:39.590Z,-8.9459,3.1618552,-2.4801795,W1hZkqBeWCUTVBX6rx9OeHmaWx63,,,,,
67732e569b85a0767f6f2c8c,Gravity,2024-10-30T01:49:39.749Z,-8.941721,3.1769373,-2.4759686,W1hZkqBeWCUTVBX6rx9OeHmaWx63,,,,,
67732e569b85a0767f6f2c8d,Gravity,2024-10-30T01:49:39.909Z,-8.934456,3.1920288,-2.4827895,W1hZkqBeWCUTVBX6rx9OeHmaWx63,,,,,
67732e569b85a0767f6f2c8e,Gravity,2024-10-30T01:49:40.066Z,-8.925615,3.2072427,-2.4949517,W1hZkqBeWCUTVBX6rx9OeHmaWx63,,,,,
67732e569b85a0767f6f2c8f,Gravity,2024-10-30T01:49:40.226Z,-8.917626,3.2183075,-2.5092638,W1hZkqBeWCUTVBX6rx9OeHmaWx63,,,,,
67732e569b85a0767f6f2c90,Gravity,2024-10-30T01:49:40.387Z,-8.91514,3.2243633,-2.5103052,W1hZkqBeWCUTVBX6rx9OeHmaWx63,,,,,
67732e569b85a0767f6f2c91,Gravity,2024-10-30T01:49:40.546Z,-8.912437,3.2355363,-2.5055175,W1hZkqBeWCUTVBX6rx9OeHmaWx63,,,,,
67732e569b85a0767f6f2c92,Gravity,2024-10-30T01:49:40.706Z,-8.906149,3.2565975,-2.5005958,W1hZkqBeWCUTVBX6rx9OeHmaWx63,,,,,
67732e569b85a0767f6f2c93,Gravity,2024-10-30T01:49:40.865Z,-8.902062,3.2652917,-2.5038078,W1hZkqBeWCUTVBX6rx9OeHmaWx63,,,,,
67732e569b85a0767f6f2c94,Gravity,2024-10-30T01:49:41.026Z,-8.897114,3.2740972,-2.5099084,W1hZkqBeWCUTVBX6rx9OeHmaWx63,,,,,
67732e569b85a0767f6f2c95,Gravity,2024-10-30T01:49:41.186Z,-8.891346,3.2982326,-2.4987147,W1hZkqBeWCUTVBX6rx9OeHmaWx63,,,,,
67732e569b85a0767f6f2c96,Gravity,2024-10-30T01:49:41.346Z,-8.889917,3.2949288,-2.508163,W1hZkqBeWCUTVBX6rx9OeHmaWx63,,,,,
67732e569b85a0767f6f2c97,Gravity,2024-10-30T01:49:41.506Z,-8.872293,3.326538,-2.5287201,W1hZkqBeWCUTVBX6rx9OeHmaWx63,,,,,
67732e569b85a0767f6f2c98,Gravity,2024-10-30T01:49:41.666Z,-8.86346,3.34319,-2.5377095,W1hZkqBeWCUTVBX6rx9OeHmaWx63,,,,,
67732e569b85a0767f6f2c99,Gravity,2024-10-30T01:49:41.825Z,-8.850887,3.3545945,-2.566404,W1hZkqBeWCUTVBX6rx9OeHmaWx63,,,,,
67732e569b85a0767f6f2c9a,Gravity,2024-10-30T01:49:41.986Z,-8.835724,3.3733191,-2.5939772,W1hZkqBeWCUTVBX6rx9OeHmaWx63,,,,,
67732e569b85a0767f6f2c9b,Gravity,2024-10-30T01:49:42.145Z,-8.829631,3.3931134,-2.5889194,W1hZkqBeWCUTVBX6rx9OeHmaWx63,,,,,
67732e569b85a0767f6f2c9c,Gravity,2024-10-30T01:49:42.305Z,-8.830603,3.3919327,-2.5871558,W1hZkqBeWCUTVBX6rx9OeHmaWx63,,,,,
67732e569b85a0767f6f2c9d,Gravity,2024-10-30T01:49:42.465Z,-8.824216,3.3990936,-2.5995278,W1hZkqBeWCUTVBX6rx9OeHmaWx63,,,,,
67732e569b85a0767f6f2c9e,Gravity,2024-10-30T01:49:42.625Z,-8.8145895,3.3150873,-2.7370296,W1hZkqBeWCUTVBX6rx9OeHmaWx63,,,,,
67732e569b85a0767f6f2c9f,Gravity,2024-10-30T01:49:42.786Z,-8.820218,3.2325952,-2.8164287,W1hZkqBeWCUTVBX6rx9OeHmaWx63,,,,,
67732e569b85a0767f6f2ca0,Gravity,2024-10-30T01:49:42.945Z,-8.816152,3.122433,-2.9502573,W1hZkqBeWCUTVBX6rx9OeHmaWx63,,,,,
67732e569b85a0767f6f2ca1,Gravity,2024-10-30T01:49:43.105Z,-8.81913,3.0382826,-3.0281882,W1hZkqBeWCUTVBX6rx9OeHmaWx63,,,,,
67732e569b85a0767f6f2ca2,Gravity,2024-10-30T01:49:43.265Z,-8.81954,2.9313397,-3.1306818,W1hZkqBeWCUTVBX6rx9OeHmaWx63,,,,,
67732e569b85a0767f6f2ca3,Gravity,2024-10-30T01:49:43.425Z,-8.783687,2.854386,-3.2981327,W1hZkqBeWCUTVBX6rx9OeHmaWx63,,,,,
67732e569b85a0767f6f2ca4,Gravity,2024-10-30T01:49:43.586Z,-8.783092,2.4254308,-3.6267223,W1hZkqBeWCUTVBX6rx9OeHmaWx63,,,,,
67732e569b85a0767f6f2ca5,Gravity,2024-10-30T01:49:43.745Z,-8.784051,2.235818,-3.7443736,W1hZkqBeWCUTVBX6rx9OeHmaWx63,,,,,
67732e569b85a0767f6f2ca6,Gravity,2024-10-30T01:49:43.905Z,-8.806487,2.5840778,-3.4564252,W1hZkqBeWCUTVBX6rx9OeHmaWx63,,,,,
67732e569b85a0767f6f2ca7,Gravity,2024-10-30T01:49:44.065Z,-8.811079,2.7088478,-3.3474581,W1hZkqBeWCUTVBX6rx9OeHmaWx63,,,,,
67732e569b85a0767f6f2ca8,Gravity,2024-10-30T01:49:44.224Z,-8.826657,2.8932457,-3.146033,W1hZkqBeWCUTVBX6rx9OeHmaWx63,,,,,
67732e569b85a0767f6f2ca9,Gravity,2024-10-30T01:49:44.385Z,-8.820393,3.0205967,-3.0422149,W1hZkqBeWCUTVBX6rx9OeHmaWx63,,,,,
67732e569b85a0767f6f2caa,Gravity,2024-10-30T01:49:44.545Z,-8.806862,3.1063619,-2.9946823,W1hZkqBeWCUTVBX6rx9OeHmaWx63,,,,,
67732e569b85a0767f6f2cab,Gravity,2024-10-30T01:49:44.705Z,-8.803845,3.1146448,-2.9949553,W1hZkqBeWCUTVBX6rx9OeHmaWx63,,,,,
67732e569b85a0767f6f2cac,Gravity,2024-10-30T01:49:44.865Z,-8.798445,3.1215281,-3.0036464,W1hZkqBeWCUTVBX6rx9OeHmaWx63,,,,,
67732e569b85a0767f6f2cad,Gravity,2024-10-30T01:49:45.025Z,-8.76015,3.0914547,-3.143423,W1hZkqBeWCUTVBX6rx9OeHmaWx63,,,,,
67732e569b85a0767f6f2cae,Gravity,2024-10-30T01:49:45.185Z,-8.7635145,2.7857375,-3.408657,W1hZkqBeWCUTVBX6rx9OeHmaWx63,,,,,
67732e569b85a0767f6f2caf,Gravity,2024-10-30T01:49:45.344Z,-8.751953,2.804215,-3.4231741,W1hZkqBeWCUTVBX6rx9OeHmaWx63,,,,,
67732e569b85a0767f6f2cb0,Gravity,2024-10-30T01:49:45.505Z,-8.721771,2.794087,-3.507455,W1hZkqBeWCUTVBX6rx9OeHmaWx63,,,,,
67732e569b85a0767f6f2cb1,Gravity,2024-10-30T01:49:45.664Z,-8.741836,2.749662,-3.4925761,W1hZkqBeWCUTVBX6rx9OeHmaWx63,,,,,
67732e569b85a0767f6f2cb2,Gravity,2024-10-30T01:49:45.824Z,-8.753982,2.8211877,-3.4039662,W1hZkqBeWCUTVBX6rx9OeHmaWx63,,,,,
67732e569b85a0767f6f2cb3,Gravity,2024-10-30T01:49:45.986Z,-8.755071,2.81476,-3.4064574,W1hZkqBeWCUTVBX6rx9OeHmaWx63,,,,,
67732e569b85a0767f6f2cb4,Gravity,2024-10-30T01:49:46.145Z,-8.744035,2.8247058,-3.4265037,W1hZkqBeWCUTVBX6rx9OeHmaWx63,,,,,
67732e569b85a0767f6f2cb5,Gravity,2024-10-30T01:49:46.305Z,-8.75963,2.8025844,-3.4047284,W1hZkqBeWCUTVBX6rx9OeHmaWx63,,,,,
67732e569b85a0767f6f2cb6,Gravity,2024-10-30T01:49:46.465Z,-8.752479,2.8055375,-3.4206676,W1hZkqBeWCUTVBX6rx9OeHmaWx63,,,,,
67732e569b85a0767f6f2cb7,Gravity,2024-10-30T01:49:46.624Z,-8.809331,2.7013817,-3.3579626,W1hZkqBeWCUTVBX6rx9OeHmaWx63,,,,,
67732e569b85a0767f6f2cb8,Gravity,2024-10-30T01:49:46.785Z,-8.830336,2.6373818,-3.353657,W1hZkqBeWCUTVBX6rx9OeHmaWx63,,,,,
67732e569b85a0767f6f2cb9,Gravity,2024-10-30T01:49:46.944Z,-8.858816,3.0269063,-2.9217362,W1hZkqBeWCUTVBX6rx9OeHmaWx63,,,,,
67732e569b85a0767f6f2cba,Gravity,2024-10-30T01:49:47.104Z,-8.732437,3.4082901,-2.881924,W1hZkqBeWCUTVBX6rx9OeHmaWx63,,,,,
67732e569b85a0767f6f2cbb,Gravity,2024-10-30T01:49:47.264Z,-8.687824,3.59617,-2.7868712,W1hZkqBeWCUTVBX6rx9OeHmaWx63,,,,,
67732e569b85a0767f6f2cbc,Gravity,2024-10-30T01:49:47.424Z,-8.590187,3.7900274,-2.832274,W1hZkqBeWCUTVBX6rx9OeHmaWx63,,,,,
67732e569b85a0767f6f2cbd,Gravity,2024-10-30T01:49:47.585Z,-8.500812,4.0914207,-2.678397,W1hZkqBeWCUTVBX6rx9OeHmaWx63,,,,,
67732e569b85a0767f6f2cbe,Gravity,2024-10-30T01:49:47.745Z,-8.53789,4.004694,-2.691497,W1hZkqBeWCUTVBX6rx9OeHmaWx63,,,,,
67732e569b85a0767f6f2cbf,Gravity,2024-10-30T01:49:47.906Z,-8.563479,3.9671378,-2.665669,W1hZkqBeWCUTVBX6rx9OeHmaWx63,,,,,
67732e569b85a0767f6f2cc0,Gravity,2024-10-30T01:49:48.065Z,-8.564921,3.9586298,-2.67365,W1hZkqBeWCUTVBX6rx9OeHmaWx63,,,,,
67732e569b85a0767f6f2cc1,Gravity,2024-10-30T01:49:48.224Z,-8.555767,3.9478679,-2.7184799,W1hZkqBeWCUTVBX6rx9OeHmaWx63,,,,,
67732e569b85a0767f6f2cc2,Gravity,2024-10-30T01:49:48.385Z,-8.574343,3.8940744,-2.737461,W1hZkqBeWCUTVBX6rx9OeHmaWx63,,,,,
67732e569b85a0767f6f2cc3,Gravity,2024-10-30T01:49:48.544Z,-8.574931,3.8960652,-2.7327971,W1hZkqBeWCUTVBX6rx9OeHmaWx63,,,,,
67732e569b85a0767f6f2cc4,Gravity,2024-10-30T01:49:48.704Z,-8.574197,3.902052,-2.7265708,W1hZkqBeWCUTVBX6rx9OeHmaWx63,,,,,
67732e569b85a0767f6f2cc5,Gravity,2024-10-30T01:49:48.864Z,-8.570157,3.9139073,-2.7223015,W1hZkqBeWCUTVBX6rx9OeHmaWx63,,,,,
67732e569b85a0767f6f2cc6,Gravity,2024-10-30T01:49:49.024Z,-8.568775,3.9232945,-2.7131233,W1hZkqBeWCUTVBX6rx9OeHmaWx63,,,,,
67732e569b85a0767f6f2cc7,Gravity,2024-10-30T01:49:49.185Z,-8.564018,3.932215,-2.7152474,W1hZkqBeWCUTVBX6rx9OeHmaWx63,,,,,
67732e569b85a0767f6f2cc8,Gravity,2024-10-30T01:49:49.344Z,-8.559676,3.9336174,-2.726879,W1hZkqBeWCUTVBX6rx9OeHmaWx63,,,,,
67732e569b85a0767f6f2cc9,Gravity,2024-10-30T01:49:49.504Z,-8.567741,3.871875,-2.7892017,W1hZkqBeWCUTVBX6rx9OeHmaWx63,,,,,
67732e569b85a0767f6f2cca,Gravity,2024-10-30T01:49:49.664Z,-8.595817,3.817395,-2.7779047,W1hZkqBeWCUTVBX6rx9OeHmaWx63,,,,,
67732e569b85a0767f6f2ccb,Gravity,2024-10-30T01:49:49.824Z,-8.613138,3.7615194,-2.8003726,W1hZkqBeWCUTVBX6rx9OeHmaWx63,,,,,
67732e569b85a0767f6f2ccc,Gravity,2024-10-30T01:49:49.986Z,-8.600955,3.7884471,-2.8014984,W1hZkqBeWCUTVBX6rx9OeHmaWx63,,,,,
67732e569b85a0767f6f2ccd,Gravity,2024-10-30T01:49:50.146Z,-8.584886,3.8236148,-2.802952,W1hZkqBeWCUTVBX6rx9OeHmaWx63,,,,,
67732e569b85a0767f6f2cce,Gravity,2024-10-30T01:49:50.306Z,-8.567816,3.8498454,-2.8192327,W1hZkqBeWCUTVBX6rx9OeHmaWx63,,,,,
67732e569b85a0767f6f2ccf,Gravity,2024-10-30T01:49:50.466Z,-8.558966,3.8559506,-2.8377018,W1hZkqBeWCUTVBX6rx9OeHmaWx63,,,,,
67732e569b85a0767f6f2cd0,Gravity,2024-10-30T01:49:50.626Z,-8.554913,3.8687162,-2.8325498,W1hZkqBeWCUTVBX6rx9OeHmaWx63,,,,,
67732e569b85a0767f6f2cd1,Gravity,2024-10-30T01:49:50.787Z,-8.548853,3.877371,-2.8390036,W1hZkqBeWCUTVBX6rx9OeHmaWx63,,,,,
67732e569b85a0767f6f2cd2,Gravity,2024-10-30T01:49:50.945Z,-8.541013,3.898281,-2.833962,W1hZkqBeWCUTVBX6rx9OeHmaWx63,,,,,
67732e569b85a0767f6f2cd3,Gravity,2024-10-30T01:49:51.106Z,-8.534271,3.9115562,-2.8359933,W1hZkqBeWCUTVBX6rx9OeHmaWx63,,,,,
67732e569b85a0767f6f2cd4,Gravity,2024-10-30T01:49:51.266Z,-8.527679,3.9213803,-2.8422751,W1hZkqBeWCUTVBX6rx9OeHmaWx63,,,,,
67732e569b85a0767f6f2cd5,Gravity,2024-10-30T01:49:51.425Z,-8.520283,3.9332194,-2.8481028,W1hZkqBeWCUTVBX6rx9OeHmaWx63,,,,,
67732e569b85a0767f6f2cd6,Gravity,2024-10-30T01:49:51.585Z,-8.510948,3.948196,-2.8552926,W1hZkqBeWCUTVBX6rx9OeHmaWx63,,,,,
67732e569b85a0767f6f2cd7,Gravity,2024-10-30T01:49:51.746Z,-8.5029955,3.965926,-2.854425,W1hZkqBeWCUTVBX6rx9OeHmaWx63,,,,,
67732e569b85a0767f6f2cd8,Gravity,2024-10-30T01:49:51.906Z,-8.497063,3.9758086,-2.8583472,W1hZkqBeWCUTVBX6rx9OeHmaWx63,,,,,
67732e569b85a0767f6f2cd9,Gravity,2024-10-30T01:49:52.064Z,-8.49187,3.9870934,-2.8580766,W1hZkqBeWCUTVBX6rx9OeHmaWx63,,,,,
67732e569b85a0767f6f2cda,Gravity,2024-10-30T01:49:52.224Z,-8.486415,3.9980059,-2.8590527,W1hZkqBeWCUTVBX6rx9OeHmaWx63,,,,,
67732e569b85a0767f6f2cdb,Gravity,2024-10-30T01:49:52.385Z,-8.479995,4.005608,-2.867461,W1hZkqBeWCUTVBX6rx9OeHmaWx63,,,,,
67732e569b85a0767f6f2cdc,Gravity,2024-10-30T01:49:52.543Z,-8.472402,4.018658,-2.871649,W1hZkqBeWCUTVBX6rx9OeHmaWx63,,,,,
67732e569b85a0767f6f2cdd,Gravity,2024-10-30T01:49:52.704Z,-8.463269,4.0328403,-2.8787155,W1hZkqBeWCUTVBX6rx9OeHmaWx63,,,,,
67732e569b85a0767f6f2cde,Gravity,2024-10-30T01:49:52.863Z,-8.457558,4.045137,-2.8782518,W1hZkqBeWCUTVBX6rx9OeHmaWx63,,,,,
67732e569b85a0767f6f2cdf,Gravity,2024-10-30T01:49:53.024Z,-8.452793,4.0564036,-2.8764024,W1hZkqBeWCUTVBX6rx9OeHmaWx63,,,,,
67732e569b85a0767f6f2ce0,Gravity,2024-10-30T01:49:53.184Z,-8.447893,4.068455,-2.8737786,W1hZkqBeWCUTVBX6rx9OeHmaWx63,,,,,
67732e569b85a0767f6f2ce1,Gravity,2024-10-30T01:49:53.343Z,-8.443485,4.0798607,-2.8705573,W1hZkqBeWCUTVBX6rx9OeHmaWx63,,,,,
67732e569b85a0767f6f2ce2,Gravity,2024-10-30T01:49:53.504Z,-8.439173,4.089239,-2.8699026,W1hZkqBeWCUTVBX6rx9OeHmaWx63,,,,,
67732e569b85a0767f6f2ce3,Gravity,2024-10-30T01:49:53.664Z,-8.432902,4.1006217,-2.8720934,W1hZkqBeWCUTVBX6rx9OeHmaWx63,,,,,
67732e569b85a0767f6f2ce4,Gravity,2024-10-30T01:49:53.823Z,-8.422625,4.1190324,-2.8759115,W1hZkqBeWCUTVBX6rx9OeHmaWx63,,,,,
67732e569b85a0767f6f2ce5,Gravity,2024-10-30T01:49:53.984Z,-8.417195,4.1320367,-2.873149,W1hZkqBeWCUTVBX6rx9OeHmaWx63,,,,,
67732e569b85a0767f6f2ce6,Gravity,2024-10-30T01:49:54.143Z,-8.4181385,4.143788,-2.8533905,W1hZkqBeWCUTVBX6rx9OeHmaWx63,,,,,
67732e569b85a0767f6f2ce7,Gravity,2024-10-30T01:49:54.303Z,-8.413445,4.1575766,-2.8471665,W1hZkqBeWCUTVBX6rx9OeHmaWx63,,,,,
67732e569b85a0767f6f2ce8,Gravity,2024-10-30T01:49:54.463Z,-8.409169,4.1700954,-2.8414943,W1hZkqBeWCUTVBX6rx9OeHmaWx63,,,,,
67732e569b85a0767f6f2ce9,Gravity,2024-10-30T01:49:54.623Z,-8.403082,4.178305,-2.8474545,W1hZkqBeWCUTVBX6rx9OeHmaWx63,,,,,
67732e569b85a0767f6f2cea,Gravity,2024-10-30T01:49:54.784Z,-8.394383,4.1938176,-2.8503158,W1hZkqBeWCUTVBX6rx9OeHmaWx63,,,,,
67732e569b85a0767f6f2ceb,Gravity,2024-10-30T01:49:54.943Z,-8.386337,4.202584,-2.8610687,W1hZkqBeWCUTVBX6rx9OeHmaWx63,,,,,
67732e569b85a0767f6f2cec,Gravity,2024-10-30T01:49:55.103Z,-8.378815,4.218009,-2.8604136,W1hZkqBeWCUTVBX6rx9OeHmaWx63,,,,,
67732e569b85a0767f6f2ced,Gravity,2024-10-30T01:49:55.263Z,-8.3723955,4.2325125,-2.8577912,W1hZkqBeWCUTVBX6rx9OeHmaWx63,,,,,
67732e569b85a0767f6f2cee,Gravity,2024-10-30T01:49:55.423Z,-8.369483,4.2461185,-2.8461301,W1hZkqBeWCUTVBX6rx9OeHmaWx63,,,,,
67732e569b85a0767f6f2cef,Gravity,2024-10-30T01:49:55.584Z,-8.363452,4.260205,-2.8428268,W1hZkqBeWCUTVBX6rx9OeHmaWx63,,,,,
67732e569b85a0767f6f2cf0,Gravity,2024-10-30T01:49:55.742Z,-8.354773,4.281886,-2.8357754,W1hZkqBeWCUTVBX6rx9OeHmaWx63,,,,,
67732e569b85a0767f6f2cf1,Gravity,2024-10-30T01:49:55.902Z,-8.346879,4.296782,-2.8364983,W1hZkqBeWCUTVBX6rx9OeHmaWx63,,,,,
67732e569b85a0767f6f2cf2,Gravity,2024-10-30T01:49:56.062Z,-8.340807,4.309918,-2.8344355,W1hZkqBeWCUTVBX6rx9OeHmaWx63,,,,,
67732e569b85a0767f6f2cf3,Gravity,2024-10-30T01:49:56.222Z,-8.33475,4.3272314,-2.82586,W1hZkqBeWCUTVBX6rx9OeHmaWx63,,,,,
67732e569b85a0767f6f2cf4,Gravity,2024-10-30T01:49:56.383Z,-8.333817,4.336549,-2.8142982,W1hZkqBeWCUTVBX6rx9OeHmaWx63,,,,,
67732e569b85a0767f6f2cf5,Gravity,2024-10-30T01:49:56.543Z,-8.324051,4.3539486,-2.8163476,W1hZkqBeWCUTVBX6rx9OeHmaWx63,,,,,
67732e569b85a0767f6f2cf6,Gravity,2024-10-30T01:49:56.703Z,-8.306249,4.3823395,-2.8248599,W1hZkqBeWCUTVBX6rx9OeHmaWx63,,,,,
67732e569b85a0767f6f2cf7,Gravity,2024-10-30T01:49:56.863Z,-8.301196,4.393312,-2.822682,W1hZkqBeWCUTVBX6rx9OeHmaWx63,,,,,
67732e569b85a0767f6f2cf8,Gravity,2024-10-30T01:49:57.022Z,-8.294544,4.4121385,-2.8128555,W1hZkqBeWCUTVBX6rx9OeHmaWx63,,,,,
67732e569b85a0767f6f2cf9,Gravity,2024-10-30T01:49:57.183Z,-8.289752,4.432621,-2.7947092,W1hZkqBeWCUTVBX6rx9OeHmaWx63,,,,,
67732e569b85a0767f6f2cfa,Gravity,2024-10-30T01:49:57.342Z,-8.280825,4.460077,-2.7774289,W1hZkqBeWCUTVBX6rx9OeHmaWx63,,,,,
67732e569b85a0767f6f2cfb,Gravity,2024-10-30T01:49:57.502Z,-8.272405,4.489849,-2.7544372,W1hZkqBeWCUTVBX6rx9OeHmaWx63,,,,,
67732e569b85a0767f6f2cfc,Gravity,2024-10-30T01:49:57.662Z,-8.264424,4.516847,-2.7341743,W1hZkqBeWCUTVBX6rx9OeHmaWx63,,,,,
67732e569b85a0767f6f2cfd,Gravity,2024-10-30T01:49:57.822Z,-8.249694,4.5480814,-2.7268531,W1hZkqBeWCUTVBX6rx9OeHmaWx63,,,,,
67732e569b85a0767f6f2cfe,Gravity,2024-10-30T01:49:57.983Z,-8.242886,4.560566,-2.7265942,W1hZkqBeWCUTVBX6rx9OeHmaWx63,,,,,
67732e569b85a0767f6f2cff,Gravity,2024-10-30T01:49:58.142Z,-8.237805,4.5737095,-2.7199311,W1hZkqBeWCUTVBX6rx9OeHmaWx63,,,,,
67732e569b85a0767f6f2d00,Gravity,2024-10-30T01:49:58.302Z,-8.236117,4.581516,-2.7118998,W1hZkqBeWCUTVBX6rx9OeHmaWx63,,,,,
67732e569b85a0767f6f2d01,Gravity,2024-10-30T01:49:58.462Z,-8.232453,4.5912538,-2.706535,W1hZkqBeWCUTVBX6rx9OeHmaWx63,,,,,
67732e569b85a0767f6f2d02,Gravity,2024-10-30T01:49:58.622Z,-8.226653,4.6060953,-2.698951,W1hZkqBeWCUTVBX6rx9OeHmaWx63,,,,,
67732e569b85a0767f6f2d03,Gravity,2024-10-30T01:49:58.782Z,-8.221957,4.61487,-2.6982658,W1hZkqBeWCUTVBX6rx9OeHmaWx63,,,,,
67732e569b85a0767f6f2d04,Gravity,2024-10-30T01:49:58.941Z,-8.227545,4.6226873,-2.6676943,W1hZkqBeWCUTVBX6rx9OeHmaWx63,,,,,
67732e569b85a0767f6f2d05,Gravity,2024-10-30T01:49:59.101Z,-8.240306,4.620186,-2.632424,W1hZkqBeWCUTVBX6rx9OeHmaWx63,,,,,
67732e569b85a0767f6f2d06,Gravity,2024-10-30T01:49:59.261Z,-8.242802,4.649759,-2.5718532,W1hZkqBeWCUTVBX6rx9OeHmaWx63,,,,,
67732e569b85a0767f6f2d07,Gravity,2024-10-30T01:49:59.421Z,-8.235872,4.6821165,-2.5350826,W1hZkqBeWCUTVBX6rx9OeHmaWx63,,,,,
67732e569b85a0767f6f2d08,Gravity,2024-10-30T01:49:59.582Z,-8.209097,4.699369,-2.5893922,W1hZkqBeWCUTVBX6rx9OeHmaWx63,,,,,
67732e569b85a0767f6f2d09,Gravity,2024-10-30T01:49:59.741Z,-8.192558,4.6466827,-2.7328935,W1hZkqBeWCUTVBX6rx9OeHmaWx63,,,,,
67732e569b85a0767f6f2d0a,Gravity,2024-10-30T01:49:59.902Z,-8.193795,4.632229,-2.753654,W1hZkqBeWCUTVBX6rx9OeHmaWx63,,,,,
67732e569b85a0767f6f2d0b,Gravity,2024-10-30T01:50:00.061Z,-8.213856,4.6374207,-2.6842737,W1hZkqBeWCUTVBX6rx9OeHmaWx63,,,,,
67732e569b85a0767f6f2d0c,Gravity,2024-10-30T01:50:00.221Z,-8.235,4.5579095,-2.7547517,W1hZkqBeWCUTVBX6rx9OeHmaWx63,,,,,
67732e569b85a0767f6f2d0d,Gravity,2024-10-30T01:50:00.381Z,-8.214398,4.4713917,-2.9511101,W1hZkqBeWCUTVBX6rx9OeHmaWx63,,,,,
67732e569b85a0767f6f2d0e,Gravity,2024-10-30T01:50:00.540Z,-8.217981,4.29204,-3.1971798,W1hZkqBeWCUTVBX6rx9OeHmaWx63,,,,,
67732e569b85a0767f6f2d0f,Gravity,2024-10-30T01:50:00.700Z,-8.288865,3.9509373,-3.4443753,W1hZkqBeWCUTVBX6rx9OeHmaWx63,,,,,
67732e569b85a0767f6f2d10,Gravity,2024-10-30T01:50:00.860Z,-8.265802,3.9737546,-3.4733922,W1hZkqBeWCUTVBX6rx9OeHmaWx63,,,,,
67732e569b85a0767f6f2d11,Gravity,2024-10-30T01:50:01.020Z,-8.265783,4.0078406,-3.4340498,W1hZkqBeWCUTVBX6rx9OeHmaWx63,,,,,
67732e569b85a0767f6f2d12,Gravity,2024-10-30T01:50:01.181Z,-8.233449,4.1334243,-3.3620946,W1hZkqBeWCUTVBX6rx9OeHmaWx63,,,,,
67732e569b85a0767f6f2d13,Gravity,2024-10-30T01:50:01.340Z,-8.211812,4.2178335,-3.3097622,W1hZkqBeWCUTVBX6rx9OeHmaWx63,,,,,
67732e569b85a0767f6f2d14,Gravity,2024-10-30T01:50:01.500Z,-8.178968,4.25437,-3.3441286,W1hZkqBeWCUTVBX6rx9OeHmaWx63,,,,,
67732e569b85a0767f6f2d15,Gravity,2024-10-30T01:50:01.660Z,-8.143146,4.2973886,-3.3763866,W1hZkqBeWCUTVBX6rx9OeHmaWx63,,,,,
67732e569b85a0767f6f2d16,Gravity,2024-10-30T01:50:01.821Z,-8.132536,4.334255,-3.354774,W1hZkqBeWCUTVBX6rx9OeHmaWx63,,,,,
67732e569b85a0767f6f2d17,Gravity,2024-10-30T01:50:01.982Z,-8.132488,4.326631,-3.3647494,W1hZkqBeWCUTVBX6rx9OeHmaWx63,,,,,
67732e569b85a0767f6f2d18,Gravity,2024-10-30T01:50:02.142Z,-8.150879,4.282953,-3.376116,W1hZkqBeWCUTVBX6rx9OeHmaWx63,,,,,
67732e569b85a0767f6f2d19,Gravity,2024-10-30T01:50:02.302Z,-8.178683,4.2287807,-3.3771496,W1hZkqBeWCUTVBX6rx9OeHmaWx63,,,,,
67732e569b85a0767f6f2d1a,Gravity,2024-10-30T01:50:02.461Z,-8.177717,4.221659,-3.3883688,W1hZkqBeWCUTVBX6rx9OeHmaWx63,,,,,
67732e569b85a0767f6f2d1b,Gravity,2024-10-30T01:50:02.623Z,-8.130207,4.3174977,-3.381921,W1hZkqBeWCUTVBX6rx9OeHmaWx63,,,,,
67732e569b85a0767f6f2d1c,Gravity,2024-10-30T01:50:02.783Z,-8.105165,4.3379903,-3.415667,W1hZkqBeWCUTVBX6rx9OeHmaWx63,,,,,
67732e569b85a0767f6f2d1d,Gravity,2024-10-30T01:50:02.941Z,-8.089197,4.321522,-3.4739037,W1hZkqBeWCUTVBX6rx9OeHmaWx63,,,,,
67732e569b85a0767f6f2d1e,Gravity,2024-10-30T01:50:03.102Z,-8.055161,4.298723,-3.5796583,W1hZkqBeWCUTVBX6rx9OeHmaWx63,,,,,
67732e569b85a0767f6f2d1f,Gravity,2024-10-30T01:50:03.262Z,-7.9673047,4.7116804,-3.2404633,W1hZkqBeWCUTVBX6rx9OeHmaWx63,,,,,
67732e569b85a0767f6f2d20,Gravity,2024-10-30T01:50:03.421Z,-7.856155,5.364921,-2.382534,W1hZkqBeWCUTVBX6rx9OeHmaWx63,,,,,
67732e569b85a0767f6f2d21,Gravity,2024-10-30T01:50:03.583Z,-7.817245,5.4469957,-2.3235476,W1hZkqBeWCUTVBX6rx9OeHmaWx63,,,,,
67732e569b85a0767f6f2d22,Gravity,2024-10-30T01:50:03.742Z,-7.7908387,5.5292077,-2.2155304,W1hZkqBeWCUTVBX6rx9OeHmaWx63,,,,,
67732e569b85a0767f6f2d23,Gravity,2024-10-30T01:50:03.901Z,-7.7755685,5.5521135,-2.211877,W1hZkqBeWCUTVBX6rx9OeHmaWx63,,,,,
67732e569b85a0767f6f2d24,Gravity,2024-10-30T01:50:04.060Z,-7.7441483,5.5711093,-2.273464,W1hZkqBeWCUTVBX6rx9OeHmaWx63,,,,,
67732e569b85a0767f6f2d25,Gravity,2024-10-30T01:50:04.220Z,-7.7659125,5.5476723,-2.2564538,W1hZkqBeWCUTVBX6rx9OeHmaWx63,,,,,
67732e569b85a0767f6f2d26,Gravity,2024-10-30T01:50:04.380Z,-7.7271886,5.5718083,-2.328748,W1hZkqBeWCUTVBX6rx9OeHmaWx63,,,,,
67732e569b85a0767f6f2d27,Gravity,2024-10-30T01:50:04.539Z,-7.7095237,5.566941,-2.3979433,W1hZkqBeWCUTVBX6rx9OeHmaWx63,,,,,
67732e569b85a0767f6f2d28,Gravity,2024-10-30T01:50:04.699Z,-7.714458,5.5799556,-2.3513567,W1hZkqBeWCUTVBX6rx9OeHmaWx63,,,,,
67732e569b85a0767f6f2d29,Gravity,2024-10-30T01:50:04.859Z,-7.7156215,5.5847087,-2.3362377,W1hZkqBeWCUTVBX6rx9OeHmaWx63,,,,,
67732e569b85a0767f6f2d2a,Gravity,2024-10-30T01:50:05.019Z,-7.718944,5.5915103,-2.3088417,W1hZkqBeWCUTVBX6rx9OeHmaWx63,,,,,
67732e569b85a0767f6f2d2b,Gravity,2024-10-30T01:50:05.180Z,-7.7165356,5.600026,-2.2962375,W1hZkqBeWCUTVBX6rx9OeHmaWx63,,,,,
67732e569b85a0767f6f2d2c,Gravity,2024-10-30T01:50:05.338Z,-7.717569,5.601903,-2.2881927,W1hZkqBeWCUTVBX6rx9OeHmaWx63,,,,,
67732e569b85a0767f6f2d2d,Gravity,2024-10-30T01:50:05.499Z,-7.7180796,5.6062994,-2.2756793,W1hZkqBeWCUTVBX6rx9OeHmaWx63,,,,,
67732e569b85a0767f6f2d2e,Gravity,2024-10-30T01:50:05.659Z,-7.7158327,5.617057,-2.256697,W1hZkqBeWCUTVBX6rx9OeHmaWx63,,,,,
67732e569b85a0767f6f2d2f,Gravity,2024-10-30T01:50:05.819Z,-7.718341,5.620961,-2.2383366,W1hZkqBeWCUTVBX6rx9OeHmaWx63,,,,,
67732e569b85a0767f6f2d30,Gravity,2024-10-30T01:50:05.979Z,-7.714305,5.6284766,-2.2333512,W1hZkqBeWCUTVBX6rx9OeHmaWx63,,,,,
67732e569b85a0767f6f2d31,Gravity,2024-10-30T01:50:06.138Z,-7.706565,5.6403813,-2.230033,W1hZkqBeWCUTVBX6rx9OeHmaWx63,,,,,
67732e569b85a0767f6f2d32,Gravity,2024-10-30T01:50:06.298Z,-7.6982803,5.652594,-2.2277393,W1hZkqBeWCUTVBX6rx9OeHmaWx63,,,,,
67732e569b85a0767f6f2d33,Gravity,2024-10-30T01:50:06.458Z,-7.692879,5.6633124,-2.2191584,W1hZkqBeWCUTVBX6rx9OeHmaWx63,,,,,
67732e569b85a0767f6f2d34,Gravity,2024-10-30T01:50:06.618Z,-7.6887193,5.673035,-2.2087212,W1hZkqBeWCUTVBX6rx9OeHmaWx63,,,,,
67732e569b85a0767f6f2d35,Gravity,2024-10-30T01:50:06.779Z,-7.6902766,5.668199,-2.2157092,W1hZkqBeWCUTVBX6rx9OeHmaWx63,,,,,
67732e569b85a0767f6f2d36,Gravity,2024-10-30T01:50:06.938Z,-7.6985016,5.6394024,-2.260175,W1hZkqBeWCUTVBX6rx9OeHmaWx63,,,,,
67732e569b85a0767f6f2d37,Gravity,2024-10-30T01:50:07.098Z,-7.696531,5.6427307,-2.2585874,W1hZkqBeWCUTVBX6rx9OeHmaWx63,,,,,
67732e569b85a0767f6f2d38,Gravity,2024-10-30T01:50:07.258Z,-7.6921973,5.6519914,-2.250204,W1hZkqBeWCUTVBX6rx9OeHmaWx63,,,,,
67732e569b85a0767f6f2d39,Gravity,2024-10-30T01:50:07.419Z,-7.685937,5.662914,-2.2441373,W1hZkqBeWCUTVBX6rx9OeHmaWx63,,,,,
67732e569b85a0767f6f2d3a,Gravity,2024-10-30T01:50:07.579Z,-7.680321,5.6699047,-2.245722,W1hZkqBeWCUTVBX6rx9OeHmaWx63,,,,,
67732e569b85a0767f6f2d3b,Gravity,2024-10-30T01:50:07.738Z,-7.6740985,5.6920795,-2.2106092,W1hZkqBeWCUTVBX6rx9OeHmaWx63,,,,,
67732e569b85a0767f6f2d3c,Gravity,2024-10-30T01:50:07.898Z,-7.666243,5.7156043,-2.1769145,W1hZkqBeWCUTVBX6rx9OeHmaWx63,,,,,
67732e569b85a0767f6f2d3d,Gravity,2024-10-30T01:50:08.058Z,-7.6554976,5.737932,-2.1559014,W1hZkqBeWCUTVBX6rx9OeHmaWx63,,,,,
67732e569b85a0767f6f2d3e,Gravity,2024-10-30T01:50:08.218Z,-7.643884,5.771137,-2.1079688,W1hZkqBeWCUTVBX6rx9OeHmaWx63,,,,,
67732e569b85a0767f6f2d3f,Gravity,2024-10-30T01:50:08.379Z,-7.636641,5.787721,-2.0886884,W1hZkqBeWCUTVBX6rx9OeHmaWx63,,,,,
67732e569b85a0767f6f2d40,Gravity,2024-10-30T01:50:08.538Z,-7.631689,5.7978177,-2.078782,W1hZkqBeWCUTVBX6rx9OeHmaWx63,,,,,
67732e569b85a0767f6f2d41,Gravity,2024-10-30T01:50:08.698Z,-7.625223,5.8081865,-2.073571,W1hZkqBeWCUTVBX6rx9OeHmaWx63,,,,,
67732e569b85a0767f6f2d42,Gravity,2024-10-30T01:50:08.858Z,-7.6173625,5.8215046,-2.0651188,W1hZkqBeWCUTVBX6rx9OeHmaWx63,,,,,
67732e569b85a0767f6f2d43,Gravity,2024-10-30T01:50:09.018Z,-7.6108055,5.8391533,-2.0393093,W1hZkqBeWCUTVBX6rx9OeHmaWx63,,,,,
67732e569b85a0767f6f2d44,Gravity,2024-10-30T01:50:09.179Z,-7.6003184,5.853885,-2.0361698,W1hZkqBeWCUTVBX6rx9OeHmaWx63,,,,,
67732e569b85a0767f6f2d45,Gravity,2024-10-30T01:50:09.338Z,-7.588343,5.884872,-1.9909961,W1hZkqBeWCUTVBX6rx9OeHmaWx63,,,,,
67732e569b85a0767f6f2d46,Gravity,2024-10-30T01:50:09.498Z,-7.587139,5.883172,-2.0006056,W1hZkqBeWCUTVBX6rx9OeHmaWx63,,,,,
67732e569b85a0767f6f2d47,Gravity,2024-10-30T01:50:09.657Z,-7.574236,5.8650804,-2.100145,W1hZkqBeWCUTVBX6rx9OeHmaWx63,,,,,
67732e569b85a0767f6f2d48,Gravity,2024-10-30T01:50:09.817Z,-7.575413,5.8685513,-2.0861363,W1hZkqBeWCUTVBX6rx9OeHmaWx63,,,,,
67732e569b85a0767f6f2d49,Gravity,2024-10-30T01:50:09.978Z,-7.5713,5.870543,-2.0954485,W1hZkqBeWCUTVBX6rx9OeHmaWx63,,,,,
67732e569b85a0767f6f2d4a,Gravity,2024-10-30T01:50:10.137Z,-7.5677643,5.87668,-2.0910423,W1hZkqBeWCUTVBX6rx9OeHmaWx63,,,,,
67732e569b85a0767f6f2d4b,Gravity,2024-10-30T01:50:10.299Z,-7.5625434,5.882979,-2.0922225,W1hZkqBeWCUTVBX6rx9OeHmaWx63,,,,,
67732e569b85a0767f6f2d4c,Gravity,2024-10-30T01:50:10.458Z,-7.562404,5.8892517,-2.0749943,W1hZkqBeWCUTVBX6rx9OeHmaWx63,,,,,
67732e569b85a0767f6f2d4d,Gravity,2024-10-30T01:50:10.618Z,-7.5644646,5.891939,-2.059815,W1hZkqBeWCUTVBX6rx9OeHmaWx63,,,,,
67732e569b85a0767f6f2d4e,Gravity,2024-10-30T01:50:10.778Z,-7.561773,5.899865,-2.046971,W1hZkqBeWCUTVBX6rx9OeHmaWx63,,,,,
67732e569b85a0767f6f2d4f,Gravity,2024-10-30T01:50:10.937Z,-7.5467463,5.921544,-2.039819,W1hZkqBeWCUTVBX6rx9OeHmaWx63,,,,,
67732e569b85a0767f6f2d50,Gravity,2024-10-30T01:50:11.097Z,-7.527415,5.9584813,-2.0032945,W1hZkqBeWCUTVBX6rx9OeHmaWx63,,,,,
67732e569b85a0767f6f2d51,Gravity,2024-10-30T01:50:11.257Z,-7.503329,6.009412,-1.9405011,W1hZkqBeWCUTVBX6rx9OeHmaWx63,,,,,
67732e569b85a0767f6f2d52,Gravity,2024-10-30T01:50:11.417Z,-7.493991,6.0420814,-1.8739579,W1hZkqBeWCUTVBX6rx9OeHmaWx63,,,,,
67732e569b85a0767f6f2d53,Gravity,2024-10-30T01:50:11.578Z,-7.4873414,6.06828,-1.8149054,W1hZkqBeWCUTVBX6rx9OeHmaWx63,,,,,
67732e569b85a0767f6f2d54,Gravity,2024-10-30T01:50:11.737Z,-7.486246,6.081479,-1.7747347,W1hZkqBeWCUTVBX6rx9OeHmaWx63,,,,,
67732e569b85a0767f6f2d55,Gravity,2024-10-30T01:50:11.898Z,-7.479957,6.094031,-1.7581489,W1hZkqBeWCUTVBX6rx9OeHmaWx63,,,,,
67732e569b85a0767f6f2d56,Gravity,2024-10-30T01:50:12.057Z,-7.474278,6.098385,-1.7671803,W1hZkqBeWCUTVBX6rx9OeHmaWx63,,,,,
67732e569b85a0767f6f2d57,Gravity,2024-10-30T01:50:12.217Z,-7.468811,6.1041193,-1.7704976,W1hZkqBeWCUTVBX6rx9OeHmaWx63,,,,,
67732e569b85a0767f6f2d58,Gravity,2024-10-30T01:50:12.377Z,-7.4648223,6.109707,-1.7680472,W1hZkqBeWCUTVBX6rx9OeHmaWx63,,,,,
67732e569b85a0767f6f2d59,Gravity,2024-10-30T01:50:12.536Z,-7.465609,6.1055,-1.7792215,W1hZkqBeWCUTVBX6rx9OeHmaWx63,,,,,
67732e569b85a0767f6f2d5a,Gravity,2024-10-30T01:50:12.696Z,-7.4581532,6.112945,-1.7849417,W1hZkqBeWCUTVBX6rx9OeHmaWx63,,,,,
67732e569b85a0767f6f2d5b,Gravity,2024-10-30T01:50:12.856Z,-7.4585905,6.1085434,-1.7981507,W1hZkqBeWCUTVBX6rx9OeHmaWx63,,,,,
67732e569b85a0767f6f2d5c,Gravity,2024-10-30T01:50:13.016Z,-7.460414,6.099591,-1.82085,W1hZkqBeWCUTVBX6rx9OeHmaWx63,,,,,
67732e569b85a0767f6f2d5d,Gravity,2024-10-30T01:50:13.177Z,-7.483653,6.032335,-1.9452959,W1hZkqBeWCUTVBX6rx9OeHmaWx63,,,,,
67732e569b85a0767f6f2d5e,Gravity,2024-10-30T01:50:13.337Z,-7.6058064,5.814844,-2.12549,W1hZkqBeWCUTVBX6rx9OeHmaWx63,,,,,
67732e569b85a0767f6f2d5f,Gravity,2024-10-30T01:50:13.496Z,-7.397205,5.737032,-2.9234898,W1hZkqBeWCUTVBX6rx9OeHmaWx63,,,,,
67732e569b85a0767f6f2d60,Gravity,2024-10-30T01:50:13.657Z,-7.263576,5.6633854,-3.368346,W1hZkqBeWCUTVBX6rx9OeHmaWx63,,,,,
67732e569b85a0767f6f2d61,Gravity,2024-10-30T01:50:13.816Z,-7.262761,5.4378614,-3.7230806,W1hZkqBeWCUTVBX6rx9OeHmaWx63,,,,,
67732e569b85a0767f6f2d62,Gravity,2024-10-30T01:50:13.978Z,-7.3372655,5.0113864,-4.1509137,W1hZkqBeWCUTVBX6rx9OeHmaWx63,,,,,
67732e569b85a0767f6f2d63,Gravity,2024-10-30T01:50:14.138Z,-7.355949,4.9354014,-4.208472,W1hZkqBeWCUTVBX6rx9OeHmaWx63,,,,,
67732e569b85a0767f6f2d64,Gravity,2024-10-30T01:50:14.298Z,-7.407315,5.1825376,-3.8016107,W1hZkqBeWCUTVBX6rx9OeHmaWx63,,,,,
67732e569b85a0767f6f2d65,Gravity,2024-10-30T01:50:14.458Z,-7.51768,5.291632,-3.4149873,W1hZkqBeWCUTVBX6rx9OeHmaWx63,,,,,
67732e569b85a0767f6f2d66,Gravity,2024-10-30T01:50:14.618Z,-7.5312767,5.37007,-3.259003,W1hZkqBeWCUTVBX6rx9OeHmaWx63,,,,,
67732e569b85a0767f6f2d67,Gravity,2024-10-30T01:50:14.778Z,-7.5540195,5.397173,-3.160089,W1hZkqBeWCUTVBX6rx9OeHmaWx63,,,,,
67732e569b85a0767f6f2d68,Gravity,2024-10-30T01:50:14.937Z,-7.557717,5.4049473,-3.1378884,W1hZkqBeWCUTVBX6rx9OeHmaWx63,,,,,
67732e569b85a0767f6f2d69,Gravity,2024-10-30T01:50:15.096Z,-7.5519876,5.4614277,-3.052686,W1hZkqBeWCUTVBX6rx9OeHmaWx63,,,,,
67732e569b85a0767f6f2d6a,Gravity,2024-10-30T01:50:15.257Z,-7.5626483,5.440698,-3.0633,W1hZkqBeWCUTVBX6rx9OeHmaWx63,,,,,
67732e569b85a0767f6f2d6b,Gravity,2024-10-30T01:50:15.417Z,-7.574526,5.4190187,-3.0723746,W1hZkqBeWCUTVBX6rx9OeHmaWx63,,,,,
67732e569b85a0767f6f2d6c,Gravity,2024-10-30T01:50:15.577Z,-7.60051,5.383462,-3.0706916,W1hZkqBeWCUTVBX6rx9OeHmaWx63,,,,,
67732e569b85a0767f6f2d6d,Gravity,2024-10-30T01:50:15.737Z,-7.589351,5.409065,-3.053239,W1hZkqBeWCUTVBX6rx9OeHmaWx63,,,,,
67732e569b85a0767f6f2d6e,Gravity,2024-10-30T01:50:15.896Z,-7.58485,5.40447,-3.0724914,W1hZkqBeWCUTVBX6rx9OeHmaWx63,,,,,
67732e569b85a0767f6f2d6f,Gravity,2024-10-30T01:50:16.054Z,-7.576964,5.4242005,-3.0571473,W1hZkqBeWCUTVBX6rx9OeHmaWx63,,,,,
67732e569b85a0767f6f2d70,Gravity,2024-10-30T01:50:16.214Z,-7.5792384,5.4346194,-3.0329182,W1hZkqBeWCUTVBX6rx9OeHmaWx63,,,,,
67732e569b85a0767f6f2d71,Gravity,2024-10-30T01:50:16.375Z,-7.576552,5.447102,-3.0171728,W1hZkqBeWCUTVBX6rx9OeHmaWx63,,,,,
67732e569b85a0767f6f2d72,Gravity,2024-10-30T01:50:16.533Z,-7.5588493,5.4763656,-3.0085897,W1hZkqBeWCUTVBX6rx9OeHmaWx63,,,,,
67732e569b85a0767f6f2d73,Gravity,2024-10-30T01:50:16.693Z,-7.5357757,5.485501,-3.0495372,W1hZkqBeWCUTVBX6rx9OeHmaWx63,,,,,
67732e569b85a0767f6f2d74,Gravity,2024-10-30T01:50:16.853Z,-7.5229206,5.515225,-3.0275948,W1hZkqBeWCUTVBX6rx9OeHmaWx63,,,,,
67732e569b85a0767f6f2d75,Gravity,2024-10-30T01:50:17.013Z,-7.5103254,5.614006,-2.8733594,W1hZkqBeWCUTVBX6rx9OeHmaWx63,,,,,
67732e569b85a0767f6f2d76,Gravity,2024-10-30T01:50:17.174Z,-7.5203233,5.6577563,-2.7590935,W1hZkqBeWCUTVBX6rx9OeHmaWx63,,,,,
67732e569b85a0767f6f2d77,Gravity,2024-10-30T01:50:17.333Z,-7.5332375,5.6260605,-2.7885015,W1hZkqBeWCUTVBX6rx9OeHmaWx63,,,,,
67732e569b85a0767f6f2d78,Gravity,2024-10-30T01:50:17.493Z,-7.5332813,5.619623,-2.801323,W1hZkqBeWCUTVBX6rx9OeHmaWx63,,,,,
67732e569b85a0767f6f2d79,Gravity,2024-10-30T01:50:17.653Z,-7.5284843,5.623647,-2.806158,W1hZkqBeWCUTVBX6rx9OeHmaWx63,,,,,
67732e569b85a0767f6f2d7a,Gravity,2024-10-30T01:50:17.813Z,-7.5252953,5.6323724,-2.7971828,W1hZkqBeWCUTVBX6rx9OeHmaWx63,,,,,
67732e569b85a0767f6f2d7b,Gravity,2024-10-30T01:50:17.974Z,-7.524845,5.660045,-2.7419853,W1hZkqBeWCUTVBX6rx9OeHmaWx63,,,,,
67732e569b85a0767f6f2d7c,Gravity,2024-10-30T01:50:18.132Z,-7.5144167,5.6971536,-2.6932793,W1hZkqBeWCUTVBX6rx9OeHmaWx63,,,,,
67732e569b85a0767f6f2d7d,Gravity,2024-10-30T01:50:18.292Z,-7.541708,5.6021028,-2.8136797,W1hZkqBeWCUTVBX6rx9OeHmaWx63,,,,,
67732e569b85a0767f6f2d7e,Gravity,2024-10-30T01:50:18.452Z,-7.5252566,5.587693,-2.8854806,W1hZkqBeWCUTVBX6rx9OeHmaWx63,,,,,
67732e569b85a0767f6f2d7f,Gravity,2024-10-30T01:50:18.612Z,-7.5307336,5.5281596,-2.984165,W1hZkqBeWCUTVBX6rx9OeHmaWx63,,,,,
67732e569b85a0767f6f2d80,Gravity,2024-10-30T01:50:18.773Z,-7.571551,5.4961123,-2.9397495,W1hZkqBeWCUTVBX6rx9OeHmaWx63,,,,,
67732e569b85a0767f6f2d81,Gravity,2024-10-30T01:50:18.932Z,-7.55881,5.477663,-3.0062435,W1hZkqBeWCUTVBX6rx9OeHmaWx63,,,,,
67732e569b85a0767f6f2d82,Gravity,2024-10-30T01:50:19.092Z,-7.5056877,5.6173,-2.878945,W1hZkqBeWCUTVBX6rx9OeHmaWx63,,,,,
67732e569b85a0767f6f2d83,Gravity,2024-10-30T01:50:19.252Z,-7.542765,5.5856013,-2.843467,W1hZkqBeWCUTVBX6rx9OeHmaWx63,,,,,
67732e569b85a0767f6f2d84,Gravity,2024-10-30T01:50:19.412Z,-7.4561176,5.6700296,-2.904256,W1hZkqBeWCUTVBX6rx9OeHmaWx63,,,,,
67732e569b85a0767f6f2d85,Gravity,2024-10-30T01:50:19.573Z,-7.3705826,5.838677,-2.7860203,W1hZkqBeWCUTVBX6rx9OeHmaWx63,,,,,
67732e569b85a0767f6f2d86,Gravity,2024-10-30T01:50:19.731Z,-7.337318,5.913512,-2.7150967,W1hZkqBeWCUTVBX6rx9OeHmaWx63,,,,,
67732e569b85a0767f6f2d87,Gravity,2024-10-30T01:50:19.891Z,-7.389893,5.878836,-2.6469507,W1hZkqBeWCUTVBX6rx9OeHmaWx63,,,,,
67732e569b85a0767f6f2d88,Gravity,2024-10-30T01:50:20.051Z,-7.393599,5.8807497,-2.6323295,W1hZkqBeWCUTVBX6rx9OeHmaWx63,,,,,
67732e569b85a0767f6f2d89,Gravity,2024-10-30T01:50:20.211Z,-7.400581,5.8998194,-2.5692766,W1hZkqBeWCUTVBX6rx9OeHmaWx63,,,,,
67732e569b85a0767f6f2d8a,Gravity,2024-10-30T01:50:20.372Z,-7.396913,5.923293,-2.5254164,W1hZkqBeWCUTVBX6rx9OeHmaWx63,,,,,
67732e569b85a0767f6f2d8b,Gravity,2024-10-30T01:50:20.531Z,-7.3827896,5.946097,-2.5130672,W1hZkqBeWCUTVBX6rx9OeHmaWx63,,,,,
67732e569b85a0767f6f2d8c,Gravity,2024-10-30T01:50:20.691Z,-7.376338,5.9508595,-2.5207355,W1hZkqBeWCUTVBX6rx9OeHmaWx63,,,,,
67732e569b85a0767f6f2d8d,Gravity,2024-10-30T01:50:20.851Z,-7.3631253,5.975961,-2.4998786,W1hZkqBeWCUTVBX6rx9OeHmaWx63,,,,,
67732e569b85a0767f6f2d8e,Gravity,2024-10-30T01:50:21.011Z,-7.358965,5.9815927,-2.498665,W1hZkqBeWCUTVBX6rx9OeHmaWx63,,,,,
67732e569b85a0767f6f2d8f,Gravity,2024-10-30T01:50:21.172Z,-7.357832,5.988333,-2.4858336,W1hZkqBeWCUTVBX6rx9OeHmaWx63,,,,,
67732e569b85a0767f6f2d90,Gravity,2024-10-30T01:50:21.330Z,-7.3518558,5.9995503,-2.4764843,W1hZkqBeWCUTVBX6rx9OeHmaWx63,,,,,
67732e569b85a0767f6f2d91,Gravity,2024-10-30T01:50:21.490Z,-7.3416243,6.014646,-2.4702177,W1hZkqBeWCUTVBX6rx9OeHmaWx63,,,,,
67732e569b85a0767f6f2d92,Gravity,2024-10-30T01:50:21.650Z,-7.3298683,6.0288525,-2.4705303,W1hZkqBeWCUTVBX6rx9OeHmaWx63,,,,,
67732e569b85a0767f6f2d93,Gravity,2024-10-30T01:50:21.810Z,-7.321889,6.041349,-2.463668,W1hZkqBeWCUTVBX6rx9OeHmaWx63,,,,,
67732e569b85a0767f6f2d94,Gravity,2024-10-30T01:50:21.970Z,-7.317662,6.050409,-2.4539924,W1hZkqBeWCUTVBX6rx9OeHmaWx63,,,,,
67732e569b85a0767f6f2d95,Gravity,2024-10-30T01:50:22.129Z,-7.31646,6.0578084,-2.4392736,W1hZkqBeWCUTVBX6rx9OeHmaWx63,,,,,
67732e569b85a0767f6f2d96,Gravity,2024-10-30T01:50:22.289Z,-7.3075767,6.0653124,-2.447251,W1hZkqBeWCUTVBX6rx9OeHmaWx63,,,,,
67732e569b85a0767f6f2d97,Gravity,2024-10-30T01:50:22.449Z,-7.270986,6.1472554,-2.349816,W1hZkqBeWCUTVBX6rx9OeHmaWx63,,,,,
67732e569b85a0767f6f2d98,Gravity,2024-10-30T01:50:22.609Z,-7.1116276,6.3785915,-2.2171774,W1hZkqBeWCUTVBX6rx9OeHmaWx63,,,,,
67732e569b85a0767f6f2d99,Gravity,2024-10-30T01:50:22.770Z,-7.0666423,6.452211,-2.1468403,W1hZkqBeWCUTVBX6rx9OeHmaWx63,,,,,
67732e569b85a0767f6f2d9a,Gravity,2024-10-30T01:50:22.928Z,-6.9942865,6.5678616,-2.0298593,W1hZkqBeWCUTVBX6rx9OeHmaWx63,,,,,
67732e569b85a0767f6f2d9b,Gravity,2024-10-30T01:50:23.088Z,-6.941914,6.660803,-1.9027737,W1hZkqBeWCUTVBX6rx9OeHmaWx63,,,,,
67732e569b85a0767f6f2d9c,Gravity,2024-10-30T01:50:23.248Z,-6.8626947,6.7681556,-1.808972,W1hZkqBeWCUTVBX6rx9OeHmaWx63,,,,,
67732e569b85a0767f6f2d9d,Gravity,2024-10-30T01:50:23.408Z,-6.812131,6.835006,-1.7476726,W1hZkqBeWCUTVBX6rx9OeHmaWx63,,,,,
67732e569b85a0767f6f2d9e,Gravity,2024-10-30T01:50:23.569Z,-6.8189898,6.8397326,-1.7017683,W1hZkqBeWCUTVBX6rx9OeHmaWx63,,,,,
67732e569b85a0767f6f2d9f,Gravity,2024-10-30T01:50:23.728Z,-6.820444,6.850064,-1.6536487,W1hZkqBeWCUTVBX6rx9OeHmaWx63,,,,,
67732e569b85a0767f6f2da0,Gravity,2024-10-30T01:50:23.889Z,-6.8103967,6.8653755,-1.6314158,W1hZkqBeWCUTVBX6rx9OeHmaWx63,,,,,
67732e569b85a0767f6f2da1,Gravity,2024-10-30T01:50:24.048Z,-6.7902575,6.8916664,-1.6042887,W1hZkqBeWCUTVBX6rx9OeHmaWx63,,,,,
67732e569b85a0767f6f2da2,Gravity,2024-10-30T01:50:25.647Z,-6.7314477,6.9672847,-1.5235499,W1hZkqBeWCUTVBX6rx9OeHmaWx63,,,,,
67732e569b85a0767f6f2da3,Gravity,2024-10-30T01:50:24.208Z,-6.7765455,6.9056964,-1.601967,W1hZkqBeWCUTVBX6rx9OeHmaWx63,,,,,
67732e569b85a0767f6f2da4,Gravity,2024-10-30T01:50:25.807Z,-6.7228518,6.9761977,-1.5207261,W1hZkqBeWCUTVBX6rx9OeHmaWx63,,,,,
67732e569b85a0767f6f2da5,Gravity,2024-10-30T01:50:24.369Z,-6.7678246,6.9178767,-1.586217,W1hZkqBeWCUTVBX6rx9OeHmaWx63,,,,,
67732e569b85a0767f6f2da6,Gravity,2024-10-30T01:50:24.527Z,-6.760105,6.9268875,-1.5798142,W1hZkqBeWCUTVBX6rx9OeHmaWx63,,,,,
67732e569b85a0767f6f2da7,Gravity,2024-10-30T01:50:24.687Z,-6.7494287,6.9377584,-1.5777766,W1hZkqBeWCUTVBX6rx9OeHmaWx63,,,,,
67732e569b85a0767f6f2da8,Gravity,2024-10-30T01:50:24.847Z,-6.747743,6.939818,-1.5759102,W1hZkqBeWCUTVBX6rx9OeHmaWx63,,,,,
67732e569b85a0767f6f2da9,Gravity,2024-10-30T01:50:25.007Z,-6.746608,6.942271,-1.5699767,W1hZkqBeWCUTVBX6rx9OeHmaWx63,,,,,
67732e569b85a0767f6f2daa,Gravity,2024-10-30T01:50:25.168Z,-6.7436585,6.9485426,-1.5548066,W1hZkqBeWCUTVBX6rx9OeHmaWx63,,,,,
67732e569b85a0767f6f2dab,Gravity,2024-10-30T01:50:25.327Z,-6.7409487,6.9534655,-1.544509,W1hZkqBeWCUTVBX6rx9OeHmaWx63,,,,,
67732e569b85a0767f6f2dac,Gravity,2024-10-30T01:50:25.487Z,-6.736121,6.9605565,-1.5336095,W1hZkqBeWCUTVBX6rx9OeHmaWx63,,,,,
6827bc374b2ae70172a6cc39,Gravity,,,,,W1hZkqBeWCUTVBX6rx9OeHmaWx63,2024-10-30T01:41:56.435Z,-6.5335364,-7.2307744,-1.0950743,true
6827bc374b2ae70172a6cc3a,Gravity,,,,,W1hZkqBeWCUTVBX6rx9OeHmaWx63,2024-10-30T01:41:56.441Z,-6.2898483,-7.4750314,-0.8556372,true
6827bc374b2ae70172a6cc3b,Gravity,,,,,W1hZkqBeWCUTVBX6rx9OeHmaWx63,2024-10-30T01:41:56.460Z,-6.049251,-7.695514,-0.5966823,true
6827bc374b2ae70172a6cc3c,Gravity,,,,,W1hZkqBeWCUTVBX6rx9OeHmaWx63,2024-10-30T01:41:56.480Z,-5.808424,-7.8951144,-0.3158663,true
6827bc374b2ae70172a6cc3d,Gravity,,,,,W1hZkqBeWCUTVBX6rx9OeHmaWx63,2024-10-30T01:41:56.500Z,-5.5473275,-8.086417,0.08627777,true
6827bc374b2ae70172a6cc3e,Gravity,,,,,W1hZkqBeWCUTVBX6rx9OeHmaWx63,2024-10-30T01:41:56.524Z,-5.2376423,-8.26481,0.65608436,true
6827bc374b2ae70172a6cc3f,Gravity,,,,,W1hZkqBeWCUTVBX6rx9OeHmaWx63,2024-10-30T01:41:56.540Z,-4.865085,-8.408572,1.3406126,true
6827bc374b2ae70172a6cc40,Gravity,,,,,W1hZkqBeWCUTVBX6rx9OeHmaWx63,2024-10-30T01:41:56.560Z,-4.4217367,-8.491462,2.1245518,true
6827bc374b2ae70172a6cc41,Gravity,,,,,W1hZkqBeWCUTVBX6rx9OeHmaWx63,2024-10-30T01:41:56.580Z,-3.9464846,-8.48802,2.9238973,true
6827bc374b2ae70172a6cc42,Gravity,,,,,W1hZkqBeWCUTVBX6rx9OeHmaWx63,2024-10-30T01:41:56.600Z,-3.513071,-8.464618,3.4898424,true
6827bc374b2ae70172a6cc43,Gravity,,,,,W1hZkqBeWCUTVBX6rx9OeHmaWx63,2024-10-30T01:41:56.620Z,-3.1430104,-8.564707,3.5969012,true
6827bc374b2ae70172a6cc44,Gravity,,,,,W1hZkqBeWCUTVBX6rx9OeHmaWx63,2024-10-30T01:41:56.645Z,-2.8163352,-8.816177,3.2424774,true
6827bc374b2ae70172a6cc45,Gravity,,,,,W1hZkqBeWCUTVBX6rx9OeHmaWx63,2024-10-30T01:41:56.666Z,-2.5137532,-9.086667,2.6988757,true
6827bc374b2ae70172a6cc46,Gravity,,,,,W1hZkqBeWCUTVBX6rx9OeHmaWx63,2024-10-30T01:41:56.680Z,-2.2213407,-9.2615,2.3367994,true
6827bc374b2ae70172a6cc47,Gravity,,,,,W1hZkqBeWCUTVBX6rx9OeHmaWx63,2024-10-30T01:41:56.712Z,-1.9611174,-9.324562,2.3188236,true
6827bc374b2ae70172a6cc48,Gravity,,,,,W1hZkqBeWCUTVBX6rx9OeHmaWx63,2024-10-30T01:41:56.726Z,-1.7426442,-9.317326,2.5141678,true
6827bc374b2ae70172a6cc49,Gravity,,,,,W1hZkqBeWCUTVBX6rx9OeHmaWx63,2024-10-30T01:41:56.740Z,-1.5744745,-9.305717,2.6636546,true
6827bc374b2ae70172a6cc4a,Gravity,,,,,W1hZkqBeWCUTVBX6rx9OeHmaWx63,2024-10-30T01:41:56.760Z,-1.4940045,-9.341591,2.5832162,true
6827bc374b2ae70172a6cc4b,Gravity,,,,,W1hZkqBeWCUTVBX6rx9OeHmaWx63,2024-10-30T01:41:56.781Z,-1.5000079,-9.407229,2.3290381,true
6827bc374b2ae70172a6cc4c,Gravity,,,,,W1hZkqBeWCUTVBX6rx9OeHmaWx63,2024-10-30T01:41:56.800Z,-1.5982549,-9.460125,2.0302773,true
6827bc374b2ae70172a6cc4d,Gravity,,,,,W1hZkqBeWCUTVBX6rx9OeHmaWx63,2024-10-30T01:41:56.821Z,-1.7874556,-9.490812,1.7029005,true
6827bc374b2ae70172a6cc4e,Gravity,,,,,W1hZkqBeWCUTVBX6rx9OeHmaWx63,2024-10-30T01:41:56.840Z,-2.043108,-9.487188,1.4104555,true
6827bc374b2ae70172a6cc4f,Gravity,,,,,W1hZkqBeWCUTVBX6rx9OeHmaWx63,2024-10-30T01:41:56.860Z,-2.3707023,-9.441587,1.1859955,true
6827bc374b2ae70172a6cc50,Gravity,,,,,W1hZkqBeWCUTVBX6rx9OeHmaWx63,2024-10-30T01:41:56.880Z,-2.7214854,-9.367342,1.0083915,true
6827bc374b2ae70172a6cc51,Gravity,,,,,W1hZkqBeWCUTVBX6rx9OeHmaWx63,2024-10-30T01:41:56.900Z,-3.06939,-9.284316,0.7420944,true
6827bc374b2ae70172a6cc52,Gravity,,,,,W1hZkqBeWCUTVBX6rx9OeHmaWx63,2024-10-30T01:41:56.920Z,-3.4373384,-9.181817,0.22211072,true
6827bc374b2ae70172a6cc53,Gravity,,,,,W1hZkqBeWCUTVBX6rx9OeHmaWx63,2024-10-30T01:41:56.940Z,-3.8243778,-9.013825,-0.5435925,true
6827bc374b2ae70172a6cc54,Gravity,,,,,W1hZkqBeWCUTVBX6rx9OeHmaWx63,2024-10-30T01:41:56.960Z,-4.2162085,-8.744813,-1.3864561,true
6827bc374b2ae70172a6cc55,Gravity,,,,,W1hZkqBeWCUTVBX6rx9OeHmaWx63,2024-10-30T01:41:56.979Z,-4.6110444,-8.392397,-2.115729,true
6827bc374b2ae70172a6cc56,Gravity,,,,,W1hZkqBeWCUTVBX6rx9OeHmaWx63,2024-10-30T01:41:57.000Z,-4.970337,-8.034305,-2.6298459,true
6827bc374b2ae70172a6cc57,Gravity,,,,,W1hZkqBeWCUTVBX6rx9OeHmaWx63,2024-10-30T01:41:57.020Z,-5.2549915,-7.7404075,-2.9396505,true
6827bc374b2ae70172a6cc58,Gravity,,,,,W1hZkqBeWCUTVBX6rx9OeHmaWx63,2024-10-30T01:41:57.040Z,-5.4739943,-7.535668,-3.0691183,true
6827bc374b2ae70172a6cc59,Gravity,,,,,W1hZkqBeWCUTVBX6rx9OeHmaWx63,2024-10-30T01:41:57.060Z,-5.6042275,-7.430703,-3.0899277,true
6827bc374b2ae70172a6cc5a,Gravity,,,,,W1hZkqBeWCUTVBX6rx9OeHmaWx63,2024-10-30T01:41:57.080Z,-5.6170754,-7.4225116,-3.0862978,true
6827bc374b2ae70172a6cc5b,Gravity,,,,,W1hZkqBeWCUTVBX6rx9OeHmaWx63,2024-10-30T01:41:57.099Z,-5.445142,-7.5431175,-3.1019619,true
6827bc374b2ae70172a6cc5c,Gravity,,,,,W1hZkqBeWCUTVBX6rx9OeHmaWx63,2024-10-30T01:41:57.127Z,-5.046322,-7.824473,-3.0793982,true
6827bc374b2ae70172a6cc5d,Gravity,,,,,W1hZkqBeWCUTVBX6rx9OeHmaWx63,2024-10-30T01:41:57.139Z,-4.444609,-8.243847,-2.9077153,true
6827bc374b2ae70172a6cc5e,Gravity,,,,,W1hZkqBeWCUTVBX6rx9OeHmaWx63,2024-10-30T01:41:57.161Z,-3.706444,-8.715875,-2.5428743,true
6827bc374b2ae70172a6cc5f,Gravity,,,,,W1hZkqBeWCUTVBX6rx9OeHmaWx63,2024-10-30T01:41:57.179Z,-2.991696,-9.118559,-2.0179262,true
6827bc374b2ae70172a6cc60,Gravity,,,,,W1hZkqBeWCUTVBX6rx9OeHmaWx63,2024-10-30T01:41:57.200Z,-2.3327978,-9.403071,-1.5200907,true
6827bc374b2ae70172a6cc61,Gravity,,,,,W1hZkqBeWCUTVBX6rx9OeHmaWx63,2024-10-30T01:41:57.244Z,-1.6810713,-9.595293,-1.1290392,true
6827bc374b2ae70172a6cc62,Gravity,,,,,W1hZkqBeWCUTVBX6rx9OeHmaWx63,2024-10-30T01:41:57.244Z,-0.9195716,-9.755306,-0.39847502,true
6827bc374b2ae70172a6cc63,Gravity,,,,,W1hZkqBeWCUTVBX6rx9OeHmaWx63,2024-10-30T01:41:57.265Z,-0.7382145,-9.776428,-0.21656069,true
6827bc374b2ae70172a6cc64,Gravity,,,,,W1hZkqBeWCUTVBX6rx9OeHmaWx63,2024-10-30T01:41:57.279Z,-0.45412222,-9.796061,-0.03715981,true
6827bc374b2ae70172a6cc65,Gravity,,,,,W1hZkqBeWCUTVBX6rx9OeHmaWx63,2024-10-30T01:41:57.299Z,-0.40379724,-9.798122,-0.064396195,true
6827bc374b2ae70172a6cc66,Gravity,,,,,W1hZkqBeWCUTVBX6rx9OeHmaWx63,2024-10-30T01:41:57.332Z,-0.56587684,-9.787632,-0.22897418,true
6827bc374b2ae70172a6cc67,Gravity,,,,,W1hZkqBeWCUTVBX6rx9OeHmaWx63,2024-10-30T01:41:57.340Z,-0.792431,-9.758535,-0.55981827,true
6827bc374b2ae70172a6cc68,Gravity,,,,,W1hZkqBeWCUTVBX6rx9OeHmaWx63,2024-10-30T01:41:57.365Z,-1.0025226,-9.719053,-0.839844,true
6827bc374b2ae70172a6cc69,Gravity,,,,,W1hZkqBeWCUTVBX6rx9OeHmaWx63,2024-10-30T01:41:57.379Z,-1.232335,-9.6691,-1.0771623,true
6827bc374b2ae70172a6cc6a,Gravity,,,,,W1hZkqBeWCUTVBX6rx9OeHmaWx63,2024-10-30T01:41:57.400Z,-1.3267075,-9.659477,-1.0510826,true
6827bc374b2ae70172a6cc6b,Gravity,,,,,W1hZkqBeWCUTVBX6rx9OeHmaWx63,2024-10-30T01:41:57.420Z,-1.5570153,-9.632249,-0.9827859,true
6827bc374b2ae70172a6cc6c,Gravity,,,,,W1hZkqBeWCUTVBX6rx9OeHmaWx63,2024-10-30T01:41:57.439Z,-1.7975177,-9.603695,-0.84166944,true
6827bc374b2ae70172a6cc6d,Gravity,,,,,W1hZkqBeWCUTVBX6rx9OeHmaWx63,2024-10-30T01:41:57.464Z,-2.0545995,-9.565142,-0.6760586,true
6827bc374b2ae70172a6cc6e,Gravity,,,,,W1hZkqBeWCUTVBX6rx9OeHmaWx63,2024-10-30T01:41:57.479Z,-2.3064544,-9.521572,-0.43629825,true
6827bc374b2ae70172a6cc6f,Gravity,,,,,W1hZkqBeWCUTVBX6rx9OeHmaWx63,2024-10-30T01:41:57.501Z,-2.495991,-9.483689,0.00814882,true
6827bc374b2ae70172a6cc70,Gravity,,,,,W1hZkqBeWCUTVBX6rx9OeHmaWx63,2024-10-30T01:41:57.521Z,-2.620706,-9.424802,0.68951195,true
6827bc374b2ae70172a6cc71,Gravity,,,,,W1hZkqBeWCUTVBX6rx9OeHmaWx63,2024-10-30T01:41:57.540Z,-2.7270126,-9.238633,1.8388627,true
6827bc374b2ae70172a6cc72,Gravity,,,,,W1hZkqBeWCUTVBX6rx9OeHmaWx63,2024-10-30T01:41:57.562Z,-2.6229103,-9.045897,2.731759,true
6827bc374b2ae70172a6cc73,Gravity,,,,,W1hZkqBeWCUTVBX6rx9OeHmaWx63,2024-10-30T01:41:57.592Z,-2.5600154,-8.735007,3.6491573,true
6827bc374b2ae70172a6cc74,Gravity,,,,,W1hZkqBeWCUTVBX6rx9OeHmaWx63,2024-10-30T01:41:57.600Z,-2.4651387,-8.425161,4.3715124,true
6827bc374b2ae70172a6cc75,Gravity,,,,,W1hZkqBeWCUTVBX6rx9OeHmaWx63,2024-10-30T01:41:57.621Z,-2.3188992,-8.258976,4.7520986,true
6827bc374b2ae70172a6cc76,Gravity,,,,,W1hZkqBeWCUTVBX6rx9OeHmaWx63,2024-10-30T01:41:57.639Z,-2.1943521,-8.250051,4.8261657,true
6827bc374b2ae70172a6cc77,Gravity,,,,,W1hZkqBeWCUTVBX6rx9OeHmaWx63,2024-10-30T01:41:57.669Z,-2.055973,-8.277284,4.84045,true
6827bc374b2ae70172a6cc78,Gravity,,,,,W1hZkqBeWCUTVBX6rx9OeHmaWx63,2024-10-30T01:41:57.679Z,-1.9021827,-8.261996,4.928643,true
6827bc374b2ae70172a6cc79,Gravity,,,,,W1hZkqBeWCUTVBX6rx9OeHmaWx63,2024-10-30T01:41:57.720Z,-1.6891339,-8.237224,5.0463214,true
6827bc374b2ae70172a6cc7a,Gravity,,,,,W1hZkqBeWCUTVBX6rx9OeHmaWx63,2024-10-30T01:41:57.879Z,-2.1054273,-8.235589,4.890055,true
6827bc374b2ae70172a6cc7b,Gravity,,,,,W1hZkqBeWCUTVBX6rx9OeHmaWx63,2024-10-30T01:41:58.038Z,-2.5185492,-7.525539,5.761388,true
6827bc374b2ae70172a6cc7c,Gravity,,,,,W1hZkqBeWCUTVBX6rx9OeHmaWx63,2024-10-30T01:41:58.198Z,-3.0852168,-6.37197,6.786004,true
6827bc374b2ae70172a6cc7d,Gravity,,,,,W1hZkqBeWCUTVBX6rx9OeHmaWx63,2024-10-30T01:41:58.358Z,-3.1917922,-3.45676,8.604282,true
6827bc374b2ae70172a6cc7e,Gravity,,,,,W1hZkqBeWCUTVBX6rx9OeHmaWx63,2024-10-30T01:41:58.519Z,-3.2829847,-3.3329995,8.61879,true
6827bc374b2ae70172a6cc7f,Gravity,,,,,W1hZkqBeWCUTVBX6rx9OeHmaWx63,2024-10-30T01:41:58.678Z,-2.644886,-3.442681,8.793345,true
6827bc374b2ae70172a6cc80,Gravity,,,,,W1hZkqBeWCUTVBX6rx9OeHmaWx63,2024-10-30T01:41:58.838Z,0.43512425,-8.532907,4.813593,true
6827bc374b2ae70172a6cc81,Gravity,,,,,W1hZkqBeWCUTVBX6rx9OeHmaWx63,2024-10-30T01:41:58.998Z,3.37294,-7.543347,5.2812557,true
6827bc374b2ae70172a6cc82,Gravity,,,,,W1hZkqBeWCUTVBX6rx9OeHmaWx63,2024-10-30T01:41:59.158Z,4.587984,-4.2195234,7.570764,true
6827bc374b2ae70172a6cc83,Gravity,,,,,W1hZkqBeWCUTVBX6rx9OeHmaWx63,2024-10-30T01:41:59.318Z,6.1568956,-3.8783362,6.574314,true
6827bc374b2ae70172a6cc84,Gravity,,,,,W1hZkqBeWCUTVBX6rx9OeHmaWx63,2024-10-30T01:41:59.477Z,6.8801126,-0.93049717,6.925943,true
6827bc374b2ae70172a6cc85,Gravity,,,,,W1hZkqBeWCUTVBX6rx9OeHmaWx63,2024-10-30T01:41:59.641Z,6.5736165,-0.36154842,7.2682385,true
6827bc374b2ae70172a6cc86,Gravity,,,,,W1hZkqBeWCUTVBX6rx9OeHmaWx63,2024-10-30T01:41:59.797Z,5.7274613,-1.4584479,7.8255696,true
6827bc374b2ae70172a6cc87,Gravity,,,,,W1hZkqBeWCUTVBX6rx9OeHmaWx63,2024-10-30T01:41:59.958Z,6.5971684,-4.580967,5.626955,true
6827bc374b2ae70172a6cc88,Gravity,,,,,W1hZkqBeWCUTVBX6rx9OeHmaWx63,2024-10-30T01:42:00.118Z,5.3097186,-6.947152,4.440098,true
6827bc374b2ae70172a6cc89,Gravity,,,,,W1hZkqBeWCUTVBX6rx9OeHmaWx63,2024-10-30T01:42:00.277Z,5.200011,-7.567464,3.4444075,true
6827bc374b2ae70172a6cc8a,Gravity,,,,,W1hZkqBeWCUTVBX6rx9OeHmaWx63,2024-10-30T01:42:00.437Z,4.687261,-7.6394463,3.9798195,true
6827bc374b2ae70172a6cc8b,Gravity,,,,,W1hZkqBeWCUTVBX6rx9OeHmaWx63,2024-10-30T01:42:00.597Z,2.4870427,-6.8931675,6.51685,true
6827bc374b2ae70172a6cc8c,Gravity,,,,,W1hZkqBeWCUTVBX6rx9OeHmaWx63,2024-10-30T01:42:00.756Z,-1.842643,-6.664218,6.954374,true
6827bc374b2ae70172a6cc8d,Gravity,,,,,W1hZkqBeWCUTVBX6rx9OeHmaWx63,2024-10-30T01:42:00.917Z,-3.1483598,-5.2386827,7.6690593,true
6827bc374b2ae70172a6cc8e,Gravity,,,,,W1hZkqBeWCUTVBX6rx9OeHmaWx63,2024-10-30T01:42:01.076Z,-3.3558347,-8.856037,2.5455005,true
6827bc374b2ae70172a6cc8f,Gravity,,,,,W1hZkqBeWCUTVBX6rx9OeHmaWx63,2024-10-30T01:42:01.236Z,-1.3033805,-9.465614,-2.2077496,true
6827bc374b2ae70172a6cc90,Gravity,,,,,W1hZkqBeWCUTVBX6rx9OeHmaWx63,2024-10-30T01:42:01.396Z,0.6099907,-6.1462784,7.6171947,true
6827bc374b2ae70172a6cc91,Gravity,,,,,W1hZkqBeWCUTVBX6rx9OeHmaWx63,2024-10-30T01:42:01.561Z,1.8268567,-6.138445,7.426477,true
6827bc374b2ae70172a6cc92,Gravity,,,,,W1hZkqBeWCUTVBX6rx9OeHmaWx63,2024-10-30T01:42:01.716Z,2.0851846,-9.115872,2.9535618,true
6827bc374b2ae70172a6cc93,Gravity,,,,,W1hZkqBeWCUTVBX6rx9OeHmaWx63,2024-10-30T01:42:01.878Z,1.6734238,-5.534392,7.920897,true
6827bc374b2ae70172a6cc94,Gravity,,,,,W1hZkqBeWCUTVBX6rx9OeHmaWx63,2024-10-30T01:42:02.039Z,1.446331,-8.177134,5.2166266,true
6827bc374b2ae70172a6cc95,Gravity,,,,,W1hZkqBeWCUTVBX6rx9OeHmaWx63,2024-10-30T01:42:02.200Z,1.6312938,-9.661554,0.404979,true
6827bc374b2ae70172a6cc96,Gravity,,,,,W1hZkqBeWCUTVBX6rx9OeHmaWx63,2024-10-30T01:42:02.358Z,1.1280305,-8.978879,-3.7786603,true
6827bc374b2ae70172a6cc97,Gravity,,,,,W1hZkqBeWCUTVBX6rx9OeHmaWx63,2024-10-30T01:42:02.519Z,1.9792476,-9.282699,-2.4667976,true
6827bc374b2ae70172a6cc98,Gravity,,,,,W1hZkqBeWCUTVBX6rx9OeHmaWx63,2024-10-30T01:42:02.680Z,2.463903,-9.491047,0.14173962,true
6827bc374b2ae70172a6cc99,Gravity,,,,,W1hZkqBeWCUTVBX6rx9OeHmaWx63,2024-10-30T01:42:02.837Z,2.8836832,-9.325412,0.94437,true
6827bc374b2ae70172a6cc9a,Gravity,,,,,W1hZkqBeWCUTVBX6rx9OeHmaWx63,2024-10-30T01:42:02.999Z,3.9083233,-8.428441,3.139597,true
6827bc374b2ae70172a6cc9b,Gravity,,,,,W1hZkqBeWCUTVBX6rx9OeHmaWx63,2024-10-30T01:42:03.157Z,5.3879175,-5.426553,6.139495,true
6827bc374b2ae70172a6cc9c,Gravity,,,,,W1hZkqBeWCUTVBX6rx9OeHmaWx63,2024-10-30T01:42:03.316Z,5.8568377,-3.098578,7.2295737,true
6827bc374b2ae70172a6cc9d,Gravity,,,,,W1hZkqBeWCUTVBX6rx9OeHmaWx63,2024-10-30T01:42:03.479Z,5.6791015,-2.0591187,7.7251725,true
6827bc374b2ae70172a6cc9e,Gravity,,,,,W1hZkqBeWCUTVBX6rx9OeHmaWx63,2024-10-30T01:42:03.638Z,5.5017023,-2.8627145,7.5964856,true
6827bc374b2ae70172a6cc9f,Gravity,,,,,W1hZkqBeWCUTVBX6rx9OeHmaWx63,2024-10-30T01:42:03.796Z,5.5592446,-3.945956,7.0494475,true
6827bc374b2ae70172a6cca0,Gravity,,,,,W1hZkqBeWCUTVBX6rx9OeHmaWx63,2024-10-30T01:42:03.954Z,5.2817154,-4.1153116,7.1650667,true
6827bc374b2ae70172a6cca1,Gravity,,,,,W1hZkqBeWCUTVBX6rx9OeHmaWx63,2024-10-30T01:42:04.114Z,5.122627,-4.1457386,7.2623706,true
6827bc374b2ae70172a6cca2,Gravity,,,,,W1hZkqBeWCUTVBX6rx9OeHmaWx63,2024-10-30T01:42:04.273Z,4.759898,-4.4605303,7.322398,true
6827bc374b2ae70172a6cca3,Gravity,,,,,W1hZkqBeWCUTVBX6rx9OeHmaWx63,2024-10-30T01:42:04.432Z,4.003139,-5.757307,6.8555655,true
6827bc374b2ae70172a6cca4,Gravity,,,,,W1hZkqBeWCUTVBX6rx9OeHmaWx63,2024-10-30T01:42:04.592Z,3.2176955,-6.856474,6.229424,true
6827bc374b2ae70172a6cca5,Gravity,,,,,W1hZkqBeWCUTVBX6rx9OeHmaWx63,2024-10-30T01:42:04.752Z,0.97274,-9.043688,3.6655269,true
6827bc374b2ae70172a6cca6,Gravity,,,,,W1hZkqBeWCUTVBX6rx9OeHmaWx63,2024-10-30T01:42:04.913Z,-3.4307463,-8.156874,4.226817,true
6827bc374b2ae70172a6cca7,Gravity,,,,,W1hZkqBeWCUTVBX6rx9OeHmaWx63,2024-10-30T01:42:05.072Z,-6.022447,-6.2060833,4.6244144,true
6827bc374b2ae70172a6cca8,Gravity,,,,,W1hZkqBeWCUTVBX6rx9OeHmaWx63,2024-10-30T01:42:05.232Z,-6.4979033,-5.7345943,4.5893636,true
6827bc374b2ae70172a6cca9,Gravity,,,,,W1hZkqBeWCUTVBX6rx9OeHmaWx63,2024-10-30T01:42:05.392Z,-5.5369806,-6.6226063,4.6533346,true
6827bc374b2ae70172a6ccaa,Gravity,,,,,W1hZkqBeWCUTVBX6rx9OeHmaWx63,2024-10-30T01:42:05.552Z,-4.837839,-7.8130293,3.4238148,true
6827bc374b2ae70172a6ccab,Gravity,,,,,W1hZkqBeWCUTVBX6rx9OeHmaWx63,2024-10-30T01:42:05.713Z,-4.177045,-8.65551,1.95067,true
6827bc374b2ae70172a6ccac,Gravity,,,,,W1hZkqBeWCUTVBX6rx9OeHmaWx63,2024-10-30T01:42:05.872Z,-4.5124707,-8.676944,-0.7203455,true
6827bc374b2ae70172a6ccad,Gravity,,,,,W1hZkqBeWCUTVBX6rx9OeHmaWx63,2024-10-30T01:42:06.031Z,-8.012578,-3.7284496,-4.250645,true
6827bc374b2ae70172a6ccae,Gravity,,,,,W1hZkqBeWCUTVBX6rx9OeHmaWx63,2024-10-30T01:42:06.191Z,-8.921571,-3.6525054,-1.7987282,true
6827bc374b2ae70172a6ccaf,Gravity,,,,,W1hZkqBeWCUTVBX6rx9OeHmaWx63,2024-10-30T01:42:06.351Z,-9.10362,-2.689176,-2.4623535,true
6827bc374b2ae70172a6ccb0,Gravity,,,,,W1hZkqBeWCUTVBX6rx9OeHmaWx63,2024-10-30T01:42:06.512Z,-8.455446,-4.0449924,-2.883442,true
6827bc374b2ae70172a6ccb1,Gravity,,,,,W1hZkqBeWCUTVBX6rx9OeHmaWx63,2024-10-30T01:42:06.671Z,-7.7019486,-3.4095201,-5.022533,true
6827bc374b2ae70172a6ccb2,Gravity,,,,,W1hZkqBeWCUTVBX6rx9OeHmaWx63,2024-10-30T01:42:06.831Z,-7.0244713,-3.7380004,-5.731899,true
6827bc374b2ae70172a6ccb3,Gravity,,,,,W1hZkqBeWCUTVBX6rx9OeHmaWx63,2024-10-30T01:42:06.991Z,-7.013005,-3.4524634,-5.9219084,true
6827bc374b2ae70172a6ccb4,Gravity,,,,,W1hZkqBeWCUTVBX6rx9OeHmaWx63,2024-10-30T01:42:07.151Z,-7.193094,-3.4581277,-5.6983805,true
6827bc374b2ae70172a6ccb5,Gravity,,,,,W1hZkqBeWCUTVBX6rx9OeHmaWx63,2024-10-30T01:42:07.312Z,-7.1562643,-3.3457885,-5.8107176,true
6827bc374b2ae70172a6ccb6,Gravity,,,,,W1hZkqBeWCUTVBX6rx9OeHmaWx63,2024-10-30T01:42:07.470Z,-7.158772,-3.2473922,-5.863211,true
6827bc374b2ae70172a6ccb7,Gravity,,,,,W1hZkqBeWCUTVBX6rx9OeHmaWx63,2024-10-30T01:42:07.630Z,-7.0869827,-3.1825101,-5.98475,true
6827bc374b2ae70172a6ccb8,Gravity,,,,,W1hZkqBeWCUTVBX6rx9OeHmaWx63,2024-10-30T01:42:07.790Z,-6.9727774,-3.190121,-6.113452,true
6827bc374b2ae70172a6ccb9,Gravity,,,,,W1hZkqBeWCUTVBX6rx9OeHmaWx63,2024-10-30T01:42:07.950Z,-7.0048094,-3.0840614,-6.131226,true
6827bc374b2ae70172a6ccba,Gravity,,,,,W1hZkqBeWCUTVBX6rx9OeHmaWx63,2024-10-30T01:42:08.111Z,-6.990576,-3.0870242,-6.145967,true
6827bc374b2ae70172a6ccbb,Gravity,,,,,W1hZkqBeWCUTVBX6rx9OeHmaWx63,2024-10-30T01:42:08.270Z,-7.0542254,-2.930841,-6.1497197,true
6827bc374b2ae70172a6ccbc,Gravity,,,,,W1hZkqBeWCUTVBX6rx9OeHmaWx63,2024-10-30T01:42:08.429Z,-7.030485,-2.8335657,-6.222058,true
6827bc374b2ae70172a6ccbd,Gravity,,,,,W1hZkqBeWCUTVBX6rx9OeHmaWx63,2024-10-30T01:42:08.590Z,-7.008637,-2.6928449,-6.3085995,true
6827bc374b2ae70172a6ccbe,Gravity,,,,,W1hZkqBeWCUTVBX6rx9OeHmaWx63,2024-10-30T01:42:08.749Z,-6.986827,-2.4621727,-6.4259276,true
6827bc374b2ae70172a6ccbf,Gravity,,,,,W1hZkqBeWCUTVBX6rx9OeHmaWx63,2024-10-30T01:42:08.911Z,-7.0104856,-2.5436957,-6.368139,true
6827bc374b2ae70172a6ccc0,Gravity,,,,,W1hZkqBeWCUTVBX6rx9OeHmaWx63,2024-10-30T01:42:09.069Z,-7.096317,-2.572828,-6.2604628,true
6827bc374b2ae70172a6ccc1,Gravity,,,,,W1hZkqBeWCUTVBX6rx9OeHmaWx63,2024-10-30T01:42:09.229Z,-7.699854,-2.31317,-5.615343,true
6827bc374b2ae70172a6ccc2,Gravity,,,,,W1hZkqBeWCUTVBX6rx9OeHmaWx63,2024-10-30T01:42:09.389Z,-7.3079653,-5.235797,-3.918,true
6827bc374b2ae70172a6ccc3,Gravity,,,,,W1hZkqBeWCUTVBX6rx9OeHmaWx63,2024-10-30T01:42:09.549Z,-3.3305562,-8.850471,-2.59754,true
6827bc374b2ae70172a6ccc4,Gravity,,,,,W1hZkqBeWCUTVBX6rx9OeHmaWx63,2024-10-30T01:42:09.710Z,-0.22891544,-9.803989,0.0070662852,true
6827bc374b2ae70172a6ccc5,Gravity,,,,,W1hZkqBeWCUTVBX6rx9OeHmaWx63,2024-10-30T01:42:09.869Z,-0.4447864,-9.12803,3.5569317,true
6827bc374b2ae70172a6ccc6,Gravity,,,,,W1hZkqBeWCUTVBX6rx9OeHmaWx63,2024-10-30T01:42:10.028Z,-2.6249168,-7.6364226,5.564651,true
6827bc374b2ae70172a6ccc7,Gravity,,,,,W1hZkqBeWCUTVBX6rx9OeHmaWx63,2024-10-30T01:42:10.189Z,-3.5885026,-6.5675173,6.3372564,true
6827bc374b2ae70172a6ccc8,Gravity,,,,,W1hZkqBeWCUTVBX6rx9OeHmaWx63,2024-10-30T01:42:10.348Z,-3.9359372,-5.1517777,7.3578553,true
6827bc374b2ae70172a6ccc9,Gravity,,,,,W1hZkqBeWCUTVBX6rx9OeHmaWx63,2024-10-30T01:42:10.510Z,-4.0053687,-7.090933,5.4631667,true
6827bc374b2ae70172a6ccca,Gravity,,,,,W1hZkqBeWCUTVBX6rx9OeHmaWx63,2024-10-30T01:42:10.668Z,-2.3616312,-7.760457,5.5107603,true
6827bc374b2ae70172a6cccb,Gravity,,,,,W1hZkqBeWCUTVBX6rx9OeHmaWx63,2024-10-30T01:42:10.828Z,-0.6707269,-7.627309,6.1273785,true
6827bc374b2ae70172a6cccc,Gravity,,,,,W1hZkqBeWCUTVBX6rx9OeHmaWx63,2024-10-30T01:42:10.988Z,-1.271366,-7.645603,6.0082326,true
6827bc374b2ae70172a6cccd,Gravity,,,,,W1hZkqBeWCUTVBX6rx9OeHmaWx63,2024-10-30T01:42:11.148Z,-1.320233,-8.453813,4.79172,true
6827bc374b2ae70172a6ccce,Gravity,,,,,W1hZkqBeWCUTVBX6rx9OeHmaWx63,2024-10-30T01:42:11.309Z,-0.79658705,-8.782114,4.290741,true
6827bc374b2ae70172a6cccf,Gravity,,,,,W1hZkqBeWCUTVBX6rx9OeHmaWx63,2024-10-30T01:42:11.468Z,-0.5520185,-8.561389,4.750627,true
6827bc374b2ae70172a6ccd0,Gravity,,,,,W1hZkqBeWCUTVBX6rx9OeHmaWx63,2024-10-30T01:42:11.629Z,-0.27318624,-8.862647,4.189215,true
6827bc374b2ae70172a6ccd1,Gravity,,,,,W1hZkqBeWCUTVBX6rx9OeHmaWx63,2024-10-30T01:42:11.788Z,-0.10004618,-9.1802635,3.447239,true
6827bc374b2ae70172a6ccd2,Gravity,,,,,W1hZkqBeWCUTVBX6rx9OeHmaWx63,2024-10-30T01:42:11.948Z,-0.057068042,-9.334059,3.007135,true
6827bc374b2ae70172a6ccd3,Gravity,,,,,W1hZkqBeWCUTVBX6rx9OeHmaWx63,2024-10-30T01:42:12.109Z,0.18792452,-9.414749,2.7382507,true
6827bc374b2ae70172a6ccd4,Gravity,,,,,W1hZkqBeWCUTVBX6rx9OeHmaWx63,2024-10-30T01:42:12.267Z,0.23619916,-9.431358,2.6766455,true
6827bc374b2ae70172a6ccd5,Gravity,,,,,W1hZkqBeWCUTVBX6rx9OeHmaWx63,2024-10-30T01:42:12.427Z,0.2932095,-9.502959,2.4038644,true
6827bc374b2ae70172a6ccd6,Gravity,,,,,W1hZkqBeWCUTVBX6rx9OeHmaWx63,2024-10-30T01:42:12.587Z,0.20966434,-9.69528,1.458931,true
6827bc374b2ae70172a6ccd7,Gravity,,,,,W1hZkqBeWCUTVBX6rx9OeHmaWx63,2024-10-30T01:42:12.747Z,0.3260358,-9.610145,1.9260517,true
6827bc374b2ae70172a6ccd8,Gravity,,,,,W1hZkqBeWCUTVBX6rx9OeHmaWx63,2024-10-30T01:42:13.387Z,0.38000396,-9.454847,2.5753105,true
6827bc374b2ae70172a6ccd9,Gravity,,,,,W1hZkqBeWCUTVBX6rx9OeHmaWx63,2024-10-30T01:42:12.908Z,0.4426042,-9.53271,2.258844,true
6827bc374b2ae70172a6ccda,Gravity,,,,,W1hZkqBeWCUTVBX6rx9OeHmaWx63,2024-10-30T01:42:13.547Z,0.5823932,-9.343206,2.9216566,true
6827bc374b2ae70172a6ccdb,Gravity,,,,,W1hZkqBeWCUTVBX6rx9OeHmaWx63,2024-10-30T01:42:13.067Z,0.33138475,-9.532892,2.2770565,true
6827bc374b2ae70172a6ccdc,Gravity,,,,,W1hZkqBeWCUTVBX6rx9OeHmaWx63,2024-10-30T01:42:13.227Z,0.28669235,-9.4993515,2.4188645,true
6827bc374b2ae70172a6ccdd,Gravity,,,,,W1hZkqBeWCUTVBX6rx9OeHmaWx63,2024-10-30T01:42:13.710Z,0.80122304,-9.2013235,3.2961214,true
6827bc374b2ae70172a6ccde,Gravity,,,,,W1hZkqBeWCUTVBX6rx9OeHmaWx63,2024-10-30T01:42:13.868Z,0.89970326,-9.067651,3.6247647,true
6827bc374b2ae70172a6ccdf,Gravity,,,,,W1hZkqBeWCUTVBX6rx9OeHmaWx63,2024-10-30T01:42:14.030Z,0.48167235,-9.394371,2.7721057,true
6827bc374b2ae70172a6cce0,Gravity,,,,,W1hZkqBeWCUTVBX6rx9OeHmaWx63,2024-10-30T01:42:14.187Z,0.049427755,-9.523796,2.3378737,true
6827bc374b2ae70172a6cce1,Gravity,,,,,W1hZkqBeWCUTVBX6rx9OeHmaWx63,2024-10-30T01:42:14.350Z,0.44294426,-9.307824,3.0559676,true
6827bc374b2ae70172a6cce2,Gravity,,,,,W1hZkqBeWCUTVBX6rx9OeHmaWx63,2024-10-30T01:42:14.512Z,1.3337425,-8.864614,3.9762347,true
6827bc374b2ae70172a6cce3,Gravity,,,,,W1hZkqBeWCUTVBX6rx9OeHmaWx63,2024-10-30T01:42:14.668Z,-2.1932795,-8.237338,4.8483386,true
6827bc374b2ae70172a6cce4,Gravity,,,,,W1hZkqBeWCUTVBX6rx9OeHmaWx63,2024-10-30T01:42:14.830Z,-7.3218203,-5.3316164,3.7597191,true
6827bc374b2ae70172a6cce5,Gravity,,,,,W1hZkqBeWCUTVBX6rx9OeHmaWx63,2024-10-30T01:42:14.990Z,-8.149621,-5.4393015,0.41054714,true
6827bc374b2ae70172a6cce6,Gravity,,,,,W1hZkqBeWCUTVBX6rx9OeHmaWx63,2024-10-30T01:42:15.148Z,-7.6609774,-6.0796103,-0.72018653,true
6827bc374b2ae70172a6cce7,Gravity,,,,,W1hZkqBeWCUTVBX6rx9OeHmaWx63,2024-10-30T01:42:15.310Z,-6.8957644,-6.7793627,-1.6308477,true
6827bc374b2ae70172a6cce8,Gravity,,,,,W1hZkqBeWCUTVBX6rx9OeHmaWx63,2024-10-30T01:42:15.468Z,-6.2981243,-7.32525,-1.6867929,true
6827bc374b2ae70172a6cce9,Gravity,,,,,W1hZkqBeWCUTVBX6rx9OeHmaWx63,2024-10-30T01:42:15.628Z,-5.8859076,-7.6686935,-1.6486844,true
6827bc374b2ae70172a6ccea,Gravity,,,,,W1hZkqBeWCUTVBX6rx9OeHmaWx63,2024-10-30T01:42:15.786Z,-5.3141813,-8.025579,-1.8762954,true
6827bc374b2ae70172a6cceb,Gravity,,,,,W1hZkqBeWCUTVBX6rx9OeHmaWx63,2024-10-30T01:42:15.946Z,-5.636116,-7.819711,-1.804813,true
6827bc374b2ae70172a6ccec,Gravity,,,,,W1hZkqBeWCUTVBX6rx9OeHmaWx63,2024-10-30T01:42:16.108Z,-6.2649875,-7.406272,-1.4380934,true
6827bc374b2ae70172a6cced,Gravity,,,,,W1hZkqBeWCUTVBX6rx9OeHmaWx63,2024-10-30T01:42:16.266Z,-6.1703734,-7.448039,-1.6199172,true
6827bc374b2ae70172a6ccee,Gravity,,,,,W1hZkqBeWCUTVBX6rx9OeHmaWx63,2024-10-30T01:42:16.425Z,-6.080059,-7.389657,-2.1440165,true
6827bc374b2ae70172a6ccef,Gravity,,,,,W1hZkqBeWCUTVBX6rx9OeHmaWx63,2024-10-30T01:42:16.585Z,-6.159798,-7.2548785,-2.3652995,true
6827bc374b2ae70172a6ccf0,Gravity,,,,,W1hZkqBeWCUTVBX6rx9OeHmaWx63,2024-10-30T01:42:16.745Z,-5.943182,-7.4351363,-2.3597424,true
6827bc374b2ae70172a6ccf1,Gravity,,,,,W1hZkqBeWCUTVBX6rx9OeHmaWx63,2024-10-30T01:42:16.906Z,-5.8367586,-7.5654798,-2.2060885,true
6827bc374b2ae70172a6ccf2,Gravity,,,,,W1hZkqBeWCUTVBX6rx9OeHmaWx63,2024-10-30T01:42:17.065Z,-5.8631034,-7.532395,-2.2490246,true
6827bc374b2ae70172a6ccf3,Gravity,,,,,W1hZkqBeWCUTVBX6rx9OeHmaWx63,2024-10-30T01:42:17.225Z,-6.3382406,-7.324202,-1.5342145,true
6827bc374b2ae70172a6ccf4,Gravity,,,,,W1hZkqBeWCUTVBX6rx9OeHmaWx63,2024-10-30T01:42:17.385Z,-7.3979683,-6.4332724,-0.23253976,true
6827bc374b2ae70172a6ccf5,Gravity,,,,,W1hZkqBeWCUTVBX6rx9OeHmaWx63,2024-10-30T01:42:17.545Z,-7.3828645,-6.405404,0.7968705,true
6827bc374b2ae70172a6ccf6,Gravity,,,,,W1hZkqBeWCUTVBX6rx9OeHmaWx63,2024-10-30T01:42:17.706Z,-7.0680594,-6.774308,0.5676573,true
6827bc374b2ae70172a6ccf7,Gravity,,,,,W1hZkqBeWCUTVBX6rx9OeHmaWx63,2024-10-30T01:42:17.865Z,-6.538182,-7.2723346,0.73230016,true
6827bc374b2ae70172a6ccf8,Gravity,,,,,W1hZkqBeWCUTVBX6rx9OeHmaWx63,2024-10-30T01:42:18.025Z,-7.7739897,-5.92519,0.7925907,true
6827bc374b2ae70172a6ccf9,Gravity,,,,,W1hZkqBeWCUTVBX6rx9OeHmaWx63,2024-10-30T01:42:18.185Z,-8.265218,-4.590136,2.6053212,true
6827bc374b2ae70172a6ccfa,Gravity,,,,,W1hZkqBeWCUTVBX6rx9OeHmaWx63,2024-10-30T01:42:18.345Z,-5.693373,-4.6433916,6.4957714,true
6827bc374b2ae70172a6ccfb,Gravity,,,,,W1hZkqBeWCUTVBX6rx9OeHmaWx63,2024-10-30T01:42:18.505Z,-1.9140182,-6.441609,7.142326,true
6827bc374b2ae70172a6ccfc,Gravity,,,,,W1hZkqBeWCUTVBX6rx9OeHmaWx63,2024-10-30T01:42:18.664Z,-0.53343916,-6.723437,7.119089,true
6827bc374b2ae70172a6ccfd,Gravity,,,,,W1hZkqBeWCUTVBX6rx9OeHmaWx63,2024-10-30T01:42:18.824Z,-0.59522206,-8.61103,4.654747,true
6827bc374b2ae70172a6ccfe,Gravity,,,,,W1hZkqBeWCUTVBX6rx9OeHmaWx63,2024-10-30T01:42:18.984Z,-1.1854365,-8.979188,3.7602992,true
6827bc374b2ae70172a6ccff,Gravity,,,,,W1hZkqBeWCUTVBX6rx9OeHmaWx63,2024-10-30T01:42:19.144Z,-1.855179,-9.287673,2.5433285,true
6827bc374b2ae70172a6cd00,Gravity,,,,,W1hZkqBeWCUTVBX6rx9OeHmaWx63,2024-10-30T01:42:19.305Z,-1.6570653,-9.626648,0.8677622,true
6827bc374b2ae70172a6cd01,Gravity,,,,,W1hZkqBeWCUTVBX6rx9OeHmaWx63,2024-10-30T01:42:19.464Z,-1.3785262,-9.667233,-0.90320235,true
6827bc374b2ae70172a6cd02,Gravity,,,,,W1hZkqBeWCUTVBX6rx9OeHmaWx63,2024-10-30T01:42:19.624Z,-0.98619246,-9.44482,-2.4483535,true
6827bc374b2ae70172a6cd03,Gravity,,,,,W1hZkqBeWCUTVBX6rx9OeHmaWx63,2024-10-30T01:42:19.784Z,-0.70299923,-9.254842,-3.1662965,true
6827bc374b2ae70172a6cd04,Gravity,,,,,W1hZkqBeWCUTVBX6rx9OeHmaWx63,2024-10-30T01:42:19.944Z,-1.2304089,-9.175372,-3.2357974,true
6827bc374b2ae70172a6cd05,Gravity,,,,,W1hZkqBeWCUTVBX6rx9OeHmaWx63,2024-10-30T01:42:20.104Z,-1.505947,-9.323562,-2.64102,true
6827bc374b2ae70172a6cd06,Gravity,,,,,W1hZkqBeWCUTVBX6rx9OeHmaWx63,2024-10-30T01:42:20.264Z,-1.9849151,-9.28844,-2.4406052,true
6827bc374b2ae70172a6cd07,Gravity,,,,,W1hZkqBeWCUTVBX6rx9OeHmaWx63,2024-10-30T01:42:20.423Z,-1.811064,-9.101497,-3.1708875,true
6827bc374b2ae70172a6cd08,Gravity,,,,,W1hZkqBeWCUTVBX6rx9OeHmaWx63,2024-10-30T01:42:20.583Z,-0.7288237,-9.0958605,-3.592472,true
6827bc374b2ae70172a6cd09,Gravity,,,,,W1hZkqBeWCUTVBX6rx9OeHmaWx63,2024-10-30T01:42:20.743Z,-0.3367124,-9.12067,-3.587713,true
6827bc374b2ae70172a6cd0a,Gravity,,,,,W1hZkqBeWCUTVBX6rx9OeHmaWx63,2024-10-30T01:42:20.904Z,-1.715938,-8.605569,-4.378522,true
6827bc374b2ae70172a6cd0b,Gravity,,,,,W1hZkqBeWCUTVBX6rx9OeHmaWx63,2024-10-30T01:42:21.063Z,-4.0467997,-8.149632,-3.657671,true
6827bc374b2ae70172a6cd0c,Gravity,,,,,W1hZkqBeWCUTVBX6rx9OeHmaWx63,2024-10-30T01:42:21.222Z,-6.496502,-7.345737,-0.08335516,true
6827bc374b2ae70172a6cd0d,Gravity,,,,,W1hZkqBeWCUTVBX6rx9OeHmaWx63,2024-10-30T01:42:21.382Z,-7.485574,-6.278847,-0.84484166,true
6827bc374b2ae70172a6cd0e,Gravity,,,,,W1hZkqBeWCUTVBX6rx9OeHmaWx63,2024-10-30T01:42:21.542Z,-7.5108967,-5.8096647,-2.4506805,true
6827bc374b2ae70172a6cd0f,Gravity,,,,,W1hZkqBeWCUTVBX6rx9OeHmaWx63,2024-10-30T01:42:21.703Z,-7.540186,-6.006898,-1.7984166,true
6827bc374b2ae70172a6cd10,Gravity,,,,,W1hZkqBeWCUTVBX6rx9OeHmaWx63,2024-10-30T01:42:21.862Z,-7.1566663,-6.6572933,0.79611707,true
6827bc374b2ae70172a6cd11,Gravity,,,,,W1hZkqBeWCUTVBX6rx9OeHmaWx63,2024-10-30T01:42:22.022Z,-6.853429,-7.0084066,0.28987318,true
6827bc374b2ae70172a6cd12,Gravity,,,,,W1hZkqBeWCUTVBX6rx9OeHmaWx63,2024-10-30T01:42:22.182Z,-6.3551416,-7.461119,-0.33936933,true
6827bc374b2ae70172a6cd13,Gravity,,,,,W1hZkqBeWCUTVBX6rx9OeHmaWx63,2024-10-30T01:42:22.342Z,-6.129403,-7.6551423,-0.021630233,true
6827bc374b2ae70172a6cd14,Gravity,,,,,W1hZkqBeWCUTVBX6rx9OeHmaWx63,2024-10-30T01:42:22.503Z,-4.8927975,-8.476168,0.62154025,true
6827bc374b2ae70172a6cd15,Gravity,,,,,W1hZkqBeWCUTVBX6rx9OeHmaWx63,2024-10-30T01:42:22.662Z,-4.618452,-8.579628,1.1095085,true
6827bc374b2ae70172a6cd16,Gravity,,,,,W1hZkqBeWCUTVBX6rx9OeHmaWx63,2024-10-30T01:42:22.821Z,-4.2653337,-8.732818,1.309941,true
6827bc374b2ae70172a6cd17,Gravity,,,,,W1hZkqBeWCUTVBX6rx9OeHmaWx63,2024-10-30T01:42:22.981Z,-3.7540455,-9.008887,0.95824707,true
6827bc374b2ae70172a6cd18,Gravity,,,,,W1hZkqBeWCUTVBX6rx9OeHmaWx63,2024-10-30T01:42:23.141Z,-3.4930778,-9.159902,-0.25654724,true
6827bc374b2ae70172a6cd19,Gravity,,,,,W1hZkqBeWCUTVBX6rx9OeHmaWx63,2024-10-30T01:42:23.302Z,-3.369748,-8.878135,-2.4484215,true
6827bc374b2ae70172a6cd1a,Gravity,,,,,W1hZkqBeWCUTVBX6rx9OeHmaWx63,2024-10-30T01:42:23.461Z,-4.0692306,-8.492621,-2.7364223,true
6827bc374b2ae70172a6cd1b,Gravity,,,,,W1hZkqBeWCUTVBX6rx9OeHmaWx63,2024-10-30T01:42:23.623Z,-4.3597217,-8.278742,-2.937073,true
6827bc374b2ae70172a6cd1c,Gravity,,,,,W1hZkqBeWCUTVBX6rx9OeHmaWx63,2024-10-30T01:42:23.781Z,-4.236468,-7.995792,-3.7803123,true
6827bc374b2ae70172a6cd1d,Gravity,,,,,W1hZkqBeWCUTVBX6rx9OeHmaWx63,2024-10-30T01:42:23.941Z,-4.4058237,-7.536656,-4.467511,true
6827bc374b2ae70172a6cd1e,Gravity,,,,,W1hZkqBeWCUTVBX6rx9OeHmaWx63,2024-10-30T01:42:25.540Z,-2.825051,-9.387789,-0.24365328,true
6827bc374b2ae70172a6cd1f,Gravity,,,,,W1hZkqBeWCUTVBX6rx9OeHmaWx63,2024-10-30T01:42:24.102Z,-4.4010043,-7.2455416,-4.9299507,true
6827bc374b2ae70172a6cd20,Gravity,,,,,W1hZkqBeWCUTVBX6rx9OeHmaWx63,2024-10-30T01:42:24.261Z,-4.41372,-6.7918997,-5.5281463,true
6827bc374b2ae70172a6cd21,Gravity,,,,,W1hZkqBeWCUTVBX6rx9OeHmaWx63,2024-10-30T01:42:24.420Z,-4.0952754,-7.0219088,-5.485689,true
6827bc374b2ae70172a6cd22,Gravity,,,,,W1hZkqBeWCUTVBX6rx9OeHmaWx63,2024-10-30T01:42:24.580Z,-3.5552955,-7.6891108,-4.9405193,true
6827bc374b2ae70172a6cd23,Gravity,,,,,W1hZkqBeWCUTVBX6rx9OeHmaWx63,2024-10-30T01:42:24.740Z,-3.3544254,-8.152831,-4.295386,true
6827bc374b2ae70172a6cd24,Gravity,,,,,W1hZkqBeWCUTVBX6rx9OeHmaWx63,2024-10-30T01:42:24.901Z,-4.068419,-7.695307,-4.5167885,true
6827bc374b2ae70172a6cd25,Gravity,,,,,W1hZkqBeWCUTVBX6rx9OeHmaWx63,2024-10-30T01:42:25.060Z,-4.035676,-8.425816,-2.981603,true
6827bc374b2ae70172a6cd26,Gravity,,,,,W1hZkqBeWCUTVBX6rx9OeHmaWx63,2024-10-30T01:42:25.219Z,-3.4781404,-9.117663,-0.970373,true
6827bc374b2ae70172a6cd27,Gravity,,,,,W1hZkqBeWCUTVBX6rx9OeHmaWx63,2024-10-30T01:42:25.380Z,-2.8440523,-9.366498,-0.5923948,true
6827bc374b2ae70172a6cd28,Gravity,,,,,W1hZkqBeWCUTVBX6rx9OeHmaWx63,2024-10-30T01:42:25.703Z,-3.502787,-9.079584,-1.2093577,true
6827bc374b2ae70172a6cd29,Gravity,,,,,W1hZkqBeWCUTVBX6rx9OeHmaWx63,2024-10-30T01:42:25.865Z,-3.6569386,-8.908797,-1.8523008,true
6827bc374b2ae70172a6cd2a,Gravity,,,,,W1hZkqBeWCUTVBX6rx9OeHmaWx63,2024-10-30T01:42:26.023Z,-3.2068248,-9.179724,-1.27269,true
6827bc374b2ae70172a6cd2b,Gravity,,,,,W1hZkqBeWCUTVBX6rx9OeHmaWx63,2024-10-30T01:42:26.181Z,-2.1256104,-9.3626375,-1.9984038,true
6827bc374b2ae70172a6cd2c,Gravity,,,,,W1hZkqBeWCUTVBX6rx9OeHmaWx63,2024-10-30T01:42:26.343Z,-1.8556688,-9.3027315,-2.4872787,true
6827bc374b2ae70172a6cd2d,Gravity,,,,,W1hZkqBeWCUTVBX6rx9OeHmaWx63,2024-10-30T01:42:26.504Z,-2.3652337,-8.920757,-3.3161383,true
6827bc374b2ae70172a6cd2e,Gravity,,,,,W1hZkqBeWCUTVBX6rx9OeHmaWx63,2024-10-30T01:42:26.661Z,-2.4669054,-8.843751,-3.4457905,true
6827bc374b2ae70172a6cd2f,Gravity,,,,,W1hZkqBeWCUTVBX6rx9OeHmaWx63,2024-10-30T01:42:26.822Z,-0.87782973,-8.368451,-5.0368114,true
6827bc374b2ae70172a6cd30,Gravity,,,,,W1hZkqBeWCUTVBX6rx9OeHmaWx63,2024-10-30T01:42:26.981Z,1.1058286,-8.821711,-4.1383,true
6827bc374b2ae70172a6cd31,Gravity,,,,,W1hZkqBeWCUTVBX6rx9OeHmaWx63,2024-10-30T01:42:27.141Z,1.1291382,-8.691216,-4.3998675,true
6827bc374b2ae70172a6cd32,Gravity,,,,,W1hZkqBeWCUTVBX6rx9OeHmaWx63,2024-10-30T01:42:27.301Z,2.0678046,-8.823692,-3.7466743,true
6827bc374b2ae70172a6cd33,Gravity,,,,,W1hZkqBeWCUTVBX6rx9OeHmaWx63,2024-10-30T01:42:27.460Z,1.8921877,-8.817014,-3.853674,true
6827bc374b2ae70172a6cd34,Gravity,,,,,W1hZkqBeWCUTVBX6rx9OeHmaWx63,2024-10-30T01:42:27.619Z,2.0037565,-8.734115,-3.9838371,true
6827bc374b2ae70172a6cd35,Gravity,,,,,W1hZkqBeWCUTVBX6rx9OeHmaWx63,2024-10-30T01:42:27.778Z,1.47767,-8.375795,-4.8819404,true
6827bc374b2ae70172a6cd36,Gravity,,,,,W1hZkqBeWCUTVBX6rx9OeHmaWx63,2024-10-30T01:42:27.938Z,-0.1104042,-8.694922,-4.533981,true
6827bc374b2ae70172a6cd37,Gravity,,,,,W1hZkqBeWCUTVBX6rx9OeHmaWx63,2024-10-30T01:42:28.098Z,-1.5209415,-8.840791,-3.9620724,true
6827bc374b2ae70172a6cd38,Gravity,,,,,W1hZkqBeWCUTVBX6rx9OeHmaWx63,2024-10-30T01:42:28.257Z,-3.6658273,-8.369442,-3.5615966,true
6827bc374b2ae70172a6cd39,Gravity,,,,,W1hZkqBeWCUTVBX6rx9OeHmaWx63,2024-10-30T01:42:28.417Z,-4.972596,-8.226748,-1.9402778,true
6827bc374b2ae70172a6cd3a,Gravity,,,,,W1hZkqBeWCUTVBX6rx9OeHmaWx63,2024-10-30T01:42:28.577Z,-5.5825706,-7.9179044,-1.520688,true
6827bc374b2ae70172a6cd3b,Gravity,,,,,W1hZkqBeWCUTVBX6rx9OeHmaWx63,2024-10-30T01:42:28.737Z,-5.39531,-8.132728,-0.95926356,true
6827bc374b2ae70172a6cd3c,Gravity,,,,,W1hZkqBeWCUTVBX6rx9OeHmaWx63,2024-10-30T01:42:28.897Z,-5.1985097,-7.9396286,-2.4715474,true
6827bc374b2ae70172a6cd3d,Gravity,,,,,W1hZkqBeWCUTVBX6rx9OeHmaWx63,2024-10-30T01:42:29.056Z,-5.197714,-7.854751,-2.7308214,true
6827bc374b2ae70172a6cd3e,Gravity,,,,,W1hZkqBeWCUTVBX6rx9OeHmaWx63,2024-10-30T01:42:29.216Z,-5.245471,-8.049005,-1.9670559,true
6827bc374b2ae70172a6cd3f,Gravity,,,,,W1hZkqBeWCUTVBX6rx9OeHmaWx63,2024-10-30T01:42:29.376Z,-5.7602015,-7.8707476,-1.0208131,true
6827bc374b2ae70172a6cd40,Gravity,,,,,W1hZkqBeWCUTVBX6rx9OeHmaWx63,2024-10-30T01:42:29.536Z,-5.505957,-7.6895328,-2.5934927,true
6827bc374b2ae70172a6cd41,Gravity,,,,,W1hZkqBeWCUTVBX6rx9OeHmaWx63,2024-10-30T01:42:29.697Z,-5.683108,-7.2678914,-3.324253,true
6827bc374b2ae70172a6cd42,Gravity,,,,,W1hZkqBeWCUTVBX6rx9OeHmaWx63,2024-10-30T01:42:29.856Z,-4.7061367,-8.212647,-2.5642233,true
6827bc374b2ae70172a6cd43,Gravity,,,,,W1hZkqBeWCUTVBX6rx9OeHmaWx63,2024-10-30T01:42:30.016Z,-4.763673,-8.189267,-2.5325418,true
6827bc374b2ae70172a6cd44,Gravity,,,,,W1hZkqBeWCUTVBX6rx9OeHmaWx63,2024-10-30T01:42:30.176Z,-4.541771,-8.241889,-2.7593882,true
6827bc374b2ae70172a6cd45,Gravity,,,,,W1hZkqBeWCUTVBX6rx9OeHmaWx63,2024-10-30T01:42:30.336Z,-3.3546515,-8.998468,-1.9860926,true
6827bc374b2ae70172a6cd46,Gravity,,,,,W1hZkqBeWCUTVBX6rx9OeHmaWx63,2024-10-30T01:42:30.497Z,-3.431173,-8.848244,-2.4711003,true
6827bc374b2ae70172a6cd47,Gravity,,,,,W1hZkqBeWCUTVBX6rx9OeHmaWx63,2024-10-30T01:42:30.656Z,-3.900961,-8.583141,-2.6986582,true
6827bc374b2ae70172a6cd48,Gravity,,,,,W1hZkqBeWCUTVBX6rx9OeHmaWx63,2024-10-30T01:42:30.815Z,-4.364374,-8.209475,-3.118858,true
6827bc374b2ae70172a6cd49,Gravity,,,,,W1hZkqBeWCUTVBX6rx9OeHmaWx63,2024-10-30T01:42:30.975Z,-4.3468876,-8.025928,-3.5860372,true
6827bc374b2ae70172a6cd4a,Gravity,,,,,W1hZkqBeWCUTVBX6rx9OeHmaWx63,2024-10-30T01:42:31.135Z,-5.1459403,-7.5040207,-3.6577907,true
6827bc374b2ae70172a6cd4b,Gravity,,,,,W1hZkqBeWCUTVBX6rx9OeHmaWx63,2024-10-30T01:42:31.296Z,-5.777401,-7.4414744,-2.723311,true
6827bc374b2ae70172a6cd4c,Gravity,,,,,W1hZkqBeWCUTVBX6rx9OeHmaWx63,2024-10-30T01:42:31.455Z,-6.069956,-7.4967394,-1.7677339,true
6827bc374b2ae70172a6cd4d,Gravity,,,,,W1hZkqBeWCUTVBX6rx9OeHmaWx63,2024-10-30T01:42:31.616Z,-6.329266,-7.374431,-1.3146956,true
6827bc374b2ae70172a6cd4e,Gravity,,,,,W1hZkqBeWCUTVBX6rx9OeHmaWx63,2024-10-30T01:42:31.775Z,-6.143298,-7.4783053,-1.582752,true
6827bc374b2ae70172a6cd4f,Gravity,,,,,W1hZkqBeWCUTVBX6rx9OeHmaWx63,2024-10-30T01:42:31.935Z,-4.4925838,-8.389067,-2.3686569,true
6827bc374b2ae70172a6cd50,Gravity,,,,,W1hZkqBeWCUTVBX6rx9OeHmaWx63,2024-10-30T01:42:32.096Z,-2.6768482,-9.130088,-2.3761785,true
6827bc374b2ae70172a6cd51,Gravity,,,,,W1hZkqBeWCUTVBX6rx9OeHmaWx63,2024-10-30T01:42:32.255Z,-3.43899,-8.938561,-2.1084838,true
6827bc374b2ae70172a6cd52,Gravity,,,,,W1hZkqBeWCUTVBX6rx9OeHmaWx63,2024-10-30T01:42:32.414Z,-4.5505247,-8.536648,-1.60891,true
6827bc374b2ae70172a6cd53,Gravity,,,,,W1hZkqBeWCUTVBX6rx9OeHmaWx63,2024-10-30T01:42:32.574Z,-4.324858,-8.576395,-1.9776855,true
6827bc374b2ae70172a6cd54,Gravity,,,,,W1hZkqBeWCUTVBX6rx9OeHmaWx63,2024-10-30T01:42:32.734Z,-4.154897,-8.56567,-2.3529315,true
6827bc374b2ae70172a6cd55,Gravity,,,,,W1hZkqBeWCUTVBX6rx9OeHmaWx63,2024-10-30T01:42:32.895Z,-4.521277,-8.349695,-2.451676,true
6827bc374b2ae70172a6cd56,Gravity,,,,,W1hZkqBeWCUTVBX6rx9OeHmaWx63,2024-10-30T01:42:33.054Z,-3.6978247,-8.617227,-2.8704913,true
6827bc374b2ae70172a6cd57,Gravity,,,,,W1hZkqBeWCUTVBX6rx9OeHmaWx63,2024-10-30T01:42:33.214Z,-4.1716523,-8.769426,-1.3655238,true
6827bc374b2ae70172a6cd58,Gravity,,,,,W1hZkqBeWCUTVBX6rx9OeHmaWx63,2024-10-30T01:42:33.373Z,-4.5872097,-8.598686,-1.0910207,true
6827bc374b2ae70172a6cd59,Gravity,,,,,W1hZkqBeWCUTVBX6rx9OeHmaWx63,2024-10-30T01:42:33.534Z,-2.2247667,-9.206492,-2.5418782,true
6827bc374b2ae70172a6cd5a,Gravity,,,,,W1hZkqBeWCUTVBX6rx9OeHmaWx63,2024-10-30T01:42:33.694Z,-1.1264108,-9.470276,-2.2837124,true
6827bc374b2ae70172a6cd5b,Gravity,,,,,W1hZkqBeWCUTVBX6rx9OeHmaWx63,2024-10-30T01:42:33.853Z,-1.4588019,-9.460288,-2.1319335,true
6827bc374b2ae70172a6cd5c,Gravity,,,,,W1hZkqBeWCUTVBX6rx9OeHmaWx63,2024-10-30T01:42:34.013Z,-1.6686686,-9.339587,-2.4815028,true
6827bc374b2ae70172a6cd5d,Gravity,,,,,W1hZkqBeWCUTVBX6rx9OeHmaWx63,2024-10-30T01:42:34.173Z,-1.8792926,-9.322834,-2.3923259,true
6827bc374b2ae70172a6cd5e,Gravity,,,,,W1hZkqBeWCUTVBX6rx9OeHmaWx63,2024-10-30T01:42:34.333Z,-1.5981117,-9.232491,-2.89437,true
6827bc374b2ae70172a6cd5f,Gravity,,,,,W1hZkqBeWCUTVBX6rx9OeHmaWx63,2024-10-30T01:42:34.494Z,-1.7047952,-9.309486,-2.568529,true
6827bc374b2ae70172a6cd60,Gravity,,,,,W1hZkqBeWCUTVBX6rx9OeHmaWx63,2024-10-30T01:42:34.653Z,-1.8169183,-9.5721,-1.1152877,true
6827bc374b2ae70172a6cd61,Gravity,,,,,W1hZkqBeWCUTVBX6rx9OeHmaWx63,2024-10-30T01:42:34.813Z,-1.6349937,-9.571798,-1.3702657,true
6827bc374b2ae70172a6cd62,Gravity,,,,,W1hZkqBeWCUTVBX6rx9OeHmaWx63,2024-10-30T01:42:34.973Z,-0.5537436,-9.766773,-0.6882655,true
6827bc374b2ae70172a6cd63,Gravity,,,,,W1hZkqBeWCUTVBX6rx9OeHmaWx63,2024-10-30T01:42:35.133Z,0.7178885,-9.771518,0.41498542,true
6827bc374b2ae70172a6cd64,Gravity,,,,,W1hZkqBeWCUTVBX6rx9OeHmaWx63,2024-10-30T01:42:35.293Z,1.4894974,-9.651026,0.89958024,true
6827bc374b2ae70172a6cd65,Gravity,,,,,W1hZkqBeWCUTVBX6rx9OeHmaWx63,2024-10-30T01:42:35.452Z,1.5812068,-9.662749,0.54879546,true
6827bc374b2ae70172a6cd66,Gravity,,,,,W1hZkqBeWCUTVBX6rx9OeHmaWx63,2024-10-30T01:42:35.614Z,1.5830942,-9.658444,0.6151541,true
6827bc374b2ae70172a6cd67,Gravity,,,,,W1hZkqBeWCUTVBX6rx9OeHmaWx63,2024-10-30T01:42:35.772Z,0.7821546,-9.760665,0.53648007,true
6827bc374b2ae70172a6cd68,Gravity,,,,,W1hZkqBeWCUTVBX6rx9OeHmaWx63,2024-10-30T01:42:35.932Z,-0.497721,-9.741679,1.0110219,true
6827bc374b2ae70172a6cd69,Gravity,,,,,W1hZkqBeWCUTVBX6rx9OeHmaWx63,2024-10-30T01:42:36.093Z,-1.541063,-9.548011,1.6220219,true
6827bc374b2ae70172a6cd6a,Gravity,,,,,W1hZkqBeWCUTVBX6rx9OeHmaWx63,2024-10-30T01:42:36.252Z,-1.7069902,-9.24045,2.8054566,true
6827bc374b2ae70172a6cd6b,Gravity,,,,,W1hZkqBeWCUTVBX6rx9OeHmaWx63,2024-10-30T01:42:36.413Z,-1.1103225,-7.985321,5.58321,true
6827bc374b2ae70172a6cd6c,Gravity,,,,,W1hZkqBeWCUTVBX6rx9OeHmaWx63,2024-10-30T01:42:36.572Z,-1.3994645,-7.0305634,6.6920166,true
6827bc374b2ae70172a6cd6d,Gravity,,,,,W1hZkqBeWCUTVBX6rx9OeHmaWx63,2024-10-30T01:42:36.731Z,-3.098217,-6.945098,6.191692,true
6827bc374b2ae70172a6cd6e,Gravity,,,,,W1hZkqBeWCUTVBX6rx9OeHmaWx63,2024-10-30T01:42:36.892Z,-4.422697,-4.521983,7.494119,true
6827bc374b2ae70172a6cd6f,Gravity,,,,,W1hZkqBeWCUTVBX6rx9OeHmaWx63,2024-10-30T01:42:37.051Z,-4.8659115,-3.2824159,7.8561473,true
6827bc374b2ae70172a6cd70,Gravity,,,,,W1hZkqBeWCUTVBX6rx9OeHmaWx63,2024-10-30T01:42:37.211Z,-5.147079,-2.304051,8.023049,true
6827bc374b2ae70172a6cd71,Gravity,,,,,W1hZkqBeWCUTVBX6rx9OeHmaWx63,2024-10-30T01:42:37.371Z,-6.0327463,-0.118222766,7.730614,true
6827bc374b2ae70172a6cd72,Gravity,,,,,W1hZkqBeWCUTVBX6rx9OeHmaWx63,2024-10-30T01:42:37.531Z,-6.3925524,1.0135301,7.36739,true
6827bc374b2ae70172a6cd73,Gravity,,,,,W1hZkqBeWCUTVBX6rx9OeHmaWx63,2024-10-30T01:42:37.693Z,-6.4760275,2.1177275,7.0531335,true
6827bc374b2ae70172a6cd74,Gravity,,,,,W1hZkqBeWCUTVBX6rx9OeHmaWx63,2024-10-30T01:42:37.859Z,-6.660131,1.9028139,6.9420724,true
6827bc374b2ae70172a6cd75,Gravity,,,,,W1hZkqBeWCUTVBX6rx9OeHmaWx63,2024-10-30T01:42:38.014Z,-7.276645,1.1932087,6.4650717,true
6827bc374b2ae70172a6cd76,Gravity,,,,,W1hZkqBeWCUTVBX6rx9OeHmaWx63,2024-10-30T01:42:38.173Z,-7.025091,1.8357229,6.591562,true
6827bc374b2ae70172a6cd77,Gravity,,,,,W1hZkqBeWCUTVBX6rx9OeHmaWx63,2024-10-30T01:42:38.333Z,-7.012763,2.86903,6.2257776,true
6827bc374b2ae70172a6cd78,Gravity,,,,,W1hZkqBeWCUTVBX6rx9OeHmaWx63,2024-10-30T01:42:38.495Z,-6.6999254,2.657423,6.6497817,true
6827bc374b2ae70172a6cd79,Gravity,,,,,W1hZkqBeWCUTVBX6rx9OeHmaWx63,2024-10-30T01:42:38.653Z,-6.582579,0.95847917,7.2056527,true
6827bc374b2ae70172a6cd7a,Gravity,,,,,W1hZkqBeWCUTVBX6rx9OeHmaWx63,2024-10-30T01:42:38.813Z,-6.532432,-1.1823701,7.218019,true
6827bc374b2ae70172a6cd7b,Gravity,,,,,W1hZkqBeWCUTVBX6rx9OeHmaWx63,2024-10-30T01:42:38.974Z,-6.353725,-2.150327,7.1537905,true
6827bc374b2ae70172a6cd7c,Gravity,,,,,W1hZkqBeWCUTVBX6rx9OeHmaWx63,2024-10-30T01:42:39.130Z,-6.127752,-1.7814869,7.4463015,true
6827bc374b2ae70172a6cd7d,Gravity,,,,,W1hZkqBeWCUTVBX6rx9OeHmaWx63,2024-10-30T01:42:39.294Z,-5.87287,-1.9749774,7.6012716,true
6827bc374b2ae70172a6cd7e,Gravity,,,,,W1hZkqBeWCUTVBX6rx9OeHmaWx63,2024-10-30T01:42:39.453Z,-6.2830696,-2.3516233,7.1528606,true
6827bc374b2ae70172a6cd7f,Gravity,,,,,W1hZkqBeWCUTVBX6rx9OeHmaWx63,2024-10-30T01:42:39.611Z,-6.6984863,-1.8694738,6.914179,true
6827bc374b2ae70172a6cd80,Gravity,,,,,W1hZkqBeWCUTVBX6rx9OeHmaWx63,2024-10-30T01:42:39.769Z,-7.4187427,-0.30833924,6.406068,true
6827bc374b2ae70172a6cd81,Gravity,,,,,W1hZkqBeWCUTVBX6rx9OeHmaWx63,2024-10-30T01:42:39.929Z,-8.003868,-0.6318256,5.6311145,true
6827bc374b2ae70172a6cd82,Gravity,,,,,W1hZkqBeWCUTVBX6rx9OeHmaWx63,2024-10-30T01:42:40.091Z,-8.721118,-3.1997173,3.1423838,true
6827bc374b2ae70172a6cd83,Gravity,,,,,W1hZkqBeWCUTVBX6rx9OeHmaWx63,2024-10-30T01:42:40.249Z,-8.001296,-5.5150695,1.3168156,true
6827bc374b2ae70172a6cd84,Gravity,,,,,W1hZkqBeWCUTVBX6rx9OeHmaWx63,2024-10-30T01:42:40.409Z,-7.2947054,-6.546836,0.31147945,true
6827bc374b2ae70172a6cd85,Gravity,,,,,W1hZkqBeWCUTVBX6rx9OeHmaWx63,2024-10-30T01:42:40.568Z,-6.9864335,-6.8344564,-0.8067209,true
6827bc374b2ae70172a6cd86,Gravity,,,,,W1hZkqBeWCUTVBX6rx9OeHmaWx63,2024-10-30T01:42:40.728Z,-6.4786325,-7.1977363,-1.5462106,true
6827bc374b2ae70172a6cd87,Gravity,,,,,W1hZkqBeWCUTVBX6rx9OeHmaWx63,2024-10-30T01:42:40.889Z,-6.484034,-7.134139,-1.7977993,true
6827bc374b2ae70172a6cd88,Gravity,,,,,W1hZkqBeWCUTVBX6rx9OeHmaWx63,2024-10-30T01:42:41.048Z,-7.1311817,-6.3728037,-2.168972,true
6827bc374b2ae70172a6cd89,Gravity,,,,,W1hZkqBeWCUTVBX6rx9OeHmaWx63,2024-10-30T01:42:41.208Z,-7.560342,-5.8687296,-2.1377678,true
6827bc374b2ae70172a6cd8a,Gravity,,,,,W1hZkqBeWCUTVBX6rx9OeHmaWx63,2024-10-30T01:42:41.368Z,-7.8628983,-5.560249,-1.8518081,true
6827bc374b2ae70172a6cd8b,Gravity,,,,,W1hZkqBeWCUTVBX6rx9OeHmaWx63,2024-10-30T01:42:41.527Z,-7.8197036,-5.714566,-1.5383991,true
6827bc374b2ae70172a6cd8c,Gravity,,,,,W1hZkqBeWCUTVBX6rx9OeHmaWx63,2024-10-30T01:42:41.689Z,-7.2663856,-6.461,-1.2750299,true
6827bc374b2ae70172a6cd8d,Gravity,,,,,W1hZkqBeWCUTVBX6rx9OeHmaWx63,2024-10-30T01:42:41.848Z,-5.7771235,-7.774638,-1.5331174,true
6827bc374b2ae70172a6cd8e,Gravity,,,,,W1hZkqBeWCUTVBX6rx9OeHmaWx63,2024-10-30T01:42:42.008Z,-4.07912,-8.65427,-2.152908,true
6827bc374b2ae70172a6cd8f,Gravity,,,,,W1hZkqBeWCUTVBX6rx9OeHmaWx63,2024-10-30T01:42:42.167Z,-2.5489836,-9.151389,-2.434213,true
6827bc374b2ae70172a6cd90,Gravity,,,,,W1hZkqBeWCUTVBX6rx9OeHmaWx63,2024-10-30T01:42:42.327Z,-3.1661453,-8.764694,-3.053893,true
6827bc374b2ae70172a6cd91,Gravity,,,,,W1hZkqBeWCUTVBX6rx9OeHmaWx63,2024-10-30T01:42:42.488Z,-2.9573305,-8.752781,-3.2884033,true
6827bc374b2ae70172a6cd92,Gravity,,,,,W1hZkqBeWCUTVBX6rx9OeHmaWx63,2024-10-30T01:42:42.647Z,-2.124553,-9.2213125,-2.5737493,true
6827bc374b2ae70172a6cd93,Gravity,,,,,W1hZkqBeWCUTVBX6rx9OeHmaWx63,2024-10-30T01:42:42.807Z,-1.7114785,-9.376538,-2.3069103,true
6827bc374b2ae70172a6cd94,Gravity,,,,,W1hZkqBeWCUTVBX6rx9OeHmaWx63,2024-10-30T01:42:42.966Z,-1.6780827,-9.449957,-2.0131514,true
6827bc374b2ae70172a6cd95,Gravity,,,,,W1hZkqBeWCUTVBX6rx9OeHmaWx63,2024-10-30T01:42:43.126Z,-1.904119,-9.440016,-1.8522494,true
6827bc374b2ae70172a6cd96,Gravity,,,,,W1hZkqBeWCUTVBX6rx9OeHmaWx63,2024-10-30T01:42:43.288Z,-2.3696334,-9.308534,-1.9764334,true
6827bc374b2ae70172a6cd97,Gravity,,,,,W1hZkqBeWCUTVBX6rx9OeHmaWx63,2024-10-30T01:42:43.446Z,-2.530678,-9.192188,-2.2955916,true
6827bc374b2ae70172a6cd98,Gravity,,,,,W1hZkqBeWCUTVBX6rx9OeHmaWx63,2024-10-30T01:42:43.607Z,-2.2538052,-9.071263,-2.9669876,true
6827bc374b2ae70172a6cd99,Gravity,,,,,W1hZkqBeWCUTVBX6rx9OeHmaWx63,2024-10-30T01:42:43.766Z,-2.001129,-9.051236,-3.200158,true
6827bc374b2ae70172a6cd9a,Gravity,,,,,W1hZkqBeWCUTVBX6rx9OeHmaWx63,2024-10-30T01:42:43.926Z,-1.103408,-9.445919,-2.3932085,true
6827bc374b2ae70172a6cd9b,Gravity,,,,,W1hZkqBeWCUTVBX6rx9OeHmaWx63,2024-10-30T01:42:44.087Z,0.29885113,-9.669052,-1.6094998,true
6827bc374b2ae70172a6cd9c,Gravity,,,,,W1hZkqBeWCUTVBX6rx9OeHmaWx63,2024-10-30T01:42:44.246Z,0.9963302,-9.629649,-1.5644577,true
6827bc374b2ae70172a6cd9d,Gravity,,,,,W1hZkqBeWCUTVBX6rx9OeHmaWx63,2024-10-30T01:42:44.405Z,1.1807375,-9.595026,-1.6467122,true
6827bc374b2ae70172a6cd9e,Gravity,,,,,W1hZkqBeWCUTVBX6rx9OeHmaWx63,2024-10-30T01:42:44.565Z,1.2388368,-9.559777,-1.8017542,true
6827bc374b2ae70172a6cd9f,Gravity,,,,,W1hZkqBeWCUTVBX6rx9OeHmaWx63,2024-10-30T01:42:44.725Z,0.8202297,-9.487717,-2.3410945,true
6827bc374b2ae70172a6cda0,Gravity,,,,,W1hZkqBeWCUTVBX6rx9OeHmaWx63,2024-10-30T01:42:44.886Z,0.55375355,-9.46185,-2.517367,true
6827bc374b2ae70172a6cda1,Gravity,,,,,W1hZkqBeWCUTVBX6rx9OeHmaWx63,2024-10-30T01:42:45.045Z,0.51624113,-9.448237,-2.575798,true
6827bc374b2ae70172a6cda2,Gravity,,,,,W1hZkqBeWCUTVBX6rx9OeHmaWx63,2024-10-30T01:42:45.205Z,0.58175737,-9.326945,-2.9732256,true
6827bc374b2ae70172a6cda3,Gravity,,,,,W1hZkqBeWCUTVBX6rx9OeHmaWx63,2024-10-30T01:42:45.365Z,0.71272767,-9.447137,-2.5325918,true
6827bc374b2ae70172a6cda4,Gravity,,,,,W1hZkqBeWCUTVBX6rx9OeHmaWx63,2024-10-30T01:42:45.524Z,1.0194278,-9.426838,-2.5031607,true
6827bc374b2ae70172a6cda5,Gravity,,,,,W1hZkqBeWCUTVBX6rx9OeHmaWx63,2024-10-30T01:42:45.685Z,1.8702328,-9.228566,-2.7397301,true
6827bc374b2ae70172a6cda6,Gravity,,,,,W1hZkqBeWCUTVBX6rx9OeHmaWx63,2024-10-30T01:42:45.844Z,2.742254,-8.909646,-3.044442,true
6827bc374b2ae70172a6cda7,Gravity,,,,,W1hZkqBeWCUTVBX6rx9OeHmaWx63,2024-10-30T01:42:46.004Z,2.962684,-8.809324,-3.1286716,true
6827bc374b2ae70172a6cda8,Gravity,,,,,W1hZkqBeWCUTVBX6rx9OeHmaWx63,2024-10-30T01:42:46.164Z,2.5866952,-8.954858,-3.0479105,true
6827bc374b2ae70172a6cda9,Gravity,,,,,W1hZkqBeWCUTVBX6rx9OeHmaWx63,2024-10-30T01:42:46.323Z,2.1358485,-9.123816,-2.892116,true
6827bc374b2ae70172a6cdaa,Gravity,,,,,W1hZkqBeWCUTVBX6rx9OeHmaWx63,2024-10-30T01:42:46.484Z,1.8926829,-9.216104,-2.7661073,true
6827bc374b2ae70172a6cdab,Gravity,,,,,W1hZkqBeWCUTVBX6rx9OeHmaWx63,2024-10-30T01:42:46.644Z,1.5588347,-9.272562,-2.7856386,true
6827bc374b2ae70172a6cdac,Gravity,,,,,W1hZkqBeWCUTVBX6rx9OeHmaWx63,2024-10-30T01:42:46.804Z,1.2445933,-9.3450985,-2.700045,true
6827bc374b2ae70172a6cdad,Gravity,,,,,W1hZkqBeWCUTVBX6rx9OeHmaWx63,2024-10-30T01:42:46.964Z,0.8972679,-9.536701,-2.101541,true
6827bc374b2ae70172a6cdae,Gravity,,,,,W1hZkqBeWCUTVBX6rx9OeHmaWx63,2024-10-30T01:42:47.123Z,0.60515857,-9.607392,-1.8713831,true
6827bc374b2ae70172a6cdaf,Gravity,,,,,W1hZkqBeWCUTVBX6rx9OeHmaWx63,2024-10-30T01:42:47.284Z,0.9392767,-9.574099,-1.9038317,true
6827bc374b2ae70172a6cdb0,Gravity,,,,,W1hZkqBeWCUTVBX6rx9OeHmaWx63,2024-10-30T01:42:47.443Z,1.7989017,-9.577143,-1.10112,true
6827bc374b2ae70172a6cdb1,Gravity,,,,,W1hZkqBeWCUTVBX6rx9OeHmaWx63,2024-10-30T01:42:47.604Z,2.3689744,-9.47983,-0.8312784,true
6827bc374b2ae70172a6cdb2,Gravity,,,,,W1hZkqBeWCUTVBX6rx9OeHmaWx63,2024-10-30T01:42:47.763Z,2.2449272,-9.463906,-1.2510113,true
6827bc374b2ae70172a6cdb3,Gravity,,,,,W1hZkqBeWCUTVBX6rx9OeHmaWx63,2024-10-30T01:42:47.923Z,2.2014234,-9.4443865,-1.4586054,true
6827bc374b2ae70172a6cdb4,Gravity,,,,,W1hZkqBeWCUTVBX6rx9OeHmaWx63,2024-10-30T01:42:48.084Z,2.6793675,-9.396249,-0.83775663,true
6827bc374b2ae70172a6cdb5,Gravity,,,,,W1hZkqBeWCUTVBX6rx9OeHmaWx63,2024-10-30T01:42:48.243Z,2.7681408,-9.407848,0.005236732,true
6827bc374b2ae70172a6cdb6,Gravity,,,,,W1hZkqBeWCUTVBX6rx9OeHmaWx63,2024-10-30T01:42:48.403Z,2.3696034,-9.513669,0.21302901,true
6827bc374b2ae70172a6cdb7,Gravity,,,,,W1hZkqBeWCUTVBX6rx9OeHmaWx63,2024-10-30T01:42:48.563Z,2.297389,-9.505915,0.72790164,true
6827bc374b2ae70172a6cdb8,Gravity,,,,,W1hZkqBeWCUTVBX6rx9OeHmaWx63,2024-10-30T01:42:48.722Z,2.2347124,-9.500317,0.9593144,true
6827bc374b2ae70172a6cdb9,Gravity,,,,,W1hZkqBeWCUTVBX6rx9OeHmaWx63,2024-10-30T01:42:48.883Z,1.7935382,-9.563524,1.2216555,true
6827bc374b2ae70172a6cdba,Gravity,,,,,W1hZkqBeWCUTVBX6rx9OeHmaWx63,2024-10-30T01:42:49.042Z,1.605157,-9.564212,1.4558687,true
6827bc374b2ae70172a6cdbb,Gravity,,,,,W1hZkqBeWCUTVBX6rx9OeHmaWx63,2024-10-30T01:42:49.202Z,1.5839217,-9.556851,1.5257804,true
6827bc374b2ae70172a6cdbc,Gravity,,,,,W1hZkqBeWCUTVBX6rx9OeHmaWx63,2024-10-30T01:42:49.362Z,1.389583,-9.620238,1.3001223,true
6827bc374b2ae70172a6cdbd,Gravity,,,,,W1hZkqBeWCUTVBX6rx9OeHmaWx63,2024-10-30T01:42:49.522Z,1.3212676,-9.607998,1.4528754,true
6827bc374b2ae70172a6cdbe,Gravity,,,,,W1hZkqBeWCUTVBX6rx9OeHmaWx63,2024-10-30T01:42:49.684Z,1.178507,-9.629459,1.4334447,true
6827bc374b2ae70172a6cdbf,Gravity,,,,,W1hZkqBeWCUTVBX6rx9OeHmaWx63,2024-10-30T01:42:49.845Z,1.0827816,-9.623622,1.5438644,true
6827bc374b2ae70172a6cdc0,Gravity,,,,,W1hZkqBeWCUTVBX6rx9OeHmaWx63,2024-10-30T01:42:50.004Z,1.0182781,-9.660735,1.3428894,true
6827bc374b2ae70172a6cdc1,Gravity,,,,,W1hZkqBeWCUTVBX6rx9OeHmaWx63,2024-10-30T01:42:50.163Z,1.2841084,-9.365459,2.609463,true
6827bc374b2ae70172a6cdc2,Gravity,,,,,W1hZkqBeWCUTVBX6rx9OeHmaWx63,2024-10-30T01:42:50.324Z,1.3285704,-9.233614,3.024125,true
6827bc374b2ae70172a6cdc3,Gravity,,,,,W1hZkqBeWCUTVBX6rx9OeHmaWx63,2024-10-30T01:42:50.486Z,1.1751006,-9.284432,2.9306152,true
6827bc374b2ae70172a6cdc4,Gravity,,,,,W1hZkqBeWCUTVBX6rx9OeHmaWx63,2024-10-30T01:42:50.642Z,1.1711352,-9.23479,3.084978,true
6827bc374b2ae70172a6cdc5,Gravity,,,,,W1hZkqBeWCUTVBX6rx9OeHmaWx63,2024-10-30T01:42:50.804Z,1.1709427,-9.288843,2.918256,true
6827bc374b2ae70172a6cdc6,Gravity,,,,,W1hZkqBeWCUTVBX6rx9OeHmaWx63,2024-10-30T01:42:50.965Z,1.2541751,-9.322423,2.7729714,true
6827bc374b2ae70172a6cdc7,Gravity,,,,,W1hZkqBeWCUTVBX6rx9OeHmaWx63,2024-10-30T01:42:51.125Z,1.6356771,-9.263595,2.7713306,true
6827bc374b2ae70172a6cdc8,Gravity,,,,,W1hZkqBeWCUTVBX6rx9OeHmaWx63,2024-10-30T01:42:51.284Z,2.0299535,-9.284804,2.4169326,true
6827bc374b2ae70172a6cdc9,Gravity,,,,,W1hZkqBeWCUTVBX6rx9OeHmaWx63,2024-10-30T01:42:51.444Z,2.3804183,-9.342675,1.7938644,true
6827bc374b2ae70172a6cdca,Gravity,,,,,W1hZkqBeWCUTVBX6rx9OeHmaWx63,2024-10-30T01:42:51.604Z,2.8053231,-9.375938,0.62593526,true
6827bc374b2ae70172a6cdcb,Gravity,,,,,W1hZkqBeWCUTVBX6rx9OeHmaWx63,2024-10-30T01:42:51.760Z,3.0351179,-9.279454,-0.9216654,true
6827bc374b2ae70172a6cdcc,Gravity,,,,,W1hZkqBeWCUTVBX6rx9OeHmaWx63,2024-10-30T01:42:51.920Z,2.8507178,-8.826196,-3.1844969,true
6827bc374b2ae70172a6cdcd,Gravity,,,,,W1hZkqBeWCUTVBX6rx9OeHmaWx63,2024-10-30T01:42:52.081Z,2.3860526,-8.636429,-3.9860003,true
6827bc374b2ae70172a6cdce,Gravity,,,,,W1hZkqBeWCUTVBX6rx9OeHmaWx63,2024-10-30T01:42:52.239Z,1.3328891,-8.860743,-3.9849758,true
6827bc374b2ae70172a6cdcf,Gravity,,,,,W1hZkqBeWCUTVBX6rx9OeHmaWx63,2024-10-30T01:42:52.400Z,0.12962833,-8.929716,-4.0512757,true
6827bc374b2ae70172a6cdd0,Gravity,,,,,W1hZkqBeWCUTVBX6rx9OeHmaWx63,2024-10-30T01:42:52.559Z,-1.4121209,-8.586834,-4.521259,true
6827bc374b2ae70172a6cdd1,Gravity,,,,,W1hZkqBeWCUTVBX6rx9OeHmaWx63,2024-10-30T01:42:52.719Z,-2.41206,-8.127335,-4.9292955,true
6827bc374b2ae70172a6cdd2,Gravity,,,,,W1hZkqBeWCUTVBX6rx9OeHmaWx63,2024-10-30T01:42:52.880Z,-3.6532,-7.830344,-4.637817,true
6827bc374b2ae70172a6cdd3,Gravity,,,,,W1hZkqBeWCUTVBX6rx9OeHmaWx63,2024-10-30T01:42:53.038Z,-3.5519905,-7.788862,-4.7839837,true
6827bc374b2ae70172a6cdd4,Gravity,,,,,W1hZkqBeWCUTVBX6rx9OeHmaWx63,2024-10-30T01:42:53.198Z,-3.8862565,-7.0477414,-5.603186,true
6827bc374b2ae70172a6cdd5,Gravity,,,,,W1hZkqBeWCUTVBX6rx9OeHmaWx63,2024-10-30T01:42:53.358Z,-4.2604194,-7.26329,-5.0262184,true
6827bc374b2ae70172a6cdd6,Gravity,,,,,W1hZkqBeWCUTVBX6rx9OeHmaWx63,2024-10-30T01:42:53.518Z,-3.8500564,-8.017608,-4.130924,true
6827bc374b2ae70172a6cdd7,Gravity,,,,,W1hZkqBeWCUTVBX6rx9OeHmaWx63,2024-10-30T01:42:53.679Z,-3.2497609,-8.864828,-2.6501832,true
6827bc374b2ae70172a6cdd8,Gravity,,,,,W1hZkqBeWCUTVBX6rx9OeHmaWx63,2024-10-30T01:42:53.838Z,-3.125636,-8.880949,-2.7438574,true
6827bc374b2ae70172a6cdd9,Gravity,,,,,W1hZkqBeWCUTVBX6rx9OeHmaWx63,2024-10-30T01:42:53.998Z,-3.1851761,-8.760205,-3.0467935,true
6827bc374b2ae70172a6cdda,Gravity,,,,,W1hZkqBeWCUTVBX6rx9OeHmaWx63,2024-10-30T01:42:54.158Z,-3.3240924,-8.370518,-3.8799822,true
6827bc374b2ae70172a6cddb,Gravity,,,,,W1hZkqBeWCUTVBX6rx9OeHmaWx63,2024-10-30T01:42:54.318Z,-4.131684,-7.9165497,-4.0529966,true
6827bc374b2ae70172a6cddc,Gravity,,,,,W1hZkqBeWCUTVBX6rx9OeHmaWx63,2024-10-30T01:42:54.478Z,-4.5560675,-7.9178057,-3.5665112,true
6827bc374b2ae70172a6cddd,Gravity,,,,,W1hZkqBeWCUTVBX6rx9OeHmaWx63,2024-10-30T01:42:54.637Z,-4.5109954,-8.1047125,-3.1834114,true
6827bc374b2ae70172a6cdde,Gravity,,,,,W1hZkqBeWCUTVBX6rx9OeHmaWx63,2024-10-30T01:42:54.797Z,-4.402227,-8.357452,-2.6349556,true
6827bc374b2ae70172a6cddf,Gravity,,,,,W1hZkqBeWCUTVBX6rx9OeHmaWx63,2024-10-30T01:42:54.957Z,-4.3879156,-8.65837,-1.3958944,true
6827bc374b2ae70172a6cde0,Gravity,,,,,W1hZkqBeWCUTVBX6rx9OeHmaWx63,2024-10-30T01:42:55.117Z,-3.599441,-9.117477,0.29231006,true
6827bc374b2ae70172a6cde1,Gravity,,,,,W1hZkqBeWCUTVBX6rx9OeHmaWx63,2024-10-30T01:42:55.278Z,-3.9031882,-8.918068,1.1845185,true
6827bc374b2ae70172a6cde2,Gravity,,,,,W1hZkqBeWCUTVBX6rx9OeHmaWx63,2024-10-30T01:42:55.437Z,-4.8900156,-8.416642,1.190712,true
6827bc374b2ae70172a6cde3,Gravity,,,,,W1hZkqBeWCUTVBX6rx9OeHmaWx63,2024-10-30T01:42:55.597Z,-5.3910832,-7.855899,2.3218677,true
6827bc374b2ae70172a6cde4,Gravity,,,,,W1hZkqBeWCUTVBX6rx9OeHmaWx63,2024-10-30T01:42:55.757Z,-5.304482,-7.3507147,3.7415924,true
6827bc374b2ae70172a6cde5,Gravity,,,,,W1hZkqBeWCUTVBX6rx9OeHmaWx63,2024-10-30T01:42:55.916Z,-6.221412,-6.40961,4.0473475,true
6827bc374b2ae70172a6cde6,Gravity,,,,,W1hZkqBeWCUTVBX6rx9OeHmaWx63,2024-10-30T01:42:56.077Z,-7.2714014,-5.5737143,3.4972105,true
6827bc374b2ae70172a6cde7,Gravity,,,,,W1hZkqBeWCUTVBX6rx9OeHmaWx63,2024-10-30T01:42:56.236Z,-7.716864,-5.1826873,3.1240714,true
6827bc374b2ae70172a6cde8,Gravity,,,,,W1hZkqBeWCUTVBX6rx9OeHmaWx63,2024-10-30T01:42:56.396Z,-7.521517,-5.476072,3.099922,true
6827bc374b2ae70172a6cde9,Gravity,,,,,W1hZkqBeWCUTVBX6rx9OeHmaWx63,2024-10-30T01:42:56.556Z,-7.1387005,-6.1840014,2.6395416,true
6827bc374b2ae70172a6cdea,Gravity,,,,,W1hZkqBeWCUTVBX6rx9OeHmaWx63,2024-10-30T01:42:56.716Z,-6.447565,-6.9223223,2.5846655,true
6827bc374b2ae70172a6cdeb,Gravity,,,,,W1hZkqBeWCUTVBX6rx9OeHmaWx63,2024-10-30T01:42:56.877Z,-5.992275,-7.3541884,2.4856958,true
6827bc374b2ae70172a6cdec,Gravity,,,,,W1hZkqBeWCUTVBX6rx9OeHmaWx63,2024-10-30T01:42:57.036Z,-6.1590524,-7.247591,2.3892744,true
6827bc374b2ae70172a6cded,Gravity,,,,,W1hZkqBeWCUTVBX6rx9OeHmaWx63,2024-10-30T01:42:57.196Z,-6.8473167,-6.628205,2.3133032,true
6827bc374b2ae70172a6cdee,Gravity,,,,,W1hZkqBeWCUTVBX6rx9OeHmaWx63,2024-10-30T01:42:57.356Z,-7.945619,-5.3535366,2.0921266,true
6827bc374b2ae70172a6cdef,Gravity,,,,,W1hZkqBeWCUTVBX6rx9OeHmaWx63,2024-10-30T01:42:57.515Z,-8.611396,-4.3523316,1.7524837,true
6827bc374b2ae70172a6cdf0,Gravity,,,,,W1hZkqBeWCUTVBX6rx9OeHmaWx63,2024-10-30T01:42:57.677Z,-8.316463,-4.3769407,2.8016055,true
6827bc374b2ae70172a6cdf1,Gravity,,,,,W1hZkqBeWCUTVBX6rx9OeHmaWx63,2024-10-30T01:42:57.835Z,-3.6884499,-7.222531,5.5136757,true
6827bc374b2ae70172a6cdf2,Gravity,,,,,W1hZkqBeWCUTVBX6rx9OeHmaWx63,2024-10-30T01:42:57.995Z,4.5424786,-4.9770384,7.124975,true
6827bc374b2ae70172a6cdf3,Gravity,,,,,W1hZkqBeWCUTVBX6rx9OeHmaWx63,2024-10-30T01:42:58.155Z,4.343566,-2.1717815,8.519809,true
6827bc374b2ae70172a6cdf4,Gravity,,,,,W1hZkqBeWCUTVBX6rx9OeHmaWx63,2024-10-30T01:42:58.315Z,2.8035493,-1.0571622,9.337714,true
6827bc374b2ae70172a6cdf5,Gravity,,,,,W1hZkqBeWCUTVBX6rx9OeHmaWx63,2024-10-30T01:42:58.476Z,1.725316,6.64537,7.0023327,true
6827bc374b2ae70172a6cdf6,Gravity,,,,,W1hZkqBeWCUTVBX6rx9OeHmaWx63,2024-10-30T01:42:58.636Z,1.6513989,8.495253,4.612354,true
6827bc374b2ae70172a6cdf7,Gravity,,,,,W1hZkqBeWCUTVBX6rx9OeHmaWx63,2024-10-30T01:42:58.795Z,3.2816753,6.7606883,6.3003182,true
6827bc374b2ae70172a6cdf8,Gravity,,,,,W1hZkqBeWCUTVBX6rx9OeHmaWx63,2024-10-30T01:42:58.955Z,2.796814,7.538566,5.6141,true
6827bc374b2ae70172a6cdf9,Gravity,,,,,W1hZkqBeWCUTVBX6rx9OeHmaWx63,2024-10-30T01:42:59.115Z,2.3942442,7.722203,5.550266,true
6827bc374b2ae70172a6cdfa,Gravity,,,,,W1hZkqBeWCUTVBX6rx9OeHmaWx63,2024-10-30T01:42:59.276Z,1.8935108,7.5581903,5.9547167,true
6827bc374b2ae70172a6cdfb,Gravity,,,,,W1hZkqBeWCUTVBX6rx9OeHmaWx63,2024-10-30T01:42:59.435Z,0.99574447,9.552997,1.9796358,true
6827bc374b2ae70172a6cdfc,Gravity,,,,,W1hZkqBeWCUTVBX6rx9OeHmaWx63,2024-10-30T01:42:59.596Z,-0.24973406,9.765432,0.8626383,true
6827bc374b2ae70172a6cdfd,Gravity,,,,,W1hZkqBeWCUTVBX6rx9OeHmaWx63,2024-10-30T01:42:59.755Z,1.446672,8.461009,4.7422266,true
6827bc374b2ae70172a6cdfe,Gravity,,,,,W1hZkqBeWCUTVBX6rx9OeHmaWx63,2024-10-30T01:42:59.915Z,3.9848158,1.546687,8.826062,true
6827bc374b2ae70172a6cdff,Gravity,,,,,W1hZkqBeWCUTVBX6rx9OeHmaWx63,2024-10-30T01:43:00.076Z,3.899386,-4.4881163,7.7988424,true
6827bc374b2ae70172a6ce00,Gravity,,,,,W1hZkqBeWCUTVBX6rx9OeHmaWx63,2024-10-30T01:43:00.235Z,2.605446,-4.786647,8.152915,true
6827bc374b2ae70172a6ce01,Gravity,,,,,W1hZkqBeWCUTVBX6rx9OeHmaWx63,2024-10-30T01:43:00.395Z,3.3210742,-3.9635437,8.332536,true
6827bc374b2ae70172a6ce02,Gravity,,,,,W1hZkqBeWCUTVBX6rx9OeHmaWx63,2024-10-30T01:43:00.555Z,3.3578303,-2.449126,8.882406,true
6827bc374b2ae70172a6ce03,Gravity,,,,,W1hZkqBeWCUTVBX6rx9OeHmaWx63,2024-10-30T01:43:00.714Z,3.2452016,-2.8273716,8.811642,true
6827bc374b2ae70172a6ce04,Gravity,,,,,W1hZkqBeWCUTVBX6rx9OeHmaWx63,2024-10-30T01:43:00.875Z,2.8575943,-3.78142,8.585185,true
6827bc374b2ae70172a6ce05,Gravity,,,,,W1hZkqBeWCUTVBX6rx9OeHmaWx63,2024-10-30T01:43:01.034Z,2.1696033,-4.023413,8.676136,true
6827bc374b2ae70172a6ce06,Gravity,,,,,W1hZkqBeWCUTVBX6rx9OeHmaWx63,2024-10-30T01:43:01.194Z,1.5537305,-4.334614,8.658373,true
6827bc374b2ae70172a6ce07,Gravity,,,,,W1hZkqBeWCUTVBX6rx9OeHmaWx63,2024-10-30T01:43:01.354Z,0.9711469,-6.390412,7.3749504,true
6827bc374b2ae70172a6ce08,Gravity,,,,,W1hZkqBeWCUTVBX6rx9OeHmaWx63,2024-10-30T01:43:01.514Z,0.36466536,-8.60907,4.6820207,true
6827bc374b2ae70172a6ce09,Gravity,,,,,W1hZkqBeWCUTVBX6rx9OeHmaWx63,2024-10-30T01:43:01.677Z,-0.8633274,-9.094852,3.5649195,true
6827bc374b2ae70172a6ce0a,Gravity,,,,,W1hZkqBeWCUTVBX6rx9OeHmaWx63,2024-10-30T01:43:01.837Z,-1.021851,-8.460877,4.851778,true
6827bc374b2ae70172a6ce0b,Gravity,,,,,W1hZkqBeWCUTVBX6rx9OeHmaWx63,2024-10-30T01:43:01.997Z,-0.90509,-6.0291214,7.6812053,true
6827bc374b2ae70172a6ce0c,Gravity,,,,,W1hZkqBeWCUTVBX6rx9OeHmaWx63,2024-10-30T01:43:02.635Z,-2.05641,-5.5295653,7.8336077,true
6827bc374b2ae70172a6ce0d,Gravity,,,,,W1hZkqBeWCUTVBX6rx9OeHmaWx63,2024-10-30T01:43:02.154Z,-0.8233079,-5.3283644,8.191525,true
6827bc374b2ae70172a6ce0e,Gravity,,,,,W1hZkqBeWCUTVBX6rx9OeHmaWx63,2024-10-30T01:43:02.798Z,-2.3140233,-5.5914235,7.7169676,true
6827bc374b2ae70172a6ce0f,Gravity,,,,,W1hZkqBeWCUTVBX6rx9OeHmaWx63,2024-10-30T01:43:02.316Z,-0.96918523,-5.219935,8.245202,true
6827bc374b2ae70172a6ce10,Gravity,,,,,W1hZkqBeWCUTVBX6rx9OeHmaWx63,2024-10-30T01:43:02.957Z,-2.0954785,-5.7978415,7.6265526,true
6827bc374b2ae70172a6ce11,Gravity,,,,,W1hZkqBeWCUTVBX6rx9OeHmaWx63,2024-10-30T01:43:02.478Z,-1.306451,-5.013566,8.326326,true
6827bc374b2ae70172a6ce12,Gravity,,,,,W1hZkqBeWCUTVBX6rx9OeHmaWx63,2024-10-30T01:43:03.113Z,-1.5717255,-5.708836,7.817235,true
6827bc374b2ae70172a6ce13,Gravity,,,,,W1hZkqBeWCUTVBX6rx9OeHmaWx63,2024-10-30T01:43:03.757Z,-1.2174054,-5.6398225,7.929731,true
6827bc374b2ae70172a6ce14,Gravity,,,,,W1hZkqBeWCUTVBX6rx9OeHmaWx63,2024-10-30T01:43:03.278Z,-1.375872,-5.6041408,7.9291162,true
6827bc374b2ae70172a6ce15,Gravity,,,,,W1hZkqBeWCUTVBX6rx9OeHmaWx63,2024-10-30T01:43:03.436Z,-1.192202,-5.538495,8.004625,true
6827bc374b2ae70172a6ce16,Gravity,,,,,W1hZkqBeWCUTVBX6rx9OeHmaWx63,2024-10-30T01:43:03.917Z,-1.0632619,-5.507543,8.04405,true
6827bc374b2ae70172a6ce17,Gravity,,,,,W1hZkqBeWCUTVBX6rx9OeHmaWx63,2024-10-30T01:43:03.597Z,-1.0667078,-5.4233155,8.100622,true
6827bc374b2ae70172a6ce18,Gravity,,,,,W1hZkqBeWCUTVBX6rx9OeHmaWx63,2024-10-30T01:43:04.077Z,-0.94333214,-5.523356,8.048165,true
6827bc374b2ae70172a6ce19,Gravity,,,,,W1hZkqBeWCUTVBX6rx9OeHmaWx63,2024-10-30T01:43:04.236Z,-0.8663573,-5.5509477,8.037829,true
6827bc374b2ae70172a6ce1a,Gravity,,,,,W1hZkqBeWCUTVBX6rx9OeHmaWx63,2024-10-30T01:43:04.396Z,-0.8734927,-5.661461,7.9595947,true
6827bc374b2ae70172a6ce1b,Gravity,,,,,W1hZkqBeWCUTVBX6rx9OeHmaWx63,2024-10-30T01:43:04.555Z,-0.95765555,-6.0897098,7.626833,true
6827bc374b2ae70172a6ce1c,Gravity,,,,,W1hZkqBeWCUTVBX6rx9OeHmaWx63,2024-10-30T01:43:04.711Z,-1.2216393,-7.22962,6.5123262,true
6827bc374b2ae70172a6ce1d,Gravity,,,,,W1hZkqBeWCUTVBX6rx9OeHmaWx63,2024-10-30T01:43:04.872Z,-1.6346952,-8.984922,3.573371,true
6827bc374b2ae70172a6ce1e,Gravity,,,,,W1hZkqBeWCUTVBX6rx9OeHmaWx63,2024-10-30T01:43:05.031Z,-1.8408188,-8.5273695,4.479448,true
6827bc374b2ae70172a6ce1f,Gravity,,,,,W1hZkqBeWCUTVBX6rx9OeHmaWx63,2024-10-30T01:43:05.191Z,-1.6582534,-8.274125,4.995912,true
6827bc374b2ae70172a6ce20,Gravity,,,,,W1hZkqBeWCUTVBX6rx9OeHmaWx63,2024-10-30T01:43:05.351Z,-1.3731612,-7.925913,5.609318,true
6827bc374b2ae70172a6ce21,Gravity,,,,,W1hZkqBeWCUTVBX6rx9OeHmaWx63,2024-10-30T01:43:05.511Z,-1.4644799,-7.61959,5.997275,true
6827bc374b2ae70172a6ce22,Gravity,,,,,W1hZkqBeWCUTVBX6rx9OeHmaWx63,2024-10-30T01:43:05.672Z,-1.9527693,-8.322643,4.805245,true
6827bc374b2ae70172a6ce23,Gravity,,,,,W1hZkqBeWCUTVBX6rx9OeHmaWx63,2024-10-30T01:43:05.831Z,-1.6849554,-8.445751,4.690447,true
6827bc374b2ae70172a6ce24,Gravity,,,,,W1hZkqBeWCUTVBX6rx9OeHmaWx63,2024-10-30T01:43:05.991Z,-1.6639109,-8.537276,4.5295033,true
6827bc374b2ae70172a6ce25,Gravity,,,,,W1hZkqBeWCUTVBX6rx9OeHmaWx63,2024-10-30T01:43:06.151Z,-1.7867999,-8.442283,4.6588917,true
6827bc374b2ae70172a6ce26,Gravity,,,,,W1hZkqBeWCUTVBX6rx9OeHmaWx63,2024-10-30T01:43:06.313Z,-1.5249095,-8.31465,4.971046,true
6827bc374b2ae70172a6ce27,Gravity,,,,,W1hZkqBeWCUTVBX6rx9OeHmaWx63,2024-10-30T01:43:06.472Z,-0.9640308,-8.140113,5.3832397,true
6827bc374b2ae70172a6ce28,Gravity,,,,,W1hZkqBeWCUTVBX6rx9OeHmaWx63,2024-10-30T01:43:06.631Z,-0.89204746,-8.012444,5.5834665,true
6827bc374b2ae70172a6ce29,Gravity,,,,,W1hZkqBeWCUTVBX6rx9OeHmaWx63,2024-10-30T01:43:06.791Z,-0.91148484,-7.7405396,5.9517546,true
6827bc374b2ae70172a6ce2a,Gravity,,,,,W1hZkqBeWCUTVBX6rx9OeHmaWx63,2024-10-30T01:43:06.951Z,-1.1453497,-7.7747264,5.866167,true
6827bc374b2ae70172a6ce2b,Gravity,,,,,W1hZkqBeWCUTVBX6rx9OeHmaWx63,2024-10-30T01:43:07.111Z,-1.1698421,-7.5608363,6.134769,true
6827bc374b2ae70172a6ce2c,Gravity,,,,,W1hZkqBeWCUTVBX6rx9OeHmaWx63,2024-10-30T01:43:07.272Z,-1.1310816,-7.3069,6.442055,true
6827bc374b2ae70172a6ce2d,Gravity,,,,,W1hZkqBeWCUTVBX6rx9OeHmaWx63,2024-10-30T01:43:07.430Z,-1.0389234,-7.279631,6.488285,true
6827bc374b2ae70172a6ce2e,Gravity,,,,,W1hZkqBeWCUTVBX6rx9OeHmaWx63,2024-10-30T01:43:07.591Z,-0.8882031,-7.2929745,6.495678,true
6827bc374b2ae70172a6ce2f,Gravity,,,,,W1hZkqBeWCUTVBX6rx9OeHmaWx63,2024-10-30T01:43:07.751Z,-0.8171679,-7.3267837,6.4668927,true
6827bc374b2ae70172a6ce30,Gravity,,,,,W1hZkqBeWCUTVBX6rx9OeHmaWx63,2024-10-30T01:43:07.911Z,-0.9255905,-7.4809656,6.2728496,true
6827bc374b2ae70172a6ce31,Gravity,,,,,W1hZkqBeWCUTVBX6rx9OeHmaWx63,2024-10-30T01:43:08.072Z,-1.0579057,-7.5546155,6.1626925,true
6827bc374b2ae70172a6ce32,Gravity,,,,,W1hZkqBeWCUTVBX6rx9OeHmaWx63,2024-10-30T01:43:08.231Z,-1.1252655,-7.6539536,6.0266857,true
6827bc374b2ae70172a6ce33,Gravity,,,,,W1hZkqBeWCUTVBX6rx9OeHmaWx63,2024-10-30T01:43:08.390Z,-0.99422574,-7.7598557,5.913228,true
6827bc374b2ae70172a6ce34,Gravity,,,,,W1hZkqBeWCUTVBX6rx9OeHmaWx63,2024-10-30T01:43:08.550Z,-0.9440816,-7.855493,5.7939634,true
6827bc374b2ae70172a6ce35,Gravity,,,,,W1hZkqBeWCUTVBX6rx9OeHmaWx63,2024-10-30T01:43:08.710Z,-0.86189187,-7.684974,6.03062,true
6827bc374b2ae70172a6ce36,Gravity,,,,,W1hZkqBeWCUTVBX6rx9OeHmaWx63,2024-10-30T01:43:08.871Z,-1.2459676,-6.9776635,6.7771616,true
6827bc374b2ae70172a6ce37,Gravity,,,,,W1hZkqBeWCUTVBX6rx9OeHmaWx63,2024-10-30T01:43:09.030Z,-1.7103039,-6.564536,7.081799,true
6827bc374b2ae70172a6ce38,Gravity,,,,,W1hZkqBeWCUTVBX6rx9OeHmaWx63,2024-10-30T01:43:09.191Z,-1.8036972,-6.3868165,7.2197943,true
6827bc374b2ae70172a6ce39,Gravity,,,,,W1hZkqBeWCUTVBX6rx9OeHmaWx63,2024-10-30T01:43:09.350Z,-1.9212217,-6.474475,7.1105733,true
6827bc374b2ae70172a6ce3a,Gravity,,,,,W1hZkqBeWCUTVBX6rx9OeHmaWx63,2024-10-30T01:43:09.510Z,-1.9137846,-6.606415,6.9901986,true
6827bc374b2ae70172a6ce3b,Gravity,,,,,W1hZkqBeWCUTVBX6rx9OeHmaWx63,2024-10-30T01:43:09.671Z,-2.0697315,-7.0816054,6.4604316,true
6827bc374b2ae70172a6ce3c,Gravity,,,,,W1hZkqBeWCUTVBX6rx9OeHmaWx63,2024-10-30T01:43:09.830Z,-2.037529,-6.9683228,6.592501,true
6827bc374b2ae70172a6ce3d,Gravity,,,,,W1hZkqBeWCUTVBX6rx9OeHmaWx63,2024-10-30T01:43:09.990Z,-2.616732,-6.9822965,6.3694854,true
6827bc374b2ae70172a6ce3e,Gravity,,,,,W1hZkqBeWCUTVBX6rx9OeHmaWx63,2024-10-30T01:43:10.150Z,-2.3532784,-7.0138097,6.4372854,true
6827bc374b2ae70172a6ce3f,Gravity,,,,,W1hZkqBeWCUTVBX6rx9OeHmaWx63,2024-10-30T01:43:10.310Z,-2.2731364,-7.2121277,6.2440486,true
6827bc374b2ae70172a6ce40,Gravity,,,,,W1hZkqBeWCUTVBX6rx9OeHmaWx63,2024-10-30T01:43:10.471Z,-2.557751,-7.5486884,5.7136035,true
6827bc374b2ae70172a6ce41,Gravity,,,,,W1hZkqBeWCUTVBX6rx9OeHmaWx63,2024-10-30T01:43:10.630Z,-2.6259437,-7.3836355,5.895454,true
6827bc374b2ae70172a6ce42,Gravity,,,,,W1hZkqBeWCUTVBX6rx9OeHmaWx63,2024-10-30T01:43:10.790Z,-2.592625,-7.264774,6.0556936,true
6827bc374b2ae70172a6ce43,Gravity,,,,,W1hZkqBeWCUTVBX6rx9OeHmaWx63,2024-10-30T01:43:10.950Z,-2.679729,-7.215857,6.076227,true
6827bc374b2ae70172a6ce44,Gravity,,,,,W1hZkqBeWCUTVBX6rx9OeHmaWx63,2024-10-30T01:43:11.111Z,-2.6631002,-7.0236545,6.3044624,true
6827bc374b2ae70172a6ce45,Gravity,,,,,W1hZkqBeWCUTVBX6rx9OeHmaWx63,2024-10-30T01:43:11.271Z,-2.5750382,-6.9579196,6.413006,true
6827bc374b2ae70172a6ce46,Gravity,,,,,W1hZkqBeWCUTVBX6rx9OeHmaWx63,2024-10-30T01:43:11.430Z,-2.6224432,-7.0066705,6.3403068,true
6827bc374b2ae70172a6ce47,Gravity,,,,,W1hZkqBeWCUTVBX6rx9OeHmaWx63,2024-10-30T01:43:11.591Z,-2.492189,-7.071168,6.321211,true
6827bc374b2ae70172a6ce48,Gravity,,,,,W1hZkqBeWCUTVBX6rx9OeHmaWx63,2024-10-30T01:43:11.750Z,-2.419971,-7.3002815,6.0843854,true
6827bc374b2ae70172a6ce49,Gravity,,,,,W1hZkqBeWCUTVBX6rx9OeHmaWx63,2024-10-30T01:43:11.910Z,-2.4102745,-7.1030126,6.3172693,true
6827bc374b2ae70172a6ce4a,Gravity,,,,,W1hZkqBeWCUTVBX6rx9OeHmaWx63,2024-10-30T01:43:12.071Z,-2.4951415,-7.2440915,6.1210694,true
6827bc374b2ae70172a6ce4b,Gravity,,,,,W1hZkqBeWCUTVBX6rx9OeHmaWx63,2024-10-30T01:43:12.230Z,-2.357425,-7.473656,5.895514,true
6827bc374b2ae70172a6ce4c,Gravity,,,,,W1hZkqBeWCUTVBX6rx9OeHmaWx63,2024-10-30T01:43:12.390Z,-2.4352527,-7.8280277,5.381593,true
6827bc374b2ae70172a6ce4d,Gravity,,,,,W1hZkqBeWCUTVBX6rx9OeHmaWx63,2024-10-30T01:43:12.550Z,-2.278794,-8.082692,5.064307,true
6827bc374b2ae70172a6ce4e,Gravity,,,,,W1hZkqBeWCUTVBX6rx9OeHmaWx63,2024-10-30T01:43:12.710Z,-2.044373,-7.758757,5.6384645,true
6827bc374b2ae70172a6ce4f,Gravity,,,,,W1hZkqBeWCUTVBX6rx9OeHmaWx63,2024-10-30T01:43:12.871Z,-1.9198166,-7.7562714,5.6854734,true
6827bc374b2ae70172a6ce50,Gravity,,,,,W1hZkqBeWCUTVBX6rx9OeHmaWx63,2024-10-30T01:43:13.030Z,-0.974986,-8.088492,5.4585476,true
6827bc374b2ae70172a6ce51,Gravity,,,,,W1hZkqBeWCUTVBX6rx9OeHmaWx63,2024-10-30T01:43:13.189Z,-0.37947702,-8.20255,5.361365,true
6827bc374b2ae70172a6ce52,Gravity,,,,,W1hZkqBeWCUTVBX6rx9OeHmaWx63,2024-10-30T01:43:13.349Z,-0.080677174,-8.055569,5.5920806,true
6827bc374b2ae70172a6ce53,Gravity,,,,,W1hZkqBeWCUTVBX6rx9OeHmaWx63,2024-10-30T01:43:13.509Z,0.30960202,-8.677832,4.557343,true
6827bc374b2ae70172a6ce54,Gravity,,,,,W1hZkqBeWCUTVBX6rx9OeHmaWx63,2024-10-30T01:43:13.671Z,0.9094906,-8.992609,3.8046966,true
6827bc374b2ae70172a6ce55,Gravity,,,,,W1hZkqBeWCUTVBX6rx9OeHmaWx63,2024-10-30T01:43:13.832Z,1.1538204,-8.492882,4.7654595,true
6827bc374b2ae70172a6ce56,Gravity,,,,,W1hZkqBeWCUTVBX6rx9OeHmaWx63,2024-10-30T01:43:13.993Z,1.7447728,-7.417492,6.173058,true
6827bc374b2ae70172a6ce57,Gravity,,,,,W1hZkqBeWCUTVBX6rx9OeHmaWx63,2024-10-30T01:43:14.150Z,2.273721,-6.856626,6.632269,true
6827bc374b2ae70172a6ce58,Gravity,,,,,W1hZkqBeWCUTVBX6rx9OeHmaWx63,2024-10-30T01:43:14.312Z,2.3603737,-6.540827,6.914938,true
6827bc374b2ae70172a6ce59,Gravity,,,,,W1hZkqBeWCUTVBX6rx9OeHmaWx63,2024-10-30T01:43:14.473Z,2.1409204,-6.7299743,6.8039727,true
6827bc374b2ae70172a6ce5a,Gravity,,,,,W1hZkqBeWCUTVBX6rx9OeHmaWx63,2024-10-30T01:43:14.630Z,1.7844864,-7.234559,6.375489,true
6827bc374b2ae70172a6ce5b,Gravity,,,,,W1hZkqBeWCUTVBX6rx9OeHmaWx63,2024-10-30T01:43:14.792Z,1.5569309,-7.2339706,6.4355073,true
6827bc374b2ae70172a6ce5c,Gravity,,,,,W1hZkqBeWCUTVBX6rx9OeHmaWx63,2024-10-30T01:43:14.952Z,1.5023031,-7.3921633,6.2665067,true
6827bc374b2ae70172a6ce5d,Gravity,,,,,W1hZkqBeWCUTVBX6rx9OeHmaWx63,2024-10-30T01:43:15.110Z,1.5391803,-7.70389,5.869505,true
6827bc374b2ae70172a6ce5e,Gravity,,,,,W1hZkqBeWCUTVBX6rx9OeHmaWx63,2024-10-30T01:43:15.273Z,1.2408538,-8.064676,5.439794,true
6827bc374b2ae70172a6ce5f,Gravity,,,,,W1hZkqBeWCUTVBX6rx9OeHmaWx63,2024-10-30T01:43:15.432Z,1.2140734,-8.466317,4.7976575,true
6827bc374b2ae70172a6ce60,Gravity,,,,,W1hZkqBeWCUTVBX6rx9OeHmaWx63,2024-10-30T01:43:15.593Z,0.82475984,-8.83145,4.182729,true
6827bc374b2ae70172a6ce61,Gravity,,,,,W1hZkqBeWCUTVBX6rx9OeHmaWx63,2024-10-30T01:43:15.748Z,-0.32297048,-9.075788,3.7007701,true
6827bc374b2ae70172a6ce62,Gravity,,,,,W1hZkqBeWCUTVBX6rx9OeHmaWx63,2024-10-30T01:43:15.908Z,-2.1106212,-9.221675,2.5837677,true
6827bc374b2ae70172a6ce63,Gravity,,,,,W1hZkqBeWCUTVBX6rx9OeHmaWx63,2024-10-30T01:43:16.069Z,-3.3581629,-8.940939,2.225361,true
6827bc374b2ae70172a6ce64,Gravity,,,,,W1hZkqBeWCUTVBX6rx9OeHmaWx63,2024-10-30T01:43:16.228Z,-4.253451,-8.618254,1.9503179,true
6827bc374b2ae70172a6ce65,Gravity,,,,,W1hZkqBeWCUTVBX6rx9OeHmaWx63,2024-10-30T01:43:25.682Z,-6.9164824,-5.3728004,4.411953,true
6827bc374b2ae70172a6ce66,Gravity,,,,,W1hZkqBeWCUTVBX6rx9OeHmaWx63,2024-10-30T01:43:16.389Z,-5.1564274,-8.142632,1.8107196,true
6827bc374b2ae70172a6ce67,Gravity,,,,,W1hZkqBeWCUTVBX6rx9OeHmaWx63,2024-10-30T01:43:25.693Z,-6.951408,-5.3509045,4.3835826,true
6827bc374b2ae70172a6ce68,Gravity,,,,,W1hZkqBeWCUTVBX6rx9OeHmaWx63,2024-10-30T01:43:16.548Z,-5.8841586,-7.780452,1.0055052,true
6827bc374b2ae70172a6ce69,Gravity,,,,,W1hZkqBeWCUTVBX6rx9OeHmaWx63,2024-10-30T01:43:25.754Z,-6.7723737,-5.290676,4.7237463,true
6827bc374b2ae70172a6ce6a,Gravity,,,,,W1hZkqBeWCUTVBX6rx9OeHmaWx63,2024-10-30T01:43:16.708Z,-6.4747467,-7.343905,0.5607485,true
6827bc374b2ae70172a6ce6b,Gravity,,,,,W1hZkqBeWCUTVBX6rx9OeHmaWx63,2024-10-30T01:43:16.869Z,-7.1554193,-6.3830485,2.0558581,true
6827bc374b2ae70172a6ce6c,Gravity,,,,,W1hZkqBeWCUTVBX6rx9OeHmaWx63,2024-10-30T01:43:17.028Z,-6.650588,-6.3814383,3.3491633,true
6827bc374b2ae70172a6ce6d,Gravity,,,,,W1hZkqBeWCUTVBX6rx9OeHmaWx63,2024-10-30T01:43:17.188Z,-6.20406,-6.973687,3.0078738,true
6827bc374b2ae70172a6ce6e,Gravity,,,,,W1hZkqBeWCUTVBX6rx9OeHmaWx63,2024-10-30T01:43:17.348Z,-6.609505,-6.6527076,2.8680747,true
6827bc374b2ae70172a6ce6f,Gravity,,,,,W1hZkqBeWCUTVBX6rx9OeHmaWx63,2024-10-30T01:43:17.610Z,-6.588906,-6.592222,3.0494082,true
6827bc374b2ae70172a6ce70,Gravity,,,,,W1hZkqBeWCUTVBX6rx9OeHmaWx63,2024-10-30T01:43:17.615Z,-6.569712,-6.5808864,3.1146085,true
6827bc374b2ae70172a6ce71,Gravity,,,,,W1hZkqBeWCUTVBX6rx9OeHmaWx63,2024-10-30T01:43:17.669Z,-6.666057,-5.7458158,4.326581,true
6827bc374b2ae70172a6ce72,Gravity,,,,,W1hZkqBeWCUTVBX6rx9OeHmaWx63,2024-10-30T01:43:25.914Z,-4.4270196,-7.580437,4.371328,true
6827bc374b2ae70172a6ce73,Gravity,,,,,W1hZkqBeWCUTVBX6rx9OeHmaWx63,2024-10-30T01:43:26.075Z,-0.1344339,-8.777643,4.3709173,true
6827bc374b2ae70172a6ce74,Gravity,,,,,W1hZkqBeWCUTVBX6rx9OeHmaWx63,2024-10-30T01:43:26.233Z,3.2405708,-9.245654,0.43171918,true
6827bc374b2ae70172a6ce75,Gravity,,,,,W1hZkqBeWCUTVBX6rx9OeHmaWx63,2024-10-30T01:43:26.394Z,7.296838,-6.326227,-1.7043351,true
6827bc374b2ae70172a6ce76,Gravity,,,,,W1hZkqBeWCUTVBX6rx9OeHmaWx63,2024-10-30T01:43:26.556Z,8.766713,-4.160148,-1.416898,true
6827bc374b2ae70172a6ce77,Gravity,,,,,W1hZkqBeWCUTVBX6rx9OeHmaWx63,2024-10-30T01:43:26.712Z,8.932811,-3.851817,-1.2402236,true
6827bc374b2ae70172a6ce78,Gravity,,,,,W1hZkqBeWCUTVBX6rx9OeHmaWx63,2024-10-30T01:43:26.873Z,9.347887,-2.511775,-1.5740751,true
6827bc374b2ae70172a6ce79,Gravity,,,,,W1hZkqBeWCUTVBX6rx9OeHmaWx63,2024-10-30T01:43:27.034Z,9.628841,-0.9327634,-1.6078113,true
6827bc374b2ae70172a6ce7a,Gravity,,,,,W1hZkqBeWCUTVBX6rx9OeHmaWx63,2024-10-30T01:43:27.195Z,9.623592,-1.389162,-1.2753218,true
6827bc374b2ae70172a6ce7b,Gravity,,,,,W1hZkqBeWCUTVBX6rx9OeHmaWx63,2024-10-30T01:43:27.354Z,9.443526,-2.2112873,-1.4490465,true
6827bc374b2ae70172a6ce7c,Gravity,,,,,W1hZkqBeWCUTVBX6rx9OeHmaWx63,2024-10-30T01:43:27.514Z,8.364376,-4.935258,-1.3601855,true
6827bc374b2ae70172a6ce7d,Gravity,,,,,W1hZkqBeWCUTVBX6rx9OeHmaWx63,2024-10-30T01:43:27.674Z,3.138035,-9.069535,-2.0164123,true
6827bc374b2ae70172a6ce7e,Gravity,,,,,W1hZkqBeWCUTVBX6rx9OeHmaWx63,2024-10-30T01:43:27.835Z,-1.2265277,-9.503881,-2.083664,true
6827bc374b2ae70172a6ce7f,Gravity,,,,,W1hZkqBeWCUTVBX6rx9OeHmaWx63,2024-10-30T01:43:27.994Z,-0.91317374,-9.670759,-1.346253,true
6827bc374b2ae70172a6ce80,Gravity,,,,,W1hZkqBeWCUTVBX6rx9OeHmaWx63,2024-10-30T01:43:28.155Z,-0.24429655,-9.4858055,-2.4758065,true
6827bc374b2ae70172a6ce81,Gravity,,,,,W1hZkqBeWCUTVBX6rx9OeHmaWx63,2024-10-30T01:43:28.310Z,1.1074133,-8.022292,-5.530465,true
6827bc374b2ae70172a6ce82,Gravity,,,,,W1hZkqBeWCUTVBX6rx9OeHmaWx63,2024-10-30T01:43:28.469Z,2.1361766,-9.196489,-2.6516054,true
6827bc374b2ae70172a6ce83,Gravity,,,,,W1hZkqBeWCUTVBX6rx9OeHmaWx63,2024-10-30T01:43:28.628Z,1.8961674,-9.191317,-2.8449507,true
6827bc374b2ae70172a6ce84,Gravity,,,,,W1hZkqBeWCUTVBX6rx9OeHmaWx63,2024-10-30T01:43:28.789Z,1.7817951,-8.992626,-3.482437,true
6827bc374b2ae70172a6ce85,Gravity,,,,,W1hZkqBeWCUTVBX6rx9OeHmaWx63,2024-10-30T01:43:28.950Z,2.051066,-9.069099,-3.1167412,true
6827bc374b2ae70172a6ce86,Gravity,,,,,W1hZkqBeWCUTVBX6rx9OeHmaWx63,2024-10-30T01:43:29.108Z,2.0158713,-9.09897,-3.0519495,true
6827bc374b2ae70172a6ce87,Gravity,,,,,W1hZkqBeWCUTVBX6rx9OeHmaWx63,2024-10-30T01:43:29.269Z,1.8766578,-9.234774,-2.7141497,true
6827bc374b2ae70172a6ce88,Gravity,,,,,W1hZkqBeWCUTVBX6rx9OeHmaWx63,2024-10-30T01:43:29.429Z,1.7713649,-9.355072,-2.3482902,true
6827bc374b2ae70172a6ce89,Gravity,,,,,W1hZkqBeWCUTVBX6rx9OeHmaWx63,2024-10-30T01:43:29.588Z,1.7782767,-9.391433,-2.1927469,true
6827bc374b2ae70172a6ce8a,Gravity,,,,,W1hZkqBeWCUTVBX6rx9OeHmaWx63,2024-10-30T01:43:29.749Z,1.6308109,-8.778702,-4.055145,true
6827bc374b2ae70172a6ce8b,Gravity,,,,,W1hZkqBeWCUTVBX6rx9OeHmaWx63,2024-10-30T01:43:29.908Z,2.1749904,-3.6773775,-8.826962,true
6827bc374b2ae70172a6ce8c,Gravity,,,,,W1hZkqBeWCUTVBX6rx9OeHmaWx63,2024-10-30T01:43:30.067Z,5.0490427,1.1297829,-8.330659,true
6827bc374b2ae70172a6ce8d,Gravity,,,,,W1hZkqBeWCUTVBX6rx9OeHmaWx63,2024-10-30T01:43:30.227Z,5.510142,2.0154855,-7.8578167,true
6827bc374b2ae70172a6ce8e,Gravity,,,,,W1hZkqBeWCUTVBX6rx9OeHmaWx63,2024-10-30T01:43:30.388Z,5.2652125,1.893369,-8.053673,true
6827bc374b2ae70172a6ce8f,Gravity,,,,,W1hZkqBeWCUTVBX6rx9OeHmaWx63,2024-10-30T01:43:30.548Z,5.47152,2.0951333,-7.863954,true
6827bc374b2ae70172a6ce90,Gravity,,,,,W1hZkqBeWCUTVBX6rx9OeHmaWx63,2024-10-30T01:43:30.707Z,5.74785,2.510399,-7.53851,true
6827bc374b2ae70172a6ce91,Gravity,,,,,W1hZkqBeWCUTVBX6rx9OeHmaWx63,2024-10-30T01:43:30.867Z,5.3311915,2.2211075,-7.9255166,true
6827bc374b2ae70172a6ce92,Gravity,,,,,W1hZkqBeWCUTVBX6rx9OeHmaWx63,2024-10-30T01:43:31.027Z,5.8778133,3.259748,-7.1410193,true
6827bc374b2ae70172a6ce93,Gravity,,,,,W1hZkqBeWCUTVBX6rx9OeHmaWx63,2024-10-30T01:43:31.187Z,5.762895,2.4724624,-7.5395546,true
6827bc374b2ae70172a6ce94,Gravity,,,,,W1hZkqBeWCUTVBX6rx9OeHmaWx63,2024-10-30T01:43:31.348Z,4.6844277,-0.83527184,-8.574799,true
6827bc374b2ae70172a6ce95,Gravity,,,,,W1hZkqBeWCUTVBX6rx9OeHmaWx63,2024-10-30T01:43:31.506Z,2.903069,-9.064958,-2.359657,true
6827bc374b2ae70172a6ce96,Gravity,,,,,W1hZkqBeWCUTVBX6rx9OeHmaWx63,2024-10-30T01:43:31.666Z,-0.23760027,-9.78647,-0.5812632,true
6827bc374b2ae70172a6ce97,Gravity,,,,,W1hZkqBeWCUTVBX6rx9OeHmaWx63,2024-10-30T01:43:32.134Z,-1.0440888,-9.568214,-1.8784062,true
6827bc374b2ae70172a6ce98,Gravity,,,,,W1hZkqBeWCUTVBX6rx9OeHmaWx63,2024-10-30T01:43:32.134Z,-1.0440888,-9.568214,-1.8784062,true
6827bc374b2ae70172a6ce99,Gravity,,,,,W1hZkqBeWCUTVBX6rx9OeHmaWx63,2024-10-30T01:43:32.154Z,-1.5851626,-9.320669,-2.6041439,true
6827bc374b2ae70172a6ce9a,Gravity,,,,,W1hZkqBeWCUTVBX6rx9OeHmaWx63,2024-10-30T01:43:32.313Z,-2.3098114,-9.057831,-2.9647546,true
6827bc374b2ae70172a6ce9b,Gravity,,,,,W1hZkqBeWCUTVBX6rx9OeHmaWx63,2024-10-30T01:43:32.473Z,-2.8524632,-8.912373,-2.9329712,true
6827bc374b2ae70172a6ce9c,Gravity,,,,,W1hZkqBeWCUTVBX6rx9OeHmaWx63,2024-10-30T01:43:32.633Z,-2.9042675,-8.965416,-2.7121558,true
6827bc374b2ae70172a6ce9d,Gravity,,,,,W1hZkqBeWCUTVBX6rx9OeHmaWx63,2024-10-30T01:43:32.794Z,-2.409097,-9.117875,-2.68885,true
6827bc374b2ae70172a6ce9e,Gravity,,,,,W1hZkqBeWCUTVBX6rx9OeHmaWx63,2024-10-30T01:43:32.953Z,-1.9664366,-9.22138,-2.6960242,true
6827bc374b2ae70172a6ce9f,Gravity,,,,,W1hZkqBeWCUTVBX6rx9OeHmaWx63,2024-10-30T01:43:33.112Z,-1.2306463,-9.339575,-2.7252772,true
6827bc374b2ae70172a6cea0,Gravity,,,,,W1hZkqBeWCUTVBX6rx9OeHmaWx63,2024-10-30T01:43:33.272Z,-0.5604262,-9.382606,-2.7967653,true
6827bc374b2ae70172a6cea1,Gravity,,,,,W1hZkqBeWCUTVBX6rx9OeHmaWx63,2024-10-30T01:43:33.432Z,-0.15570962,-9.384702,-2.8412,true
6827bc374b2ae70172a6cea2,Gravity,,,,,W1hZkqBeWCUTVBX6rx9OeHmaWx63,2024-10-30T01:43:33.592Z,-0.003093582,-9.378327,-2.866399,true
6827bc374b2ae70172a6cea3,Gravity,,,,,W1hZkqBeWCUTVBX6rx9OeHmaWx63,2024-10-30T01:43:33.753Z,0.09553835,-9.380036,-2.8592339,true
6827bc374b2ae70172a6cea4,Gravity,,,,,W1hZkqBeWCUTVBX6rx9OeHmaWx63,2024-10-30T01:43:34.032Z,0.21049656,-9.260116,-3.221085,true
6827bc374b2ae70172a6cea5,Gravity,,,,,W1hZkqBeWCUTVBX6rx9OeHmaWx63,2024-10-30T01:43:34.050Z,0.22745676,-9.24308,-3.2685096,true
6827bc374b2ae70172a6cea6,Gravity,,,,,W1hZkqBeWCUTVBX6rx9OeHmaWx63,2024-10-30T01:43:34.072Z,-0.12684155,-9.060407,-3.7499816,true
6827bc374b2ae70172a6cea7,Gravity,,,,,W1hZkqBeWCUTVBX6rx9OeHmaWx63,2024-10-30T01:43:34.232Z,0.14352936,-8.983452,-3.9302032,true
6827bc374b2ae70172a6cea8,Gravity,,,,,W1hZkqBeWCUTVBX6rx9OeHmaWx63,2024-10-30T01:43:34.392Z,0.72328186,-9.213965,-3.278605,true
6827bc374b2ae70172a6cea9,Gravity,,,,,W1hZkqBeWCUTVBX6rx9OeHmaWx63,2024-10-30T01:43:34.553Z,3.2356434,-8.88166,-2.6108286,true
6827bc374b2ae70172a6ceaa,Gravity,,,,,W1hZkqBeWCUTVBX6rx9OeHmaWx63,2024-10-30T01:43:34.711Z,4.208315,-8.056333,-3.6817737,true
6827bc374b2ae70172a6ceab,Gravity,,,,,W1hZkqBeWCUTVBX6rx9OeHmaWx63,2024-10-30T01:43:34.871Z,4.338454,-8.143202,-3.3220553,true
6827bc374b2ae70172a6ceac,Gravity,,,,,W1hZkqBeWCUTVBX6rx9OeHmaWx63,2024-10-30T01:43:35.031Z,4.1795764,-7.9230585,-3.9907737,true
6827bc374b2ae70172a6cead,Gravity,,,,,W1hZkqBeWCUTVBX6rx9OeHmaWx63,2024-10-30T01:43:35.191Z,3.8058822,-7.035968,-5.672779,true
6827bc374b2ae70172a6ceae,Gravity,,,,,W1hZkqBeWCUTVBX6rx9OeHmaWx63,2024-10-30T01:43:35.351Z,4.532216,-6.796821,-5.425142,true
6827bc374b2ae70172a6ceaf,Gravity,,,,,W1hZkqBeWCUTVBX6rx9OeHmaWx63,2024-10-30T01:43:35.510Z,6.1537795,-6.1360893,-4.544152,true
6827bc374b2ae70172a6ceb0,Gravity,,,,,W1hZkqBeWCUTVBX6rx9OeHmaWx63,2024-10-30T01:43:35.672Z,5.505852,-7.844213,-2.0794024,true
6827bc374b2ae70172a6ceb1,Gravity,,,,,W1hZkqBeWCUTVBX6rx9OeHmaWx63,2024-10-30T01:43:35.830Z,3.7551289,-9.024277,-0.7946199,true
6827bc374b2ae70172a6ceb2,Gravity,,,,,W1hZkqBeWCUTVBX6rx9OeHmaWx63,2024-10-30T01:43:35.991Z,2.9320648,-9.308582,0.9608858,true
6827bc374b2ae70172a6ceb3,Gravity,,,,,W1hZkqBeWCUTVBX6rx9OeHmaWx63,2024-10-30T01:43:36.151Z,2.00285,-9.30367,2.3665085,true
6827bc374b2ae70172a6ceb4,Gravity,,,,,W1hZkqBeWCUTVBX6rx9OeHmaWx63,2024-10-30T01:43:36.310Z,1.6671295,-9.2545185,2.7829163,true
6827bc374b2ae70172a6ceb5,Gravity,,,,,W1hZkqBeWCUTVBX6rx9OeHmaWx63,2024-10-30T01:43:36.470Z,1.5819029,-9.430139,2.1771822,true
6827bc374b2ae70172a6ceb6,Gravity,,,,,W1hZkqBeWCUTVBX6rx9OeHmaWx63,2024-10-30T01:43:36.630Z,1.5620883,-9.5351095,1.676788,true
6827bc374b2ae70172a6ceb7,Gravity,,,,,W1hZkqBeWCUTVBX6rx9OeHmaWx63,2024-10-30T01:43:37.675Z,1.3998741,-9.620877,1.2841581,true
6827bc374b2ae70172a6ceb8,Gravity,,,,,W1hZkqBeWCUTVBX6rx9OeHmaWx63,2024-10-30T01:43:37.691Z,1.3900632,-9.624844,1.2649509,true
6827bc374b2ae70172a6ceb9,Gravity,,,,,W1hZkqBeWCUTVBX6rx9OeHmaWx63,2024-10-30T01:43:37.753Z,1.3097438,-9.648945,1.1629483,true
6827bc374b2ae70172a6ceba,Gravity,,,,,W1hZkqBeWCUTVBX6rx9OeHmaWx63,2024-10-30T01:43:37.914Z,1.2946682,-9.65326,1.1438448,true
6827bc374b2ae70172a6cebb,Gravity,,,,,W1hZkqBeWCUTVBX6rx9OeHmaWx63,2024-10-30T01:43:38.076Z,1.294841,-9.672026,0.9722649,true
6827bc374b2ae70172a6cebc,Gravity,,,,,W1hZkqBeWCUTVBX6rx9OeHmaWx63,2024-10-30T01:43:38.234Z,1.2382197,-9.727166,0.13808241,true
6827bc374b2ae70172a6cebd,Gravity,,,,,W1hZkqBeWCUTVBX6rx9OeHmaWx63,2024-10-30T01:43:38.396Z,1.1473433,-9.739006,-0.07274004,true
6827bc374b2ae70172a6cebe,Gravity,,,,,W1hZkqBeWCUTVBX6rx9OeHmaWx63,2024-10-30T01:43:38.557Z,1.148209,-9.734531,0.30073592,true
6827bc374b2ae70172a6cebf,Gravity,,,,,W1hZkqBeWCUTVBX6rx9OeHmaWx63,2024-10-30T01:43:38.714Z,1.1045281,-9.732284,0.48237506,true
6827bc374b2ae70172a6cec0,Gravity,,,,,W1hZkqBeWCUTVBX6rx9OeHmaWx63,2024-10-30T01:43:38.871Z,0.8963304,-9.765205,0.08600308,true
6827bc374b2ae70172a6cec1,Gravity,,,,,W1hZkqBeWCUTVBX6rx9OeHmaWx63,2024-10-30T01:43:39.034Z,0.7270433,-9.60902,-1.8188063,true
6827bc374b2ae70172a6cec2,Gravity,,,,,W1hZkqBeWCUTVBX6rx9OeHmaWx63,2024-10-30T01:43:39.195Z,0.4576916,-9.049515,-3.7505674,true
6827bc374b2ae70172a6cec3,Gravity,,,,,W1hZkqBeWCUTVBX6rx9OeHmaWx63,2024-10-30T01:43:39.354Z,-1.1877848,-9.357015,-2.6842747,true
6827bc374b2ae70172a6cec4,Gravity,,,,,W1hZkqBeWCUTVBX6rx9OeHmaWx63,2024-10-30T01:43:39.514Z,-2.0071003,-9.078913,-3.1168501,true
6827bc374b2ae70172a6cec5,Gravity,,,,,W1hZkqBeWCUTVBX6rx9OeHmaWx63,2024-10-30T01:43:39.674Z,-1.820184,-9.031375,-3.3602037,true
6827bc374b2ae70172a6cec6,Gravity,,,,,W1hZkqBeWCUTVBX6rx9OeHmaWx63,2024-10-30T01:43:39.830Z,-1.6886724,-9.113609,-3.2031813,true
6827bc374b2ae70172a6cec7,Gravity,,,,,W1hZkqBeWCUTVBX6rx9OeHmaWx63,2024-10-30T01:43:39.990Z,-1.0413351,-9.149096,-3.3733525,true
6827bc374b2ae70172a6cec8,Gravity,,,,,W1hZkqBeWCUTVBX6rx9OeHmaWx63,2024-10-30T01:43:40.150Z,-0.17043167,-9.114547,-3.6146746,true
6827bc374b2ae70172a6cec9,Gravity,,,,,W1hZkqBeWCUTVBX6rx9OeHmaWx63,2024-10-30T01:43:40.310Z,0.5203285,-9.053634,-3.7323968,true
6827bc374b2ae70172a6ceca,Gravity,,,,,W1hZkqBeWCUTVBX6rx9OeHmaWx63,2024-10-30T01:43:40.469Z,0.96460086,-8.847877,-4.1175838,true
6827bc374b2ae70172a6cecb,Gravity,,,,,W1hZkqBeWCUTVBX6rx9OeHmaWx63,2024-10-30T01:43:40.629Z,1.268689,-8.891355,-3.937526,true
6827bc374b2ae70172a6cecc,Gravity,,,,,W1hZkqBeWCUTVBX6rx9OeHmaWx63,2024-10-30T01:43:40.788Z,1.1416867,-8.829131,-4.1125045,true
6827bc374b2ae70172a6cecd,Gravity,,,,,W1hZkqBeWCUTVBX6rx9OeHmaWx63,2024-10-30T01:43:40.949Z,0.663679,-8.267913,-5.2317195,true
6827bc374b2ae70172a6cece,Gravity,,,,,W1hZkqBeWCUTVBX6rx9OeHmaWx63,2024-10-30T01:43:41.108Z,-0.22355391,-8.154145,-5.4432936,true
6827bc374b2ae70172a6cecf,Gravity,,,,,W1hZkqBeWCUTVBX6rx9OeHmaWx63,2024-10-30T01:43:41.268Z,-1.8355156,-8.714514,-4.1058173,true
6827bc374b2ae70172a6ced0,Gravity,,,,,W1hZkqBeWCUTVBX6rx9OeHmaWx63,2024-10-30T01:43:41.428Z,-3.5380437,-5.315428,-7.442966,true
6827bc374b2ae70172a6ced1,Gravity,,,,,W1hZkqBeWCUTVBX6rx9OeHmaWx63,2024-10-30T01:43:41.768Z,-5.0842614,-2.2042634,-8.09078,true
6827bc374b2ae70172a6ced2,Gravity,,,,,W1hZkqBeWCUTVBX6rx9OeHmaWx63,2024-10-30T01:43:41.768Z,-5.1199203,-2.0723484,-8.103151,true
6827bc374b2ae70172a6ced3,Gravity,,,,,W1hZkqBeWCUTVBX6rx9OeHmaWx63,2024-10-30T01:43:41.779Z,-5.1547775,-1.9404949,-8.113694,true
6827bc374b2ae70172a6ced4,Gravity,,,,,W1hZkqBeWCUTVBX6rx9OeHmaWx63,2024-10-30T01:43:41.908Z,-5.0804567,-2.9833822,-7.839506,true
6827bc374b2ae70172a6ced5,Gravity,,,,,W1hZkqBeWCUTVBX6rx9OeHmaWx63,2024-10-30T01:43:42.068Z,-4.8874207,-4.3019333,-7.333199,true
6827bc374b2ae70172a6ced6,Gravity,,,,,W1hZkqBeWCUTVBX6rx9OeHmaWx63,2024-10-30T01:43:42.228Z,-4.4915223,-5.519808,-6.7473946,true
6827bc374b2ae70172a6ced7,Gravity,,,,,W1hZkqBeWCUTVBX6rx9OeHmaWx63,2024-10-30T01:43:42.388Z,-4.189552,-5.9082193,-6.6113653,true
6827bc374b2ae70172a6ced8,Gravity,,,,,W1hZkqBeWCUTVBX6rx9OeHmaWx63,2024-10-30T01:43:42.548Z,-4.2139297,-4.3551607,-7.710043,true
6827bc374b2ae70172a6ced9,Gravity,,,,,W1hZkqBeWCUTVBX6rx9OeHmaWx63,2024-10-30T01:43:42.707Z,-4.349281,-1.9032998,-8.580825,true
6827bc374b2ae70172a6ceda,Gravity,,,,,W1hZkqBeWCUTVBX6rx9OeHmaWx63,2024-10-30T01:43:42.867Z,-4.496878,-2.728314,-8.276698,true
6827bc374b2ae70172a6cedb,Gravity,,,,,W1hZkqBeWCUTVBX6rx9OeHmaWx63,2024-10-30T01:43:43.027Z,-4.1879287,-4.9734364,-7.3413715,true
6827bc374b2ae70172a6cedc,Gravity,,,,,W1hZkqBeWCUTVBX6rx9OeHmaWx63,2024-10-30T01:43:43.187Z,-3.9903078,-6.1399975,-6.5228434,true
6827bc374b2ae70172a6cedd,Gravity,,,,,W1hZkqBeWCUTVBX6rx9OeHmaWx63,2024-10-30T01:43:43.348Z,-3.741777,-6.8890734,-5.891473,true
6827bc374b2ae70172a6cede,Gravity,,,,,W1hZkqBeWCUTVBX6rx9OeHmaWx63,2024-10-30T01:43:43.507Z,-3.5518665,-8.004626,-4.413614,true
6827bc374b2ae70172a6cedf,Gravity,,,,,W1hZkqBeWCUTVBX6rx9OeHmaWx63,2024-10-30T01:43:43.667Z,-2.251259,-9.17383,-2.634854,true
6827bc374b2ae70172a6cee0,Gravity,,,,,W1hZkqBeWCUTVBX6rx9OeHmaWx63,2024-10-30T01:43:43.827Z,3.578757,-9.089989,-0.85707045,true
6827bc374b2ae70172a6cee1,Gravity,,,,,W1hZkqBeWCUTVBX6rx9OeHmaWx63,2024-10-30T01:43:43.987Z,8.530302,-4.8096776,0.52048403,true
6827bc374b2ae70172a6cee2,Gravity,,,,,W1hZkqBeWCUTVBX6rx9OeHmaWx63,2024-10-30T01:43:44.147Z,8.964604,-2.9695835,2.6433856,true
6827bc374b2ae70172a6cee3,Gravity,,,,,W1hZkqBeWCUTVBX6rx9OeHmaWx63,2024-10-30T01:43:44.306Z,8.1601,-3.9389746,3.7506444,true
6827bc374b2ae70172a6cee4,Gravity,,,,,W1hZkqBeWCUTVBX6rx9OeHmaWx63,2024-10-30T01:43:44.466Z,6.295261,-4.6920376,5.8757687,true
6827bc374b2ae70172a6cee5,Gravity,,,,,W1hZkqBeWCUTVBX6rx9OeHmaWx63,2024-10-30T01:43:44.626Z,5.6211815,-3.8609664,7.0473747,true
6827bc374b2ae70172a6cee6,Gravity,,,,,W1hZkqBeWCUTVBX6rx9OeHmaWx63,2024-10-30T01:43:44.786Z,5.4120398,-2.6047597,7.7521176,true
6827bc374b2ae70172a6cee7,Gravity,,,,,W1hZkqBeWCUTVBX6rx9OeHmaWx63,2024-10-30T01:43:44.947Z,5.281746,-1.9006019,8.041217,true
6827bc374b2ae70172a6cee8,Gravity,,,,,W1hZkqBeWCUTVBX6rx9OeHmaWx63,2024-10-30T01:43:45.106Z,5.4082456,-1.8896426,7.9592986,true
6827bc374b2ae70172a6cee9,Gravity,,,,,W1hZkqBeWCUTVBX6rx9OeHmaWx63,2024-10-30T01:43:45.266Z,5.5623507,-1.5185326,7.932503,true
6827bc374b2ae70172a6ceea,Gravity,,,,,W1hZkqBeWCUTVBX6rx9OeHmaWx63,2024-10-30T01:43:45.425Z,4.430407,-1.4727931,8.6239605,true
6827bc374b2ae70172a6ceeb,Gravity,,,,,W1hZkqBeWCUTVBX6rx9OeHmaWx63,2024-10-30T01:43:45.585Z,3.663434,-1.7319199,8.930288,true
6827bc374b2ae70172a6ceec,Gravity,,,,,W1hZkqBeWCUTVBX6rx9OeHmaWx63,2024-10-30T01:43:45.746Z,3.8020928,-2.1285295,8.785431,true
6827bc374b2ae70172a6ceed,Gravity,,,,,W1hZkqBeWCUTVBX6rx9OeHmaWx63,2024-10-30T01:43:45.983Z,3.902669,-2.1796384,8.728614,true
6827bc374b2ae70172a6ceee,Gravity,,,,,W1hZkqBeWCUTVBX6rx9OeHmaWx63,2024-10-30T01:43:45.988Z,3.9207215,-2.1905906,8.717774,true
6827bc374b2ae70172a6ceef,Gravity,,,,,W1hZkqBeWCUTVBX6rx9OeHmaWx63,2024-10-30T01:43:46.065Z,3.4558413,-3.509986,8.479829,true
6827bc374b2ae70172a6cef0,Gravity,,,,,W1hZkqBeWCUTVBX6rx9OeHmaWx63,2024-10-30T01:43:46.225Z,3.80128,-3.933408,8.139343,true
6827bc374b2ae70172a6cef1,Gravity,,,,,W1hZkqBeWCUTVBX6rx9OeHmaWx63,2024-10-30T01:43:46.385Z,4.07828,-3.9820843,7.980036,true
6827bc374b2ae70172a6cef2,Gravity,,,,,W1hZkqBeWCUTVBX6rx9OeHmaWx63,2024-10-30T01:43:46.546Z,4.6328588,-2.9522512,8.123495,true
6827bc374b2ae70172a6cef3,Gravity,,,,,W1hZkqBeWCUTVBX6rx9OeHmaWx63,2024-10-30T01:43:46.705Z,5.1063757,0.33978257,8.365396,true
6827bc374b2ae70172a6cef4,Gravity,,,,,W1hZkqBeWCUTVBX6rx9OeHmaWx63,2024-10-30T01:43:46.865Z,5.347897,0.6754204,8.192324,true
6827bc374b2ae70172a6cef5,Gravity,,,,,W1hZkqBeWCUTVBX6rx9OeHmaWx63,2024-10-30T01:43:47.024Z,6.800141,-0.9076953,7.0074625,true
6827bc374b2ae70172a6cef6,Gravity,,,,,W1hZkqBeWCUTVBX6rx9OeHmaWx63,2024-10-30T01:43:47.184Z,8.102932,1.2536341,5.3797073,true
6827bc374b2ae70172a6cef7,Gravity,,,,,W1hZkqBeWCUTVBX6rx9OeHmaWx63,2024-10-30T01:43:47.345Z,6.4036584,2.6576953,6.93543,true
6827bc374b2ae70172a6cef8,Gravity,,,,,W1hZkqBeWCUTVBX6rx9OeHmaWx63,2024-10-30T01:43:47.504Z,4.3845606,2.0145652,8.537419,true
6827bc374b2ae70172a6cef9,Gravity,,,,,W1hZkqBeWCUTVBX6rx9OeHmaWx63,2024-10-30T01:43:47.666Z,3.8718357,1.6369373,8.860005,true
6827bc374b2ae70172a6cefa,Gravity,,,,,W1hZkqBeWCUTVBX6rx9OeHmaWx63,2024-10-30T01:43:47.824Z,3.781566,1.1212312,8.978473,true
6827bc374b2ae70172a6cefb,Gravity,,,,,W1hZkqBeWCUTVBX6rx9OeHmaWx63,2024-10-30T01:43:47.984Z,4.072695,-0.033837095,8.920897,true
6827bc374b2ae70172a6cefc,Gravity,,,,,W1hZkqBeWCUTVBX6rx9OeHmaWx63,2024-10-30T01:43:48.144Z,4.357411,-0.97893023,8.730696,true
6827bc374b2ae70172a6cefd,Gravity,,,,,W1hZkqBeWCUTVBX6rx9OeHmaWx63,2024-10-30T01:43:48.304Z,4.4394903,-1.47566,8.618802,true
6827bc374b2ae70172a6cefe,Gravity,,,,,W1hZkqBeWCUTVBX6rx9OeHmaWx63,2024-10-30T01:43:48.463Z,4.3255715,-1.7723105,8.6208315,true
6827bc374b2ae70172a6ceff,Gravity,,,,,W1hZkqBeWCUTVBX6rx9OeHmaWx63,2024-10-30T01:43:48.623Z,4.470765,-1.8148302,8.537507,true
6827bc374b2ae70172a6cf00,Gravity,,,,,W1hZkqBeWCUTVBX6rx9OeHmaWx63,2024-10-30T01:43:48.783Z,4.3039055,-2.0640888,8.566581,true
6827bc374b2ae70172a6cf01,Gravity,,,,,W1hZkqBeWCUTVBX6rx9OeHmaWx63,2024-10-30T01:43:48.944Z,4.4845777,-2.3210824,8.406635,true
6827bc374b2ae70172a6cf02,Gravity,,,,,W1hZkqBeWCUTVBX6rx9OeHmaWx63,2024-10-30T01:43:49.102Z,4.543571,-2.917951,8.18608,true
6827bc374b2ae70172a6cf03,Gravity,,,,,W1hZkqBeWCUTVBX6rx9OeHmaWx63,2024-10-30T01:43:49.262Z,4.544376,-3.3316638,8.026147,true
6827bc374b2ae70172a6cf04,Gravity,,,,,W1hZkqBeWCUTVBX6rx9OeHmaWx63,2024-10-30T01:43:49.422Z,4.7305694,-3.2287002,7.960376,true
6827bc374b2ae70172a6cf05,Gravity,,,,,W1hZkqBeWCUTVBX6rx9OeHmaWx63,2024-10-30T01:43:49.582Z,4.6834235,-3.079234,8.047002,true
6827bc374b2ae70172a6cf06,Gravity,,,,,W1hZkqBeWCUTVBX6rx9OeHmaWx63,2024-10-30T01:43:49.745Z,4.787758,-3.0808659,7.984737,true
6827bc374b2ae70172a6cf07,Gravity,,,,,W1hZkqBeWCUTVBX6rx9OeHmaWx63,2024-10-30T01:43:49.905Z,4.667155,-3.064562,8.06204,true
6827bc374b2ae70172a6cf08,Gravity,,,,,W1hZkqBeWCUTVBX6rx9OeHmaWx63,2024-10-30T01:43:50.066Z,4.4927173,-2.476076,8.357925,true
6827bc374b2ae70172a6cf09,Gravity,,,,,W1hZkqBeWCUTVBX6rx9OeHmaWx63,2024-10-30T01:43:50.224Z,4.052483,-1.5064954,8.802173,true
6827bc374b2ae70172a6cf0a,Gravity,,,,,W1hZkqBeWCUTVBX6rx9OeHmaWx63,2024-10-30T01:43:50.386Z,4.0696263,-2.470076,8.573637,true
6827bc374b2ae70172a6cf0b,Gravity,,,,,W1hZkqBeWCUTVBX6rx9OeHmaWx63,2024-10-30T01:43:50.546Z,4.232043,-2.1918097,8.570658,true
6827bc374b2ae70172a6cf0c,Gravity,,,,,W1hZkqBeWCUTVBX6rx9OeHmaWx63,2024-10-30T01:43:50.703Z,4.2639832,-0.77948886,8.79666,true
6827bc374b2ae70172a6cf0d,Gravity,,,,,W1hZkqBeWCUTVBX6rx9OeHmaWx63,2024-10-30T01:43:50.864Z,4.2169013,1.0501173,8.79121,true
6827bc374b2ae70172a6cf0e,Gravity,,,,,W1hZkqBeWCUTVBX6rx9OeHmaWx63,2024-10-30T01:43:51.023Z,4.1757417,1.6074957,8.72637,true
6827bc374b2ae70172a6cf0f,Gravity,,,,,W1hZkqBeWCUTVBX6rx9OeHmaWx63,2024-10-30T01:43:51.182Z,4.0924573,1.3058637,8.815719,true
6827bc374b2ae70172a6cf10,Gravity,,,,,W1hZkqBeWCUTVBX6rx9OeHmaWx63,2024-10-30T01:43:51.345Z,4.032528,1.0333787,8.879259,true
6827bc374b2ae70172a6cf11,Gravity,,,,,W1hZkqBeWCUTVBX6rx9OeHmaWx63,2024-10-30T01:43:51.503Z,3.9804006,0.76765054,8.929586,true
6827bc374b2ae70172a6cf12,Gravity,,,,,W1hZkqBeWCUTVBX6rx9OeHmaWx63,2024-10-30T01:43:51.662Z,3.9362898,0.21500395,8.979409,true
6827bc374b2ae70172a6cf13,Gravity,,,,,W1hZkqBeWCUTVBX6rx9OeHmaWx63,2024-10-30T01:43:51.820Z,4.0340276,-0.83548033,8.899381,true
6827bc374b2ae70172a6cf14,Gravity,,,,,W1hZkqBeWCUTVBX6rx9OeHmaWx63,2024-10-30T01:43:51.980Z,4.170076,-2.1962352,8.599849,true
6827bc374b2ae70172a6cf15,Gravity,,,,,W1hZkqBeWCUTVBX6rx9OeHmaWx63,2024-10-30T01:43:52.141Z,4.0534735,-2.5613742,8.554478,true
6827bc374b2ae70172a6cf16,Gravity,,,,,W1hZkqBeWCUTVBX6rx9OeHmaWx63,2024-10-30T01:43:52.300Z,3.9087958,-2.571231,8.618611,true
6827bc374b2ae70172a6cf17,Gravity,,,,,W1hZkqBeWCUTVBX6rx9OeHmaWx63,2024-10-30T01:43:52.460Z,3.7922852,-2.3301158,8.738393,true
6827bc374b2ae70172a6cf18,Gravity,,,,,W1hZkqBeWCUTVBX6rx9OeHmaWx63,2024-10-30T01:43:52.620Z,3.1169145,-1.4601094,9.182772,true
6827bc374b2ae70172a6cf19,Gravity,,,,,W1hZkqBeWCUTVBX6rx9OeHmaWx63,2024-10-30T01:43:52.780Z,2.3389237,-0.058580056,9.523465,true
6827bc374b2ae70172a6cf1a,Gravity,,,,,W1hZkqBeWCUTVBX6rx9OeHmaWx63,2024-10-30T01:43:52.941Z,2.2977674,-0.09011976,9.533233,true
6827bc374b2ae70172a6cf1b,Gravity,,,,,W1hZkqBeWCUTVBX6rx9OeHmaWx63,2024-10-30T01:43:53.100Z,2.1858156,-0.8098475,9.525583,true
6827bc374b2ae70172a6cf1c,Gravity,,,,,W1hZkqBeWCUTVBX6rx9OeHmaWx63,2024-10-30T01:43:53.259Z,-0.118094906,-4.5679946,8.676971,true
6827bc374b2ae70172a6cf1d,Gravity,,,,,W1hZkqBeWCUTVBX6rx9OeHmaWx63,2024-10-30T01:43:53.419Z,-3.9264278,-3.8223503,8.132842,true
6827bc374b2ae70172a6cf1e,Gravity,,,,,W1hZkqBeWCUTVBX6rx9OeHmaWx63,2024-10-30T01:43:53.579Z,-4.299122,-2.3534875,8.494057,true
6827bc374b2ae70172a6cf1f,Gravity,,,,,W1hZkqBeWCUTVBX6rx9OeHmaWx63,2024-10-30T01:43:53.740Z,-4.445117,-1.3468075,8.636977,true
6827bc374b2ae70172a6cf20,Gravity,,,,,W1hZkqBeWCUTVBX6rx9OeHmaWx63,2024-10-30T01:43:53.900Z,-4.8309655,-1.068745,8.466988,true
6827bc374b2ae70172a6cf21,Gravity,,,,,W1hZkqBeWCUTVBX6rx9OeHmaWx63,2024-10-30T01:43:54.059Z,-5.0949655,-1.3863597,8.263756,true
6827bc374b2ae70172a6cf22,Gravity,,,,,W1hZkqBeWCUTVBX6rx9OeHmaWx63,2024-10-30T01:43:54.219Z,-5.7227383,-2.3747368,7.601394,true
6827bc374b2ae70172a6cf23,Gravity,,,,,W1hZkqBeWCUTVBX6rx9OeHmaWx63,2024-10-30T01:43:54.379Z,-6.6460323,-2.006071,6.926482,true
6827bc374b2ae70172a6cf24,Gravity,,,,,W1hZkqBeWCUTVBX6rx9OeHmaWx63,2024-10-30T01:43:54.540Z,-7.8856974,0.024104806,5.8296943,true
6827bc374b2ae70172a6cf25,Gravity,,,,,W1hZkqBeWCUTVBX6rx9OeHmaWx63,2024-10-30T01:43:54.698Z,-8.876183,0.19069472,4.1649795,true
6827bc374b2ae70172a6cf26,Gravity,,,,,W1hZkqBeWCUTVBX6rx9OeHmaWx63,2024-10-30T01:43:54.859Z,-9.245055,0.006901158,3.2709143,true
6827bc374b2ae70172a6cf27,Gravity,,,,,W1hZkqBeWCUTVBX6rx9OeHmaWx63,2024-10-30T01:43:55.018Z,-9.392578,-0.07056085,2.8185985,true
6827bc374b2ae70172a6cf28,Gravity,,,,,W1hZkqBeWCUTVBX6rx9OeHmaWx63,2024-10-30T01:43:55.178Z,-9.175106,0.42040217,3.4366748,true
6827bc374b2ae70172a6cf29,Gravity,,,,,W1hZkqBeWCUTVBX6rx9OeHmaWx63,2024-10-30T01:43:55.340Z,-9.047084,0.9427061,3.6649306,true
6827bc374b2ae70172a6cf2a,Gravity,,,,,W1hZkqBeWCUTVBX6rx9OeHmaWx63,2024-10-30T01:43:55.499Z,-9.518334,0.587868,2.2860038,true
6827bc374b2ae70172a6cf2b,Gravity,,,,,W1hZkqBeWCUTVBX6rx9OeHmaWx63,2024-10-30T01:43:55.659Z,-9.758589,-0.8622893,0.44323477,true
6827bc374b2ae70172a6cf2c,Gravity,,,,,W1hZkqBeWCUTVBX6rx9OeHmaWx63,2024-10-30T01:43:55.818Z,-9.257783,-2.6218975,-1.8944963,true
6827bc374b2ae70172a6cf2d,Gravity,,,,,W1hZkqBeWCUTVBX6rx9OeHmaWx63,2024-10-30T01:43:55.978Z,-7.536288,-2.805209,-5.6129313,true
6827bc374b2ae70172a6cf2e,Gravity,,,,,W1hZkqBeWCUTVBX6rx9OeHmaWx63,2024-10-30T01:43:56.139Z,-4.275563,-2.7795272,-8.376349,true
6827bc374b2ae70172a6cf2f,Gravity,,,,,W1hZkqBeWCUTVBX6rx9OeHmaWx63,2024-10-30T01:43:56.298Z,-1.6340979,-3.7476048,-8.913735,true
6827bc374b2ae70172a6cf30,Gravity,,,,,W1hZkqBeWCUTVBX6rx9OeHmaWx63,2024-10-30T01:43:56.457Z,0.6716371,-4.099025,-8.883476,true
6827bc374b2ae70172a6cf31,Gravity,,,,,W1hZkqBeWCUTVBX6rx9OeHmaWx63,2024-10-30T01:43:56.617Z,2.7158825,-4.0635247,-8.501824,true
6827bc374b2ae70172a6cf32,Gravity,,,,,W1hZkqBeWCUTVBX6rx9OeHmaWx63,2024-10-30T01:43:56.778Z,4.429187,-4.4195642,-7.551096,true
6827bc374b2ae70172a6cf33,Gravity,,,,,W1hZkqBeWCUTVBX6rx9OeHmaWx63,2024-10-30T01:43:56.938Z,5.517025,-4.753935,-6.5674815,true
6827bc374b2ae70172a6cf34,Gravity,,,,,W1hZkqBeWCUTVBX6rx9OeHmaWx63,2024-10-30T01:43:57.097Z,6.2602067,-4.819729,-5.8094263,true
6827bc374b2ae70172a6cf35,Gravity,,,,,W1hZkqBeWCUTVBX6rx9OeHmaWx63,2024-10-30T01:43:57.258Z,7.1298304,-4.8623037,-4.6575813,true
6827bc374b2ae70172a6cf36,Gravity,,,,,W1hZkqBeWCUTVBX6rx9OeHmaWx63,2024-10-30T01:43:57.417Z,7.270576,-5.1125937,-4.143622,true
6827bc374b2ae70172a6cf37,Gravity,,,,,W1hZkqBeWCUTVBX6rx9OeHmaWx63,2024-10-30T01:43:57.577Z,7.014374,-5.4973826,-4.0922947,true
6827bc374b2ae70172a6cf38,Gravity,,,,,W1hZkqBeWCUTVBX6rx9OeHmaWx63,2024-10-30T01:43:57.738Z,6.927528,-6.0106516,-3.4714525,true
6827bc374b2ae70172a6cf39,Gravity,,,,,W1hZkqBeWCUTVBX6rx9OeHmaWx63,2024-10-30T01:43:57.897Z,6.1092486,-5.982598,-4.801566,true
6827bc374b2ae70172a6cf3a,Gravity,,,,,W1hZkqBeWCUTVBX6rx9OeHmaWx63,2024-10-30T01:43:58.057Z,4.9934483,-6.3408723,-5.5702963,true
6827bc374b2ae70172a6cf3b,Gravity,,,,,W1hZkqBeWCUTVBX6rx9OeHmaWx63,2024-10-30T01:43:58.217Z,2.8763373,-4.1408973,-8.411238,true
6827bc374b2ae70172a6cf3c,Gravity,,,,,W1hZkqBeWCUTVBX6rx9OeHmaWx63,2024-10-30T01:43:58.377Z,3.6424768,-1.9425215,-8.895402,true
6827bc374b2ae70172a6cf3d,Gravity,,,,,W1hZkqBeWCUTVBX6rx9OeHmaWx63,2024-10-30T01:43:58.538Z,5.242247,-2.2451143,-7.977936,true
6827bc374b2ae70172a6cf3e,Gravity,,,,,W1hZkqBeWCUTVBX6rx9OeHmaWx63,2024-10-30T01:43:58.697Z,5.682446,-1.3453141,-7.8784018,true
6827bc374b2ae70172a6cf3f,Gravity,,,,,W1hZkqBeWCUTVBX6rx9OeHmaWx63,2024-10-30T01:43:58.857Z,5.073235,0.07805676,-8.391989,true
6827bc374b2ae70172a6cf40,Gravity,,,,,W1hZkqBeWCUTVBX6rx9OeHmaWx63,2024-10-30T01:43:59.017Z,4.2745676,0.26798606,-8.821876,true
6827bc374b2ae70172a6cf41,Gravity,,,,,W1hZkqBeWCUTVBX6rx9OeHmaWx63,2024-10-30T01:43:59.177Z,3.8534033,-0.23002617,-9.014852,true
6827bc374b2ae70172a6cf42,Gravity,,,,,W1hZkqBeWCUTVBX6rx9OeHmaWx63,2024-10-30T01:43:59.337Z,4.25754,-1.5097841,-8.704214,true
6827bc374b2ae70172a6cf43,Gravity,,,,,W1hZkqBeWCUTVBX6rx9OeHmaWx63,2024-10-30T01:43:59.497Z,5.009286,-3.1124117,-7.8351507,true
6827bc374b2ae70172a6cf44,Gravity,,,,,W1hZkqBeWCUTVBX6rx9OeHmaWx63,2024-10-30T01:43:59.658Z,5.0893564,-4.318355,-7.1846995,true
6827bc374b2ae70172a6cf45,Gravity,,,,,W1hZkqBeWCUTVBX6rx9OeHmaWx63,2024-10-30T01:43:59.816Z,4.562203,-4.4235926,-7.46912,true
6827bc374b2ae70172a6cf46,Gravity,,,,,W1hZkqBeWCUTVBX6rx9OeHmaWx63,2024-10-30T01:44:00.175Z,4.7422547,-4.14496,-7.516651,true
6827bc374b2ae70172a6cf47,Gravity,,,,,W1hZkqBeWCUTVBX6rx9OeHmaWx63,2024-10-30T01:44:00.182Z,4.788335,-4.142808,-7.4885726,true
6827bc374b2ae70172a6cf48,Gravity,,,,,W1hZkqBeWCUTVBX6rx9OeHmaWx63,2024-10-30T01:44:00.182Z,4.8839607,-4.0415287,-7.482157,true
6827bc374b2ae70172a6cf49,Gravity,,,,,W1hZkqBeWCUTVBX6rx9OeHmaWx63,2024-10-30T01:44:00.297Z,7.406315,-0.024479484,-6.427729,true
6827bc374b2ae70172a6cf4a,Gravity,,,,,W1hZkqBeWCUTVBX6rx9OeHmaWx63,2024-10-30T01:44:00.457Z,8.668731,2.1662374,-4.041092,true
6827bc374b2ae70172a6cf4b,Gravity,,,,,W1hZkqBeWCUTVBX6rx9OeHmaWx63,2024-10-30T01:44:00.617Z,9.409899,2.7566733,-0.15696284,true
6827bc374b2ae70172a6cf4c,Gravity,,,,,W1hZkqBeWCUTVBX6rx9OeHmaWx63,2024-10-30T01:44:00.776Z,8.900558,1.5443323,3.8164592,true
6827bc374b2ae70172a6cf4d,Gravity,,,,,W1hZkqBeWCUTVBX6rx9OeHmaWx63,2024-10-30T01:44:00.937Z,7.1839542,-0.99469465,6.6008863,true
6827bc374b2ae70172a6cf4e,Gravity,,,,,W1hZkqBeWCUTVBX6rx9OeHmaWx63,2024-10-30T01:44:01.096Z,4.608426,-3.6915848,7.829748,true
6827bc374b2ae70172a6cf4f,Gravity,,,,,W1hZkqBeWCUTVBX6rx9OeHmaWx63,2024-10-30T01:44:01.256Z,1.681026,-5.7665224,7.751885,true
6827bc374b2ae70172a6cf50,Gravity,,,,,W1hZkqBeWCUTVBX6rx9OeHmaWx63,2024-10-30T01:44:01.576Z,-1.8591763,-8.140206,5.143033,true
6827bc374b2ae70172a6cf51,Gravity,,,,,W1hZkqBeWCUTVBX6rx9OeHmaWx63,2024-10-30T01:44:01.416Z,-0.4915493,-7.118178,6.727573,true
6827bc374b2ae70172a6cf52,Gravity,,,,,W1hZkqBeWCUTVBX6rx9OeHmaWx63,2024-10-30T01:44:01.739Z,-3.8147635,-8.2768545,3.6209886,true
6827bc374b2ae70172a6cf53,Gravity,,,,,W1hZkqBeWCUTVBX6rx9OeHmaWx63,2024-10-30T01:44:01.899Z,-5.138314,-8.158308,1.7916476,true
6827bc374b2ae70172a6cf54,Gravity,,,,,W1hZkqBeWCUTVBX6rx9OeHmaWx63,2024-10-30T01:44:02.059Z,-6.2103243,-7.5761275,-0.45224124,true
6827bc374b2ae70172a6cf55,Gravity,,,,,W1hZkqBeWCUTVBX6rx9OeHmaWx63,2024-10-30T01:44:02.217Z,-6.9765167,-6.789881,-1.1815814,true
6827bc374b2ae70172a6cf56,Gravity,,,,,W1hZkqBeWCUTVBX6rx9OeHmaWx63,2024-10-30T01:44:02.378Z,-7.512106,-6.15487,-1.362442,true
6827bc374b2ae70172a6cf57,Gravity,,,,,W1hZkqBeWCUTVBX6rx9OeHmaWx63,2024-10-30T01:44:02.539Z,-7.684057,-5.489826,-2.6434019,true
6827bc374b2ae70172a6cf58,Gravity,,,,,W1hZkqBeWCUTVBX6rx9OeHmaWx63,2024-10-30T01:44:02.700Z,-7.2127757,-5.1807876,-4.160016,true
6827bc374b2ae70172a6cf59,Gravity,,,,,W1hZkqBeWCUTVBX6rx9OeHmaWx63,2024-10-30T01:44:02.861Z,-6.2420936,-4.961805,-5.708525,true
6827bc374b2ae70172a6cf5a,Gravity,,,,,W1hZkqBeWCUTVBX6rx9OeHmaWx63,2024-10-30T01:44:03.017Z,-4.4145737,-6.5363426,-5.827375,true
6827bc374b2ae70172a6cf5b,Gravity,,,,,W1hZkqBeWCUTVBX6rx9OeHmaWx63,2024-10-30T01:44:03.178Z,-3.4718256,-7.485481,-5.299485,true
6827bc374b2ae70172a6cf5c,Gravity,,,,,W1hZkqBeWCUTVBX6rx9OeHmaWx63,2024-10-30T01:44:03.340Z,-3.1633344,-8.571941,-3.5616941,true
6827bc374b2ae70172a6cf5d,Gravity,,,,,W1hZkqBeWCUTVBX6rx9OeHmaWx63,2024-10-30T01:44:03.497Z,-2.49665,-9.482909,-0.10815175,true
6827bc374b2ae70172a6cf5e,Gravity,,,,,W1hZkqBeWCUTVBX6rx9OeHmaWx63,2024-10-30T01:44:03.663Z,-2.320049,-9.263479,2.23066,true
6827bc374b2ae70172a6cf5f,Gravity,,,,,W1hZkqBeWCUTVBX6rx9OeHmaWx63,2024-10-30T01:44:03.815Z,-2.3949742,-9.147825,2.5984511,true
6827bc374b2ae70172a6cf60,Gravity,,,,,W1hZkqBeWCUTVBX6rx9OeHmaWx63,2024-10-30T01:44:03.977Z,-2.7659376,-8.887512,3.0874405,true
6827bc374b2ae70172a6cf61,Gravity,,,,,W1hZkqBeWCUTVBX6rx9OeHmaWx63,2024-10-30T01:44:04.136Z,-2.6194937,-8.740019,3.594562,true
6827bc374b2ae70172a6cf62,Gravity,,,,,W1hZkqBeWCUTVBX6rx9OeHmaWx63,2024-10-30T01:44:04.295Z,-2.5925355,-8.963136,3.0185254,true
6827bc374b2ae70172a6cf63,Gravity,,,,,W1hZkqBeWCUTVBX6rx9OeHmaWx63,2024-10-30T01:44:04.454Z,-2.561201,-8.951241,3.0799491,true
6827bc374b2ae70172a6cf64,Gravity,,,,,W1hZkqBeWCUTVBX6rx9OeHmaWx63,2024-10-30T01:44:04.614Z,-2.2192533,-9.101135,2.900827,true
6827bc374b2ae70172a6cf65,Gravity,,,,,W1hZkqBeWCUTVBX6rx9OeHmaWx63,2024-10-30T01:44:04.774Z,-2.7123067,-9.084334,2.507755,true
6827bc374b2ae70172a6cf66,Gravity,,,,,W1hZkqBeWCUTVBX6rx9OeHmaWx63,2024-10-30T01:44:04.935Z,-4.7561493,-8.424293,1.6065065,true
6827bc374b2ae70172a6cf67,Gravity,,,,,W1hZkqBeWCUTVBX6rx9OeHmaWx63,2024-10-30T01:44:05.094Z,-6.2811656,-7.4816265,0.86184597,true
6827bc374b2ae70172a6cf68,Gravity,,,,,W1hZkqBeWCUTVBX6rx9OeHmaWx63,2024-10-30T01:44:05.254Z,-7.053538,-6.677363,1.3531506,true
6827bc374b2ae70172a6cf69,Gravity,,,,,W1hZkqBeWCUTVBX6rx9OeHmaWx63,2024-10-30T01:44:05.414Z,-7.4395227,-6.1670995,1.6706337,true
6827bc374b2ae70172a6cf6a,Gravity,,,,,W1hZkqBeWCUTVBX6rx9OeHmaWx63,2024-10-30T01:44:05.574Z,-7.9782047,-5.4660172,1.6252877,true
6827bc374b2ae70172a6cf6b,Gravity,,,,,W1hZkqBeWCUTVBX6rx9OeHmaWx63,2024-10-30T01:44:05.735Z,-8.151865,-5.1948624,1.6526105,true
6827bc374b2ae70172a6cf6c,Gravity,,,,,W1hZkqBeWCUTVBX6rx9OeHmaWx63,2024-10-30T01:44:05.894Z,-8.205723,-5.027189,1.887862,true
6827bc374b2ae70172a6cf6d,Gravity,,,,,W1hZkqBeWCUTVBX6rx9OeHmaWx63,2024-10-30T01:44:06.053Z,-8.207081,-5.012327,1.9211704,true
6827bc374b2ae70172a6cf6e,Gravity,,,,,W1hZkqBeWCUTVBX6rx9OeHmaWx63,2024-10-30T01:44:06.213Z,-8.153919,-5.1269794,1.8434097,true
6827bc374b2ae70172a6cf6f,Gravity,,,,,W1hZkqBeWCUTVBX6rx9OeHmaWx63,2024-10-30T01:44:06.373Z,-8.127054,-5.195102,1.7698557,true
6827bc374b2ae70172a6cf70,Gravity,,,,,W1hZkqBeWCUTVBX6rx9OeHmaWx63,2024-10-30T01:44:06.534Z,-8.045797,-5.3445992,1.694361,true
6827bc374b2ae70172a6cf71,Gravity,,,,,W1hZkqBeWCUTVBX6rx9OeHmaWx63,2024-10-30T01:44:06.771Z,-7.9819055,-5.441585,1.6878228,true
6827bc374b2ae70172a6cf72,Gravity,,,,,W1hZkqBeWCUTVBX6rx9OeHmaWx63,2024-10-30T01:44:06.854Z,-7.970905,-5.4502363,1.7117425,true
6827bc374b2ae70172a6cf73,Gravity,,,,,W1hZkqBeWCUTVBX6rx9OeHmaWx63,2024-10-30T01:44:07.013Z,-7.9268293,-5.49318,1.7778608,true
6827bc374b2ae70172a6cf74,Gravity,,,,,W1hZkqBeWCUTVBX6rx9OeHmaWx63,2024-10-30T01:44:07.173Z,-7.838368,-5.605179,1.8199934,true
6827bc374b2ae70172a6cf75,Gravity,,,,,W1hZkqBeWCUTVBX6rx9OeHmaWx63,2024-10-30T01:44:07.334Z,-7.6957965,-5.7602224,1.9403491,true
6827bc374b2ae70172a6cf76,Gravity,,,,,W1hZkqBeWCUTVBX6rx9OeHmaWx63,2024-10-30T01:44:07.493Z,-7.5970488,-5.865313,2.0132904,true
6827bc374b2ae70172a6cf77,Gravity,,,,,W1hZkqBeWCUTVBX6rx9OeHmaWx63,2024-10-30T01:44:07.654Z,-7.2876167,-6.2203274,2.0901208,true
6827bc374b2ae70172a6cf78,Gravity,,,,,W1hZkqBeWCUTVBX6rx9OeHmaWx63,2024-10-30T01:44:07.813Z,-6.7040896,-6.7333603,2.4264176,true
6827bc374b2ae70172a6cf79,Gravity,,,,,W1hZkqBeWCUTVBX6rx9OeHmaWx63,2024-10-30T01:44:07.973Z,-6.0177884,-7.1524205,2.966407,true
6827bc374b2ae70172a6cf7a,Gravity,,,,,W1hZkqBeWCUTVBX6rx9OeHmaWx63,2024-10-30T01:44:08.134Z,-5.506029,-7.448402,3.2210932,true
6827bc374b2ae70172a6cf7b,Gravity,,,,,W1hZkqBeWCUTVBX6rx9OeHmaWx63,2024-10-30T01:44:08.293Z,-5.434796,-7.4422994,3.3534448,true
6827bc374b2ae70172a6cf7c,Gravity,,,,,W1hZkqBeWCUTVBX6rx9OeHmaWx63,2024-10-30T01:44:08.453Z,-5.577697,-7.316763,3.394798,true
6827bc374b2ae70172a6cf7d,Gravity,,,,,W1hZkqBeWCUTVBX6rx9OeHmaWx63,2024-10-30T01:44:08.613Z,-5.682399,-7.263607,3.3347676,true
6827bc374b2ae70172a6cf7e,Gravity,,,,,W1hZkqBeWCUTVBX6rx9OeHmaWx63,2024-10-30T01:44:08.773Z,-5.987096,-7.1486726,3.0366824,true
6827bc374b2ae70172a6cf7f,Gravity,,,,,W1hZkqBeWCUTVBX6rx9OeHmaWx63,2024-10-30T01:44:08.934Z,-6.158975,-7.03676,2.9531894,true
6827bc374b2ae70172a6cf80,Gravity,,,,,W1hZkqBeWCUTVBX6rx9OeHmaWx63,2024-10-30T01:44:09.093Z,-6.197667,-6.939343,3.0991557,true
6827bc374b2ae70172a6cf81,Gravity,,,,,W1hZkqBeWCUTVBX6rx9OeHmaWx63,2024-10-30T01:44:09.254Z,-6.2925677,-6.856404,3.092512,true
6827bc374b2ae70172a6cf82,Gravity,,,,,W1hZkqBeWCUTVBX6rx9OeHmaWx63,2024-10-30T01:44:09.413Z,-6.048817,-6.949202,3.3601654,true
6827bc374b2ae70172a6cf83,Gravity,,,,,W1hZkqBeWCUTVBX6rx9OeHmaWx63,2024-10-30T01:44:09.573Z,-5.9079466,-7.0454226,3.4100564,true
6827bc374b2ae70172a6cf84,Gravity,,,,,W1hZkqBeWCUTVBX6rx9OeHmaWx63,2024-10-30T01:44:09.734Z,-5.798954,-7.1271567,3.427258,true
6827bc374b2ae70172a6cf85,Gravity,,,,,W1hZkqBeWCUTVBX6rx9OeHmaWx63,2024-10-30T01:44:09.893Z,-5.556454,-7.27036,3.5267568,true
6827bc374b2ae70172a6cf86,Gravity,,,,,W1hZkqBeWCUTVBX6rx9OeHmaWx63,2024-10-30T01:44:10.053Z,-5.6125607,-7.393461,3.1632624,true
6827bc374b2ae70172a6cf87,Gravity,,,,,W1hZkqBeWCUTVBX6rx9OeHmaWx63,2024-10-30T01:44:10.213Z,-5.5069904,-7.523039,3.040929,true
6827bc374b2ae70172a6cf88,Gravity,,,,,W1hZkqBeWCUTVBX6rx9OeHmaWx63,2024-10-30T01:44:10.373Z,-5.713914,-7.4459763,2.8423395,true
6827bc374b2ae70172a6cf89,Gravity,,,,,W1hZkqBeWCUTVBX6rx9OeHmaWx63,2024-10-30T01:44:10.534Z,-6.0278797,-7.2279387,2.755336,true
6827bc374b2ae70172a6cf8a,Gravity,,,,,W1hZkqBeWCUTVBX6rx9OeHmaWx63,2024-10-30T01:44:10.693Z,-6.270752,-7.05863,2.6502357,true
6827bc374b2ae70172a6cf8b,Gravity,,,,,W1hZkqBeWCUTVBX6rx9OeHmaWx63,2024-10-30T01:44:10.853Z,-6.37811,-7.006529,2.5295203,true
6827bc374b2ae70172a6cf8c,Gravity,,,,,W1hZkqBeWCUTVBX6rx9OeHmaWx63,2024-10-30T01:44:11.013Z,-6.3662953,-7.0110407,2.5467217,true
6827bc374b2ae70172a6cf8d,Gravity,,,,,W1hZkqBeWCUTVBX6rx9OeHmaWx63,2024-10-30T01:44:11.173Z,-6.3812447,-7.0072846,2.5195017,true
6827bc374b2ae70172a6cf8e,Gravity,,,,,W1hZkqBeWCUTVBX6rx9OeHmaWx63,2024-10-30T01:44:11.334Z,-6.1712666,-7.088945,2.7986758,true
6827bc374b2ae70172a6cf8f,Gravity,,,,,W1hZkqBeWCUTVBX6rx9OeHmaWx63,2024-10-30T01:44:11.587Z,-6.001393,-7.05536,3.221095,true
6827bc374b2ae70172a6cf90,Gravity,,,,,W1hZkqBeWCUTVBX6rx9OeHmaWx63,2024-10-30T01:44:11.654Z,-6.025173,-6.984188,3.3299654,true
6827bc374b2ae70172a6cf91,Gravity,,,,,W1hZkqBeWCUTVBX6rx9OeHmaWx63,2024-10-30T01:44:11.812Z,-6.203626,-6.858557,3.2627437,true
6827bc374b2ae70172a6cf92,Gravity,,,,,W1hZkqBeWCUTVBX6rx9OeHmaWx63,2024-10-30T01:44:11.973Z,-6.2888255,-6.7706933,3.2830892,true
6827bc374b2ae70172a6cf93,Gravity,,,,,W1hZkqBeWCUTVBX6rx9OeHmaWx63,2024-10-30T01:44:12.134Z,-6.275071,-6.7449737,3.361399,true
6827bc374b2ae70172a6cf94,Gravity,,,,,W1hZkqBeWCUTVBX6rx9OeHmaWx63,2024-10-30T01:44:12.293Z,-6.220602,-6.731532,3.4872317,true
6827bc374b2ae70172a6cf95,Gravity,,,,,W1hZkqBeWCUTVBX6rx9OeHmaWx63,2024-10-30T01:44:12.453Z,-6.1789484,-6.7802267,3.4668946,true
6827bc374b2ae70172a6cf96,Gravity,,,,,W1hZkqBeWCUTVBX6rx9OeHmaWx63,2024-10-30T01:44:12.612Z,-6.327291,-6.8265424,3.0877106,true
6827bc374b2ae70172a6cf97,Gravity,,,,,W1hZkqBeWCUTVBX6rx9OeHmaWx63,2024-10-30T01:44:12.772Z,-6.8264832,-6.6330347,2.360563,true
6827bc374b2ae70172a6cf98,Gravity,,,,,W1hZkqBeWCUTVBX6rx9OeHmaWx63,2024-10-30T01:44:12.933Z,-7.045532,-6.5592647,1.8726428,true
6827bc374b2ae70172a6cf99,Gravity,,,,,W1hZkqBeWCUTVBX6rx9OeHmaWx63,2024-10-30T01:44:13.092Z,-7.0221825,-6.5989227,1.8202716,true
6827bc374b2ae70172a6cf9a,Gravity,,,,,W1hZkqBeWCUTVBX6rx9OeHmaWx63,2024-10-30T01:44:13.252Z,-7.044605,-6.581338,1.7971494,true
6827bc374b2ae70172a6cf9b,Gravity,,,,,W1hZkqBeWCUTVBX6rx9OeHmaWx63,2024-10-30T01:44:13.412Z,-6.997819,-6.6230464,1.8264284,true
6827bc374b2ae70172a6cf9c,Gravity,,,,,W1hZkqBeWCUTVBX6rx9OeHmaWx63,2024-10-30T01:44:13.572Z,-6.9816546,-6.634068,1.8481492,true
6827bc374b2ae70172a6cf9d,Gravity,,,,,W1hZkqBeWCUTVBX6rx9OeHmaWx63,2024-10-30T01:44:13.735Z,-6.967046,-6.6150537,1.9675688,true
6827bc374b2ae70172a6cf9e,Gravity,,,,,W1hZkqBeWCUTVBX6rx9OeHmaWx63,2024-10-30T01:44:13.895Z,-7.0602574,-6.482955,2.0722177,true
6827bc374b2ae70172a6cf9f,Gravity,,,,,W1hZkqBeWCUTVBX6rx9OeHmaWx63,2024-10-30T01:44:14.055Z,-7.211631,-6.2900686,2.1441748,true
6827bc374b2ae70172a6cfa0,Gravity,,,,,W1hZkqBeWCUTVBX6rx9OeHmaWx63,2024-10-30T01:44:14.213Z,-7.3322573,-6.133504,2.1881843,true
6827bc374b2ae70172a6cfa1,Gravity,,,,,W1hZkqBeWCUTVBX6rx9OeHmaWx63,2024-10-30T01:44:14.375Z,-7.3805346,-6.080292,2.1743338,true
6827bc374b2ae70172a6cfa2,Gravity,,,,,W1hZkqBeWCUTVBX6rx9OeHmaWx63,2024-10-30T01:44:14.536Z,-7.4029207,-6.065974,2.137909,true
6827bc374b2ae70172a6cfa3,Gravity,,,,,W1hZkqBeWCUTVBX6rx9OeHmaWx63,2024-10-30T01:44:14.692Z,-7.3949485,-6.082989,2.1170485,true
6827bc374b2ae70172a6cfa4,Gravity,,,,,W1hZkqBeWCUTVBX6rx9OeHmaWx63,2024-10-30T01:44:14.854Z,-7.357351,-6.1416306,2.0783694,true
6827bc374b2ae70172a6cfa5,Gravity,,,,,W1hZkqBeWCUTVBX6rx9OeHmaWx63,2024-10-30T01:44:15.014Z,-7.32672,-6.198654,2.016336,true
6827bc374b2ae70172a6cfa6,Gravity,,,,,W1hZkqBeWCUTVBX6rx9OeHmaWx63,2024-10-30T01:44:15.175Z,-7.3199325,-6.2228026,1.9659426,true
6827bc374b2ae70172a6cfa7,Gravity,,,,,W1hZkqBeWCUTVBX6rx9OeHmaWx63,2024-10-30T01:44:15.335Z,-7.3206124,-6.237911,1.9148499,true
6827bc374b2ae70172a6cfa8,Gravity,,,,,W1hZkqBeWCUTVBX6rx9OeHmaWx63,2024-10-30T01:44:15.494Z,-7.3220572,-6.267716,1.809041,true
6827bc374b2ae70172a6cfa9,Gravity,,,,,W1hZkqBeWCUTVBX6rx9OeHmaWx63,2024-10-30T01:44:15.656Z,-7.352535,-6.2426753,1.7715898,true
6827bc374b2ae70172a6cfaa,Gravity,,,,,W1hZkqBeWCUTVBX6rx9OeHmaWx63,2024-10-30T01:44:15.810Z,-7.3791757,-6.2157416,1.7554338,true
6827bc374b2ae70172a6cfab,Gravity,,,,,W1hZkqBeWCUTVBX6rx9OeHmaWx63,2024-10-30T01:44:15.970Z,-7.435741,-6.1698647,1.6768525,true
6827bc374b2ae70172a6cfac,Gravity,,,,,W1hZkqBeWCUTVBX6rx9OeHmaWx63,2024-10-30T01:44:16.132Z,-7.479162,-6.112299,1.6944647,true
6827bc374b2ae70172a6cfad,Gravity,,,,,W1hZkqBeWCUTVBX6rx9OeHmaWx63,2024-10-30T01:44:16.290Z,-7.5059376,-6.0723495,1.7194866,true
6827bc374b2ae70172a6cfae,Gravity,,,,,W1hZkqBeWCUTVBX6rx9OeHmaWx63,2024-10-30T01:44:16.450Z,-7.5245123,-6.0513306,1.7123613,true
6827bc374b2ae70172a6cfaf,Gravity,,,,,W1hZkqBeWCUTVBX6rx9OeHmaWx63,2024-10-30T01:44:16.610Z,-7.525273,-6.053255,1.7021967,true
6827bc374b2ae70172a6cfb0,Gravity,,,,,W1hZkqBeWCUTVBX6rx9OeHmaWx63,2024-10-30T01:44:16.769Z,-7.5204296,-6.0676084,1.6722707,true
6827bc374b2ae70172a6cfb1,Gravity,,,,,W1hZkqBeWCUTVBX6rx9OeHmaWx63,2024-10-30T01:44:16.930Z,-7.5180893,-6.080503,1.6355445,true
6827bc374b2ae70172a6cfb2,Gravity,,,,,W1hZkqBeWCUTVBX6rx9OeHmaWx63,2024-10-30T01:44:17.090Z,-7.5201116,-6.080083,1.6278156,true
6827bc374b2ae70172a6cfb3,Gravity,,,,,W1hZkqBeWCUTVBX6rx9OeHmaWx63,2024-10-30T01:44:17.249Z,-7.5281076,-6.0719395,1.6212308,true
6827bc374b2ae70172a6cfb4,Gravity,,,,,W1hZkqBeWCUTVBX6rx9OeHmaWx63,2024-10-30T01:44:17.409Z,-7.5354404,-6.073123,1.5822548,true
6827bc374b2ae70172a6cfb5,Gravity,,,,,W1hZkqBeWCUTVBX6rx9OeHmaWx63,2024-10-30T01:44:17.569Z,-7.5091286,-6.1220226,1.5175388,true
6827bc374b2ae70172a6cfb6,Gravity,,,,,W1hZkqBeWCUTVBX6rx9OeHmaWx63,2024-10-30T01:44:17.730Z,-7.5120754,-6.13215,1.4610227,true
6827bc374b2ae70172a6cfb7,Gravity,,,,,W1hZkqBeWCUTVBX6rx9OeHmaWx63,2024-10-30T01:44:17.890Z,-7.548391,-6.1148024,1.341718,true
6827bc374b2ae70172a6cfb8,Gravity,,,,,W1hZkqBeWCUTVBX6rx9OeHmaWx63,2024-10-30T01:44:18.049Z,-7.540069,-6.1449156,1.2476238,true
6827bc374b2ae70172a6cfb9,Gravity,,,,,W1hZkqBeWCUTVBX6rx9OeHmaWx63,2024-10-30T01:44:18.209Z,-7.4638734,-6.242032,1.2234598,true
6827bc374b2ae70172a6cfba,Gravity,,,,,W1hZkqBeWCUTVBX6rx9OeHmaWx63,2024-10-30T01:44:18.369Z,-7.40986,-6.31253,1.1895458,true
6827bc374b2ae70172a6cfbb,Gravity,,,,,W1hZkqBeWCUTVBX6rx9OeHmaWx63,2024-10-30T01:44:18.529Z,-7.4067855,-6.3238893,1.1476105,true
6827bc374b2ae70172a6cfbc,Gravity,,,,,W1hZkqBeWCUTVBX6rx9OeHmaWx63,2024-10-30T01:44:18.688Z,-7.420623,-6.3175044,1.092033,true
6827bc374b2ae70172a6cfbd,Gravity,,,,,W1hZkqBeWCUTVBX6rx9OeHmaWx63,2024-10-30T01:44:18.848Z,-7.457665,-6.2840614,1.0308784,true
6827bc374b2ae70172a6cfbe,Gravity,,,,,W1hZkqBeWCUTVBX6rx9OeHmaWx63,2024-10-30T01:44:19.008Z,-7.4534082,-6.30088,0.9562467,true
6827bc374b2ae70172a6cfbf,Gravity,,,,,W1hZkqBeWCUTVBX6rx9OeHmaWx63,2024-10-30T01:44:19.168Z,-7.4966583,-6.2466664,0.97371995,true
6827bc374b2ae70172a6cfc0,Gravity,,,,,W1hZkqBeWCUTVBX6rx9OeHmaWx63,2024-10-30T01:44:19.329Z,-7.5652704,-6.16417,0.9688012,true
6827bc374b2ae70172a6cfc1,Gravity,,,,,W1hZkqBeWCUTVBX6rx9OeHmaWx63,2024-10-30T01:44:19.488Z,-7.5954504,-6.1352453,0.9147128,true
6827bc374b2ae70172a6cfc2,Gravity,,,,,W1hZkqBeWCUTVBX6rx9OeHmaWx63,2024-10-30T01:44:19.649Z,-7.5725617,-6.170582,0.8653943,true
6827bc374b2ae70172a6cfc3,Gravity,,,,,W1hZkqBeWCUTVBX6rx9OeHmaWx63,2024-10-30T01:44:19.808Z,-7.6316338,-6.1012044,0.8379794,true
6827bc374b2ae70172a6cfc4,Gravity,,,,,W1hZkqBeWCUTVBX6rx9OeHmaWx63,2024-10-30T01:44:19.967Z,-7.6331697,-6.105762,0.78941524,true
6827bc374b2ae70172a6cfc5,Gravity,,,,,W1hZkqBeWCUTVBX6rx9OeHmaWx63,2024-10-30T01:44:20.128Z,-7.5563273,-6.2126045,0.68868005,true
6827bc374b2ae70172a6cfc6,Gravity,,,,,W1hZkqBeWCUTVBX6rx9OeHmaWx63,2024-10-30T01:44:20.288Z,-7.511127,-6.26915,0.6704529,true
6827bc374b2ae70172a6cfc7,Gravity,,,,,W1hZkqBeWCUTVBX6rx9OeHmaWx63,2024-10-30T01:44:20.447Z,-7.525322,-6.2561846,0.6312388,true
6827bc374b2ae70172a6cfc8,Gravity,,,,,W1hZkqBeWCUTVBX6rx9OeHmaWx63,2024-10-30T01:44:20.607Z,-7.4814687,-6.31405,0.57378805,true
6827bc374b2ae70172a6cfc9,Gravity,,,,,W1hZkqBeWCUTVBX6rx9OeHmaWx63,2024-10-30T01:44:20.768Z,-7.4176664,-6.3964243,0.482499,true
6827bc374b2ae70172a6cfca,Gravity,,,,,W1hZkqBeWCUTVBX6rx9OeHmaWx63,2024-10-30T01:44:20.929Z,-7.3712106,-6.4568477,0.37851518,true
6827bc374b2ae70172a6cfcb,Gravity,,,,,W1hZkqBeWCUTVBX6rx9OeHmaWx63,2024-10-30T01:44:21.088Z,-7.351511,-6.482574,0.31687546,true
6827bc374b2ae70172a6cfcc,Gravity,,,,,W1hZkqBeWCUTVBX6rx9OeHmaWx63,2024-10-30T01:44:21.248Z,-7.3710895,-6.461873,0.28304976,true
6827bc374b2ae70172a6cfcd,Gravity,,,,,W1hZkqBeWCUTVBX6rx9OeHmaWx63,2024-10-30T01:44:21.407Z,-7.4093504,-6.417931,0.28339827,true
6827bc374b2ae70172a6cfce,Gravity,,,,,W1hZkqBeWCUTVBX6rx9OeHmaWx63,2024-10-30T01:44:21.567Z,-7.4197774,-6.4080763,0.2281139,true
6827bc374b2ae70172a6cfcf,Gravity,,,,,W1hZkqBeWCUTVBX6rx9OeHmaWx63,2024-10-30T01:44:21.729Z,-7.423986,-6.404345,0.19309315,true
6827bc374b2ae70172a6cfd0,Gravity,,,,,W1hZkqBeWCUTVBX6rx9OeHmaWx63,2024-10-30T01:44:21.887Z,-7.3954954,-6.4373565,0.18837197,true
6827bc374b2ae70172a6cfd1,Gravity,,,,,W1hZkqBeWCUTVBX6rx9OeHmaWx63,2024-10-30T01:44:22.048Z,-7.4455338,-6.380523,0.14602993,true
6827bc374b2ae70172a6cfd2,Gravity,,,,,W1hZkqBeWCUTVBX6rx9OeHmaWx63,2024-10-30T01:44:22.208Z,-7.5016437,-6.314876,0.12615927,true
6827bc374b2ae70172a6cfd3,Gravity,,,,,W1hZkqBeWCUTVBX6rx9OeHmaWx63,2024-10-30T01:44:22.367Z,-7.507832,-6.307734,0.11439868,true
6827bc374b2ae70172a6cfd4,Gravity,,,,,W1hZkqBeWCUTVBX6rx9OeHmaWx63,2024-10-30T01:44:22.529Z,-7.5596967,-6.245506,0.11202041,true
6827bc374b2ae70172a6cfd5,Gravity,,,,,W1hZkqBeWCUTVBX6rx9OeHmaWx63,2024-10-30T01:44:22.688Z,-7.578801,-6.222204,0.11736645,true
6827bc374b2ae70172a6cfd6,Gravity,,,,,W1hZkqBeWCUTVBX6rx9OeHmaWx63,2024-10-30T01:44:22.847Z,-7.582837,-6.2177434,0.089390054,true
6827bc374b2ae70172a6cfd7,Gravity,,,,,W1hZkqBeWCUTVBX6rx9OeHmaWx63,2024-10-30T01:44:23.007Z,-7.5119224,-6.3034163,0.07678674,true
6827bc374b2ae70172a6cfd8,Gravity,,,,,W1hZkqBeWCUTVBX6rx9OeHmaWx63,2024-10-30T01:44:23.167Z,-7.4153514,-6.417148,0.027571168,true
6827bc374b2ae70172a6cfd9,Gravity,,,,,W1hZkqBeWCUTVBX6rx9OeHmaWx63,2024-10-30T01:44:23.328Z,-7.3692813,-6.470033,0.009433745,true
6827bc374b2ae70172a6cfda,Gravity,,,,,W1hZkqBeWCUTVBX6rx9OeHmaWx63,2024-10-30T01:44:23.487Z,-7.348159,-6.4940057,-0.009189707,true
6827bc374b2ae70172a6cfdb,Gravity,,,,,W1hZkqBeWCUTVBX6rx9OeHmaWx63,2024-10-30T01:44:25.678Z,-7.354104,-6.4872074,-0.030082127,true
6827bc374b2ae70172a6cfdc,Gravity,,,,,W1hZkqBeWCUTVBX6rx9OeHmaWx63,2024-10-30T01:44:25.752Z,-7.174375,-6.6812735,-0.2374309,true
6827bc374b2ae70172a6cfdd,Gravity,,,,,W1hZkqBeWCUTVBX6rx9OeHmaWx63,2024-10-30T01:44:25.913Z,-6.6858335,-7.1549234,-0.52348614,true
6827bc374b2ae70172a6cfde,Gravity,,,,,W1hZkqBeWCUTVBX6rx9OeHmaWx63,2024-10-30T01:44:26.074Z,-6.2567925,-7.498096,-0.89350283,true
6827bc374b2ae70172a6cfdf,Gravity,,,,,W1hZkqBeWCUTVBX6rx9OeHmaWx63,2024-10-30T01:44:26.234Z,-5.6747026,-7.9031324,-1.2269415,true
6827bc374b2ae70172a6cfe0,Gravity,,,,,W1hZkqBeWCUTVBX6rx9OeHmaWx63,2024-10-30T01:44:26.394Z,-5.070996,-8.199984,-1.7922503,true
6827bc374b2ae70172a6cfe1,Gravity,,,,,W1hZkqBeWCUTVBX6rx9OeHmaWx63,2024-10-30T01:44:26.555Z,-4.4643545,-8.368153,-2.4920425,true
6827bc374b2ae70172a6cfe2,Gravity,,,,,W1hZkqBeWCUTVBX6rx9OeHmaWx63,2024-10-30T01:44:26.714Z,-3.5405147,-8.533991,-3.2866628,true
6827bc374b2ae70172a6cfe3,Gravity,,,,,W1hZkqBeWCUTVBX6rx9OeHmaWx63,2024-10-30T01:44:26.871Z,-2.664712,-8.747094,-3.5431569,true
6827bc374b2ae70172a6cfe4,Gravity,,,,,W1hZkqBeWCUTVBX6rx9OeHmaWx63,2024-10-30T01:44:27.034Z,-2.9570975,-8.634014,-3.5882668,true
6827bc374b2ae70172a6cfe5,Gravity,,,,,W1hZkqBeWCUTVBX6rx9OeHmaWx63,2024-10-30T01:44:27.194Z,-3.5801792,-8.513096,-3.2978568,true
6827bc374b2ae70172a6cfe6,Gravity,,,,,W1hZkqBeWCUTVBX6rx9OeHmaWx63,2024-10-30T01:44:27.353Z,-4.291917,-8.393617,-2.700602,true
6827bc374b2ae70172a6cfe7,Gravity,,,,,W1hZkqBeWCUTVBX6rx9OeHmaWx63,2024-10-30T01:44:27.514Z,-5.152649,-8.048328,-2.2003195,true
6827bc374b2ae70172a6cfe8,Gravity,,,,,W1hZkqBeWCUTVBX6rx9OeHmaWx63,2024-10-30T01:44:27.672Z,-5.6239376,-7.907084,-1.4199741,true
6827bc374b2ae70172a6cfe9,Gravity,,,,,W1hZkqBeWCUTVBX6rx9OeHmaWx63,2024-10-30T01:44:27.831Z,-6.189839,-7.5761585,-0.6744588,true
6827bc374b2ae70172a6cfea,Gravity,,,,,W1hZkqBeWCUTVBX6rx9OeHmaWx63,2024-10-30T01:44:27.990Z,-6.42508,-7.4080553,0.080058314,true
6827bc374b2ae70172a6cfeb,Gravity,,,,,W1hZkqBeWCUTVBX6rx9OeHmaWx63,2024-10-30T01:44:28.150Z,-6.6083293,-7.2448864,0.09469591,true
6827bc374b2ae70172a6cfec,Gravity,,,,,W1hZkqBeWCUTVBX6rx9OeHmaWx63,2024-10-30T01:44:28.309Z,-6.703099,-7.1573734,-0.088158034,true
6827bc374b2ae70172a6cfed,Gravity,,,,,W1hZkqBeWCUTVBX6rx9OeHmaWx63,2024-10-30T01:44:28.469Z,-6.74769,-7.1126184,0.21641149,true
6827bc374b2ae70172a6cfee,Gravity,,,,,W1hZkqBeWCUTVBX6rx9OeHmaWx63,2024-10-30T01:44:28.629Z,-6.8379765,-7.0271726,0.16853389,true
6827bc374b2ae70172a6cfef,Gravity,,,,,W1hZkqBeWCUTVBX6rx9OeHmaWx63,2024-10-30T01:44:28.789Z,-6.746146,-7.1139684,0.22033802,true
6827bc374b2ae70172a6cff0,Gravity,,,,,W1hZkqBeWCUTVBX6rx9OeHmaWx63,2024-10-30T01:44:28.950Z,-6.657425,-7.194361,0.2957349,true
6827bc374b2ae70172a6cff1,Gravity,,,,,W1hZkqBeWCUTVBX6rx9OeHmaWx63,2024-10-30T01:44:29.109Z,-6.544745,-7.2952037,0.33761224,true
6827bc374b2ae70172a6cff2,Gravity,,,,,W1hZkqBeWCUTVBX6rx9OeHmaWx63,2024-10-30T01:44:29.269Z,-6.5091553,-7.3322754,0.19043782,true
6827bc374b2ae70172a6cff3,Gravity,,,,,W1hZkqBeWCUTVBX6rx9OeHmaWx63,2024-10-30T01:44:29.429Z,-6.3657556,-7.4595265,0.012093685,true
6827bc374b2ae70172a6cff4,Gravity,,,,,W1hZkqBeWCUTVBX6rx9OeHmaWx63,2024-10-30T01:44:29.729Z,-6.238457,-7.566192,-0.043080945,true
6827bc374b2ae70172a6cff5,Gravity,,,,,W1hZkqBeWCUTVBX6rx9OeHmaWx63,2024-10-30T01:44:29.744Z,-6.2191854,-7.581894,-0.0639627,true
6827bc374b2ae70172a6cff6,Gravity,,,,,W1hZkqBeWCUTVBX6rx9OeHmaWx63,2024-10-30T01:44:29.748Z,-5.97318,-7.7464933,-0.6930034,true
6827bc374b2ae70172a6cff7,Gravity,,,,,W1hZkqBeWCUTVBX6rx9OeHmaWx63,2024-10-30T01:44:29.906Z,-5.511498,-8.015325,-1.2430404,true
6827bc374b2ae70172a6cff8,Gravity,,,,,W1hZkqBeWCUTVBX6rx9OeHmaWx63,2024-10-30T01:44:30.066Z,-5.13652,-8.169785,-1.7429271,true
6827bc374b2ae70172a6cff9,Gravity,,,,,W1hZkqBeWCUTVBX6rx9OeHmaWx63,2024-10-30T01:44:30.226Z,-4.965512,-8.121065,-2.3576999,true
6827bc374b2ae70172a6cffa,Gravity,,,,,W1hZkqBeWCUTVBX6rx9OeHmaWx63,2024-10-30T01:44:30.386Z,-4.5947113,-8.25348,-2.633516,true
6827bc374b2ae70172a6cffb,Gravity,,,,,W1hZkqBeWCUTVBX6rx9OeHmaWx63,2024-10-30T01:44:30.546Z,-4.1922607,-8.350143,-2.977703,true
6827bc374b2ae70172a6cffc,Gravity,,,,,W1hZkqBeWCUTVBX6rx9OeHmaWx63,2024-10-30T01:44:30.705Z,-4.487753,-7.9580235,-3.5631893,true
6827bc374b2ae70172a6cffd,Gravity,,,,,W1hZkqBeWCUTVBX6rx9OeHmaWx63,2024-10-30T01:44:30.865Z,-4.831085,-7.5948977,-3.8915637,true
6827bc374b2ae70172a6cffe,Gravity,,,,,W1hZkqBeWCUTVBX6rx9OeHmaWx63,2024-10-30T01:44:31.025Z,-4.7458205,-7.738659,-3.7089827,true
6827bc374b2ae70172a6cfff,Gravity,,,,,W1hZkqBeWCUTVBX6rx9OeHmaWx63,2024-10-30T01:44:31.186Z,-4.724195,-7.7306213,-3.7530842,true
6827bc374b2ae70172a6d000,Gravity,,,,,W1hZkqBeWCUTVBX6rx9OeHmaWx63,2024-10-30T01:44:31.346Z,-4.5761943,-7.7756996,-3.8422575,true
6827bc374b2ae70172a6d001,Gravity,,,,,W1hZkqBeWCUTVBX6rx9OeHmaWx63,2024-10-30T01:44:31.505Z,-4.330989,-7.8489313,-3.97527,true
6827bc374b2ae70172a6d002,Gravity,,,,,W1hZkqBeWCUTVBX6rx9OeHmaWx63,2024-10-30T01:44:31.666Z,-4.1684895,-7.8327546,-4.175829,true
6827bc374b2ae70172a6d003,Gravity,,,,,W1hZkqBeWCUTVBX6rx9OeHmaWx63,2024-10-30T01:44:31.826Z,-4.0915446,-7.6910906,-4.50247,true
6827bc374b2ae70172a6d004,Gravity,,,,,W1hZkqBeWCUTVBX6rx9OeHmaWx63,2024-10-30T01:44:31.985Z,-4.070829,-7.573784,-4.71507,true
6827bc374b2ae70172a6d005,Gravity,,,,,W1hZkqBeWCUTVBX6rx9OeHmaWx63,2024-10-30T01:44:32.147Z,-4.048976,-7.5006456,-4.8489,true
6827bc374b2ae70172a6d006,Gravity,,,,,W1hZkqBeWCUTVBX6rx9OeHmaWx63,2024-10-30T01:44:32.305Z,-4.0996833,-7.5009885,-4.8055573,true
6827bc374b2ae70172a6d007,Gravity,,,,,W1hZkqBeWCUTVBX6rx9OeHmaWx63,2024-10-30T01:44:32.464Z,-3.9659297,-7.5330424,-4.8672495,true
6827bc374b2ae70172a6d008,Gravity,,,,,W1hZkqBeWCUTVBX6rx9OeHmaWx63,2024-10-30T01:44:32.624Z,-3.938059,-7.426538,-5.0500903,true
6827bc374b2ae70172a6d009,Gravity,,,,,W1hZkqBeWCUTVBX6rx9OeHmaWx63,2024-10-30T01:44:32.784Z,-4.215161,-7.2408257,-5.095883,true
6827bc374b2ae70172a6d00a,Gravity,,,,,W1hZkqBeWCUTVBX6rx9OeHmaWx63,2024-10-30T01:44:32.945Z,-4.7734013,-6.9060245,-5.068211,true
6827bc374b2ae70172a6d00b,Gravity,,,,,W1hZkqBeWCUTVBX6rx9OeHmaWx63,2024-10-30T01:44:37.717Z,-1.8431472,-8.067369,-5.261697,true
6827bc374b2ae70172a6d00c,Gravity,,,,,W1hZkqBeWCUTVBX6rx9OeHmaWx63,2024-10-30T01:44:33.104Z,-4.9423137,-6.9796543,-4.7982583,true
6827bc374b2ae70172a6d00d,Gravity,,,,,W1hZkqBeWCUTVBX6rx9OeHmaWx63,2024-10-30T01:44:33.264Z,-4.338847,-7.8181496,-4.026977,true
6827bc374b2ae70172a6d00e,Gravity,,,,,W1hZkqBeWCUTVBX6rx9OeHmaWx63,2024-10-30T01:44:33.424Z,-3.9727776,-7.0020328,-5.5994463,true
6827bc374b2ae70172a6d00f,Gravity,,,,,W1hZkqBeWCUTVBX6rx9OeHmaWx63,2024-10-30T01:44:33.584Z,-3.1759043,-7.2844,-5.745977,true
6827bc374b2ae70172a6d010,Gravity,,,,,W1hZkqBeWCUTVBX6rx9OeHmaWx63,2024-10-30T01:44:33.745Z,-2.445799,-7.5596147,-5.747646,true
6827bc374b2ae70172a6d011,Gravity,,,,,W1hZkqBeWCUTVBX6rx9OeHmaWx63,2024-10-30T01:44:33.903Z,-1.9329932,-7.9978414,-5.3351054,true
6827bc374b2ae70172a6d012,Gravity,,,,,W1hZkqBeWCUTVBX6rx9OeHmaWx63,2024-10-30T01:44:34.063Z,-1.9348087,-8.019551,-5.3017573,true
6827bc374b2ae70172a6d013,Gravity,,,,,W1hZkqBeWCUTVBX6rx9OeHmaWx63,2024-10-30T01:44:34.223Z,-1.8583835,-8.0901575,-5.221217,true
6827bc374b2ae70172a6d014,Gravity,,,,,W1hZkqBeWCUTVBX6rx9OeHmaWx63,2024-10-30T01:44:34.383Z,-1.8203331,-8.116403,-5.193801,true
6827bc374b2ae70172a6d015,Gravity,,,,,W1hZkqBeWCUTVBX6rx9OeHmaWx63,2024-10-30T01:44:37.710Z,-1.8389474,-8.078774,-5.245645,true
6827bc374b2ae70172a6d016,Gravity,,,,,W1hZkqBeWCUTVBX6rx9OeHmaWx63,2024-10-30T01:44:37.782Z,-1.7747656,-7.841722,-5.6145124,true
6827bc374b2ae70172a6d017,Gravity,,,,,W1hZkqBeWCUTVBX6rx9OeHmaWx63,2024-10-30T01:44:37.942Z,-1.4101379,-7.930894,-5.5926394,true
6827bc374b2ae70172a6d018,Gravity,,,,,W1hZkqBeWCUTVBX6rx9OeHmaWx63,2024-10-30T01:44:38.103Z,-1.194984,-7.9688396,-5.5888033,true
6827bc374b2ae70172a6d019,Gravity,,,,,W1hZkqBeWCUTVBX6rx9OeHmaWx63,2024-10-30T01:44:38.263Z,-0.80476433,-8.333957,-5.1051755,true
6827bc374b2ae70172a6d01a,Gravity,,,,,W1hZkqBeWCUTVBX6rx9OeHmaWx63,2024-10-30T01:44:38.424Z,-0.87851876,-8.525527,-4.765371,true
6827bc374b2ae70172a6d01b,Gravity,,,,,W1hZkqBeWCUTVBX6rx9OeHmaWx63,2024-10-30T01:44:38.585Z,-0.9677884,-8.610107,-4.592889,true
6827bc374b2ae70172a6d01c,Gravity,,,,,W1hZkqBeWCUTVBX6rx9OeHmaWx63,2024-10-30T01:44:38.743Z,-1.1125257,-8.782394,-4.21867,true
6827bc374b2ae70172a6d01d,Gravity,,,,,W1hZkqBeWCUTVBX6rx9OeHmaWx63,2024-10-30T01:44:38.903Z,-1.2293468,-8.826391,-4.092535,true
6827bc374b2ae70172a6d01e,Gravity,,,,,W1hZkqBeWCUTVBX6rx9OeHmaWx63,2024-10-30T01:44:39.064Z,-1.443306,-8.775089,-4.1327853,true
6827bc374b2ae70172a6d01f,Gravity,,,,,W1hZkqBeWCUTVBX6rx9OeHmaWx63,2024-10-30T01:44:39.223Z,-1.3741326,-8.81331,-4.0746255,true
6827bc374b2ae70172a6d020,Gravity,,,,,W1hZkqBeWCUTVBX6rx9OeHmaWx63,2024-10-30T01:44:39.383Z,-1.2638987,-8.850344,-4.0297804,true
6827bc374b2ae70172a6d021,Gravity,,,,,W1hZkqBeWCUTVBX6rx9OeHmaWx63,2024-10-30T01:44:39.544Z,-1.1658078,-8.7186165,-4.3349257,true
6827bc374b2ae70172a6d022,Gravity,,,,,W1hZkqBeWCUTVBX6rx9OeHmaWx63,2024-10-30T01:44:39.703Z,-0.9786298,-8.736583,-4.3450556,true
6827bc374b2ae70172a6d023,Gravity,,,,,W1hZkqBeWCUTVBX6rx9OeHmaWx63,2024-10-30T01:44:39.860Z,-1.0867666,-8.4597225,-4.83911,true
6827bc374b2ae70172a6d024,Gravity,,,,,W1hZkqBeWCUTVBX6rx9OeHmaWx63,2024-10-30T01:44:40.022Z,-1.1902444,-8.42455,-4.8759685,true
6827bc374b2ae70172a6d025,Gravity,,,,,W1hZkqBeWCUTVBX6rx9OeHmaWx63,2024-10-30T01:44:40.184Z,-1.121469,-8.66736,-4.44794,true
6827bc374b2ae70172a6d026,Gravity,,,,,W1hZkqBeWCUTVBX6rx9OeHmaWx63,2024-10-30T01:44:40.339Z,-1.0115924,-8.718025,-4.3746834,true
6827bc374b2ae70172a6d027,Gravity,,,,,W1hZkqBeWCUTVBX6rx9OeHmaWx63,2024-10-30T01:44:40.499Z,-0.8985014,-8.449337,-4.8955517,true
6827bc374b2ae70172a6d028,Gravity,,,,,W1hZkqBeWCUTVBX6rx9OeHmaWx63,2024-10-30T01:44:40.658Z,0.023089638,-7.665717,-6.1156206,true
6827bc374b2ae70172a6d029,Gravity,,,,,W1hZkqBeWCUTVBX6rx9OeHmaWx63,2024-10-30T01:44:40.818Z,0.03234291,-6.2807035,-7.5309963,true
6827bc374b2ae70172a6d02a,Gravity,,,,,W1hZkqBeWCUTVBX6rx9OeHmaWx63,2024-10-30T01:44:40.980Z,-1.3692104,-3.6770318,-8.987122,true
6827bc374b2ae70172a6d02b,Gravity,,,,,W1hZkqBeWCUTVBX6rx9OeHmaWx63,2024-10-30T01:44:41.138Z,-2.650908,-0.75823635,-9.410692,true
6827bc374b2ae70172a6d02c,Gravity,,,,,W1hZkqBeWCUTVBX6rx9OeHmaWx63,2024-10-30T01:44:41.299Z,-2.9523196,1.3622779,-9.251565,true
6827bc374b2ae70172a6d02d,Gravity,,,,,W1hZkqBeWCUTVBX6rx9OeHmaWx63,2024-10-30T01:44:41.458Z,-2.6655126,2.4316359,-9.118429,true
6827bc374b2ae70172a6d02e,Gravity,,,,,W1hZkqBeWCUTVBX6rx9OeHmaWx63,2024-10-30T01:44:41.618Z,-2.5386233,2.5689924,-9.1169815,true
6827bc374b2ae70172a6d02f,Gravity,,,,,W1hZkqBeWCUTVBX6rx9OeHmaWx63,2024-10-30T01:44:41.780Z,-2.3174832,2.5411656,-9.183431,true
6827bc374b2ae70172a6d030,Gravity,,,,,W1hZkqBeWCUTVBX6rx9OeHmaWx63,2024-10-30T01:44:41.938Z,-2.3269186,3.5917184,-8.823202,true
6827bc374b2ae70172a6d031,Gravity,,,,,W1hZkqBeWCUTVBX6rx9OeHmaWx63,2024-10-30T01:44:42.098Z,-2.2770202,4.872667,-8.199777,true
6827bc374b2ae70172a6d032,Gravity,,,,,W1hZkqBeWCUTVBX6rx9OeHmaWx63,2024-10-30T01:44:42.258Z,-2.1584783,5.8203793,-7.5913424,true
6827bc374b2ae70172a6d033,Gravity,,,,,W1hZkqBeWCUTVBX6rx9OeHmaWx63,2024-10-30T01:44:42.418Z,-2.094138,6.503035,-7.0348787,true
6827bc374b2ae70172a6d034,Gravity,,,,,W1hZkqBeWCUTVBX6rx9OeHmaWx63,2024-10-30T01:44:42.578Z,-2.1932843,7.549513,-5.8616743,true
6827bc374b2ae70172a6d035,Gravity,,,,,W1hZkqBeWCUTVBX6rx9OeHmaWx63,2024-10-30T01:44:42.737Z,-2.1447263,8.432746,-4.522645,true
6827bc374b2ae70172a6d036,Gravity,,,,,W1hZkqBeWCUTVBX6rx9OeHmaWx63,2024-10-30T01:44:42.898Z,-2.0469348,9.161465,-2.8360744,true
6827bc374b2ae70172a6d037,Gravity,,,,,W1hZkqBeWCUTVBX6rx9OeHmaWx63,2024-10-30T01:44:43.057Z,-2.0553432,9.413054,-1.8264784,true
6827bc374b2ae70172a6d038,Gravity,,,,,W1hZkqBeWCUTVBX6rx9OeHmaWx63,2024-10-30T01:44:43.218Z,-2.177092,9.473108,-1.2987615,true
6827bc374b2ae70172a6d039,Gravity,,,,,W1hZkqBeWCUTVBX6rx9OeHmaWx63,2024-10-30T01:44:43.379Z,-2.295264,9.492407,-0.8901772,true
6827bc374b2ae70172a6d03a,Gravity,,,,,W1hZkqBeWCUTVBX6rx9OeHmaWx63,2024-10-30T01:44:43.538Z,-2.5245466,9.430326,-0.9284908,true
6827bc374b2ae70172a6d03b,Gravity,,,,,W1hZkqBeWCUTVBX6rx9OeHmaWx63,2024-10-30T01:44:43.697Z,-2.5365527,9.351707,-1.5091987,true
6827bc374b2ae70172a6d03c,Gravity,,,,,W1hZkqBeWCUTVBX6rx9OeHmaWx63,2024-10-30T01:44:43.857Z,-2.4895415,9.348558,-1.6039991,true
6827bc374b2ae70172a6d03d,Gravity,,,,,W1hZkqBeWCUTVBX6rx9OeHmaWx63,2024-10-30T01:44:44.017Z,-2.4394336,9.320766,-1.8271666,true
6827bc374b2ae70172a6d03e,Gravity,,,,,W1hZkqBeWCUTVBX6rx9OeHmaWx63,2024-10-30T01:44:44.178Z,-2.2404954,9.300482,-2.1557112,true
6827bc374b2ae70172a6d03f,Gravity,,,,,W1hZkqBeWCUTVBX6rx9OeHmaWx63,2024-10-30T01:44:44.337Z,-2.0609198,9.282447,-2.3988733,true
6827bc374b2ae70172a6d040,Gravity,,,,,W1hZkqBeWCUTVBX6rx9OeHmaWx63,2024-10-30T01:44:44.497Z,-1.9354353,9.219431,-2.724308,true
6827bc374b2ae70172a6d041,Gravity,,,,,W1hZkqBeWCUTVBX6rx9OeHmaWx63,2024-10-30T01:44:44.657Z,-1.8213854,9.41491,-2.0513222,true
6827bc374b2ae70172a6d042,Gravity,,,,,W1hZkqBeWCUTVBX6rx9OeHmaWx63,2024-10-30T01:44:44.818Z,-1.7004236,9.583068,-1.1998248,true
6827bc374b2ae70172a6d043,Gravity,,,,,W1hZkqBeWCUTVBX6rx9OeHmaWx63,2024-10-30T01:44:44.978Z,-1.4282746,9.67655,-0.70066845,true
6827bc374b2ae70172a6d044,Gravity,,,,,W1hZkqBeWCUTVBX6rx9OeHmaWx63,2024-10-30T01:44:45.138Z,-1.4984753,9.691189,-0.04768968,true
6827bc374b2ae70172a6d045,Gravity,,,,,W1hZkqBeWCUTVBX6rx9OeHmaWx63,2024-10-30T01:44:45.297Z,-1.734137,9.651891,-0.02716171,true
6827bc374b2ae70172a6d046,Gravity,,,,,W1hZkqBeWCUTVBX6rx9OeHmaWx63,2024-10-30T01:44:45.457Z,-2.2807753,9.527678,-0.433902,true
6827bc374b2ae70172a6d047,Gravity,,,,,W1hZkqBeWCUTVBX6rx9OeHmaWx63,2024-10-30T01:44:45.617Z,-2.781655,9.349306,-1.0096856,true
6827bc374b2ae70172a6d048,Gravity,,,,,W1hZkqBeWCUTVBX6rx9OeHmaWx63,2024-10-30T01:44:45.778Z,-3.2477002,8.963281,-2.2974236,true
6827bc374b2ae70172a6d049,Gravity,,,,,W1hZkqBeWCUTVBX6rx9OeHmaWx63,2024-10-30T01:44:45.937Z,-3.8655076,7.8179584,-4.4836035,true
6827bc374b2ae70172a6d04a,Gravity,,,,,W1hZkqBeWCUTVBX6rx9OeHmaWx63,2024-10-30T01:44:46.097Z,-4.8116503,4.9660735,-6.9534626,true
6827bc374b2ae70172a6d04b,Gravity,,,,,W1hZkqBeWCUTVBX6rx9OeHmaWx63,2024-10-30T01:44:46.257Z,-6.154992,0.84128916,-7.5876427,true
6827bc374b2ae70172a6d04c,Gravity,,,,,W1hZkqBeWCUTVBX6rx9OeHmaWx63,2024-10-30T01:44:46.417Z,-6.25599,-2.943601,-6.954275,true
6827bc374b2ae70172a6d04d,Gravity,,,,,W1hZkqBeWCUTVBX6rx9OeHmaWx63,2024-10-30T01:44:46.578Z,-6.244442,-3.7745667,-6.551637,true
6827bc374b2ae70172a6d04e,Gravity,,,,,W1hZkqBeWCUTVBX6rx9OeHmaWx63,2024-10-30T01:44:46.737Z,-6.5550146,-3.4828293,-6.4082913,true
6827bc374b2ae70172a6d04f,Gravity,,,,,W1hZkqBeWCUTVBX6rx9OeHmaWx63,2024-10-30T01:44:46.896Z,-6.3121357,-3.5848517,-6.5932035,true
6827bc374b2ae70172a6d050,Gravity,,,,,W1hZkqBeWCUTVBX6rx9OeHmaWx63,2024-10-30T01:44:47.056Z,-6.2925477,-3.248108,-6.7836795,true
6827bc374b2ae70172a6d051,Gravity,,,,,W1hZkqBeWCUTVBX6rx9OeHmaWx63,2024-10-30T01:44:47.216Z,-7.8448067,-2.5357842,-5.3098006,true
6827bc374b2ae70172a6d052,Gravity,,,,,W1hZkqBeWCUTVBX6rx9OeHmaWx63,2024-10-30T01:44:47.377Z,-7.709149,-3.041283,-5.2425957,true
6827bc374b2ae70172a6d053,Gravity,,,,,W1hZkqBeWCUTVBX6rx9OeHmaWx63,2024-10-30T01:44:47.705Z,-6.7658467,-4.101305,-5.7937455,true
6827bc374b2ae70172a6d054,Gravity,,,,,W1hZkqBeWCUTVBX6rx9OeHmaWx63,2024-10-30T01:44:47.712Z,-6.7244844,-4.130244,-5.821278,true
6827bc374b2ae70172a6d055,Gravity,,,,,W1hZkqBeWCUTVBX6rx9OeHmaWx63,2024-10-30T01:44:47.712Z,-6.6472864,-4.208889,-5.853521,true
6827bc374b2ae70172a6d056,Gravity,,,,,W1hZkqBeWCUTVBX6rx9OeHmaWx63,2024-10-30T01:44:47.856Z,-6.036521,-4.890911,-5.9836454,true
6827bc374b2ae70172a6d057,Gravity,,,,,W1hZkqBeWCUTVBX6rx9OeHmaWx63,2024-10-30T01:44:48.016Z,-5.891877,-5.1527395,-5.9075933,true
6827bc374b2ae70172a6d058,Gravity,,,,,W1hZkqBeWCUTVBX6rx9OeHmaWx63,2024-10-30T01:44:49.455Z,-6.3446193,-0.5434996,-7.457536,true
6827bc374b2ae70172a6d059,Gravity,,,,,W1hZkqBeWCUTVBX6rx9OeHmaWx63,2024-10-30T01:44:48.177Z,-5.7577105,-5.325832,-5.8863273,true
6827bc374b2ae70172a6d05a,Gravity,,,,,W1hZkqBeWCUTVBX6rx9OeHmaWx63,2024-10-30T01:44:49.615Z,-5.1081643,-2.8814805,-7.859272,true
6827bc374b2ae70172a6d05b,Gravity,,,,,W1hZkqBeWCUTVBX6rx9OeHmaWx63,2024-10-30T01:44:48.336Z,-5.6766887,-5.3678193,-5.926747,true
6827bc374b2ae70172a6d05c,Gravity,,,,,W1hZkqBeWCUTVBX6rx9OeHmaWx63,2024-10-30T01:44:48.496Z,-5.5877886,-5.3105345,-6.0613203,true
6827bc374b2ae70172a6d05d,Gravity,,,,,W1hZkqBeWCUTVBX6rx9OeHmaWx63,2024-10-30T01:44:48.655Z,-5.6286116,-5.239029,-6.0857267,true
6827bc374b2ae70172a6d05e,Gravity,,,,,W1hZkqBeWCUTVBX6rx9OeHmaWx63,2024-10-30T01:44:48.815Z,-5.072601,-4.1268554,-7.307682,true
6827bc374b2ae70172a6d05f,Gravity,,,,,W1hZkqBeWCUTVBX6rx9OeHmaWx63,2024-10-30T01:44:48.977Z,-4.0954585,4.231689,-7.84119,true
6827bc374b2ae70172a6d060,Gravity,,,,,W1hZkqBeWCUTVBX6rx9OeHmaWx63,2024-10-30T01:44:49.136Z,-3.5000482,7.802347,-4.799819,true
6827bc374b2ae70172a6d061,Gravity,,,,,W1hZkqBeWCUTVBX6rx9OeHmaWx63,2024-10-30T01:44:49.295Z,-5.880098,5.0903535,-5.97308,true
6827bc374b2ae70172a6d062,Gravity,,,,,W1hZkqBeWCUTVBX6rx9OeHmaWx63,2024-10-30T01:44:49.778Z,-5.4855394,-3.6061404,-7.2848625,true
6827bc374b2ae70172a6d063,Gravity,,,,,W1hZkqBeWCUTVBX6rx9OeHmaWx63,2024-10-30T01:44:49.941Z,-5.6392784,-4.73149,-6.47893,true
6827bc374b2ae70172a6d064,Gravity,,,,,W1hZkqBeWCUTVBX6rx9OeHmaWx63,2024-10-30T01:44:50.099Z,-6.709139,-3.5222619,-6.224646,true
6827bc374b2ae70172a6d065,Gravity,,,,,W1hZkqBeWCUTVBX6rx9OeHmaWx63,2024-10-30T01:44:50.257Z,-8.880279,0.8815207,-4.0656233,true
6827bc374b2ae70172a6d066,Gravity,,,,,W1hZkqBeWCUTVBX6rx9OeHmaWx63,2024-10-30T01:44:50.419Z,-9.232337,3.2220967,0.7411796,true
6827bc374b2ae70172a6d067,Gravity,,,,,W1hZkqBeWCUTVBX6rx9OeHmaWx63,2024-10-30T01:44:50.579Z,-7.7445207,3.838508,4.6321583,true
6827bc374b2ae70172a6d068,Gravity,,,,,W1hZkqBeWCUTVBX6rx9OeHmaWx63,2024-10-30T01:44:50.737Z,-4.462997,5.335008,6.91294,true
6827bc374b2ae70172a6d069,Gravity,,,,,W1hZkqBeWCUTVBX6rx9OeHmaWx63,2024-10-30T01:44:50.896Z,-1.7881398,5.710408,7.769393,true
6827bc374b2ae70172a6d06a,Gravity,,,,,W1hZkqBeWCUTVBX6rx9OeHmaWx63,2024-10-30T01:44:51.058Z,-0.44238988,5.3571696,8.202126,true
6827bc374b2ae70172a6d06b,Gravity,,,,,W1hZkqBeWCUTVBX6rx9OeHmaWx63,2024-10-30T01:44:51.217Z,0.58816075,4.3555946,8.766578,true
6827bc374b2ae70172a6d06c,Gravity,,,,,W1hZkqBeWCUTVBX6rx9OeHmaWx63,2024-10-30T01:44:51.377Z,0.7663323,6.624446,7.190197,true
6827bc374b2ae70172a6d06d,Gravity,,,,,W1hZkqBeWCUTVBX6rx9OeHmaWx63,2024-10-30T01:44:51.538Z,1.185634,7.9630346,5.5993996,true
6827bc374b2ae70172a6d06e,Gravity,,,,,W1hZkqBeWCUTVBX6rx9OeHmaWx63,2024-10-30T01:44:51.696Z,1.3946515,8.768169,4.164435,true
6827bc374b2ae70172a6d06f,Gravity,,,,,W1hZkqBeWCUTVBX6rx9OeHmaWx63,2024-10-30T01:44:51.855Z,1.3966035,8.821079,4.0504837,true
6827bc374b2ae70172a6d070,Gravity,,,,,W1hZkqBeWCUTVBX6rx9OeHmaWx63,2024-10-30T01:44:52.015Z,1.9153508,7.6498265,5.8292837,true
6827bc374b2ae70172a6d071,Gravity,,,,,W1hZkqBeWCUTVBX6rx9OeHmaWx63,2024-10-30T01:44:52.175Z,2.115737,7.609887,5.8122497,true
6827bc374b2ae70172a6d072,Gravity,,,,,W1hZkqBeWCUTVBX6rx9OeHmaWx63,2024-10-30T01:44:52.334Z,2.7842512,6.0886636,7.1655827,true
6827bc374b2ae70172a6d073,Gravity,,,,,W1hZkqBeWCUTVBX6rx9OeHmaWx63,2024-10-30T01:44:52.494Z,2.2036753,2.7732825,9.144554,true
6827bc374b2ae70172a6d074,Gravity,,,,,W1hZkqBeWCUTVBX6rx9OeHmaWx63,2024-10-30T01:44:52.654Z,-1.3927519,3.152342,9.18113,true
6827bc374b2ae70172a6d075,Gravity,,,,,W1hZkqBeWCUTVBX6rx9OeHmaWx63,2024-10-30T01:44:52.814Z,-5.7113256,5.4289703,5.837467,true
6827bc374b2ae70172a6d076,Gravity,,,,,W1hZkqBeWCUTVBX6rx9OeHmaWx63,2024-10-30T01:44:52.975Z,-6.990673,6.1851473,3.007066,true
6827bc374b2ae70172a6d077,Gravity,,,,,W1hZkqBeWCUTVBX6rx9OeHmaWx63,2024-10-30T01:44:53.134Z,-6.7172375,6.490413,2.986847,true
6827bc374b2ae70172a6d078,Gravity,,,,,W1hZkqBeWCUTVBX6rx9OeHmaWx63,2024-10-30T01:44:53.294Z,-7.705419,5.669308,2.157118,true
6827bc374b2ae70172a6d079,Gravity,,,,,W1hZkqBeWCUTVBX6rx9OeHmaWx63,2024-10-30T01:44:53.454Z,-8.862878,4.1402,0.68944126,true
6827bc374b2ae70172a6d07a,Gravity,,,,,W1hZkqBeWCUTVBX6rx9OeHmaWx63,2024-10-30T01:44:53.614Z,-8.254453,5.230249,0.8220216,true
6827bc374b2ae70172a6d07b,Gravity,,,,,W1hZkqBeWCUTVBX6rx9OeHmaWx63,2024-10-30T01:44:53.775Z,-7.6238174,6.102625,0.8959029,true
6827bc374b2ae70172a6d07c,Gravity,,,,,W1hZkqBeWCUTVBX6rx9OeHmaWx63,2024-10-30T01:44:53.934Z,-7.270184,6.5784907,-0.18654461,true
6827bc374b2ae70172a6d07d,Gravity,,,,,W1hZkqBeWCUTVBX6rx9OeHmaWx63,2024-10-30T01:44:54.093Z,-6.6879025,6.779161,-2.3411913,true
6827bc374b2ae70172a6d07e,Gravity,,,,,W1hZkqBeWCUTVBX6rx9OeHmaWx63,2024-10-30T01:44:54.253Z,-5.138733,6.442626,-5.3151855,true
6827bc374b2ae70172a6d07f,Gravity,,,,,W1hZkqBeWCUTVBX6rx9OeHmaWx63,2024-10-30T01:44:54.413Z,-4.395972,6.0045943,-6.3863244,true
6827bc374b2ae70172a6d080,Gravity,,,,,W1hZkqBeWCUTVBX6rx9OeHmaWx63,2024-10-30T01:44:54.574Z,-1.8346196,7.778282,-5.683095,true
6827bc374b2ae70172a6d081,Gravity,,,,,W1hZkqBeWCUTVBX6rx9OeHmaWx63,2024-10-30T01:44:54.733Z,1.4773345,6.6295667,-7.0732517,true
6827bc374b2ae70172a6d082,Gravity,,,,,W1hZkqBeWCUTVBX6rx9OeHmaWx63,2024-10-30T01:44:54.893Z,2.3029108,-2.0821424,-9.301878,true
6827bc374b2ae70172a6d083,Gravity,,,,,W1hZkqBeWCUTVBX6rx9OeHmaWx63,2024-10-30T01:44:55.053Z,2.7014499,-1.7377898,-9.26531,true
6827bc374b2ae70172a6d084,Gravity,,,,,W1hZkqBeWCUTVBX6rx9OeHmaWx63,2024-10-30T01:44:55.213Z,4.542626,-2.4870186,-8.32725,true
6827bc374b2ae70172a6d085,Gravity,,,,,W1hZkqBeWCUTVBX6rx9OeHmaWx63,2024-10-30T01:44:55.374Z,6.250459,-3.9375024,-6.44921,true
6827bc374b2ae70172a6d086,Gravity,,,,,W1hZkqBeWCUTVBX6rx9OeHmaWx63,2024-10-30T01:44:55.533Z,5.1066685,-5.025639,-6.695459,true
6827bc374b2ae70172a6d087,Gravity,,,,,W1hZkqBeWCUTVBX6rx9OeHmaWx63,2024-10-30T01:44:55.693Z,2.5815535,-7.063667,-6.293213,true
6827bc374b2ae70172a6d088,Gravity,,,,,W1hZkqBeWCUTVBX6rx9OeHmaWx63,2024-10-30T01:44:55.853Z,2.4895813,-8.366524,-4.468584,true
6827bc374b2ae70172a6d089,Gravity,,,,,W1hZkqBeWCUTVBX6rx9OeHmaWx63,2024-10-30T01:44:56.012Z,5.073607,-7.8809147,-2.8836212,true
6827bc374b2ae70172a6d08a,Gravity,,,,,W1hZkqBeWCUTVBX6rx9OeHmaWx63,2024-10-30T01:44:56.173Z,7.1965237,-5.5439706,-3.693182,true
6827bc374b2ae70172a6d08b,Gravity,,,,,W1hZkqBeWCUTVBX6rx9OeHmaWx63,2024-10-30T01:44:56.333Z,7.6731515,-5.4148555,-2.8226852,true
6827bc374b2ae70172a6d08c,Gravity,,,,,W1hZkqBeWCUTVBX6rx9OeHmaWx63,2024-10-30T01:44:56.492Z,6.970381,-5.84134,-3.6684759,true
6827bc374b2ae70172a6d08d,Gravity,,,,,W1hZkqBeWCUTVBX6rx9OeHmaWx63,2024-10-30T01:44:56.654Z,6.1865845,-3.5995393,-6.703241,true
6827bc374b2ae70172a6d08e,Gravity,,,,,W1hZkqBeWCUTVBX6rx9OeHmaWx63,2024-10-30T01:44:56.813Z,6.1489735,-3.188055,-6.9419184,true
6827bc374b2ae70172a6d08f,Gravity,,,,,W1hZkqBeWCUTVBX6rx9OeHmaWx63,2024-10-30T01:44:56.973Z,6.1568894,-4.184414,-6.3833585,true
6827bc374b2ae70172a6d090,Gravity,,,,,W1hZkqBeWCUTVBX6rx9OeHmaWx63,2024-10-30T01:44:57.133Z,6.024461,-4.2739196,-6.45006,true
6827bc374b2ae70172a6d091,Gravity,,,,,W1hZkqBeWCUTVBX6rx9OeHmaWx63,2024-10-30T01:44:57.292Z,5.7749963,-3.5711427,-7.075297,true
6827bc374b2ae70172a6d092,Gravity,,,,,W1hZkqBeWCUTVBX6rx9OeHmaWx63,2024-10-30T01:44:57.452Z,4.6065855,-4.1348624,-7.6056275,true
6827bc374b2ae70172a6d093,Gravity,,,,,W1hZkqBeWCUTVBX6rx9OeHmaWx63,2024-10-30T01:44:57.612Z,3.6651075,-4.408769,-7.955678,true
6827bc374b2ae70172a6d094,Gravity,,,,,W1hZkqBeWCUTVBX6rx9OeHmaWx63,2024-10-30T01:44:57.773Z,2.8761456,-3.7952144,-8.572438,true
6827bc374b2ae70172a6d095,Gravity,,,,,W1hZkqBeWCUTVBX6rx9OeHmaWx63,2024-10-30T01:44:57.932Z,2.8909576,-4.9573145,-7.95175,true
6827bc374b2ae70172a6d096,Gravity,,,,,W1hZkqBeWCUTVBX6rx9OeHmaWx63,2024-10-30T01:44:58.092Z,3.40772,-5.3072133,-7.5089426,true
6827bc374b2ae70172a6d097,Gravity,,,,,W1hZkqBeWCUTVBX6rx9OeHmaWx63,2024-10-30T01:44:58.252Z,4.0289993,-5.7374787,-6.8565235,true
6827bc374b2ae70172a6d098,Gravity,,,,,W1hZkqBeWCUTVBX6rx9OeHmaWx63,2024-10-30T01:44:58.412Z,4.8805866,-5.581052,-6.4183645,true
6827bc374b2ae70172a6d099,Gravity,,,,,W1hZkqBeWCUTVBX6rx9OeHmaWx63,2024-10-30T01:44:58.573Z,5.8717327,-4.817165,-6.203343,true
6827bc374b2ae70172a6d09a,Gravity,,,,,W1hZkqBeWCUTVBX6rx9OeHmaWx63,2024-10-30T01:44:58.733Z,5.330821,-4.459874,-6.917751,true
6827bc374b2ae70172a6d09b,Gravity,,,,,W1hZkqBeWCUTVBX6rx9OeHmaWx63,2024-10-30T01:44:58.892Z,1.9148314,-2.4468002,-9.301018,true
6827bc374b2ae70172a6d09c,Gravity,,,,,W1hZkqBeWCUTVBX6rx9OeHmaWx63,2024-10-30T01:44:59.052Z,-0.5144796,2.1925151,-9.544143,true
6827bc374b2ae70172a6d09d,Gravity,,,,,W1hZkqBeWCUTVBX6rx9OeHmaWx63,2024-10-30T01:44:59.212Z,-2.7684932,6.6305475,-6.6734514,true
6827bc374b2ae70172a6d09e,Gravity,,,,,W1hZkqBeWCUTVBX6rx9OeHmaWx63,2024-10-30T01:44:59.373Z,-3.6975389,6.904504,-5.9008417,true
6827bc374b2ae70172a6d09f,Gravity,,,,,W1hZkqBeWCUTVBX6rx9OeHmaWx63,2024-10-30T01:44:59.534Z,-3.7619076,5.3364606,-7.316663,true
6827bc374b2ae70172a6d0a0,Gravity,,,,,W1hZkqBeWCUTVBX6rx9OeHmaWx63,2024-10-30T01:45:01.716Z,-3.7487297,5.201939,-7.4195795,true
6827bc374b2ae70172a6d0a1,Gravity,,,,,W1hZkqBeWCUTVBX6rx9OeHmaWx63,2024-10-30T01:45:01.793Z,-2.6416457,0.21653007,-9.441258,true
6827bc374b2ae70172a6d0a2,Gravity,,,,,W1hZkqBeWCUTVBX6rx9OeHmaWx63,2024-10-30T01:45:01.951Z,-1.1659223,-2.5549152,-9.395511,true
6827bc374b2ae70172a6d0a3,Gravity,,,,,W1hZkqBeWCUTVBX6rx9OeHmaWx63,2024-10-30T01:45:02.113Z,-0.38537744,0.4524316,-9.78822,true
6827bc374b2ae70172a6d0a4,Gravity,,,,,W1hZkqBeWCUTVBX6rx9OeHmaWx63,2024-10-30T01:45:02.274Z,0.24759078,0.6246162,-9.783205,true
6827bc374b2ae70172a6d0a5,Gravity,,,,,W1hZkqBeWCUTVBX6rx9OeHmaWx63,2024-10-30T01:45:02.434Z,-0.06450362,0.40815178,-9.797536,true
6827bc374b2ae70172a6d0a6,Gravity,,,,,W1hZkqBeWCUTVBX6rx9OeHmaWx63,2024-10-30T01:45:02.594Z,-0.54778135,-0.27160037,-9.7871685,true
6827bc374b2ae70172a6d0a7,Gravity,,,,,W1hZkqBeWCUTVBX6rx9OeHmaWx63,2024-10-30T01:45:02.753Z,-0.96039295,-0.66984063,-9.736084,true
6827bc374b2ae70172a6d0a8,Gravity,,,,,W1hZkqBeWCUTVBX6rx9OeHmaWx63,2024-10-30T01:45:02.914Z,-0.957485,-1.9405271,-9.564512,true
6827bc374b2ae70172a6d0a9,Gravity,,,,,W1hZkqBeWCUTVBX6rx9OeHmaWx63,2024-10-30T01:45:03.073Z,-1.164478,-4.068764,-8.846001,true
6827bc374b2ae70172a6d0aa,Gravity,,,,,W1hZkqBeWCUTVBX6rx9OeHmaWx63,2024-10-30T01:45:03.234Z,-1.7898033,-5.2015805,-8.118074,true
6827bc374b2ae70172a6d0ab,Gravity,,,,,W1hZkqBeWCUTVBX6rx9OeHmaWx63,2024-10-30T01:45:03.393Z,-2.340789,-5.4557357,-7.805053,true
6827bc374b2ae70172a6d0ac,Gravity,,,,,W1hZkqBeWCUTVBX6rx9OeHmaWx63,2024-10-30T01:45:03.554Z,-2.892166,-5.3928504,-7.662616,true
6827bc374b2ae70172a6d0ad,Gravity,,,,,W1hZkqBeWCUTVBX6rx9OeHmaWx63,2024-10-30T01:45:03.714Z,-2.413909,-5.9832554,-7.3849106,true
6827bc374b2ae70172a6d0ae,Gravity,,,,,W1hZkqBeWCUTVBX6rx9OeHmaWx63,2024-10-30T01:45:03.876Z,4.982671,-8.156086,-2.1946828,true
6827bc374b2ae70172a6d0af,Gravity,,,,,W1hZkqBeWCUTVBX6rx9OeHmaWx63,2024-10-30T01:45:04.030Z,7.5767026,-5.7149653,2.4698231,true
6827bc374b2ae70172a6d0b0,Gravity,,,,,W1hZkqBeWCUTVBX6rx9OeHmaWx63,2024-10-30T01:45:04.191Z,7.37889,-5.735187,2.9710333,true
6827bc374b2ae70172a6d0b1,Gravity,,,,,W1hZkqBeWCUTVBX6rx9OeHmaWx63,2024-10-30T01:45:04.351Z,7.2074943,-4.6254783,4.777569,true
6827bc374b2ae70172a6d0b2,Gravity,,,,,W1hZkqBeWCUTVBX6rx9OeHmaWx63,2024-10-30T01:45:04.510Z,7.552118,-2.0007765,5.92715,true
6827bc374b2ae70172a6d0b3,Gravity,,,,,W1hZkqBeWCUTVBX6rx9OeHmaWx63,2024-10-30T01:45:04.670Z,7.821115,0.14513636,5.9142017,true
6827bc374b2ae70172a6d0b4,Gravity,,,,,W1hZkqBeWCUTVBX6rx9OeHmaWx63,2024-10-30T01:45:04.829Z,7.7515507,0.32573915,5.9980083,true
6827bc374b2ae70172a6d0b5,Gravity,,,,,W1hZkqBeWCUTVBX6rx9OeHmaWx63,2024-10-30T01:45:04.990Z,7.593175,2.1203089,5.8323784,true
6827bc374b2ae70172a6d0b6,Gravity,,,,,W1hZkqBeWCUTVBX6rx9OeHmaWx63,2024-10-30T01:45:05.149Z,7.116062,2.5441,6.249647,true
6827bc374b2ae70172a6d0b7,Gravity,,,,,W1hZkqBeWCUTVBX6rx9OeHmaWx63,2024-10-30T01:45:05.309Z,6.4395967,0.16864371,7.394087,true
6827bc374b2ae70172a6d0b8,Gravity,,,,,W1hZkqBeWCUTVBX6rx9OeHmaWx63,2024-10-30T01:45:05.469Z,3.9920478,-0.33334944,8.951116,true
6827bc374b2ae70172a6d0b9,Gravity,,,,,W1hZkqBeWCUTVBX6rx9OeHmaWx63,2024-10-30T01:45:05.728Z,3.3876476,-0.45133963,9.191859,true
6827bc374b2ae70172a6d0ba,Gravity,,,,,W1hZkqBeWCUTVBX6rx9OeHmaWx63,2024-10-30T01:45:05.729Z,3.3876476,-0.45133963,9.191859,true
6827bc374b2ae70172a6d0bb,Gravity,,,,,W1hZkqBeWCUTVBX6rx9OeHmaWx63,2024-10-30T01:45:05.785Z,4.278057,-1.7161044,8.655814,true
6827bc374b2ae70172a6d0bc,Gravity,,,,,W1hZkqBeWCUTVBX6rx9OeHmaWx63,2024-10-30T01:45:05.944Z,5.7200212,0.1511224,7.9641786,true
6827bc374b2ae70172a6d0bd,Gravity,,,,,W1hZkqBeWCUTVBX6rx9OeHmaWx63,2024-10-30T01:45:06.104Z,5.5950723,2.11779,7.770436,true
6827bc374b2ae70172a6d0be,Gravity,,,,,W1hZkqBeWCUTVBX6rx9OeHmaWx63,2024-10-30T01:45:06.264Z,5.985524,3.3077745,7.028612,true
6827bc374b2ae70172a6d0bf,Gravity,,,,,W1hZkqBeWCUTVBX6rx9OeHmaWx63,2024-10-30T01:45:06.424Z,6.192607,3.422935,6.7900176,true
6827bc374b2ae70172a6d0c0,Gravity,,,,,W1hZkqBeWCUTVBX6rx9OeHmaWx63,2024-10-30T01:45:06.584Z,6.2179756,4.0806036,6.391752,true
6827bc374b2ae70172a6d0c1,Gravity,,,,,W1hZkqBeWCUTVBX6rx9OeHmaWx63,2024-10-30T01:45:06.743Z,6.5544114,3.9306753,6.144788,true
6827bc374b2ae70172a6d0c2,Gravity,,,,,W1hZkqBeWCUTVBX6rx9OeHmaWx63,2024-10-30T01:45:06.903Z,6.8472686,3.1263862,6.2856655,true
6827bc374b2ae70172a6d0c3,Gravity,,,,,W1hZkqBeWCUTVBX6rx9OeHmaWx63,2024-10-30T01:45:07.063Z,6.9238515,2.9395974,6.2918983,true
6827bc374b2ae70172a6d0c4,Gravity,,,,,W1hZkqBeWCUTVBX6rx9OeHmaWx63,2024-10-30T01:45:07.223Z,6.714448,3.655098,6.1420946,true
6827bc374b2ae70172a6d0c5,Gravity,,,,,W1hZkqBeWCUTVBX6rx9OeHmaWx63,2024-10-30T01:45:07.384Z,6.660791,3.9893453,5.990639,true
6827bc374b2ae70172a6d0c6,Gravity,,,,,W1hZkqBeWCUTVBX6rx9OeHmaWx63,2024-10-30T01:45:07.715Z,6.726377,3.9215198,5.962066,true
6827bc374b2ae70172a6d0c7,Gravity,,,,,W1hZkqBeWCUTVBX6rx9OeHmaWx63,2024-10-30T01:45:07.715Z,6.726377,3.9215198,5.962066,true
6827bc374b2ae70172a6d0c8,Gravity,,,,,W1hZkqBeWCUTVBX6rx9OeHmaWx63,2024-10-30T01:45:07.726Z,6.7145815,3.936159,5.965714,true
6827bc374b2ae70172a6d0c9,Gravity,,,,,W1hZkqBeWCUTVBX6rx9OeHmaWx63,2024-10-30T01:45:08.024Z,6.0056753,4.7793875,6.103935,true
6827bc374b2ae70172a6d0ca,Gravity,,,,,W1hZkqBeWCUTVBX6rx9OeHmaWx63,2024-10-30T01:45:08.033Z,5.9477034,4.8163238,6.131605,true
6827bc374b2ae70172a6d0cb,Gravity,,,,,W1hZkqBeWCUTVBX6rx9OeHmaWx63,2024-10-30T01:45:08.033Z,5.8330646,4.8866673,6.1858373,true
6827bc374b2ae70172a6d0cc,Gravity,,,,,W1hZkqBeWCUTVBX6rx9OeHmaWx63,2024-10-30T01:45:08.184Z,4.382506,5.873704,6.516297,true
6827bc374b2ae70172a6d0cd,Gravity,,,,,W1hZkqBeWCUTVBX6rx9OeHmaWx63,2024-10-30T01:45:08.343Z,4.1405177,6.16827,6.40136,true
6827bc374b2ae70172a6d0ce,Gravity,,,,,W1hZkqBeWCUTVBX6rx9OeHmaWx63,2024-10-30T01:45:08.503Z,3.7527528,6.6588745,6.1436987,true
6827bc374b2ae70172a6d0cf,Gravity,,,,,W1hZkqBeWCUTVBX6rx9OeHmaWx63,2024-10-30T01:45:08.663Z,3.6164591,7.0859923,5.733985,true
6827bc374b2ae70172a6d0d0,Gravity,,,,,W1hZkqBeWCUTVBX6rx9OeHmaWx63,2024-10-30T01:45:08.823Z,3.6917193,7.2631474,5.457694,true
6827bc374b2ae70172a6d0d1,Gravity,,,,,W1hZkqBeWCUTVBX6rx9OeHmaWx63,2024-10-30T01:45:08.984Z,3.7056134,7.2482514,5.46807,true
6827bc374b2ae70172a6d0d2,Gravity,,,,,W1hZkqBeWCUTVBX6rx9OeHmaWx63,2024-10-30T01:45:09.143Z,3.7545245,7.2105703,5.484498,true
6827bc374b2ae70172a6d0d3,Gravity,,,,,W1hZkqBeWCUTVBX6rx9OeHmaWx63,2024-10-30T01:45:09.303Z,3.5617743,7.26293,5.5436573,true
6827bc374b2ae70172a6d0d4,Gravity,,,,,W1hZkqBeWCUTVBX6rx9OeHmaWx63,2024-10-30T01:45:09.463Z,3.333121,7.278276,5.6644125,true
6827bc374b2ae70172a6d0d5,Gravity,,,,,W1hZkqBeWCUTVBX6rx9OeHmaWx63,2024-10-30T01:45:09.623Z,3.2895513,7.255739,5.718537,true
6827bc374b2ae70172a6d0d6,Gravity,,,,,W1hZkqBeWCUTVBX6rx9OeHmaWx63,2024-10-30T01:45:09.784Z,3.2195323,7.2811565,5.72607,true
6827bc374b2ae70172a6d0d7,Gravity,,,,,W1hZkqBeWCUTVBX6rx9OeHmaWx63,2024-10-30T01:45:13.751Z,3.2036266,7.276533,5.7408504,true
6827bc374b2ae70172a6d0d8,Gravity,,,,,W1hZkqBeWCUTVBX6rx9OeHmaWx63,2024-10-30T01:45:13.752Z,3.2036266,7.276533,5.7408504,true
6827bc374b2ae70172a6d0d9,Gravity,,,,,W1hZkqBeWCUTVBX6rx9OeHmaWx63,2024-10-30T01:45:13.823Z,3.209619,7.165556,5.8755183,true
6827bc374b2ae70172a6d0da,Gravity,,,,,W1hZkqBeWCUTVBX6rx9OeHmaWx63,2024-10-30T01:45:13.985Z,3.665859,6.3233786,6.537984,true
6827bc374b2ae70172a6d0db,Gravity,,,,,W1hZkqBeWCUTVBX6rx9OeHmaWx63,2024-10-30T01:45:14.145Z,4.077725,4.742962,7.5528665,true
6827bc374b2ae70172a6d0dc,Gravity,,,,,W1hZkqBeWCUTVBX6rx9OeHmaWx63,2024-10-30T01:45:14.303Z,1.9573604,1.5312775,9.486526,true
6827bc374b2ae70172a6d0dd,Gravity,,,,,W1hZkqBeWCUTVBX6rx9OeHmaWx63,2024-10-30T01:45:14.465Z,1.5844127,1.1164376,9.6131935,true
6827bc374b2ae70172a6d0de,Gravity,,,,,W1hZkqBeWCUTVBX6rx9OeHmaWx63,2024-10-30T01:45:14.626Z,1.3993522,-0.15146208,9.705112,true
6827bc374b2ae70172a6d0df,Gravity,,,,,W1hZkqBeWCUTVBX6rx9OeHmaWx63,2024-10-30T01:45:14.785Z,1.5288972,-0.77128416,9.655978,true
6827bc374b2ae70172a6d0e0,Gravity,,,,,W1hZkqBeWCUTVBX6rx9OeHmaWx63,2024-10-30T01:45:14.945Z,1.9702195,-0.5232186,9.592433,true
6827bc374b2ae70172a6d0e1,Gravity,,,,,W1hZkqBeWCUTVBX6rx9OeHmaWx63,2024-10-30T01:45:15.104Z,1.9904444,-0.6821819,9.5782585,true
6827bc374b2ae70172a6d0e2,Gravity,,,,,W1hZkqBeWCUTVBX6rx9OeHmaWx63,2024-10-30T01:45:15.265Z,1.1867421,-0.5574329,9.718604,true
6827bc374b2ae70172a6d0e3,Gravity,,,,,W1hZkqBeWCUTVBX6rx9OeHmaWx63,2024-10-30T01:45:15.424Z,0.9780711,-1.0195535,9.704341,true
6827bc374b2ae70172a6d0e4,Gravity,,,,,W1hZkqBeWCUTVBX6rx9OeHmaWx63,2024-10-30T01:45:15.584Z,1.1338413,-1.9250689,9.548758,true
6827bc374b2ae70172a6d0e5,Gravity,,,,,W1hZkqBeWCUTVBX6rx9OeHmaWx63,2024-10-30T01:45:15.745Z,1.6460025,-1.9736142,9.463918,true
6827bc374b2ae70172a6d0e6,Gravity,,,,,W1hZkqBeWCUTVBX6rx9OeHmaWx63,2024-10-30T01:45:15.901Z,2.5596461,-0.8521926,9.428265,true
6827bc374b2ae70172a6d0e7,Gravity,,,,,W1hZkqBeWCUTVBX6rx9OeHmaWx63,2024-10-30T01:45:16.061Z,3.1273775,1.9664062,9.084205,true
6827bc374b2ae70172a6d0e8,Gravity,,,,,W1hZkqBeWCUTVBX6rx9OeHmaWx63,2024-10-30T01:45:16.224Z,2.8527849,4.1387887,8.420318,true
6827bc374b2ae70172a6d0e9,Gravity,,,,,W1hZkqBeWCUTVBX6rx9OeHmaWx63,2024-10-30T01:45:16.381Z,2.6698084,5.291848,7.8126736,true
6827bc374b2ae70172a6d0ea,Gravity,,,,,W1hZkqBeWCUTVBX6rx9OeHmaWx63,2024-10-30T01:45:16.540Z,2.4601035,6.187177,7.199712,true
6827bc374b2ae70172a6d0eb,Gravity,,,,,W1hZkqBeWCUTVBX6rx9OeHmaWx63,2024-10-30T01:45:16.700Z,2.2972252,7.1744246,6.2784595,true
6827bc374b2ae70172a6d0ec,Gravity,,,,,W1hZkqBeWCUTVBX6rx9OeHmaWx63,2024-10-30T01:45:16.860Z,2.153695,7.9200807,5.366763,true
6827bc374b2ae70172a6d0ed,Gravity,,,,,W1hZkqBeWCUTVBX6rx9OeHmaWx63,2024-10-30T01:45:17.021Z,2.075646,8.133121,5.0707116,true
6827bc374b2ae70172a6d0ee,Gravity,,,,,W1hZkqBeWCUTVBX6rx9OeHmaWx63,2024-10-30T01:45:17.180Z,2.1055074,8.168649,5.000806,true
6827bc374b2ae70172a6d0ef,Gravity,,,,,W1hZkqBeWCUTVBX6rx9OeHmaWx63,2024-10-30T01:45:17.339Z,2.2276134,7.860689,5.4236126,true
6827bc374b2ae70172a6d0f0,Gravity,,,,,W1hZkqBeWCUTVBX6rx9OeHmaWx63,2024-10-30T01:45:17.499Z,2.6437213,7.396471,5.8712373,true
6827bc374b2ae70172a6d0f1,Gravity,,,,,W1hZkqBeWCUTVBX6rx9OeHmaWx63,2024-10-30T01:45:17.659Z,3.3827326,5.698088,7.228973,true
6827bc374b2ae70172a6d0f2,Gravity,,,,,W1hZkqBeWCUTVBX6rx9OeHmaWx63,2024-10-30T01:45:17.820Z,3.4185624,3.5960488,8.458818,true
6827bc374b2ae70172a6d0f3,Gravity,,,,,W1hZkqBeWCUTVBX6rx9OeHmaWx63,2024-10-30T01:45:17.979Z,3.2264097,3.304746,8.650941,true
6827bc374b2ae70172a6d0f4,Gravity,,,,,W1hZkqBeWCUTVBX6rx9OeHmaWx63,2024-10-30T01:45:18.138Z,3.0207403,3.7979124,8.521783,true
6827bc374b2ae70172a6d0f5,Gravity,,,,,W1hZkqBeWCUTVBX6rx9OeHmaWx63,2024-10-30T01:45:18.298Z,2.9466758,3.7916152,8.550471,true
6827bc374b2ae70172a6d0f6,Gravity,,,,,W1hZkqBeWCUTVBX6rx9OeHmaWx63,2024-10-30T01:45:18.458Z,2.9293296,3.7622495,8.569382,true
6827bc374b2ae70172a6d0f7,Gravity,,,,,W1hZkqBeWCUTVBX6rx9OeHmaWx63,2024-10-30T01:45:18.619Z,2.9905014,3.8575182,8.505659,true
6827bc374b2ae70172a6d0f8,Gravity,,,,,W1hZkqBeWCUTVBX6rx9OeHmaWx63,2024-10-30T01:45:18.778Z,2.970618,3.8004744,8.538243,true
6827bc374b2ae70172a6d0f9,Gravity,,,,,W1hZkqBeWCUTVBX6rx9OeHmaWx63,2024-10-30T01:45:18.938Z,2.9542766,3.7499251,8.566218,true
6827bc374b2ae70172a6d0fa,Gravity,,,,,W1hZkqBeWCUTVBX6rx9OeHmaWx63,2024-10-30T01:45:19.098Z,2.9677556,3.6560972,8.602045,true
6827bc374b2ae70172a6d0fb,Gravity,,,,,W1hZkqBeWCUTVBX6rx9OeHmaWx63,2024-10-30T01:45:19.258Z,2.9273949,3.5953496,8.64139,true
6827bc374b2ae70172a6d0fc,Gravity,,,,,W1hZkqBeWCUTVBX6rx9OeHmaWx63,2024-10-30T01:45:19.419Z,2.8790371,3.5501673,8.676249,true
6827bc374b2ae70172a6d0fd,Gravity,,,,,W1hZkqBeWCUTVBX6rx9OeHmaWx63,2024-10-30T01:45:19.578Z,2.857831,3.497905,8.704441,true
6827bc374b2ae70172a6d0fe,Gravity,,,,,W1hZkqBeWCUTVBX6rx9OeHmaWx63,2024-10-30T01:45:19.737Z,2.838935,3.5000305,8.709769,true
6827bc374b2ae70172a6d0ff,Gravity,,,,,W1hZkqBeWCUTVBX6rx9OeHmaWx63,2024-10-30T01:45:19.897Z,2.8175359,3.480754,8.724432,true
6827bc374b2ae70172a6d100,Gravity,,,,,W1hZkqBeWCUTVBX6rx9OeHmaWx63,2024-10-30T01:45:20.057Z,2.799326,3.4593375,8.738801,true
6827bc374b2ae70172a6d101,Gravity,,,,,W1hZkqBeWCUTVBX6rx9OeHmaWx63,2024-10-30T01:45:20.218Z,2.7663927,3.4453585,8.754797,true
6827bc374b2ae70172a6d102,Gravity,,,,,W1hZkqBeWCUTVBX6rx9OeHmaWx63,2024-10-30T01:45:20.377Z,2.7450516,3.4219751,8.770672,true
6827bc374b2ae70172a6d103,Gravity,,,,,W1hZkqBeWCUTVBX6rx9OeHmaWx63,2024-10-30T01:45:20.537Z,2.7313714,3.4167235,8.776989,true
6827bc374b2ae70172a6d104,Gravity,,,,,W1hZkqBeWCUTVBX6rx9OeHmaWx63,2024-10-30T01:45:20.847Z,2.7137394,3.4137728,8.783604,true
6827bc374b2ae70172a6d105,Gravity,,,,,W1hZkqBeWCUTVBX6rx9OeHmaWx63,2024-10-30T01:45:20.856Z,2.7124803,3.414757,8.78361,true
6827bc374b2ae70172a6d106,Gravity,,,,,W1hZkqBeWCUTVBX6rx9OeHmaWx63,2024-10-30T01:45:20.860Z,2.6892111,3.3974757,8.797456,true
6827bc374b2ae70172a6d107,Gravity,,,,,W1hZkqBeWCUTVBX6rx9OeHmaWx63,2024-10-30T01:45:21.018Z,2.6730828,3.391546,8.804657,true
6827bc374b2ae70172a6d108,Gravity,,,,,W1hZkqBeWCUTVBX6rx9OeHmaWx63,2024-10-30T01:45:21.620Z,2.6687362,3.3845327,8.808674,true
6827bc374b2ae70172a6d109,Gravity,,,,,W1hZkqBeWCUTVBX6rx9OeHmaWx63,2024-10-30T01:45:21.658Z,2.6587949,3.3409858,8.828284,true
6827bc374b2ae70172a6d10a,Gravity,,,,,W1hZkqBeWCUTVBX6rx9OeHmaWx63,2024-10-30T01:45:21.818Z,2.6502223,3.3026338,8.845277,true
6827bc374b2ae70172a6d10b,Gravity,,,,,W1hZkqBeWCUTVBX6rx9OeHmaWx63,2024-10-30T01:45:21.977Z,2.6410372,3.269786,8.860216,true
6827bc374b2ae70172a6d10c,Gravity,,,,,W1hZkqBeWCUTVBX6rx9OeHmaWx63,2024-10-30T01:45:22.137Z,2.6315596,3.259364,8.866874,true
6827bc374b2ae70172a6d10d,Gravity,,,,,W1hZkqBeWCUTVBX6rx9OeHmaWx63,2024-10-30T01:45:22.297Z,2.622636,3.2560575,8.870731,true
6827bc374b2ae70172a6d10e,Gravity,,,,,W1hZkqBeWCUTVBX6rx9OeHmaWx63,2024-10-30T01:45:22.457Z,2.611742,3.2446673,8.878116,true
6827bc374b2ae70172a6d10f,Gravity,,,,,W1hZkqBeWCUTVBX6rx9OeHmaWx63,2024-10-30T01:45:22.618Z,2.5977395,3.2230403,8.890094,true
6827bc374b2ae70172a6d110,Gravity,,,,,W1hZkqBeWCUTVBX6rx9OeHmaWx63,2024-10-30T01:45:22.777Z,2.5893672,3.2083519,8.897846,true
6827bc374b2ae70172a6d111,Gravity,,,,,W1hZkqBeWCUTVBX6rx9OeHmaWx63,2024-10-30T01:45:22.937Z,2.5778403,3.1927745,8.906793,true
6827bc374b2ae70172a6d112,Gravity,,,,,W1hZkqBeWCUTVBX6rx9OeHmaWx63,2024-10-30T01:45:23.097Z,2.5699623,3.173747,8.915865,true
6827bc374b2ae70172a6d113,Gravity,,,,,W1hZkqBeWCUTVBX6rx9OeHmaWx63,2024-10-30T01:45:23.256Z,2.5575137,3.1606288,8.924102,true
6827bc374b2ae70172a6d114,Gravity,,,,,W1hZkqBeWCUTVBX6rx9OeHmaWx63,2024-10-30T01:45:23.417Z,2.5464108,3.1409426,8.934222,true
6827bc374b2ae70172a6d115,Gravity,,,,,W1hZkqBeWCUTVBX6rx9OeHmaWx63,2024-10-30T01:45:23.738Z,2.5349703,3.144973,8.936057,true
6827bc374b2ae70172a6d116,Gravity,,,,,W1hZkqBeWCUTVBX6rx9OeHmaWx63,2024-10-30T01:45:23.742Z,2.533887,3.1442266,8.936627,true
6827bc374b2ae70172a6d117,Gravity,,,,,W1hZkqBeWCUTVBX6rx9OeHmaWx63,2024-10-30T01:45:23.742Z,2.5314982,3.1416404,8.938213,true
6827bc374b2ae70172a6d118,Gravity,,,,,W1hZkqBeWCUTVBX6rx9OeHmaWx63,2024-10-30T01:45:24.016Z,2.5099943,3.1180625,8.952523,true
6827bc374b2ae70172a6d119,Gravity,,,,,W1hZkqBeWCUTVBX6rx9OeHmaWx63,2024-10-30T01:45:24.027Z,2.5100422,3.1167567,8.952964,true
6827bc374b2ae70172a6d11a,Gravity,,,,,W1hZkqBeWCUTVBX6rx9OeHmaWx63,2024-10-30T01:45:24.056Z,2.4835212,3.0804052,8.972919,true
6827bc374b2ae70172a6d11b,Gravity,,,,,W1hZkqBeWCUTVBX6rx9OeHmaWx63,2024-10-30T01:45:24.217Z,2.4645228,3.0705836,8.981521,true
6827bc374b2ae70172a6d11c,Gravity,,,,,W1hZkqBeWCUTVBX6rx9OeHmaWx63,2024-10-30T01:45:24.376Z,2.450239,3.0588984,8.989413,true
6827bc374b2ae70172a6d11d,Gravity,,,,,W1hZkqBeWCUTVBX6rx9OeHmaWx63,2024-10-30T01:45:24.536Z,2.4413543,3.0551367,8.99311,true
6827bc374b2ae70172a6d11e,Gravity,,,,,W1hZkqBeWCUTVBX6rx9OeHmaWx63,2024-10-30T01:45:24.695Z,2.4302518,3.0437374,8.999979,true
6827bc374b2ae70172a6d11f,Gravity,,,,,W1hZkqBeWCUTVBX6rx9OeHmaWx63,2024-10-30T01:45:24.855Z,2.420599,3.0104227,9.013776,true
6827bc374b2ae70172a6d120,Gravity,,,,,W1hZkqBeWCUTVBX6rx9OeHmaWx63,2024-10-30T01:45:25.016Z,2.4090922,2.9700692,9.0302305,true
6827bc374b2ae70172a6d121,Gravity,,,,,W1hZkqBeWCUTVBX6rx9OeHmaWx63,2024-10-30T01:45:25.175Z,2.4008043,2.9274335,9.046347,true
6827bc374b2ae70172a6d122,Gravity,,,,,W1hZkqBeWCUTVBX6rx9OeHmaWx63,2024-10-30T01:45:25.335Z,2.3983383,2.8943174,9.05765,true
6827bc374b2ae70172a6d123,Gravity,,,,,W1hZkqBeWCUTVBX6rx9OeHmaWx63,2024-10-30T01:45:25.496Z,2.401027,2.889049,9.0586195,true
6827bc374b2ae70172a6d124,Gravity,,,,,W1hZkqBeWCUTVBX6rx9OeHmaWx63,2024-10-30T01:45:25.655Z,2.3998299,2.8821173,9.061145,true
6827bc374b2ae70172a6d125,Gravity,,,,,W1hZkqBeWCUTVBX6rx9OeHmaWx63,2024-10-30T01:45:25.818Z,2.385293,2.8810549,9.06532,true
6827bc374b2ae70172a6d126,Gravity,,,,,W1hZkqBeWCUTVBX6rx9OeHmaWx63,2024-10-30T01:45:25.978Z,2.364999,2.8191655,9.090061,true
6827bc374b2ae70172a6d127,Gravity,,,,,W1hZkqBeWCUTVBX6rx9OeHmaWx63,2024-10-30T01:45:26.138Z,2.3537087,2.8738892,9.075844,true
6827bc374b2ae70172a6d128,Gravity,,,,,W1hZkqBeWCUTVBX6rx9OeHmaWx63,2024-10-30T01:45:26.297Z,2.320407,2.8800673,9.082458,true
6827bc374b2ae70172a6d129,Gravity,,,,,W1hZkqBeWCUTVBX6rx9OeHmaWx63,2024-10-30T01:45:26.457Z,2.3116207,2.9088004,9.075539,true
6827bc374b2ae70172a6d12a,Gravity,,,,,W1hZkqBeWCUTVBX6rx9OeHmaWx63,2024-10-30T01:45:26.619Z,2.2958307,2.9030855,9.081375,true
6827bc374b2ae70172a6d12b,Gravity,,,,,W1hZkqBeWCUTVBX6rx9OeHmaWx63,2024-10-30T01:45:26.776Z,2.2905004,2.9725606,9.060222,true
6827bc374b2ae70172a6d12c,Gravity,,,,,W1hZkqBeWCUTVBX6rx9OeHmaWx63,2024-10-30T01:45:26.935Z,2.274173,3.0426588,9.041044,true
6827bc374b2ae70172a6d12d,Gravity,,,,,W1hZkqBeWCUTVBX6rx9OeHmaWx63,2024-10-30T01:45:27.098Z,2.2431085,3.008102,9.0603485,true
6827bc374b2ae70172a6d12e,Gravity,,,,,W1hZkqBeWCUTVBX6rx9OeHmaWx63,2024-10-30T01:45:27.255Z,2.2049365,2.9294846,9.095411,true
6827bc374b2ae70172a6d12f,Gravity,,,,,W1hZkqBeWCUTVBX6rx9OeHmaWx63,2024-10-30T01:45:27.422Z,2.216123,2.9578068,9.083519,true
6827bc374b2ae70172a6d130,Gravity,,,,,W1hZkqBeWCUTVBX6rx9OeHmaWx63,2024-10-30T01:45:27.577Z,2.1687274,2.8533907,9.128249,true
6827bc374b2ae70172a6d131,Gravity,,,,,W1hZkqBeWCUTVBX6rx9OeHmaWx63,2024-10-30T01:45:27.743Z,2.1880677,2.7955298,9.141527,true
6827bc374b2ae70172a6d132,Gravity,,,,,W1hZkqBeWCUTVBX6rx9OeHmaWx63,2024-10-30T01:45:27.894Z,2.1485946,2.7330856,9.169729,true
6827bc374b2ae70172a6d133,Gravity,,,,,W1hZkqBeWCUTVBX6rx9OeHmaWx63,2024-10-30T01:45:28.053Z,2.1787097,2.8098485,9.139372,true
6827bc374b2ae70172a6d134,Gravity,,,,,W1hZkqBeWCUTVBX6rx9OeHmaWx63,2024-10-30T01:45:28.214Z,2.0985186,4.6883183,8.3537855,true
6827bc374b2ae70172a6d135,Gravity,,,,,W1hZkqBeWCUTVBX6rx9OeHmaWx63,2024-10-30T01:45:28.373Z,1.5757859,6.1473694,7.47638,true
6827bc374b2ae70172a6d136,Gravity,,,,,W1hZkqBeWCUTVBX6rx9OeHmaWx63,2024-10-30T01:45:28.533Z,0.9168562,8.475856,4.8464174,true
6827bc374b2ae70172a6d137,Gravity,,,,,W1hZkqBeWCUTVBX6rx9OeHmaWx63,2024-10-30T01:45:28.693Z,0.8319947,8.49032,4.836397,true
6827bc374b2ae70172a6d138,Gravity,,,,,W1hZkqBeWCUTVBX6rx9OeHmaWx63,2024-10-30T01:45:28.852Z,0.8511767,8.463016,4.880714,true
6827bc374b2ae70172a6d139,Gravity,,,,,W1hZkqBeWCUTVBX6rx9OeHmaWx63,2024-10-30T01:45:29.013Z,0.53804654,8.507125,4.848486,true
6827bc374b2ae70172a6d13a,Gravity,,,,,W1hZkqBeWCUTVBX6rx9OeHmaWx63,2024-10-30T01:45:29.282Z,0.41880205,8.490435,4.8893375,true
6827bc374b2ae70172a6d13b,Gravity,,,,,W1hZkqBeWCUTVBX6rx9OeHmaWx63,2024-10-30T01:45:29.288Z,0.40774378,8.485062,4.899586,true
6827bc374b2ae70172a6d13c,Gravity,,,,,W1hZkqBeWCUTVBX6rx9OeHmaWx63,2024-10-30T01:45:29.332Z,0.2875424,8.46968,4.934599,true
6827bc374b2ae70172a6d13d,Gravity,,,,,W1hZkqBeWCUTVBX6rx9OeHmaWx63,2024-10-30T01:45:29.493Z,0.10621523,8.365099,5.1168633,true
6827bc374b2ae70172a6d13e,Gravity,,,,,W1hZkqBeWCUTVBX6rx9OeHmaWx63,2024-10-30T01:45:29.652Z,-0.0770961,8.1391735,5.4696007,true
6827bc374b2ae70172a6d13f,Gravity,,,,,W1hZkqBeWCUTVBX6rx9OeHmaWx63,2024-10-30T01:45:29.813Z,0.15854543,8.146019,5.4576416,true
6827bc374b2ae70172a6d140,Gravity,,,,,W1hZkqBeWCUTVBX6rx9OeHmaWx63,2024-10-30T01:45:29.972Z,3.7963552,7.4190674,5.1685205,true
6827bc374b2ae70172a6d141,Gravity,,,,,W1hZkqBeWCUTVBX6rx9OeHmaWx63,2024-10-30T01:45:30.132Z,7.5964108,5.118026,3.5025926,true
6827bc374b2ae70172a6d142,Gravity,,,,,W1hZkqBeWCUTVBX6rx9OeHmaWx63,2024-10-30T01:45:30.291Z,8.760935,3.3519385,2.8597283,true
6827bc374b2ae70172a6d143,Gravity,,,,,W1hZkqBeWCUTVBX6rx9OeHmaWx63,2024-10-30T01:45:30.451Z,8.974555,3.002244,2.571252,true
6827bc374b2ae70172a6d144,Gravity,,,,,W1hZkqBeWCUTVBX6rx9OeHmaWx63,2024-10-30T01:45:30.612Z,9.141384,2.7642689,2.2273688,true
6827bc374b2ae70172a6d145,Gravity,,,,,W1hZkqBeWCUTVBX6rx9OeHmaWx63,2024-10-30T01:45:30.925Z,9.233207,2.529895,2.1248057,true
6827bc374b2ae70172a6d146,Gravity,,,,,W1hZkqBeWCUTVBX6rx9OeHmaWx63,2024-10-30T01:45:30.931Z,9.225367,2.5433455,2.1427283,true
6827bc374b2ae70172a6d147,Gravity,,,,,W1hZkqBeWCUTVBX6rx9OeHmaWx63,2024-10-30T01:45:30.932Z,9.066922,2.9388661,2.3068085,true
6827bc374b2ae70172a6d148,Gravity,,,,,W1hZkqBeWCUTVBX6rx9OeHmaWx63,2024-10-30T01:45:31.092Z,8.948895,3.2432938,2.3591921,true
6827bc374b2ae70172a6d149,Gravity,,,,,W1hZkqBeWCUTVBX6rx9OeHmaWx63,2024-10-30T01:45:31.251Z,8.842414,3.4503486,2.464607,true
6827bc374b2ae70172a6d14a,Gravity,,,,,W1hZkqBeWCUTVBX6rx9OeHmaWx63,2024-10-30T01:45:31.412Z,8.802027,3.4417508,2.6165261,true
6827bc374b2ae70172a6d14b,Gravity,,,,,W1hZkqBeWCUTVBX6rx9OeHmaWx63,2024-10-30T01:45:31.571Z,8.697794,3.6081262,2.738144,true
6827bc374b2ae70172a6d14c,Gravity,,,,,W1hZkqBeWCUTVBX6rx9OeHmaWx63,2024-10-30T01:45:31.731Z,8.782654,3.2782094,2.8785524,true
6827bc374b2ae70172a6d14d,Gravity,,,,,W1hZkqBeWCUTVBX6rx9OeHmaWx63,2024-10-30T01:45:31.890Z,8.734808,3.1265185,3.1773999,true
6827bc374b2ae70172a6d14e,Gravity,,,,,W1hZkqBeWCUTVBX6rx9OeHmaWx63,2024-10-30T01:45:32.050Z,8.689129,3.3420765,3.0817823,true
6827bc374b2ae70172a6d14f,Gravity,,,,,W1hZkqBeWCUTVBX6rx9OeHmaWx63,2024-10-30T01:45:32.211Z,8.593688,3.5879192,3.0729723,true
6827bc374b2ae70172a6d150,Gravity,,,,,W1hZkqBeWCUTVBX6rx9OeHmaWx63,2024-10-30T01:45:32.370Z,8.306495,4.1799297,3.114179,true
6827bc374b2ae70172a6d151,Gravity,,,,,W1hZkqBeWCUTVBX6rx9OeHmaWx63,2024-10-30T01:45:32.530Z,7.9045253,4.7012215,3.403665,true
6827bc374b2ae70172a6d152,Gravity,,,,,W1hZkqBeWCUTVBX6rx9OeHmaWx63,2024-10-30T01:45:32.690Z,7.320744,5.4195323,3.6336532,true
6827bc374b2ae70172a6d153,Gravity,,,,,W1hZkqBeWCUTVBX6rx9OeHmaWx63,2024-10-30T01:45:32.851Z,6.602333,5.9744163,4.108986,true
6827bc374b2ae70172a6d154,Gravity,,,,,W1hZkqBeWCUTVBX6rx9OeHmaWx63,2024-10-30T01:45:33.011Z,6.3045497,6.1863585,4.260275,true
6827bc374b2ae70172a6d155,Gravity,,,,,W1hZkqBeWCUTVBX6rx9OeHmaWx63,2024-10-30T01:45:33.170Z,6.052676,6.3878965,4.327606,true
6827bc374b2ae70172a6d156,Gravity,,,,,W1hZkqBeWCUTVBX6rx9OeHmaWx63,2024-10-30T01:45:33.330Z,5.651802,6.488168,4.7041745,true
6827bc374b2ae70172a6d157,Gravity,,,,,W1hZkqBeWCUTVBX6rx9OeHmaWx63,2024-10-30T01:45:33.489Z,5.0631914,6.609483,5.181452,true
6827bc374b2ae70172a6d158,Gravity,,,,,W1hZkqBeWCUTVBX6rx9OeHmaWx63,2024-10-30T01:45:33.732Z,4.901162,6.6699862,5.259136,true
6827bc374b2ae70172a6d159,Gravity,,,,,W1hZkqBeWCUTVBX6rx9OeHmaWx63,2024-10-30T01:45:33.737Z,4.8744183,6.6832094,5.267198,true
6827bc374b2ae70172a6d15a,Gravity,,,,,W1hZkqBeWCUTVBX6rx9OeHmaWx63,2024-10-30T01:45:33.810Z,4.163572,7.0459914,5.40253,true
6827bc374b2ae70172a6d15b,Gravity,,,,,W1hZkqBeWCUTVBX6rx9OeHmaWx63,2024-10-30T01:45:33.969Z,3.6478782,7.477669,5.1909537,true
6827bc374b2ae70172a6d15c,Gravity,,,,,W1hZkqBeWCUTVBX6rx9OeHmaWx63,2024-10-30T01:45:34.129Z,3.625328,7.7288957,4.825924,true
6827bc374b2ae70172a6d15d,Gravity,,,,,W1hZkqBeWCUTVBX6rx9OeHmaWx63,2024-10-30T01:45:34.289Z,4.03619,7.83052,4.308158,true
6827bc374b2ae70172a6d15e,Gravity,,,,,W1hZkqBeWCUTVBX6rx9OeHmaWx63,2024-10-30T01:45:34.448Z,4.876094,6.8285155,5.0757756,true
6827bc374b2ae70172a6d15f,Gravity,,,,,W1hZkqBeWCUTVBX6rx9OeHmaWx63,2024-10-30T01:45:34.609Z,5.439537,6.1801662,5.327806,true
6827bc374b2ae70172a6d160,Gravity,,,,,W1hZkqBeWCUTVBX6rx9OeHmaWx63,2024-10-30T01:45:34.768Z,5.5959477,5.696672,5.6922717,true
6827bc374b2ae70172a6d161,Gravity,,,,,W1hZkqBeWCUTVBX6rx9OeHmaWx63,2024-10-30T01:45:34.928Z,5.9177623,5.16583,5.8705187,true
6827bc374b2ae70172a6d162,Gravity,,,,,W1hZkqBeWCUTVBX6rx9OeHmaWx63,2024-10-30T01:45:35.106Z,6.033574,4.828872,6.0371137,true
6827bc374b2ae70172a6d163,Gravity,,,,,W1hZkqBeWCUTVBX6rx9OeHmaWx63,2024-10-30T01:45:35.248Z,5.964553,4.7291417,6.1828914,true
6827bc374b2ae70172a6d164,Gravity,,,,,W1hZkqBeWCUTVBX6rx9OeHmaWx63,2024-10-30T01:45:35.409Z,5.8761373,4.467086,6.4563985,true
6827bc374b2ae70172a6d165,Gravity,,,,,W1hZkqBeWCUTVBX6rx9OeHmaWx63,2024-10-30T01:45:37.167Z,5.151058,1.2716795,8.24737,true
6827bc374b2ae70172a6d166,Gravity,,,,,W1hZkqBeWCUTVBX6rx9OeHmaWx63,2024-10-30T01:45:35.568Z,5.740254,4.2969437,6.6899,true
6827bc374b2ae70172a6d167,Gravity,,,,,W1hZkqBeWCUTVBX6rx9OeHmaWx63,2024-10-30T01:45:37.327Z,5.0550566,1.0310246,8.339851,true
6827bc374b2ae70172a6d168,Gravity,,,,,W1hZkqBeWCUTVBX6rx9OeHmaWx63,2024-10-30T01:45:35.729Z,5.565658,4.2285695,6.878352,true
6827bc374b2ae70172a6d169,Gravity,,,,,W1hZkqBeWCUTVBX6rx9OeHmaWx63,2024-10-30T01:45:37.487Z,5.156491,0.026377136,8.341441,true
6827bc374b2ae70172a6d16a,Gravity,,,,,W1hZkqBeWCUTVBX6rx9OeHmaWx63,2024-10-30T01:45:35.888Z,5.424327,3.3769157,7.4392505,true
6827bc374b2ae70172a6d16b,Gravity,,,,,W1hZkqBeWCUTVBX6rx9OeHmaWx63,2024-10-30T01:45:37.646Z,5.032143,-0.3406937,8.410186,true
6827bc374b2ae70172a6d16c,Gravity,,,,,W1hZkqBeWCUTVBX6rx9OeHmaWx63,2024-10-30T01:45:36.047Z,5.458261,2.0964522,7.872852,true
6827bc374b2ae70172a6d16d,Gravity,,,,,W1hZkqBeWCUTVBX6rx9OeHmaWx63,2024-10-30T01:45:36.208Z,5.6406603,1.1512395,7.938965,true
6827bc374b2ae70172a6d16e,Gravity,,,,,W1hZkqBeWCUTVBX6rx9OeHmaWx63,2024-10-30T01:45:36.367Z,5.672065,0.7876849,7.9609547,true
6827bc374b2ae70172a6d16f,Gravity,,,,,W1hZkqBeWCUTVBX6rx9OeHmaWx63,2024-10-30T01:45:36.527Z,5.592176,0.79185444,8.016866,true
6827bc374b2ae70172a6d170,Gravity,,,,,W1hZkqBeWCUTVBX6rx9OeHmaWx63,2024-10-30T01:45:36.687Z,5.312863,0.9017538,8.193291,true
6827bc374b2ae70172a6d171,Gravity,,,,,W1hZkqBeWCUTVBX6rx9OeHmaWx63,2024-10-30T01:45:36.847Z,5.316808,1.0657213,8.171013,true
6827bc374b2ae70172a6d172,Gravity,,,,,W1hZkqBeWCUTVBX6rx9OeHmaWx63,2024-10-30T01:45:37.029Z,5.2895813,1.3658648,8.143979,true
6827bc374b2ae70172a6d173,Gravity,,,,,W1hZkqBeWCUTVBX6rx9OeHmaWx63,2024-10-30T01:45:37.809Z,5.09411,-0.4646847,8.366831,true
6827bc374b2ae70172a6d174,Gravity,,,,,W1hZkqBeWCUTVBX6rx9OeHmaWx63,2024-10-30T01:45:37.970Z,5.096498,-0.46031567,8.365618,true
6827bc374b2ae70172a6d175,Gravity,,,,,W1hZkqBeWCUTVBX6rx9OeHmaWx63,2024-10-30T01:45:38.130Z,5.1417475,-0.45357803,8.33825,true
6827bc374b2ae70172a6d176,Gravity,,,,,W1hZkqBeWCUTVBX6rx9OeHmaWx63,2024-10-30T01:45:38.287Z,5.1943364,-0.47117594,8.30461,true
6827bc374b2ae70172a6d177,Gravity,,,,,W1hZkqBeWCUTVBX6rx9OeHmaWx63,2024-10-30T01:45:38.450Z,5.2306085,-0.2598048,8.291135,true
6827bc374b2ae70172a6d178,Gravity,,,,,W1hZkqBeWCUTVBX6rx9OeHmaWx63,2024-10-30T01:45:38.610Z,5.124875,-0.21488413,8.358181,true
6827bc374b2ae70172a6d179,Gravity,,,,,W1hZkqBeWCUTVBX6rx9OeHmaWx63,2024-10-30T01:45:38.767Z,5.1218553,-0.16506475,8.361165,true
6827bc374b2ae70172a6d17a,Gravity,,,,,W1hZkqBeWCUTVBX6rx9OeHmaWx63,2024-10-30T01:45:38.928Z,5.140982,-0.16866599,8.349345,true
6827bc374b2ae70172a6d17b,Gravity,,,,,W1hZkqBeWCUTVBX6rx9OeHmaWx63,2024-10-30T01:45:39.088Z,5.1027617,-0.06421265,8.374211,true
6827bc374b2ae70172a6d17c,Gravity,,,,,W1hZkqBeWCUTVBX6rx9OeHmaWx63,2024-10-30T01:45:39.246Z,4.994823,-0.10616247,8.438614,true
6827bc374b2ae70172a6d17d,Gravity,,,,,W1hZkqBeWCUTVBX6rx9OeHmaWx63,2024-10-30T01:45:39.408Z,4.8955674,-0.19701837,8.494962,true
6827bc374b2ae70172a6d17e,Gravity,,,,,W1hZkqBeWCUTVBX6rx9OeHmaWx63,2024-10-30T01:45:39.568Z,4.8101015,-0.31028453,8.540283,true
6827bc374b2ae70172a6d17f,Gravity,,,,,W1hZkqBeWCUTVBX6rx9OeHmaWx63,2024-10-30T01:45:39.728Z,4.6397696,-0.6804811,8.612741,true
6827bc374b2ae70172a6d180,Gravity,,,,,W1hZkqBeWCUTVBX6rx9OeHmaWx63,2024-10-30T01:45:39.890Z,4.6295953,-0.56483227,8.626566,true
6827bc374b2ae70172a6d181,Gravity,,,,,W1hZkqBeWCUTVBX6rx9OeHmaWx63,2024-10-30T01:45:40.049Z,4.692942,-0.25946268,8.606902,true
6827bc374b2ae70172a6d182,Gravity,,,,,W1hZkqBeWCUTVBX6rx9OeHmaWx63,2024-10-30T01:45:40.209Z,4.6312833,-0.21971549,8.641339,true
6827bc374b2ae70172a6d183,Gravity,,,,,W1hZkqBeWCUTVBX6rx9OeHmaWx63,2024-10-30T01:45:40.364Z,4.7220635,-0.21014307,8.592307,true
6827bc374b2ae70172a6d184,Gravity,,,,,W1hZkqBeWCUTVBX6rx9OeHmaWx63,2024-10-30T01:45:40.524Z,4.817162,-0.24387102,8.538456,true
6827bc374b2ae70172a6d185,Gravity,,,,,W1hZkqBeWCUTVBX6rx9OeHmaWx63,2024-10-30T01:45:40.684Z,4.72471,0.6431456,8.56932,true
6827bc374b2ae70172a6d186,Gravity,,,,,W1hZkqBeWCUTVBX6rx9OeHmaWx63,2024-10-30T01:45:40.844Z,4.846893,1.373263,8.413766,true
6827bc374b2ae70172a6d187,Gravity,,,,,W1hZkqBeWCUTVBX6rx9OeHmaWx63,2024-10-30T01:45:41.012Z,4.863338,1.5067407,8.381368,true
6827bc374b2ae70172a6d188,Gravity,,,,,W1hZkqBeWCUTVBX6rx9OeHmaWx63,2024-10-30T01:45:41.163Z,4.670028,1.2218301,8.536258,true
6827bc374b2ae70172a6d189,Gravity,,,,,W1hZkqBeWCUTVBX6rx9OeHmaWx63,2024-10-30T01:45:41.323Z,4.7349653,0.9360247,8.536609,true
6827bc374b2ae70172a6d18a,Gravity,,,,,W1hZkqBeWCUTVBX6rx9OeHmaWx63,2024-10-30T01:45:41.483Z,4.680291,0.35796413,8.610256,true
6827bc374b2ae70172a6d18b,Gravity,,,,,W1hZkqBeWCUTVBX6rx9OeHmaWx63,2024-10-30T01:45:41.643Z,4.540511,0.2473644,8.688634,true
6827bc374b2ae70172a6d18c,Gravity,,,,,W1hZkqBeWCUTVBX6rx9OeHmaWx63,2024-10-30T01:45:41.804Z,4.50955,0.3162088,8.702515,true
6827bc374b2ae70172a6d18d,Gravity,,,,,W1hZkqBeWCUTVBX6rx9OeHmaWx63,2024-10-30T01:45:41.962Z,4.460444,0.31419295,8.72786,true
6827bc374b2ae70172a6d18e,Gravity,,,,,W1hZkqBeWCUTVBX6rx9OeHmaWx63,2024-10-30T01:45:42.122Z,4.428335,0.31438452,8.744189,true
6827bc374b2ae70172a6d18f,Gravity,,,,,W1hZkqBeWCUTVBX6rx9OeHmaWx63,2024-10-30T01:45:42.282Z,4.422442,0.29324368,8.747907,true
6827bc374b2ae70172a6d190,Gravity,,,,,W1hZkqBeWCUTVBX6rx9OeHmaWx63,2024-10-30T01:45:42.442Z,4.461613,0.4253025,8.722555,true
6827bc374b2ae70172a6d191,Gravity,,,,,W1hZkqBeWCUTVBX6rx9OeHmaWx63,2024-10-30T01:45:42.603Z,4.4325957,0.4890664,8.733999,true
6827bc374b2ae70172a6d192,Gravity,,,,,W1hZkqBeWCUTVBX6rx9OeHmaWx63,2024-10-30T01:45:42.762Z,4.4085813,0.5108061,8.744904,true
6827bc374b2ae70172a6d193,Gravity,,,,,W1hZkqBeWCUTVBX6rx9OeHmaWx63,2024-10-30T01:45:42.922Z,4.404444,0.54423374,8.744971,true
6827bc374b2ae70172a6d194,Gravity,,,,,W1hZkqBeWCUTVBX6rx9OeHmaWx63,2024-10-30T01:45:43.082Z,4.399942,0.55413127,8.746617,true
6827bc374b2ae70172a6d195,Gravity,,,,,W1hZkqBeWCUTVBX6rx9OeHmaWx63,2024-10-30T01:45:43.242Z,4.378195,0.60456747,8.754185,true
6827bc374b2ae70172a6d196,Gravity,,,,,W1hZkqBeWCUTVBX6rx9OeHmaWx63,2024-10-30T01:45:43.402Z,4.376334,0.59079385,8.756056,true
6827bc374b2ae70172a6d197,Gravity,,,,,W1hZkqBeWCUTVBX6rx9OeHmaWx63,2024-10-30T01:45:43.561Z,4.420894,0.53805375,8.737049,true
6827bc374b2ae70172a6d198,Gravity,,,,,W1hZkqBeWCUTVBX6rx9OeHmaWx63,2024-10-30T01:45:43.824Z,4.472749,0.7101776,8.698274,true
6827bc374b2ae70172a6d199,Gravity,,,,,W1hZkqBeWCUTVBX6rx9OeHmaWx63,2024-10-30T01:45:43.831Z,4.4812016,0.7374188,8.691653,true
6827bc374b2ae70172a6d19a,Gravity,,,,,W1hZkqBeWCUTVBX6rx9OeHmaWx63,2024-10-30T01:45:43.881Z,4.666247,1.4485453,8.502797,true
6827bc374b2ae70172a6d19b,Gravity,,,,,W1hZkqBeWCUTVBX6rx9OeHmaWx63,2024-10-30T01:45:44.041Z,4.5231867,1.3340471,8.598306,true
6827bc374b2ae70172a6d19c,Gravity,,,,,W1hZkqBeWCUTVBX6rx9OeHmaWx63,2024-10-30T01:45:44.202Z,4.354785,1.1874963,8.706061,true
6827bc374b2ae70172a6d19d,Gravity,,,,,W1hZkqBeWCUTVBX6rx9OeHmaWx63,2024-10-30T01:45:44.361Z,4.3630204,1.1751096,8.703617,true
6827bc374b2ae70172a6d19e,Gravity,,,,,W1hZkqBeWCUTVBX6rx9OeHmaWx63,2024-10-30T01:45:44.521Z,4.4241734,1.2062509,8.668413,true
6827bc374b2ae70172a6d19f,Gravity,,,,,W1hZkqBeWCUTVBX6rx9OeHmaWx63,2024-10-30T01:45:44.681Z,4.4283056,1.2158669,8.664959,true
6827bc374b2ae70172a6d1a0,Gravity,,,,,W1hZkqBeWCUTVBX6rx9OeHmaWx63,2024-10-30T01:45:44.841Z,4.4332714,1.2289218,8.660578,true
6827bc374b2ae70172a6d1a1,Gravity,,,,,W1hZkqBeWCUTVBX6rx9OeHmaWx63,2024-10-30T01:45:45.001Z,4.4184284,1.2159532,8.669989,true
6827bc374b2ae70172a6d1a2,Gravity,,,,,W1hZkqBeWCUTVBX6rx9OeHmaWx63,2024-10-30T01:45:45.160Z,4.3883657,1.2052962,8.686729,true
6827bc374b2ae70172a6d1a3,Gravity,,,,,W1hZkqBeWCUTVBX6rx9OeHmaWx63,2024-10-30T01:45:45.320Z,4.383045,1.1717865,8.693998,true
6827bc374b2ae70172a6d1a4,Gravity,,,,,W1hZkqBeWCUTVBX6rx9OeHmaWx63,2024-10-30T01:45:45.480Z,4.3643513,1.1543268,8.70573,true
6827bc374b2ae70172a6d1a5,Gravity,,,,,W1hZkqBeWCUTVBX6rx9OeHmaWx63,2024-10-30T01:45:45.647Z,4.3525405,1.1643133,8.710313,true
6827bc374b2ae70172a6d1a6,Gravity,,,,,W1hZkqBeWCUTVBX6rx9OeHmaWx63,2024-10-30T01:45:45.801Z,4.349785,1.13205,8.715941,true
6827bc374b2ae70172a6d1a7,Gravity,,,,,W1hZkqBeWCUTVBX6rx9OeHmaWx63,2024-10-30T01:45:45.960Z,4.3540525,1.0833415,8.720001,true
6827bc374b2ae70172a6d1a8,Gravity,,,,,W1hZkqBeWCUTVBX6rx9OeHmaWx63,2024-10-30T01:45:46.120Z,4.356588,1.0620735,8.721351,true
6827bc374b2ae70172a6d1a9,Gravity,,,,,W1hZkqBeWCUTVBX6rx9OeHmaWx63,2024-10-30T01:45:46.280Z,4.3400354,1.0247209,8.734063,true
6827bc374b2ae70172a6d1aa,Gravity,,,,,W1hZkqBeWCUTVBX6rx9OeHmaWx63,2024-10-30T01:45:46.439Z,4.3179545,1.000509,8.747805,true
6827bc374b2ae70172a6d1ab,Gravity,,,,,W1hZkqBeWCUTVBX6rx9OeHmaWx63,2024-10-30T01:45:46.600Z,4.307132,0.982122,8.755221,true
6827bc374b2ae70172a6d1ac,Gravity,,,,,W1hZkqBeWCUTVBX6rx9OeHmaWx63,2024-10-30T01:45:46.759Z,4.331785,0.91811544,8.750002,true
6827bc374b2ae70172a6d1ad,Gravity,,,,,W1hZkqBeWCUTVBX6rx9OeHmaWx63,2024-10-30T01:45:46.919Z,4.3303037,0.8228813,8.760203,true
6827bc374b2ae70172a6d1ae,Gravity,,,,,W1hZkqBeWCUTVBX6rx9OeHmaWx63,2024-10-30T01:45:47.079Z,4.2947993,0.75790936,8.783512,true
6827bc374b2ae70172a6d1af,Gravity,,,,,W1hZkqBeWCUTVBX6rx9OeHmaWx63,2024-10-30T01:45:47.239Z,4.2583313,0.75441974,8.801551,true
6827bc374b2ae70172a6d1b0,Gravity,,,,,W1hZkqBeWCUTVBX6rx9OeHmaWx63,2024-10-30T01:45:47.400Z,4.2244053,0.72953594,8.819979,true
6827bc374b2ae70172a6d1b1,Gravity,,,,,W1hZkqBeWCUTVBX6rx9OeHmaWx63,2024-10-30T01:45:47.559Z,4.207739,0.6781119,8.832041,true
6827bc374b2ae70172a6d1b2,Gravity,,,,,W1hZkqBeWCUTVBX6rx9OeHmaWx63,2024-10-30T01:45:47.721Z,4.21447,0.564188,8.836843,true
6827bc374b2ae70172a6d1b3,Gravity,,,,,W1hZkqBeWCUTVBX6rx9OeHmaWx63,2024-10-30T01:45:47.879Z,4.3237166,0.28347704,8.79744,true
6827bc374b2ae70172a6d1b4,Gravity,,,,,W1hZkqBeWCUTVBX6rx9OeHmaWx63,2024-10-30T01:45:48.039Z,4.387108,0.29834583,8.765505,true
6827bc374b2ae70172a6d1b5,Gravity,,,,,W1hZkqBeWCUTVBX6rx9OeHmaWx63,2024-10-30T01:45:48.200Z,4.4443455,1.0118068,8.68296,true
6827bc374b2ae70172a6d1b6,Gravity,,,,,W1hZkqBeWCUTVBX6rx9OeHmaWx63,2024-10-30T01:45:48.359Z,4.477302,1.007021,8.666568,true
6827bc374b2ae70172a6d1b7,Gravity,,,,,W1hZkqBeWCUTVBX6rx9OeHmaWx63,2024-10-30T01:45:48.519Z,4.406391,0.9430571,8.709999,true
6827bc374b2ae70172a6d1b8,Gravity,,,,,W1hZkqBeWCUTVBX6rx9OeHmaWx63,2024-10-30T01:45:48.679Z,4.4050236,0.89082015,8.716188,true
6827bc374b2ae70172a6d1b9,Gravity,,,,,W1hZkqBeWCUTVBX6rx9OeHmaWx63,2024-10-30T01:45:48.839Z,4.5046463,0.9349809,8.660465,true
6827bc374b2ae70172a6d1ba,Gravity,,,,,W1hZkqBeWCUTVBX6rx9OeHmaWx63,2024-10-30T01:45:49.065Z,4.5219417,0.938934,8.651019,true
6827bc374b2ae70172a6d1bb,Gravity,,,,,W1hZkqBeWCUTVBX6rx9OeHmaWx63,2024-10-30T01:45:49.159Z,4.783805,0.45546487,8.548532,true
6827bc374b2ae70172a6d1bc,Gravity,,,,,W1hZkqBeWCUTVBX6rx9OeHmaWx63,2024-10-30T01:45:49.319Z,4.856778,0.39327538,8.510383,true
6827bc374b2ae70172a6d1bd,Gravity,,,,,W1hZkqBeWCUTVBX6rx9OeHmaWx63,2024-10-30T01:45:49.479Z,4.8498936,0.16065277,8.521871,true
6827bc374b2ae70172a6d1be,Gravity,,,,,W1hZkqBeWCUTVBX6rx9OeHmaWx63,2024-10-30T01:45:49.638Z,4.8415136,-1.3605542,8.418916,true
6827bc374b2ae70172a6d1bf,Gravity,,,,,W1hZkqBeWCUTVBX6rx9OeHmaWx63,2024-10-30T01:45:49.801Z,4.8231483,-1.3798587,8.4263115,true
6827bc374b2ae70172a6d1c0,Gravity,,,,,W1hZkqBeWCUTVBX6rx9OeHmaWx63,2024-10-30T01:45:49.962Z,4.825647,-0.9833466,8.480312,true
6827bc374b2ae70172a6d1c1,Gravity,,,,,W1hZkqBeWCUTVBX6rx9OeHmaWx63,2024-10-30T01:45:50.121Z,4.8446894,-0.38155735,8.517803,true
6827bc374b2ae70172a6d1c2,Gravity,,,,,W1hZkqBeWCUTVBX6rx9OeHmaWx63,2024-10-30T01:45:50.278Z,4.8462734,0.093415804,8.524933,true
6827bc374b2ae70172a6d1c3,Gravity,,,,,W1hZkqBeWCUTVBX6rx9OeHmaWx63,2024-10-30T01:45:50.440Z,4.845337,0.077205114,8.525627,true
6827bc374b2ae70172a6d1c4,Gravity,,,,,W1hZkqBeWCUTVBX6rx9OeHmaWx63,2024-10-30T01:45:50.601Z,4.7865815,0.12130787,8.558241,true
6827bc374b2ae70172a6d1c5,Gravity,,,,,W1hZkqBeWCUTVBX6rx9OeHmaWx63,2024-10-30T01:45:50.758Z,4.7333574,0.1138257,8.587895,true
6827bc374b2ae70172a6d1c6,Gravity,,,,,W1hZkqBeWCUTVBX6rx9OeHmaWx63,2024-10-30T01:45:50.920Z,4.6991878,0.093330465,8.606889,true
6827bc374b2ae70172a6d1c7,Gravity,,,,,W1hZkqBeWCUTVBX6rx9OeHmaWx63,2024-10-30T01:45:51.081Z,4.67198,0.06835487,8.6219225,true
6827bc374b2ae70172a6d1c8,Gravity,,,,,W1hZkqBeWCUTVBX6rx9OeHmaWx63,2024-10-30T01:45:51.238Z,4.659336,0.10240152,8.628426,true
6827bc374b2ae70172a6d1c9,Gravity,,,,,W1hZkqBeWCUTVBX6rx9OeHmaWx63,2024-10-30T01:45:51.410Z,4.6400876,0.07672653,8.639059,true
6827bc374b2ae70172a6d1ca,Gravity,,,,,W1hZkqBeWCUTVBX6rx9OeHmaWx63,2024-10-30T01:45:51.560Z,4.630054,0.069144994,8.644505,true
6827bc374b2ae70172a6d1cb,Gravity,,,,,W1hZkqBeWCUTVBX6rx9OeHmaWx63,2024-10-30T01:45:51.720Z,4.617378,0.10125279,8.650968,true
6827bc374b2ae70172a6d1cc,Gravity,,,,,W1hZkqBeWCUTVBX6rx9OeHmaWx63,2024-10-30T01:45:51.876Z,4.545064,0.43975088,8.678634,true
6827bc374b2ae70172a6d1cd,Gravity,,,,,W1hZkqBeWCUTVBX6rx9OeHmaWx63,2024-10-30T01:45:52.036Z,4.352317,1.1647443,8.710363,true
6827bc374b2ae70172a6d1ce,Gravity,,,,,W1hZkqBeWCUTVBX6rx9OeHmaWx63,2024-10-30T01:45:52.197Z,4.0790854,1.8397187,8.726179,true
6827bc374b2ae70172a6d1cf,Gravity,,,,,W1hZkqBeWCUTVBX6rx9OeHmaWx63,2024-10-30T01:45:52.356Z,4.153684,1.4114947,8.770652,true
6827bc374b2ae70172a6d1d0,Gravity,,,,,W1hZkqBeWCUTVBX6rx9OeHmaWx63,2024-10-30T01:45:52.516Z,4.2792835,0.8570031,8.781972,true
6827bc374b2ae70172a6d1d1,Gravity,,,,,W1hZkqBeWCUTVBX6rx9OeHmaWx63,2024-10-30T01:45:52.676Z,4.330555,0.63443935,8.775735,true
6827bc374b2ae70172a6d1d2,Gravity,,,,,W1hZkqBeWCUTVBX6rx9OeHmaWx63,2024-10-30T01:45:52.836Z,4.354711,0.44100425,8.775634,true
6827bc374b2ae70172a6d1d3,Gravity,,,,,W1hZkqBeWCUTVBX6rx9OeHmaWx63,2024-10-30T01:45:53.161Z,4.3559675,0.2655109,8.782073,true
6827bc374b2ae70172a6d1d4,Gravity,,,,,W1hZkqBeWCUTVBX6rx9OeHmaWx63,2024-10-30T01:45:53.166Z,4.35576,0.26240695,8.782269,true
6827bc374b2ae70172a6d1d5,Gravity,,,,,W1hZkqBeWCUTVBX6rx9OeHmaWx63,2024-10-30T01:45:53.167Z,4.355962,0.25983167,8.782245,true
6827bc374b2ae70172a6d1d6,Gravity,,,,,W1hZkqBeWCUTVBX6rx9OeHmaWx63,2024-10-30T01:45:53.316Z,4.514021,0.21887743,8.703183,true
6827bc374b2ae70172a6d1d7,Gravity,,,,,W1hZkqBeWCUTVBX6rx9OeHmaWx63,2024-10-30T01:45:53.476Z,4.6436467,0.020101562,8.637465,true
6827bc374b2ae70172a6d1d8,Gravity,,,,,W1hZkqBeWCUTVBX6rx9OeHmaWx63,2024-10-30T01:45:53.636Z,4.657147,-0.023605917,8.630184,true
6827bc374b2ae70172a6d1d9,Gravity,,,,,W1hZkqBeWCUTVBX6rx9OeHmaWx63,2024-10-30T01:45:53.796Z,4.6450124,-0.03764891,8.636671,true
6827bc374b2ae70172a6d1da,Gravity,,,,,W1hZkqBeWCUTVBX6rx9OeHmaWx63,2024-10-30T01:45:53.956Z,4.600286,-0.058858726,8.660459,true
6827bc374b2ae70172a6d1db,Gravity,,,,,W1hZkqBeWCUTVBX6rx9OeHmaWx63,2024-10-30T01:45:54.115Z,4.4508514,-0.2414489,8.735063,true
6827bc374b2ae70172a6d1dc,Gravity,,,,,W1hZkqBeWCUTVBX6rx9OeHmaWx63,2024-10-30T01:45:54.275Z,4.273499,-0.46358943,8.814308,true
6827bc374b2ae70172a6d1dd,Gravity,,,,,W1hZkqBeWCUTVBX6rx9OeHmaWx63,2024-10-30T01:45:54.435Z,4.1774483,-0.58488023,8.853057,true
6827bc374b2ae70172a6d1de,Gravity,,,,,W1hZkqBeWCUTVBX6rx9OeHmaWx63,2024-10-30T01:45:54.596Z,4.1356635,-0.61471844,8.870637,true
6827bc374b2ae70172a6d1df,Gravity,,,,,W1hZkqBeWCUTVBX6rx9OeHmaWx63,2024-10-30T01:45:54.755Z,4.118093,-0.6250057,8.878089,true
6827bc374b2ae70172a6d1e0,Gravity,,,,,W1hZkqBeWCUTVBX6rx9OeHmaWx63,2024-10-30T01:45:54.916Z,4.0916486,-0.66512954,8.887397,true
6827bc374b2ae70172a6d1e1,Gravity,,,,,W1hZkqBeWCUTVBX6rx9OeHmaWx63,2024-10-30T01:45:55.075Z,4.069358,-0.6893508,8.895782,true
6827bc374b2ae70172a6d1e2,Gravity,,,,,W1hZkqBeWCUTVBX6rx9OeHmaWx63,2024-10-30T01:45:55.235Z,4.053197,-0.72549236,8.900286,true
6827bc374b2ae70172a6d1e3,Gravity,,,,,W1hZkqBeWCUTVBX6rx9OeHmaWx63,2024-10-30T01:45:55.396Z,4.0149207,-0.75322425,8.915319,true
6827bc374b2ae70172a6d1e4,Gravity,,,,,W1hZkqBeWCUTVBX6rx9OeHmaWx63,2024-10-30T01:45:57.581Z,4.004042,-0.76258683,8.9194145,true
6827bc374b2ae70172a6d1e5,Gravity,,,,,W1hZkqBeWCUTVBX6rx9OeHmaWx63,2024-10-30T01:45:57.592Z,4.004151,-0.7630233,8.919329,true
6827bc374b2ae70172a6d1e6,Gravity,,,,,W1hZkqBeWCUTVBX6rx9OeHmaWx63,2024-10-30T01:45:57.653Z,3.9921927,-0.77151746,8.923958,true
6827bc374b2ae70172a6d1e7,Gravity,,,,,W1hZkqBeWCUTVBX6rx9OeHmaWx63,2024-10-30T01:45:57.814Z,3.979507,-0.79348963,8.927696,true
6827bc374b2ae70172a6d1e8,Gravity,,,,,W1hZkqBeWCUTVBX6rx9OeHmaWx63,2024-10-30T01:45:57.973Z,3.970918,-0.8177441,8.929332,true
6827bc374b2ae70172a6d1e9,Gravity,,,,,W1hZkqBeWCUTVBX6rx9OeHmaWx63,2024-10-30T01:45:58.133Z,3.9681935,-0.85279644,8.927264,true
6827bc374b2ae70172a6d1ea,Gravity,,,,,W1hZkqBeWCUTVBX6rx9OeHmaWx63,2024-10-30T01:45:58.293Z,3.9562056,-0.8907158,8.928882,true
6827bc374b2ae70172a6d1eb,Gravity,,,,,W1hZkqBeWCUTVBX6rx9OeHmaWx63,2024-10-30T01:45:58.453Z,4.125611,-1.3257842,8.797239,true
6827bc374b2ae70172a6d1ec,Gravity,,,,,W1hZkqBeWCUTVBX6rx9OeHmaWx63,2024-10-30T01:45:58.614Z,4.5825357,-2.3841968,8.335794,true
6827bc374b2ae70172a6d1ed,Gravity,,,,,W1hZkqBeWCUTVBX6rx9OeHmaWx63,2024-10-30T01:45:58.773Z,4.677195,-2.4867911,8.252828,true
6827bc374b2ae70172a6d1ee,Gravity,,,,,W1hZkqBeWCUTVBX6rx9OeHmaWx63,2024-10-30T01:45:58.933Z,4.656636,-2.4486635,8.275822,true
6827bc374b2ae70172a6d1ef,Gravity,,,,,W1hZkqBeWCUTVBX6rx9OeHmaWx63,2024-10-30T01:45:59.165Z,4.6684337,-2.4698052,8.262881,true
6827bc374b2ae70172a6d1f0,Gravity,,,,,W1hZkqBeWCUTVBX6rx9OeHmaWx63,2024-10-30T01:45:59.253Z,4.6802144,-2.5115473,8.243611,true
6827bc374b2ae70172a6d1f1,Gravity,,,,,W1hZkqBeWCUTVBX6rx9OeHmaWx63,2024-10-30T01:46:01.013Z,4.4775605,-2.2907124,8.418645,true
6827bc374b2ae70172a6d1f2,Gravity,,,,,W1hZkqBeWCUTVBX6rx9OeHmaWx63,2024-10-30T01:45:59.413Z,4.6598234,-2.4533584,8.272635,true
6827bc374b2ae70172a6d1f3,Gravity,,,,,W1hZkqBeWCUTVBX6rx9OeHmaWx63,2024-10-30T01:46:01.172Z,4.462322,-2.3125522,8.420765,true
6827bc374b2ae70172a6d1f4,Gravity,,,,,W1hZkqBeWCUTVBX6rx9OeHmaWx63,2024-10-30T01:45:59.572Z,4.6285205,-2.367434,8.315136,true
6827bc374b2ae70172a6d1f5,Gravity,,,,,W1hZkqBeWCUTVBX6rx9OeHmaWx63,2024-10-30T01:46:01.333Z,4.444629,-2.335765,8.423715,true
6827bc374b2ae70172a6d1f6,Gravity,,,,,W1hZkqBeWCUTVBX6rx9OeHmaWx63,2024-10-30T01:45:59.734Z,4.596876,-2.3176544,8.346655,true
6827bc374b2ae70172a6d1f7,Gravity,,,,,W1hZkqBeWCUTVBX6rx9OeHmaWx63,2024-10-30T01:46:01.493Z,4.431757,-2.3606527,8.423559,true
6827bc374b2ae70172a6d1f8,Gravity,,,,,W1hZkqBeWCUTVBX6rx9OeHmaWx63,2024-10-30T01:45:59.892Z,4.572668,-2.2753465,8.371556,true
6827bc374b2ae70172a6d1f9,Gravity,,,,,W1hZkqBeWCUTVBX6rx9OeHmaWx63,2024-10-30T01:46:01.652Z,4.421645,-2.3760822,8.424535,true
6827bc374b2ae70172a6d1fa,Gravity,,,,,W1hZkqBeWCUTVBX6rx9OeHmaWx63,2024-10-30T01:46:00.052Z,4.5641766,-2.2667103,8.37853,true
6827bc374b2ae70172a6d1fb,Gravity,,,,,W1hZkqBeWCUTVBX6rx9OeHmaWx63,2024-10-30T01:46:00.213Z,4.5532823,-2.2542274,8.387821,true
6827bc374b2ae70172a6d1fc,Gravity,,,,,W1hZkqBeWCUTVBX6rx9OeHmaWx63,2024-10-30T01:46:00.372Z,4.541265,-2.2665818,8.3910055,true
6827bc374b2ae70172a6d1fd,Gravity,,,,,W1hZkqBeWCUTVBX6rx9OeHmaWx63,2024-10-30T01:46:00.532Z,4.5269866,-2.2560391,8.401556,true
6827bc374b2ae70172a6d1fe,Gravity,,,,,W1hZkqBeWCUTVBX6rx9OeHmaWx63,2024-10-30T01:46:00.692Z,4.5087023,-2.2524197,8.412353,true
6827bc374b2ae70172a6d1ff,Gravity,,,,,W1hZkqBeWCUTVBX6rx9OeHmaWx63,2024-10-30T01:46:00.852Z,4.490705,-2.2658808,8.418364,true
6827bc374b2ae70172a6d200,Gravity,,,,,W1hZkqBeWCUTVBX6rx9OeHmaWx63,2024-10-30T01:46:01.815Z,4.408998,-2.3735151,8.431885,true
6827bc374b2ae70172a6d201,Gravity,,,,,W1hZkqBeWCUTVBX6rx9OeHmaWx63,2024-10-30T01:46:01.977Z,4.4023814,-2.3730617,8.435468,true
6827bc374b2ae70172a6d202,Gravity,,,,,W1hZkqBeWCUTVBX6rx9OeHmaWx63,2024-10-30T01:46:02.135Z,4.3953114,-2.3399212,8.448403,true
6827bc374b2ae70172a6d203,Gravity,,,,,W1hZkqBeWCUTVBX6rx9OeHmaWx63,2024-10-30T01:46:02.293Z,4.3810043,-2.3149025,8.462715,true
6827bc374b2ae70172a6d204,Gravity,,,,,W1hZkqBeWCUTVBX6rx9OeHmaWx63,2024-10-30T01:46:02.455Z,4.3678594,-2.2976563,8.474203,true
6827bc374b2ae70172a6d205,Gravity,,,,,W1hZkqBeWCUTVBX6rx9OeHmaWx63,2024-10-30T01:46:02.617Z,4.352837,-2.2947757,8.482708,true
6827bc374b2ae70172a6d206,Gravity,,,,,W1hZkqBeWCUTVBX6rx9OeHmaWx63,2024-10-30T01:46:02.772Z,4.338619,-2.3004968,8.488442,true
6827bc374b2ae70172a6d207,Gravity,,,,,W1hZkqBeWCUTVBX6rx9OeHmaWx63,2024-10-30T01:46:02.934Z,4.3262563,-2.3099823,8.492175,true
6827bc374b2ae70172a6d208,Gravity,,,,,W1hZkqBeWCUTVBX6rx9OeHmaWx63,2024-10-30T01:46:03.094Z,4.314258,-2.3257477,8.493976,true
6827bc374b2ae70172a6d209,Gravity,,,,,W1hZkqBeWCUTVBX6rx9OeHmaWx63,2024-10-30T01:46:03.255Z,4.3032775,-2.3519914,8.49232,true
6827bc374b2ae70172a6d20a,Gravity,,,,,W1hZkqBeWCUTVBX6rx9OeHmaWx63,2024-10-30T01:46:03.416Z,4.2943892,-2.3786583,8.489392,true
6827bc374b2ae70172a6d20b,Gravity,,,,,W1hZkqBeWCUTVBX6rx9OeHmaWx63,2024-10-30T01:46:03.574Z,4.286523,-2.3799026,8.493018,true
6827bc374b2ae70172a6d20c,Gravity,,,,,W1hZkqBeWCUTVBX6rx9OeHmaWx63,2024-10-30T01:46:03.734Z,4.2754345,-2.393238,8.494861,true
6827bc374b2ae70172a6d20d,Gravity,,,,,W1hZkqBeWCUTVBX6rx9OeHmaWx63,2024-10-30T01:46:03.890Z,4.2641287,-2.40938,8.495979,true
6827bc374b2ae70172a6d20e,Gravity,,,,,W1hZkqBeWCUTVBX6rx9OeHmaWx63,2024-10-30T01:46:04.050Z,4.248041,-2.4241238,8.499844,true
6827bc374b2ae70172a6d20f,Gravity,,,,,W1hZkqBeWCUTVBX6rx9OeHmaWx63,2024-10-30T01:46:04.211Z,4.233481,-2.4375556,8.503267,true
6827bc374b2ae70172a6d210,Gravity,,,,,W1hZkqBeWCUTVBX6rx9OeHmaWx63,2024-10-30T01:46:04.370Z,4.224442,-2.4564414,8.502327,true
6827bc374b2ae70172a6d211,Gravity,,,,,W1hZkqBeWCUTVBX6rx9OeHmaWx63,2024-10-30T01:46:04.530Z,4.216895,-2.475863,8.50044,true
6827bc374b2ae70172a6d212,Gravity,,,,,W1hZkqBeWCUTVBX6rx9OeHmaWx63,2024-10-30T01:46:04.690Z,4.200354,-2.5057142,8.499884,true
6827bc374b2ae70172a6d213,Gravity,,,,,W1hZkqBeWCUTVBX6rx9OeHmaWx63,2024-10-30T01:46:04.850Z,4.179652,-2.5190082,8.506157,true
6827bc374b2ae70172a6d214,Gravity,,,,,W1hZkqBeWCUTVBX6rx9OeHmaWx63,2024-10-30T01:46:05.011Z,4.163973,-2.4911418,8.522039,true
6827bc374b2ae70172a6d215,Gravity,,,,,W1hZkqBeWCUTVBX6rx9OeHmaWx63,2024-10-30T01:46:05.170Z,4.149224,-2.5029185,8.525783,true
6827bc374b2ae70172a6d216,Gravity,,,,,W1hZkqBeWCUTVBX6rx9OeHmaWx63,2024-10-30T01:46:05.330Z,4.1301513,-2.4959202,8.537087,true
6827bc374b2ae70172a6d217,Gravity,,,,,W1hZkqBeWCUTVBX6rx9OeHmaWx63,2024-10-30T01:46:05.490Z,4.106655,-2.479625,8.553157,true
6827bc374b2ae70172a6d218,Gravity,,,,,W1hZkqBeWCUTVBX6rx9OeHmaWx63,2024-10-30T01:46:05.650Z,4.090647,-2.482083,8.560113,true
6827bc374b2ae70172a6d219,Gravity,,,,,W1hZkqBeWCUTVBX6rx9OeHmaWx63,2024-10-30T01:46:05.811Z,4.080263,-2.4859896,8.563934,true
6827bc374b2ae70172a6d21a,Gravity,,,,,W1hZkqBeWCUTVBX6rx9OeHmaWx63,2024-10-30T01:46:05.970Z,4.0680456,-2.5145555,8.561407,true
6827bc374b2ae70172a6d21b,Gravity,,,,,W1hZkqBeWCUTVBX6rx9OeHmaWx63,2024-10-30T01:46:06.130Z,3.993651,-2.5708098,8.579706,true
6827bc374b2ae70172a6d21c,Gravity,,,,,W1hZkqBeWCUTVBX6rx9OeHmaWx63,2024-10-30T01:46:06.289Z,3.9685354,-2.587909,8.586216,true
6827bc374b2ae70172a6d21d,Gravity,,,,,W1hZkqBeWCUTVBX6rx9OeHmaWx63,2024-10-30T01:46:06.450Z,3.9853532,-2.5770607,8.581688,true
6827bc374b2ae70172a6d21e,Gravity,,,,,W1hZkqBeWCUTVBX6rx9OeHmaWx63,2024-10-30T01:46:06.611Z,3.9671276,-2.5304663,8.603971,true
6827bc374b2ae70172a6d21f,Gravity,,,,,W1hZkqBeWCUTVBX6rx9OeHmaWx63,2024-10-30T01:46:06.770Z,3.9618556,-2.5491936,8.600871,true
6827bc374b2ae70172a6d220,Gravity,,,,,W1hZkqBeWCUTVBX6rx9OeHmaWx63,2024-10-30T01:46:06.929Z,3.9491959,-2.5818622,8.596949,true
6827bc374b2ae70172a6d221,Gravity,,,,,W1hZkqBeWCUTVBX6rx9OeHmaWx63,2024-10-30T01:46:07.090Z,3.9352357,-2.6103456,8.594749,true
6827bc374b2ae70172a6d222,Gravity,,,,,W1hZkqBeWCUTVBX6rx9OeHmaWx63,2024-10-30T01:46:07.249Z,3.9262025,-2.6282737,8.593416,true
6827bc374b2ae70172a6d223,Gravity,,,,,W1hZkqBeWCUTVBX6rx9OeHmaWx63,2024-10-30T01:46:07.410Z,3.915247,-2.6242948,8.599628,true
6827bc374b2ae70172a6d224,Gravity,,,,,W1hZkqBeWCUTVBX6rx9OeHmaWx63,2024-10-30T01:46:07.569Z,3.8992963,-2.6275928,8.605866,true
6827bc374b2ae70172a6d225,Gravity,,,,,W1hZkqBeWCUTVBX6rx9OeHmaWx63,2024-10-30T01:46:07.730Z,3.8837914,-2.6307337,8.6119175,true
6827bc374b2ae70172a6d226,Gravity,,,,,W1hZkqBeWCUTVBX6rx9OeHmaWx63,2024-10-30T01:46:07.889Z,3.864616,-2.6319077,8.620181,true
6827bc374b2ae70172a6d227,Gravity,,,,,W1hZkqBeWCUTVBX6rx9OeHmaWx63,2024-10-30T01:46:08.049Z,3.8384562,-2.6438124,8.628223,true
6827bc374b2ae70172a6d228,Gravity,,,,,W1hZkqBeWCUTVBX6rx9OeHmaWx63,2024-10-30T01:46:08.209Z,3.799208,-2.7035167,8.627093,true
6827bc374b2ae70172a6d229,Gravity,,,,,W1hZkqBeWCUTVBX6rx9OeHmaWx63,2024-10-30T01:46:08.369Z,3.7668316,-3.002738,8.54191,true
6827bc374b2ae70172a6d22a,Gravity,,,,,W1hZkqBeWCUTVBX6rx9OeHmaWx63,2024-10-30T01:46:08.528Z,3.630018,-3.1586585,8.544913,true
6827bc374b2ae70172a6d22b,Gravity,,,,,W1hZkqBeWCUTVBX6rx9OeHmaWx63,2024-10-30T01:46:08.689Z,3.4553535,-3.4527123,8.503468,true
6827bc374b2ae70172a6d22c,Gravity,,,,,W1hZkqBeWCUTVBX6rx9OeHmaWx63,2024-10-30T01:46:08.848Z,3.3879616,-3.5212405,8.502482,true
6827bc374b2ae70172a6d22d,Gravity,,,,,W1hZkqBeWCUTVBX6rx9OeHmaWx63,2024-10-30T01:46:09.009Z,3.3035705,-3.4816768,8.551842,true
6827bc374b2ae70172a6d22e,Gravity,,,,,W1hZkqBeWCUTVBX6rx9OeHmaWx63,2024-10-30T01:46:09.168Z,3.3278933,-3.4349701,8.561295,true
6827bc374b2ae70172a6d22f,Gravity,,,,,W1hZkqBeWCUTVBX6rx9OeHmaWx63,2024-10-30T01:46:09.328Z,3.3336997,-3.395822,8.574644,true
6827bc374b2ae70172a6d230,Gravity,,,,,W1hZkqBeWCUTVBX6rx9OeHmaWx63,2024-10-30T01:46:09.488Z,3.3188484,-3.3866637,8.5840225,true
6827bc374b2ae70172a6d231,Gravity,,,,,W1hZkqBeWCUTVBX6rx9OeHmaWx63,2024-10-30T01:46:09.648Z,3.3093092,-3.3862581,8.587865,true
6827bc374b2ae70172a6d232,Gravity,,,,,W1hZkqBeWCUTVBX6rx9OeHmaWx63,2024-10-30T01:46:09.809Z,3.285944,-3.4032068,8.5901375,true
6827bc374b2ae70172a6d233,Gravity,,,,,W1hZkqBeWCUTVBX6rx9OeHmaWx63,2024-10-30T01:46:09.968Z,3.2601,-3.4171507,8.594447,true
6827bc374b2ae70172a6d234,Gravity,,,,,W1hZkqBeWCUTVBX6rx9OeHmaWx63,2024-10-30T01:46:10.128Z,3.2355201,-3.3925414,8.613465,true
6827bc374b2ae70172a6d235,Gravity,,,,,W1hZkqBeWCUTVBX6rx9OeHmaWx63,2024-10-30T01:46:10.288Z,3.2061682,-3.3817892,8.628656,true
6827bc374b2ae70172a6d236,Gravity,,,,,W1hZkqBeWCUTVBX6rx9OeHmaWx63,2024-10-30T01:46:10.447Z,3.135194,-3.4237654,8.638177,true
6827bc374b2ae70172a6d237,Gravity,,,,,W1hZkqBeWCUTVBX6rx9OeHmaWx63,2024-10-30T01:46:10.608Z,3.1255474,-3.4426532,8.634165,true
6827bc374b2ae70172a6d238,Gravity,,,,,W1hZkqBeWCUTVBX6rx9OeHmaWx63,2024-10-30T01:46:10.767Z,3.1210158,-3.4433568,8.635523,true
6827bc374b2ae70172a6d239,Gravity,,,,,W1hZkqBeWCUTVBX6rx9OeHmaWx63,2024-10-30T01:46:10.926Z,3.115476,-3.3512723,8.673668,true
6827bc374b2ae70172a6d23a,Gravity,,,,,W1hZkqBeWCUTVBX6rx9OeHmaWx63,2024-10-30T01:46:11.087Z,3.1065712,-3.3691497,8.669934,true
6827bc374b2ae70172a6d23b,Gravity,,,,,W1hZkqBeWCUTVBX6rx9OeHmaWx63,2024-10-30T01:46:11.246Z,3.0889392,-3.3927877,8.667016,true
6827bc374b2ae70172a6d23c,Gravity,,,,,W1hZkqBeWCUTVBX6rx9OeHmaWx63,2024-10-30T01:46:11.407Z,3.0768192,-3.4139128,8.663032,true
6827bc374b2ae70172a6d23d,Gravity,,,,,W1hZkqBeWCUTVBX6rx9OeHmaWx63,2024-10-30T01:46:11.566Z,3.0645957,-3.439293,8.657323,true
6827bc374b2ae70172a6d23e,Gravity,,,,,W1hZkqBeWCUTVBX6rx9OeHmaWx63,2024-10-30T01:46:11.728Z,3.0568168,-3.4658198,8.649491,true
6827bc374b2ae70172a6d23f,Gravity,,,,,W1hZkqBeWCUTVBX6rx9OeHmaWx63,2024-10-30T01:46:11.886Z,3.0473251,-3.4987717,8.639568,true
6827bc374b2ae70172a6d240,Gravity,,,,,W1hZkqBeWCUTVBX6rx9OeHmaWx63,2024-10-30T01:46:12.045Z,3.0392172,-3.528424,8.63036,true
6827bc374b2ae70172a6d241,Gravity,,,,,W1hZkqBeWCUTVBX6rx9OeHmaWx63,2024-10-30T01:46:12.206Z,3.0285857,-3.5609586,8.620729,true
6827bc374b2ae70172a6d242,Gravity,,,,,W1hZkqBeWCUTVBX6rx9OeHmaWx63,2024-10-30T01:46:12.365Z,3.0095017,-3.5839267,8.617894,true
6827bc374b2ae70172a6d243,Gravity,,,,,W1hZkqBeWCUTVBX6rx9OeHmaWx63,2024-10-30T01:46:12.525Z,2.9384513,-3.6538384,8.613052,true
6827bc374b2ae70172a6d244,Gravity,,,,,W1hZkqBeWCUTVBX6rx9OeHmaWx63,2024-10-30T01:46:12.728Z,2.9322758,-3.6813657,8.60343,true
6827bc374b2ae70172a6d245,Gravity,,,,,W1hZkqBeWCUTVBX6rx9OeHmaWx63,2024-10-30T01:46:13.742Z,2.9025548,-3.7706287,8.574801,true
6827bc374b2ae70172a6d246,Gravity,,,,,W1hZkqBeWCUTVBX6rx9OeHmaWx63,2024-10-30T01:46:13.750Z,2.9012043,-3.771748,8.574765,true
6827bc374b2ae70172a6d247,Gravity,,,,,W1hZkqBeWCUTVBX6rx9OeHmaWx63,2024-10-30T01:46:13.813Z,2.891159,-3.794825,8.567975,true
6827bc374b2ae70172a6d248,Gravity,,,,,W1hZkqBeWCUTVBX6rx9OeHmaWx63,2024-10-30T01:46:13.974Z,2.873468,-3.8267057,8.559744,true
6827bc374b2ae70172a6d249,Gravity,,,,,W1hZkqBeWCUTVBX6rx9OeHmaWx63,2024-10-30T01:46:14.136Z,2.847548,-3.8565917,8.554992,true
6827bc374b2ae70172a6d24a,Gravity,,,,,W1hZkqBeWCUTVBX6rx9OeHmaWx63,2024-10-30T01:46:14.293Z,2.8186102,-3.8901057,8.549399,true
6827bc374b2ae70172a6d24b,Gravity,,,,,W1hZkqBeWCUTVBX6rx9OeHmaWx63,2024-10-30T01:46:14.453Z,2.799093,-3.9138846,8.544957,true
6827bc374b2ae70172a6d24c,Gravity,,,,,W1hZkqBeWCUTVBX6rx9OeHmaWx63,2024-10-30T01:46:14.615Z,2.7864883,-3.931587,8.540949,true
6827bc374b2ae70172a6d24d,Gravity,,,,,W1hZkqBeWCUTVBX6rx9OeHmaWx63,2024-10-30T01:46:14.774Z,2.7754312,-3.9603105,8.531274,true
6827bc374b2ae70172a6d24e,Gravity,,,,,W1hZkqBeWCUTVBX6rx9OeHmaWx63,2024-10-30T01:46:14.934Z,2.7687628,-3.9874728,8.520782,true
6827bc374b2ae70172a6d24f,Gravity,,,,,W1hZkqBeWCUTVBX6rx9OeHmaWx63,2024-10-30T01:46:15.094Z,2.764702,-4.015087,8.509125,true
6827bc374b2ae70172a6d250,Gravity,,,,,W1hZkqBeWCUTVBX6rx9OeHmaWx63,2024-10-30T01:46:15.254Z,2.7552104,-4.0424476,8.499243,true
6827bc374b2ae70172a6d251,Gravity,,,,,W1hZkqBeWCUTVBX6rx9OeHmaWx63,2024-10-30T01:46:15.414Z,2.744315,-4.061804,8.493538,true
6827bc374b2ae70172a6d252,Gravity,,,,,W1hZkqBeWCUTVBX6rx9OeHmaWx63,2024-10-30T01:46:15.574Z,2.7118125,-4.073868,8.498199,true
6827bc374b2ae70172a6d253,Gravity,,,,,W1hZkqBeWCUTVBX6rx9OeHmaWx63,2024-10-30T01:46:15.734Z,2.7016873,-4.0867057,8.495259,true
6827bc374b2ae70172a6d254,Gravity,,,,,W1hZkqBeWCUTVBX6rx9OeHmaWx63,2024-10-30T01:46:15.891Z,2.6898336,-4.110108,8.487728,true
6827bc374b2ae70172a6d255,Gravity,,,,,W1hZkqBeWCUTVBX6rx9OeHmaWx63,2024-10-30T01:46:16.052Z,2.665438,-4.1433635,8.479251,true
6827bc374b2ae70172a6d256,Gravity,,,,,W1hZkqBeWCUTVBX6rx9OeHmaWx63,2024-10-30T01:46:16.214Z,2.6036358,-4.040431,8.5478525,true
6827bc374b2ae70172a6d257,Gravity,,,,,W1hZkqBeWCUTVBX6rx9OeHmaWx63,2024-10-30T01:46:25.833Z,2.6299567,-4.7758565,8.151322,true
6827bc374b2ae70172a6d258,Gravity,,,,,W1hZkqBeWCUTVBX6rx9OeHmaWx63,2024-10-30T01:46:16.371Z,2.5351784,-3.896922,8.634622,true
6827bc374b2ae70172a6d259,Gravity,,,,,W1hZkqBeWCUTVBX6rx9OeHmaWx63,2024-10-30T01:46:16.530Z,2.511455,-3.824343,8.673916,true
6827bc374b2ae70172a6d25a,Gravity,,,,,W1hZkqBeWCUTVBX6rx9OeHmaWx63,2024-10-30T01:46:16.689Z,2.485048,-3.7249594,8.724623,true
6827bc374b2ae70172a6d25b,Gravity,,,,,W1hZkqBeWCUTVBX6rx9OeHmaWx63,2024-10-30T01:46:16.849Z,2.4648821,-3.47206,8.833971,true
6827bc374b2ae70172a6d25c,Gravity,,,,,W1hZkqBeWCUTVBX6rx9OeHmaWx63,2024-10-30T01:46:17.010Z,2.4585185,-3.37696,8.872527,true
6827bc374b2ae70172a6d25d,Gravity,,,,,W1hZkqBeWCUTVBX6rx9OeHmaWx63,2024-10-30T01:46:17.170Z,2.4552333,-3.43701,8.850349,true
6827bc374b2ae70172a6d25e,Gravity,,,,,W1hZkqBeWCUTVBX6rx9OeHmaWx63,2024-10-30T01:46:17.329Z,2.4847713,-3.7357335,8.720093,true
6827bc374b2ae70172a6d25f,Gravity,,,,,W1hZkqBeWCUTVBX6rx9OeHmaWx63,2024-10-30T01:46:17.489Z,2.5799105,-4.336959,8.408598,true
6827bc374b2ae70172a6d260,Gravity,,,,,W1hZkqBeWCUTVBX6rx9OeHmaWx63,2024-10-30T01:46:25.815Z,2.6070611,-4.6595984,8.225627,true
6827bc374b2ae70172a6d261,Gravity,,,,,W1hZkqBeWCUTVBX6rx9OeHmaWx63,2024-10-30T01:46:25.892Z,2.6266456,-4.792553,8.142585,true
6827bc374b2ae70172a6d262,Gravity,,,,,W1hZkqBeWCUTVBX6rx9OeHmaWx63,2024-10-30T01:46:26.054Z,2.5669584,-4.8090196,8.151907,true
6827bc374b2ae70172a6d263,Gravity,,,,,W1hZkqBeWCUTVBX6rx9OeHmaWx63,2024-10-30T01:46:26.215Z,2.4477959,-4.813529,8.185827,true
6827bc374b2ae70172a6d264,Gravity,,,,,W1hZkqBeWCUTVBX6rx9OeHmaWx63,2024-10-30T01:46:26.373Z,2.1147556,-5.432414,7.885815,true
6827bc374b2ae70172a6d265,Gravity,,,,,W1hZkqBeWCUTVBX6rx9OeHmaWx63,2024-10-30T01:46:26.534Z,1.6845655,-6.2171855,7.3944573,true
6827bc374b2ae70172a6d266,Gravity,,,,,W1hZkqBeWCUTVBX6rx9OeHmaWx63,2024-10-30T01:46:26.695Z,1.4825337,-6.265236,7.397166,true
6827bc374b2ae70172a6d267,Gravity,,,,,W1hZkqBeWCUTVBX6rx9OeHmaWx63,2024-10-30T01:46:26.858Z,1.3407778,-6.3684993,7.3357773,true
6827bc374b2ae70172a6d268,Gravity,,,,,W1hZkqBeWCUTVBX6rx9OeHmaWx63,2024-10-30T01:46:27.013Z,1.4482124,-6.361497,7.3214154,true
6827bc374b2ae70172a6d269,Gravity,,,,,W1hZkqBeWCUTVBX6rx9OeHmaWx63,2024-10-30T01:46:27.174Z,1.5447403,-6.23107,7.413276,true
6827bc374b2ae70172a6d26a,Gravity,,,,,W1hZkqBeWCUTVBX6rx9OeHmaWx63,2024-10-30T01:46:27.333Z,1.5356114,-6.0556107,7.559145,true
6827bc374b2ae70172a6d26b,Gravity,,,,,W1hZkqBeWCUTVBX6rx9OeHmaWx63,2024-10-30T01:46:27.494Z,1.5095893,-5.9373503,7.6575623,true
6827bc374b2ae70172a6d26c,Gravity,,,,,W1hZkqBeWCUTVBX6rx9OeHmaWx63,2024-10-30T01:46:27.654Z,1.4770721,-5.857204,7.7253265,true
6827bc374b2ae70172a6d26d,Gravity,,,,,W1hZkqBeWCUTVBX6rx9OeHmaWx63,2024-10-30T01:46:27.814Z,1.4869765,-5.845369,7.7323895,true
6827bc374b2ae70172a6d26e,Gravity,,,,,W1hZkqBeWCUTVBX6rx9OeHmaWx63,2024-10-30T01:46:27.972Z,1.4657174,-5.836075,7.743462,true
6827bc374b2ae70172a6d26f,Gravity,,,,,W1hZkqBeWCUTVBX6rx9OeHmaWx63,2024-10-30T01:46:28.133Z,1.4394784,-5.8503146,7.7376385,true
6827bc374b2ae70172a6d270,Gravity,,,,,W1hZkqBeWCUTVBX6rx9OeHmaWx63,2024-10-30T01:46:28.294Z,1.3745517,-5.876381,7.729687,true
6827bc374b2ae70172a6d271,Gravity,,,,,W1hZkqBeWCUTVBX6rx9OeHmaWx63,2024-10-30T01:46:28.450Z,1.3124238,-5.8893948,7.73058,true
6827bc374b2ae70172a6d272,Gravity,,,,,W1hZkqBeWCUTVBX6rx9OeHmaWx63,2024-10-30T01:46:28.609Z,1.2913649,-5.8973923,7.728029,true
6827bc374b2ae70172a6d273,Gravity,,,,,W1hZkqBeWCUTVBX6rx9OeHmaWx63,2024-10-30T01:46:28.769Z,1.2640893,-5.914082,7.719781,true
6827bc374b2ae70172a6d274,Gravity,,,,,W1hZkqBeWCUTVBX6rx9OeHmaWx63,2024-10-30T01:46:28.929Z,1.2768162,-5.901055,7.7276525,true
6827bc374b2ae70172a6d275,Gravity,,,,,W1hZkqBeWCUTVBX6rx9OeHmaWx63,2024-10-30T01:46:29.090Z,1.2500315,-5.9289837,7.710634,true
6827bc374b2ae70172a6d276,Gravity,,,,,W1hZkqBeWCUTVBX6rx9OeHmaWx63,2024-10-30T01:46:29.248Z,1.5845848,-5.770502,7.769152,true
6827bc374b2ae70172a6d277,Gravity,,,,,W1hZkqBeWCUTVBX6rx9OeHmaWx63,2024-10-30T01:46:29.408Z,2.9545999,-5.184521,7.782057,true
6827bc374b2ae70172a6d278,Gravity,,,,,W1hZkqBeWCUTVBX6rx9OeHmaWx63,2024-10-30T01:46:29.569Z,4.1916957,-4.154484,7.831942,true
6827bc374b2ae70172a6d279,Gravity,,,,,W1hZkqBeWCUTVBX6rx9OeHmaWx63,2024-10-30T01:46:29.728Z,4.8761873,-3.549616,7.73255,true
6827bc374b2ae70172a6d27a,Gravity,,,,,W1hZkqBeWCUTVBX6rx9OeHmaWx63,2024-10-30T01:46:29.889Z,5.0187955,-3.0626261,7.848653,true
6827bc374b2ae70172a6d27b,Gravity,,,,,W1hZkqBeWCUTVBX6rx9OeHmaWx63,2024-10-30T01:46:30.048Z,4.859649,-3.1154635,7.927615,true
6827bc374b2ae70172a6d27c,Gravity,,,,,W1hZkqBeWCUTVBX6rx9OeHmaWx63,2024-10-30T01:46:30.207Z,4.5387983,-3.065161,8.134716,true
6827bc374b2ae70172a6d27d,Gravity,,,,,W1hZkqBeWCUTVBX6rx9OeHmaWx63,2024-10-30T01:46:30.367Z,3.9737606,-2.979385,8.455894,true
6827bc374b2ae70172a6d27e,Gravity,,,,,W1hZkqBeWCUTVBX6rx9OeHmaWx63,2024-10-30T01:46:30.528Z,3.1874566,-3.4448123,8.6106415,true
6827bc374b2ae70172a6d27f,Gravity,,,,,W1hZkqBeWCUTVBX6rx9OeHmaWx63,2024-10-30T01:46:30.688Z,2.2608273,-4.1324215,8.60125,true
6827bc374b2ae70172a6d280,Gravity,,,,,W1hZkqBeWCUTVBX6rx9OeHmaWx63,2024-10-30T01:46:30.847Z,1.633476,-5.2570076,8.115733,true
6827bc374b2ae70172a6d281,Gravity,,,,,W1hZkqBeWCUTVBX6rx9OeHmaWx63,2024-10-30T01:46:31.007Z,1.63416,-5.1952786,8.1552515,true
6827bc374b2ae70172a6d282,Gravity,,,,,W1hZkqBeWCUTVBX6rx9OeHmaWx63,2024-10-30T01:46:31.167Z,2.0885427,-4.8014927,8.291759,true
6827bc374b2ae70172a6d283,Gravity,,,,,W1hZkqBeWCUTVBX6rx9OeHmaWx63,2024-10-30T01:46:31.327Z,2.8326287,-3.5412006,8.695168,true
6827bc374b2ae70172a6d284,Gravity,,,,,W1hZkqBeWCUTVBX6rx9OeHmaWx63,2024-10-30T01:46:31.488Z,3.4603696,-2.9454224,8.690234,true
6827bc374b2ae70172a6d285,Gravity,,,,,W1hZkqBeWCUTVBX6rx9OeHmaWx63,2024-10-30T01:46:31.646Z,3.6164227,-2.492106,8.768168,true
6827bc374b2ae70172a6d286,Gravity,,,,,W1hZkqBeWCUTVBX6rx9OeHmaWx63,2024-10-30T01:46:31.806Z,3.39731,-2.2809882,8.912088,true
6827bc374b2ae70172a6d287,Gravity,,,,,W1hZkqBeWCUTVBX6rx9OeHmaWx63,2024-10-30T01:46:31.967Z,3.056281,-2.4592724,8.987831,true
6827bc374b2ae70172a6d288,Gravity,,,,,W1hZkqBeWCUTVBX6rx9OeHmaWx63,2024-10-30T01:46:32.126Z,3.0089896,-2.497698,8.993191,true
6827bc374b2ae70172a6d289,Gravity,,,,,W1hZkqBeWCUTVBX6rx9OeHmaWx63,2024-10-30T01:46:32.287Z,3.0808117,-2.4737499,8.975473,true
6827bc374b2ae70172a6d28a,Gravity,,,,,W1hZkqBeWCUTVBX6rx9OeHmaWx63,2024-10-30T01:46:32.446Z,3.105944,-2.4814231,8.964686,true
6827bc374b2ae70172a6d28b,Gravity,,,,,W1hZkqBeWCUTVBX6rx9OeHmaWx63,2024-10-30T01:46:37.924Z,4.080826,-2.4185832,8.58295,true
6827bc374b2ae70172a6d28c,Gravity,,,,,W1hZkqBeWCUTVBX6rx9OeHmaWx63,2024-10-30T01:46:32.606Z,3.1100843,-2.5121925,8.954677,true
6827bc374b2ae70172a6d28d,Gravity,,,,,W1hZkqBeWCUTVBX6rx9OeHmaWx63,2024-10-30T01:46:32.767Z,3.1547766,-2.5144916,8.938383,true
6827bc374b2ae70172a6d28e,Gravity,,,,,W1hZkqBeWCUTVBX6rx9OeHmaWx63,2024-10-30T01:46:32.927Z,3.2338536,-2.482544,8.919029,true
6827bc374b2ae70172a6d28f,Gravity,,,,,W1hZkqBeWCUTVBX6rx9OeHmaWx63,2024-10-30T01:46:33.087Z,3.3081493,-2.446055,8.901847,true
6827bc374b2ae70172a6d290,Gravity,,,,,W1hZkqBeWCUTVBX6rx9OeHmaWx63,2024-10-30T01:46:33.246Z,3.3672209,-2.3959043,8.8933325,true
6827bc374b2ae70172a6d291,Gravity,,,,,W1hZkqBeWCUTVBX6rx9OeHmaWx63,2024-10-30T01:46:33.406Z,3.461494,-2.3145509,8.878671,true
6827bc374b2ae70172a6d292,Gravity,,,,,W1hZkqBeWCUTVBX6rx9OeHmaWx63,2024-10-30T01:46:33.566Z,3.7486994,-2.6249945,8.673316,true
6827bc374b2ae70172a6d293,Gravity,,,,,W1hZkqBeWCUTVBX6rx9OeHmaWx63,2024-10-30T01:46:37.847Z,3.9228084,-2.7100914,8.569521,true
6827bc374b2ae70172a6d294,Gravity,,,,,W1hZkqBeWCUTVBX6rx9OeHmaWx63,2024-10-30T01:46:38.085Z,4.040607,-2.4571404,8.591023,true
6827bc374b2ae70172a6d295,Gravity,,,,,W1hZkqBeWCUTVBX6rx9OeHmaWx63,2024-10-30T01:46:38.246Z,4.010347,-2.5088413,8.5902605,true
6827bc374b2ae70172a6d296,Gravity,,,,,W1hZkqBeWCUTVBX6rx9OeHmaWx63,2024-10-30T01:46:38.406Z,4.0031223,-2.5332396,8.586469,true
6827bc374b2ae70172a6d297,Gravity,,,,,W1hZkqBeWCUTVBX6rx9OeHmaWx63,2024-10-30T01:46:38.563Z,3.999549,-2.5512478,8.582802,true
6827bc374b2ae70172a6d298,Gravity,,,,,W1hZkqBeWCUTVBX6rx9OeHmaWx63,2024-10-30T01:46:38.727Z,3.9689233,-2.5783937,8.588905,true
6827bc374b2ae70172a6d299,Gravity,,,,,W1hZkqBeWCUTVBX6rx9OeHmaWx63,2024-10-30T01:46:38.884Z,3.9403565,-2.5975966,8.596269,true
6827bc374b2ae70172a6d29a,Gravity,,,,,W1hZkqBeWCUTVBX6rx9OeHmaWx63,2024-10-30T01:46:39.044Z,3.9184222,-2.628478,8.596909,true
6827bc374b2ae70172a6d29b,Gravity,,,,,W1hZkqBeWCUTVBX6rx9OeHmaWx63,2024-10-30T01:46:39.205Z,3.898734,-2.6572535,8.597013,true
6827bc374b2ae70172a6d29c,Gravity,,,,,W1hZkqBeWCUTVBX6rx9OeHmaWx63,2024-10-30T01:46:39.365Z,3.9032676,-2.6766527,8.588934,true
6827bc374b2ae70172a6d29d,Gravity,,,,,W1hZkqBeWCUTVBX6rx9OeHmaWx63,2024-10-30T01:46:39.524Z,3.9157548,-2.6925838,8.578264,true
6827bc374b2ae70172a6d29e,Gravity,,,,,W1hZkqBeWCUTVBX6rx9OeHmaWx63,2024-10-30T01:46:39.684Z,3.9143448,-2.7060835,8.574659,true
6827bc374b2ae70172a6d29f,Gravity,,,,,W1hZkqBeWCUTVBX6rx9OeHmaWx63,2024-10-30T01:46:39.844Z,3.8997247,-2.731813,8.573163,true
6827bc374b2ae70172a6d2a0,Gravity,,,,,W1hZkqBeWCUTVBX6rx9OeHmaWx63,2024-10-30T01:46:40.001Z,3.876482,-2.759008,8.574995,true
6827bc374b2ae70172a6d2a1,Gravity,,,,,W1hZkqBeWCUTVBX6rx9OeHmaWx63,2024-10-30T01:46:40.160Z,3.858892,-2.7841973,8.574788,true
6827bc374b2ae70172a6d2a2,Gravity,,,,,W1hZkqBeWCUTVBX6rx9OeHmaWx63,2024-10-30T01:46:40.321Z,3.8440673,-2.807455,8.573863,true
6827bc374b2ae70172a6d2a3,Gravity,,,,,W1hZkqBeWCUTVBX6rx9OeHmaWx63,2024-10-30T01:46:40.480Z,3.8335629,-2.8252869,8.572709,true
6827bc374b2ae70172a6d2a4,Gravity,,,,,W1hZkqBeWCUTVBX6rx9OeHmaWx63,2024-10-30T01:46:50.002Z,3.6844807,-3.059231,8.5577755,true
6827bc374b2ae70172a6d2a5,Gravity,,,,,W1hZkqBeWCUTVBX6rx9OeHmaWx63,2024-10-30T01:46:40.640Z,3.821822,-2.850267,8.569681,true
6827bc374b2ae70172a6d2a6,Gravity,,,,,W1hZkqBeWCUTVBX6rx9OeHmaWx63,2024-10-30T01:46:40.800Z,3.8059962,-2.8793545,8.567,true
6827bc374b2ae70172a6d2a7,Gravity,,,,,W1hZkqBeWCUTVBX6rx9OeHmaWx63,2024-10-30T01:46:40.960Z,3.7974203,-2.9023995,8.563029,true
6827bc374b2ae70172a6d2a8,Gravity,,,,,W1hZkqBeWCUTVBX6rx9OeHmaWx63,2024-10-30T01:46:41.120Z,3.7819314,-2.9244735,8.562374,true
6827bc374b2ae70172a6d2a9,Gravity,,,,,W1hZkqBeWCUTVBX6rx9OeHmaWx63,2024-10-30T01:46:41.279Z,3.7583234,-2.9544706,8.562471,true
6827bc374b2ae70172a6d2aa,Gravity,,,,,W1hZkqBeWCUTVBX6rx9OeHmaWx63,2024-10-30T01:46:41.439Z,3.7331388,-2.9786344,8.565116,true
6827bc374b2ae70172a6d2ab,Gravity,,,,,W1hZkqBeWCUTVBX6rx9OeHmaWx63,2024-10-30T01:46:41.599Z,3.7106204,-3.0158165,8.56189,true
6827bc374b2ae70172a6d2ac,Gravity,,,,,W1hZkqBeWCUTVBX6rx9OeHmaWx63,2024-10-30T01:46:49.928Z,3.7022629,-3.0298312,8.560559,true
6827bc374b2ae70172a6d2ad,Gravity,,,,,W1hZkqBeWCUTVBX6rx9OeHmaWx63,2024-10-30T01:46:49.934Z,3.702098,-3.03143,8.560065,true
6827bc374b2ae70172a6d2ae,Gravity,,,,,W1hZkqBeWCUTVBX6rx9OeHmaWx63,2024-10-30T01:46:50.161Z,3.663809,-3.0799959,8.559202,true
6827bc374b2ae70172a6d2af,Gravity,,,,,W1hZkqBeWCUTVBX6rx9OeHmaWx63,2024-10-30T01:46:50.325Z,3.647898,-3.1060207,8.556594,true
6827bc374b2ae70172a6d2b0,Gravity,,,,,W1hZkqBeWCUTVBX6rx9OeHmaWx63,2024-10-30T01:46:50.484Z,3.6455963,-3.1261113,8.550257,true
6827bc374b2ae70172a6d2b1,Gravity,,,,,W1hZkqBeWCUTVBX6rx9OeHmaWx63,2024-10-30T01:46:50.646Z,3.6505828,-3.1404605,8.542867,true
6827bc374b2ae70172a6d2b2,Gravity,,,,,W1hZkqBeWCUTVBX6rx9OeHmaWx63,2024-10-30T01:46:50.805Z,3.6286535,-3.1649132,8.543185,true
6827bc374b2ae70172a6d2b3,Gravity,,,,,W1hZkqBeWCUTVBX6rx9OeHmaWx63,2024-10-30T01:46:50.964Z,3.6008058,-3.1959586,8.543411,true
6827bc374b2ae70172a6d2b4,Gravity,,,,,W1hZkqBeWCUTVBX6rx9OeHmaWx63,2024-10-30T01:46:51.123Z,3.578334,-3.223735,8.542418,true
6827bc374b2ae70172a6d2b5,Gravity,,,,,W1hZkqBeWCUTVBX6rx9OeHmaWx63,2024-10-30T01:46:51.283Z,3.5508442,-3.262432,8.539197,true
6827bc374b2ae70172a6d2b6,Gravity,,,,,W1hZkqBeWCUTVBX6rx9OeHmaWx63,2024-10-30T01:46:51.444Z,3.5506747,-3.2840612,8.5309725,true
6827bc374b2ae70172a6d2b7,Gravity,,,,,W1hZkqBeWCUTVBX6rx9OeHmaWx63,2024-10-30T01:46:51.603Z,3.5372305,-3.30737,8.527552,true
6827bc374b2ae70172a6d2b8,Gravity,,,,,W1hZkqBeWCUTVBX6rx9OeHmaWx63,2024-10-30T01:46:51.764Z,3.5249023,-3.3361428,8.521446,true
6827bc374b2ae70172a6d2b9,Gravity,,,,,W1hZkqBeWCUTVBX6rx9OeHmaWx63,2024-10-30T01:46:51.923Z,3.5197184,-3.3415973,8.521452,true
6827bc374b2ae70172a6d2ba,Gravity,,,,,W1hZkqBeWCUTVBX6rx9OeHmaWx63,2024-10-30T01:46:52.081Z,3.532776,-3.3528874,8.511608,true
6827bc374b2ae70172a6d2bb,Gravity,,,,,W1hZkqBeWCUTVBX6rx9OeHmaWx63,2024-10-30T01:46:52.243Z,3.5167391,-3.3688154,8.511961,true
6827bc374b2ae70172a6d2bc,Gravity,,,,,W1hZkqBeWCUTVBX6rx9OeHmaWx63,2024-10-30T01:46:52.405Z,3.5050523,-3.3978288,8.505246,true
6827bc374b2ae70172a6d2bd,Gravity,,,,,W1hZkqBeWCUTVBX6rx9OeHmaWx63,2024-10-30T01:46:52.561Z,3.4948254,-3.4185917,8.501135,true
6827bc374b2ae70172a6d2be,Gravity,,,,,W1hZkqBeWCUTVBX6rx9OeHmaWx63,2024-10-30T01:46:52.719Z,3.4917486,-3.438292,8.4944515,true
6827bc374b2ae70172a6d2bf,Gravity,,,,,W1hZkqBeWCUTVBX6rx9OeHmaWx63,2024-10-30T01:46:52.879Z,3.4659767,-3.4693794,8.492366,true
6827bc374b2ae70172a6d2c0,Gravity,,,,,W1hZkqBeWCUTVBX6rx9OeHmaWx63,2024-10-30T01:46:53.039Z,3.4555469,-3.4843638,8.490481,true
6827bc374b2ae70172a6d2c1,Gravity,,,,,W1hZkqBeWCUTVBX6rx9OeHmaWx63,2024-10-30T01:46:53.200Z,3.4333007,-3.507571,8.48995,true
6827bc374b2ae70172a6d2c2,Gravity,,,,,W1hZkqBeWCUTVBX6rx9OeHmaWx63,2024-10-30T01:46:53.442Z,3.4027884,-3.5386603,8.489333,true
6827bc374b2ae70172a6d2c3,Gravity,,,,,W1hZkqBeWCUTVBX6rx9OeHmaWx63,2024-10-30T01:46:53.519Z,3.4070659,-3.5496006,8.483048,true
6827bc374b2ae70172a6d2c4,Gravity,,,,,W1hZkqBeWCUTVBX6rx9OeHmaWx63,2024-10-30T01:46:53.679Z,3.397259,-3.569782,8.478511,true
6827bc374b2ae70172a6d2c5,Gravity,,,,,W1hZkqBeWCUTVBX6rx9OeHmaWx63,2024-10-30T01:46:53.839Z,3.38367,-3.5891197,8.4757805,true
6827bc374b2ae70172a6d2c6,Gravity,,,,,W1hZkqBeWCUTVBX6rx9OeHmaWx63,2024-10-30T01:46:53.999Z,3.3746169,-3.604201,8.472991,true
6827bc374b2ae70172a6d2c7,Gravity,,,,,W1hZkqBeWCUTVBX6rx9OeHmaWx63,2024-10-30T01:46:54.159Z,3.3605585,-3.6230264,8.47055,true
6827bc374b2ae70172a6d2c8,Gravity,,,,,W1hZkqBeWCUTVBX6rx9OeHmaWx63,2024-10-30T01:46:54.318Z,3.3811564,-3.6291509,8.4597225,true
6827bc374b2ae70172a6d2c9,Gravity,,,,,W1hZkqBeWCUTVBX6rx9OeHmaWx63,2024-10-30T01:46:54.478Z,3.4008586,-3.6398563,8.447218,true
6827bc374b2ae70172a6d2ca,Gravity,,,,,W1hZkqBeWCUTVBX6rx9OeHmaWx63,2024-10-30T01:46:54.638Z,3.381267,-3.654186,8.448895,true
6827bc374b2ae70172a6d2cb,Gravity,,,,,W1hZkqBeWCUTVBX6rx9OeHmaWx63,2024-10-30T01:46:54.799Z,3.3531075,-3.6757092,8.450782,true
6827bc374b2ae70172a6d2cc,Gravity,,,,,W1hZkqBeWCUTVBX6rx9OeHmaWx63,2024-10-30T01:46:54.958Z,3.3139055,-3.6976132,8.456689,true
6827bc374b2ae70172a6d2cd,Gravity,,,,,W1hZkqBeWCUTVBX6rx9OeHmaWx63,2024-10-30T01:46:55.118Z,3.3005638,-3.7122874,8.455477,true
6827bc374b2ae70172a6d2ce,Gravity,,,,,W1hZkqBeWCUTVBX6rx9OeHmaWx63,2024-10-30T01:46:55.318Z,3.2969162,-3.724341,8.451598,true
6827bc374b2ae70172a6d2cf,Gravity,,,,,W1hZkqBeWCUTVBX6rx9OeHmaWx63,2024-10-30T01:46:55.438Z,3.295667,-3.7551317,8.438452,true
6827bc374b2ae70172a6d2d0,Gravity,,,,,W1hZkqBeWCUTVBX6rx9OeHmaWx63,2024-10-30T01:46:55.599Z,3.304743,-3.772165,8.427298,true
6827bc374b2ae70172a6d2d1,Gravity,,,,,W1hZkqBeWCUTVBX6rx9OeHmaWx63,2024-10-30T01:46:55.757Z,3.3087082,-3.795639,8.415194,true
6827bc374b2ae70172a6d2d2,Gravity,,,,,W1hZkqBeWCUTVBX6rx9OeHmaWx63,2024-10-30T01:46:55.917Z,3.293925,-3.8159711,8.411797,true
6827bc374b2ae70172a6d2d3,Gravity,,,,,W1hZkqBeWCUTVBX6rx9OeHmaWx63,2024-10-30T01:46:56.077Z,3.257713,-3.8466408,8.411931,true
6827bc374b2ae70172a6d2d4,Gravity,,,,,W1hZkqBeWCUTVBX6rx9OeHmaWx63,2024-10-30T01:46:56.237Z,3.2269979,-3.8666217,8.414609,true
6827bc374b2ae70172a6d2d5,Gravity,,,,,W1hZkqBeWCUTVBX6rx9OeHmaWx63,2024-10-30T01:46:56.398Z,3.1970096,-3.8887618,8.4158535,true
6827bc374b2ae70172a6d2d6,Gravity,,,,,W1hZkqBeWCUTVBX6rx9OeHmaWx63,2024-10-30T01:46:56.557Z,3.1781373,-3.9197712,8.408613,true
6827bc374b2ae70172a6d2d7,Gravity,,,,,W1hZkqBeWCUTVBX6rx9OeHmaWx63,2024-10-30T01:46:56.717Z,3.1894994,-3.9397938,8.394942,true
6827bc374b2ae70172a6d2d8,Gravity,,,,,W1hZkqBeWCUTVBX6rx9OeHmaWx63,2024-10-30T01:46:56.877Z,3.2057767,-3.9572086,8.380539,true
6827bc374b2ae70172a6d2d9,Gravity,,,,,W1hZkqBeWCUTVBX6rx9OeHmaWx63,2024-10-30T01:46:57.037Z,3.2100368,-3.976482,8.369779,true
6827bc374b2ae70172a6d2da,Gravity,,,,,W1hZkqBeWCUTVBX6rx9OeHmaWx63,2024-10-30T01:46:57.198Z,3.195949,-3.991373,8.368082,true
6827bc374b2ae70172a6d2db,Gravity,,,,,W1hZkqBeWCUTVBX6rx9OeHmaWx63,2024-10-30T01:46:57.357Z,3.15346,-4.0214343,8.36981,true
6827bc374b2ae70172a6d2dc,Gravity,,,,,W1hZkqBeWCUTVBX6rx9OeHmaWx63,2024-10-30T01:46:57.517Z,3.1256897,-4.044777,8.3689785,true
6827bc374b2ae70172a6d2dd,Gravity,,,,,W1hZkqBeWCUTVBX6rx9OeHmaWx63,2024-10-30T01:46:57.677Z,3.1196673,-4.059499,8.364097,true
6827bc374b2ae70172a6d2de,Gravity,,,,,W1hZkqBeWCUTVBX6rx9OeHmaWx63,2024-10-30T01:46:57.837Z,3.0915105,-4.104277,8.352691,true
6827bc374b2ae70172a6d2df,Gravity,,,,,W1hZkqBeWCUTVBX6rx9OeHmaWx63,2024-10-30T01:46:58.029Z,3.0890846,-4.115148,8.348239,true
6827bc374b2ae70172a6d2e0,Gravity,,,,,W1hZkqBeWCUTVBX6rx9OeHmaWx63,2024-10-30T01:46:58.035Z,3.0889828,-4.116064,8.347825,true
6827bc374b2ae70172a6d2e1,Gravity,,,,,W1hZkqBeWCUTVBX6rx9OeHmaWx63,2024-10-30T01:46:58.156Z,3.0871801,-4.145108,8.334109,true
6827bc374b2ae70172a6d2e2,Gravity,,,,,W1hZkqBeWCUTVBX6rx9OeHmaWx63,2024-10-30T01:46:58.316Z,3.0412893,-4.1752634,8.335931,true
6827bc374b2ae70172a6d2e3,Gravity,,,,,W1hZkqBeWCUTVBX6rx9OeHmaWx63,2024-10-30T01:46:58.478Z,3.0172718,-4.1927667,8.335874,true
6827bc374b2ae70172a6d2e4,Gravity,,,,,W1hZkqBeWCUTVBX6rx9OeHmaWx63,2024-10-30T01:46:58.636Z,3.013223,-4.215823,8.325705,true
6827bc374b2ae70172a6d2e5,Gravity,,,,,W1hZkqBeWCUTVBX6rx9OeHmaWx63,2024-10-30T01:46:58.797Z,3.0110638,-4.236589,8.315939,true
6827bc374b2ae70172a6d2e6,Gravity,,,,,W1hZkqBeWCUTVBX6rx9OeHmaWx63,2024-10-30T01:46:58.956Z,3.0047977,-4.263083,8.304658,true
6827bc374b2ae70172a6d2e7,Gravity,,,,,W1hZkqBeWCUTVBX6rx9OeHmaWx63,2024-10-30T01:46:59.116Z,3.0116076,-4.2796474,8.293665,true
6827bc374b2ae70172a6d2e8,Gravity,,,,,W1hZkqBeWCUTVBX6rx9OeHmaWx63,2024-10-30T01:46:59.276Z,3.0032635,-4.2970695,8.28768,true
6827bc374b2ae70172a6d2e9,Gravity,,,,,W1hZkqBeWCUTVBX6rx9OeHmaWx63,2024-10-30T01:46:59.436Z,2.9816911,-4.325922,8.280457,true
6827bc374b2ae70172a6d2ea,Gravity,,,,,W1hZkqBeWCUTVBX6rx9OeHmaWx63,2024-10-30T01:46:59.597Z,2.9747462,-4.336371,8.27749,true
6827bc374b2ae70172a6d2eb,Gravity,,,,,W1hZkqBeWCUTVBX6rx9OeHmaWx63,2024-10-30T01:46:59.755Z,2.9452074,-4.364197,8.273428,true
6827bc374b2ae70172a6d2ec,Gravity,,,,,W1hZkqBeWCUTVBX6rx9OeHmaWx63,2024-10-30T01:46:59.917Z,2.9364815,-4.387226,8.264345,true
6827bc374b2ae70172a6d2ed,Gravity,,,,,W1hZkqBeWCUTVBX6rx9OeHmaWx63,2024-10-30T01:47:00.076Z,2.9446673,-4.4018235,8.253663,true
6827bc374b2ae70172a6d2ee,Gravity,,,,,W1hZkqBeWCUTVBX6rx9OeHmaWx63,2024-10-30T01:47:00.235Z,2.9306586,-4.428106,8.244586,true
6827bc374b2ae70172a6d2ef,Gravity,,,,,W1hZkqBeWCUTVBX6rx9OeHmaWx63,2024-10-30T01:47:00.397Z,2.9026356,-4.453007,8.241087,true
6827bc374b2ae70172a6d2f0,Gravity,,,,,W1hZkqBeWCUTVBX6rx9OeHmaWx63,2024-10-30T01:47:00.559Z,2.8877945,-4.473989,8.234935,true
6827bc374b2ae70172a6d2f1,Gravity,,,,,W1hZkqBeWCUTVBX6rx9OeHmaWx63,2024-10-30T01:47:00.715Z,2.8718228,-4.499577,8.226575,true
6827bc374b2ae70172a6d2f2,Gravity,,,,,W1hZkqBeWCUTVBX6rx9OeHmaWx63,2024-10-30T01:47:00.875Z,2.840396,-4.5310144,8.220229,true
6827bc374b2ae70172a6d2f3,Gravity,,,,,W1hZkqBeWCUTVBX6rx9OeHmaWx63,2024-10-30T01:47:01.035Z,2.7892687,-4.5764914,8.212541,true
6827bc374b2ae70172a6d2f4,Gravity,,,,,W1hZkqBeWCUTVBX6rx9OeHmaWx63,2024-10-30T01:47:01.196Z,2.7257833,-4.5933013,8.2244625,true
6827bc374b2ae70172a6d2f5,Gravity,,,,,W1hZkqBeWCUTVBX6rx9OeHmaWx63,2024-10-30T01:47:01.355Z,2.6918595,-4.6068015,8.228085,true
6827bc374b2ae70172a6d2f6,Gravity,,,,,W1hZkqBeWCUTVBX6rx9OeHmaWx63,2024-10-30T01:47:01.515Z,2.664509,-4.6170945,8.231217,true
6827bc374b2ae70172a6d2f7,Gravity,,,,,W1hZkqBeWCUTVBX6rx9OeHmaWx63,2024-10-30T01:47:01.675Z,2.6676662,-4.636101,8.219503,true
6827bc374b2ae70172a6d2f8,Gravity,,,,,W1hZkqBeWCUTVBX6rx9OeHmaWx63,2024-10-30T01:47:01.835Z,2.6955075,-4.6507716,8.202113,true
6827bc374b2ae70172a6d2f9,Gravity,,,,,W1hZkqBeWCUTVBX6rx9OeHmaWx63,2024-10-30T01:47:01.998Z,2.723792,-4.638906,8.199489,true
6827bc374b2ae70172a6d2fa,Gravity,,,,,W1hZkqBeWCUTVBX6rx9OeHmaWx63,2024-10-30T01:47:02.158Z,2.5924978,-3.706268,8.701306,true
6827bc374b2ae70172a6d2fb,Gravity,,,,,W1hZkqBeWCUTVBX6rx9OeHmaWx63,2024-10-30T01:47:02.317Z,2.2594712,-2.5390942,9.198808,true
6827bc374b2ae70172a6d2fc,Gravity,,,,,W1hZkqBeWCUTVBX6rx9OeHmaWx63,2024-10-30T01:47:02.477Z,1.4939059,-1.3384278,9.599334,true
6827bc374b2ae70172a6d2fd,Gravity,,,,,W1hZkqBeWCUTVBX6rx9OeHmaWx63,2024-10-30T01:47:02.637Z,0.36638305,-1.0283575,9.745697,true
6827bc374b2ae70172a6d2fe,Gravity,,,,,W1hZkqBeWCUTVBX6rx9OeHmaWx63,2024-10-30T01:47:02.798Z,-0.30049512,-0.36189032,9.795362,true
6827bc374b2ae70172a6d2ff,Gravity,,,,,W1hZkqBeWCUTVBX6rx9OeHmaWx63,2024-10-30T01:47:02.956Z,-0.24161258,-0.7375904,9.775887,true
6827bc374b2ae70172a6d300,Gravity,,,,,W1hZkqBeWCUTVBX6rx9OeHmaWx63,2024-10-30T01:47:03.117Z,-0.29150337,-1.2542624,9.72174,true
6827bc374b2ae70172a6d301,Gravity,,,,,W1hZkqBeWCUTVBX6rx9OeHmaWx63,2024-10-30T01:47:03.276Z,-0.35298446,-2.5937722,9.450824,true
6827bc374b2ae70172a6d302,Gravity,,,,,W1hZkqBeWCUTVBX6rx9OeHmaWx63,2024-10-30T01:47:03.438Z,-0.7629873,-3.1814537,9.244809,true
6827bc374b2ae70172a6d303,Gravity,,,,,W1hZkqBeWCUTVBX6rx9OeHmaWx63,2024-10-30T01:47:03.597Z,-0.8153207,-2.6400266,9.4093485,true
6827bc374b2ae70172a6d304,Gravity,,,,,W1hZkqBeWCUTVBX6rx9OeHmaWx63,2024-10-30T01:47:03.756Z,-0.76151896,-2.3309588,9.495107,true
6827bc374b2ae70172a6d305,Gravity,,,,,W1hZkqBeWCUTVBX6rx9OeHmaWx63,2024-10-30T01:47:03.916Z,-0.5145902,-2.7552712,9.3975525,true
6827bc374b2ae70172a6d306,Gravity,,,,,W1hZkqBeWCUTVBX6rx9OeHmaWx63,2024-10-30T01:47:04.074Z,-0.20319991,-2.2939942,9.532399,true
6827bc374b2ae70172a6d307,Gravity,,,,,W1hZkqBeWCUTVBX6rx9OeHmaWx63,2024-10-30T01:47:04.234Z,-0.023031112,-2.088839,9.581574,true
6827bc374b2ae70172a6d308,Gravity,,,,,W1hZkqBeWCUTVBX6rx9OeHmaWx63,2024-10-30T01:47:04.394Z,-0.033691403,-2.0029569,9.599864,true
6827bc374b2ae70172a6d309,Gravity,,,,,W1hZkqBeWCUTVBX6rx9OeHmaWx63,2024-10-30T01:47:04.553Z,-0.64967537,-2.22701,9.52831,true
6827bc374b2ae70172a6d30a,Gravity,,,,,W1hZkqBeWCUTVBX6rx9OeHmaWx63,2024-10-30T01:47:04.713Z,-2.342828,-4.322575,8.4850855,true
6827bc374b2ae70172a6d30b,Gravity,,,,,W1hZkqBeWCUTVBX6rx9OeHmaWx63,2024-10-30T01:47:04.873Z,-4.066045,-5.86592,6.725192,true
6827bc374b2ae70172a6d30c,Gravity,,,,,W1hZkqBeWCUTVBX6rx9OeHmaWx63,2024-10-30T01:47:05.033Z,-4.468577,-5.601898,6.69481,true
6827bc374b2ae70172a6d30d,Gravity,,,,,W1hZkqBeWCUTVBX6rx9OeHmaWx63,2024-10-30T01:47:05.194Z,-3.8106918,-4.6242704,7.763044,true
6827bc374b2ae70172a6d30e,Gravity,,,,,W1hZkqBeWCUTVBX6rx9OeHmaWx63,2024-10-30T01:47:05.353Z,-3.5293288,-4.196607,8.130343,true
6827bc374b2ae70172a6d30f,Gravity,,,,,W1hZkqBeWCUTVBX6rx9OeHmaWx63,2024-10-30T01:47:05.512Z,-3.4134583,-3.715579,8.409101,true
6827bc374b2ae70172a6d310,Gravity,,,,,W1hZkqBeWCUTVBX6rx9OeHmaWx63,2024-10-30T01:47:05.672Z,-3.4331496,-1.5669119,9.051439,true
6827bc374b2ae70172a6d311,Gravity,,,,,W1hZkqBeWCUTVBX6rx9OeHmaWx63,2024-10-30T01:47:05.832Z,-2.6742556,2.0361943,9.212631,true
6827bc374b2ae70172a6d312,Gravity,,,,,W1hZkqBeWCUTVBX6rx9OeHmaWx63,2024-10-30T01:47:05.993Z,-1.8800393,3.5779598,8.934983,true
6827bc374b2ae70172a6d313,Gravity,,,,,W1hZkqBeWCUTVBX6rx9OeHmaWx63,2024-10-30T01:47:06.152Z,-1.3887454,5.29951,8.133679,true
6827bc374b2ae70172a6d314,Gravity,,,,,W1hZkqBeWCUTVBX6rx9OeHmaWx63,2024-10-30T01:47:06.312Z,-1.0697166,5.510694,8.041027,true
6827bc374b2ae70172a6d315,Gravity,,,,,W1hZkqBeWCUTVBX6rx9OeHmaWx63,2024-10-30T01:47:06.472Z,-1.3119645,5.3718734,8.098883,true
6827bc374b2ae70172a6d316,Gravity,,,,,W1hZkqBeWCUTVBX6rx9OeHmaWx63,2024-10-30T01:47:06.632Z,-1.3557935,5.2703934,8.158122,true
6827bc374b2ae70172a6d317,Gravity,,,,,W1hZkqBeWCUTVBX6rx9OeHmaWx63,2024-10-30T01:47:06.793Z,-1.3665859,5.1681046,8.221515,true
6827bc374b2ae70172a6d318,Gravity,,,,,W1hZkqBeWCUTVBX6rx9OeHmaWx63,2024-10-30T01:47:06.952Z,-1.4381921,5.388152,8.066571,true
6827bc374b2ae70172a6d319,Gravity,,,,,W1hZkqBeWCUTVBX6rx9OeHmaWx63,2024-10-30T01:47:07.112Z,-1.1447612,4.7694645,8.491874,true
6827bc374b2ae70172a6d31a,Gravity,,,,,W1hZkqBeWCUTVBX6rx9OeHmaWx63,2024-10-30T01:47:07.272Z,-1.1249568,4.518565,8.630599,true
6827bc374b2ae70172a6d31b,Gravity,,,,,W1hZkqBeWCUTVBX6rx9OeHmaWx63,2024-10-30T01:47:07.432Z,-1.1530185,4.469787,8.652268,true
6827bc374b2ae70172a6d31c,Gravity,,,,,W1hZkqBeWCUTVBX6rx9OeHmaWx63,2024-10-30T01:47:07.593Z,-1.1880053,4.398848,8.683835,true
6827bc374b2ae70172a6d31d,Gravity,,,,,W1hZkqBeWCUTVBX6rx9OeHmaWx63,2024-10-30T01:47:07.752Z,-1.2512672,4.4350696,8.656483,true
6827bc374b2ae70172a6d31e,Gravity,,,,,W1hZkqBeWCUTVBX6rx9OeHmaWx63,2024-10-30T01:47:07.911Z,-1.2700983,4.417788,8.662575,true
6827bc374b2ae70172a6d31f,Gravity,,,,,W1hZkqBeWCUTVBX6rx9OeHmaWx63,2024-10-30T01:47:08.071Z,-1.314888,4.377844,8.67616,true
6827bc374b2ae70172a6d320,Gravity,,,,,W1hZkqBeWCUTVBX6rx9OeHmaWx63,2024-10-30T01:47:08.231Z,-1.3379394,4.3275743,8.697829,true
6827bc374b2ae70172a6d321,Gravity,,,,,W1hZkqBeWCUTVBX6rx9OeHmaWx63,2024-10-30T01:47:08.392Z,-1.33248,4.2746673,8.724789,true
6827bc374b2ae70172a6d322,Gravity,,,,,W1hZkqBeWCUTVBX6rx9OeHmaWx63,2024-10-30T01:47:08.551Z,-1.3245229,4.2109876,8.756909,true
6827bc374b2ae70172a6d323,Gravity,,,,,W1hZkqBeWCUTVBX6rx9OeHmaWx63,2024-10-30T01:47:08.711Z,-1.3277646,4.171049,8.775514,true
6827bc374b2ae70172a6d324,Gravity,,,,,W1hZkqBeWCUTVBX6rx9OeHmaWx63,2024-10-30T01:47:08.871Z,-1.331001,4.1537356,8.783232,true
6827bc374b2ae70172a6d325,Gravity,,,,,W1hZkqBeWCUTVBX6rx9OeHmaWx63,2024-10-30T01:47:09.031Z,-1.338217,4.1284513,8.79405,true
6827bc374b2ae70172a6d326,Gravity,,,,,W1hZkqBeWCUTVBX6rx9OeHmaWx63,2024-10-30T01:47:09.192Z,-1.3450685,4.098475,8.807017,true
6827bc374b2ae70172a6d327,Gravity,,,,,W1hZkqBeWCUTVBX6rx9OeHmaWx63,2024-10-30T01:47:09.351Z,-1.35723,4.0965257,8.806059,true
6827bc374b2ae70172a6d328,Gravity,,,,,W1hZkqBeWCUTVBX6rx9OeHmaWx63,2024-10-30T01:47:09.511Z,-1.3579342,4.075888,8.815521,true
6827bc374b2ae70172a6d329,Gravity,,,,,W1hZkqBeWCUTVBX6rx9OeHmaWx63,2024-10-30T01:47:09.670Z,-1.3527514,4.064041,8.821786,true
6827bc374b2ae70172a6d32a,Gravity,,,,,W1hZkqBeWCUTVBX6rx9OeHmaWx63,2024-10-30T01:47:09.830Z,-1.3627322,4.066394,8.819165,true
6827bc374b2ae70172a6d32b,Gravity,,,,,W1hZkqBeWCUTVBX6rx9OeHmaWx63,2024-10-30T01:47:09.991Z,-1.3697163,4.0473056,8.826861,true
6827bc374b2ae70172a6d32c,Gravity,,,,,W1hZkqBeWCUTVBX6rx9OeHmaWx63,2024-10-30T01:47:10.150Z,-1.3703884,4.018316,8.839993,true
6827bc374b2ae70172a6d32d,Gravity,,,,,W1hZkqBeWCUTVBX6rx9OeHmaWx63,2024-10-30T01:47:10.310Z,-1.3587828,3.9810555,8.858623,true
6827bc374b2ae70172a6d32e,Gravity,,,,,W1hZkqBeWCUTVBX6rx9OeHmaWx63,2024-10-30T01:47:10.470Z,-1.3641651,3.9455214,8.873681,true
6827bc374b2ae70172a6d32f,Gravity,,,,,W1hZkqBeWCUTVBX6rx9OeHmaWx63,2024-10-30T01:47:10.630Z,-1.3830115,3.9281425,8.878472,true
6827bc374b2ae70172a6d330,Gravity,,,,,W1hZkqBeWCUTVBX6rx9OeHmaWx63,2024-10-30T01:47:10.791Z,-1.3993253,3.9160712,8.881248,true
6827bc374b2ae70172a6d331,Gravity,,,,,W1hZkqBeWCUTVBX6rx9OeHmaWx63,2024-10-30T01:47:10.951Z,-1.406357,3.896544,8.888724,true
6827bc374b2ae70172a6d332,Gravity,,,,,W1hZkqBeWCUTVBX6rx9OeHmaWx63,2024-10-30T01:47:11.110Z,-1.4106025,3.8761272,8.896974,true
6827bc374b2ae70172a6d333,Gravity,,,,,W1hZkqBeWCUTVBX6rx9OeHmaWx63,2024-10-30T01:47:11.270Z,-1.4194145,3.8518603,8.906107,true
6827bc374b2ae70172a6d334,Gravity,,,,,W1hZkqBeWCUTVBX6rx9OeHmaWx63,2024-10-30T01:47:11.430Z,-1.4378594,3.8310075,8.912141,true
6827bc374b2ae70172a6d335,Gravity,,,,,W1hZkqBeWCUTVBX6rx9OeHmaWx63,2024-10-30T01:47:11.591Z,-1.4508023,3.8476274,8.902879,true
6827bc374b2ae70172a6d336,Gravity,,,,,W1hZkqBeWCUTVBX6rx9OeHmaWx63,2024-10-30T01:47:12.256Z,-0.97024095,1.4835503,9.645106,true
6827bc374b2ae70172a6d337,Gravity,,,,,W1hZkqBeWCUTVBX6rx9OeHmaWx63,2024-10-30T01:47:12.265Z,-0.6554108,1.2419378,9.705586,true
6827bc374b2ae70172a6d338,Gravity,,,,,W1hZkqBeWCUTVBX6rx9OeHmaWx63,2024-10-30T01:47:12.268Z,0.75911814,2.1489422,9.538142,true
6827bc374b2ae70172a6d339,Gravity,,,,,W1hZkqBeWCUTVBX6rx9OeHmaWx63,2024-10-30T01:47:12.397Z,0.57432765,2.9543724,9.333391,true
6827bc374b2ae70172a6d33a,Gravity,,,,,W1hZkqBeWCUTVBX6rx9OeHmaWx63,2024-10-30T01:47:13.948Z,-8.343984,0.9993223,5.05464,true
6827bc374b2ae70172a6d33b,Gravity,,,,,W1hZkqBeWCUTVBX6rx9OeHmaWx63,2024-10-30T01:47:12.556Z,0.3201007,3.4980795,9.155944,true
6827bc374b2ae70172a6d33c,Gravity,,,,,W1hZkqBeWCUTVBX6rx9OeHmaWx63,2024-10-30T01:47:13.997Z,-8.391792,1.3051857,4.9035106,true
6827bc374b2ae70172a6d33d,Gravity,,,,,W1hZkqBeWCUTVBX6rx9OeHmaWx63,2024-10-30T01:47:12.716Z,0.057282563,3.786339,9.046032,true
6827bc374b2ae70172a6d33e,Gravity,,,,,W1hZkqBeWCUTVBX6rx9OeHmaWx63,2024-10-30T01:47:12.876Z,0.53467053,3.3111389,9.21525,true
6827bc374b2ae70172a6d33f,Gravity,,,,,W1hZkqBeWCUTVBX6rx9OeHmaWx63,2024-10-30T01:47:13.036Z,0.34014586,3.101879,9.296935,true
6827bc374b2ae70172a6d340,Gravity,,,,,W1hZkqBeWCUTVBX6rx9OeHmaWx63,2024-10-30T01:47:13.197Z,1.3203849,1.9196454,9.525855,true
6827bc374b2ae70172a6d341,Gravity,,,,,W1hZkqBeWCUTVBX6rx9OeHmaWx63,2024-10-30T01:47:13.356Z,2.8243542,-1.5588106,9.260858,true
6827bc374b2ae70172a6d342,Gravity,,,,,W1hZkqBeWCUTVBX6rx9OeHmaWx63,2024-10-30T01:47:13.516Z,-2.8236225,-4.213252,8.393209,true
6827bc374b2ae70172a6d343,Gravity,,,,,W1hZkqBeWCUTVBX6rx9OeHmaWx63,2024-10-30T01:47:13.675Z,-7.840144,-0.005679804,5.890862,true
6827bc374b2ae70172a6d344,Gravity,,,,,W1hZkqBeWCUTVBX6rx9OeHmaWx63,2024-10-30T01:47:13.940Z,-8.303869,0.91347426,5.1362844,true
6827bc374b2ae70172a6d345,Gravity,,,,,W1hZkqBeWCUTVBX6rx9OeHmaWx63,2024-10-30T01:47:14.157Z,-8.430561,1.0535916,4.897524,true
6827bc374b2ae70172a6d346,Gravity,,,,,W1hZkqBeWCUTVBX6rx9OeHmaWx63,2024-10-30T01:47:14.317Z,-8.405864,1.0401453,4.9426436,true
6827bc374b2ae70172a6d347,Gravity,,,,,W1hZkqBeWCUTVBX6rx9OeHmaWx63,2024-10-30T01:47:14.477Z,-8.382016,1.0141886,4.9883275,true
6827bc374b2ae70172a6d348,Gravity,,,,,W1hZkqBeWCUTVBX6rx9OeHmaWx63,2024-10-30T01:47:14.638Z,-8.389716,0.98516434,4.981197,true
6827bc374b2ae70172a6d349,Gravity,,,,,W1hZkqBeWCUTVBX6rx9OeHmaWx63,2024-10-30T01:47:14.798Z,-8.385618,0.93888927,4.9970055,true
6827bc374b2ae70172a6d34a,Gravity,,,,,W1hZkqBeWCUTVBX6rx9OeHmaWx63,2024-10-30T01:47:14.957Z,-8.372571,0.88584125,5.0284657,true
6827bc374b2ae70172a6d34b,Gravity,,,,,W1hZkqBeWCUTVBX6rx9OeHmaWx63,2024-10-30T01:47:15.117Z,-8.382194,0.83943254,5.020391,true
6827bc374b2ae70172a6d34c,Gravity,,,,,W1hZkqBeWCUTVBX6rx9OeHmaWx63,2024-10-30T01:47:15.277Z,-8.395098,0.7873396,5.007246,true
6827bc374b2ae70172a6d34d,Gravity,,,,,W1hZkqBeWCUTVBX6rx9OeHmaWx63,2024-10-30T01:47:15.437Z,-8.403749,0.71899396,5.0030117,true
6827bc374b2ae70172a6d34e,Gravity,,,,,W1hZkqBeWCUTVBX6rx9OeHmaWx63,2024-10-30T01:47:15.597Z,-8.398437,0.645509,5.021917,true
6827bc374b2ae70172a6d34f,Gravity,,,,,W1hZkqBeWCUTVBX6rx9OeHmaWx63,2024-10-30T01:47:15.756Z,-8.408047,0.58641803,5.0130773,true
6827bc374b2ae70172a6d350,Gravity,,,,,W1hZkqBeWCUTVBX6rx9OeHmaWx63,2024-10-30T01:47:15.916Z,-8.405867,0.56503046,5.0191884,true
6827bc374b2ae70172a6d351,Gravity,,,,,W1hZkqBeWCUTVBX6rx9OeHmaWx63,2024-10-30T01:47:16.074Z,-8.407884,0.54343003,5.0182014,true
6827bc374b2ae70172a6d352,Gravity,,,,,W1hZkqBeWCUTVBX6rx9OeHmaWx63,2024-10-30T01:47:16.236Z,-8.414196,0.5219323,5.0098996,true
6827bc374b2ae70172a6d353,Gravity,,,,,W1hZkqBeWCUTVBX6rx9OeHmaWx63,2024-10-30T01:47:16.397Z,-8.419072,0.5118415,5.002744,true
6827bc374b2ae70172a6d354,Gravity,,,,,W1hZkqBeWCUTVBX6rx9OeHmaWx63,2024-10-30T01:47:16.555Z,-8.424894,0.51156795,4.992958,true
6827bc374b2ae70172a6d355,Gravity,,,,,W1hZkqBeWCUTVBX6rx9OeHmaWx63,2024-10-30T01:47:16.713Z,-8.436434,0.52058536,4.9725013,true
6827bc374b2ae70172a6d356,Gravity,,,,,W1hZkqBeWCUTVBX6rx9OeHmaWx63,2024-10-30T01:47:16.873Z,-8.435381,0.52170235,4.974173,true
6827bc374b2ae70172a6d357,Gravity,,,,,W1hZkqBeWCUTVBX6rx9OeHmaWx63,2024-10-30T01:47:17.033Z,-8.430931,0.5188551,4.982005,true
6827bc374b2ae70172a6d358,Gravity,,,,,W1hZkqBeWCUTVBX6rx9OeHmaWx63,2024-10-30T01:47:17.194Z,-8.433468,0.51233387,4.978384,true
6827bc374b2ae70172a6d359,Gravity,,,,,W1hZkqBeWCUTVBX6rx9OeHmaWx63,2024-10-30T01:47:17.353Z,-8.436203,0.5057086,4.9744306,true
6827bc374b2ae70172a6d35a,Gravity,,,,,W1hZkqBeWCUTVBX6rx9OeHmaWx63,2024-10-30T01:47:17.513Z,-8.439048,0.50155133,4.9700274,true
6827bc374b2ae70172a6d35b,Gravity,,,,,W1hZkqBeWCUTVBX6rx9OeHmaWx63,2024-10-30T01:47:17.673Z,-8.443871,0.49578238,4.962408,true
6827bc374b2ae70172a6d35c,Gravity,,,,,W1hZkqBeWCUTVBX6rx9OeHmaWx63,2024-10-30T01:47:17.833Z,-8.447939,0.4882374,4.956232,true
6827bc374b2ae70172a6d35d,Gravity,,,,,W1hZkqBeWCUTVBX6rx9OeHmaWx63,2024-10-30T01:47:17.994Z,-8.451809,0.48326135,4.950121,true
6827bc374b2ae70172a6d35e,Gravity,,,,,W1hZkqBeWCUTVBX6rx9OeHmaWx63,2024-10-30T01:47:18.153Z,-8.457553,0.47923806,4.940693,true
6827bc374b2ae70172a6d35f,Gravity,,,,,W1hZkqBeWCUTVBX6rx9OeHmaWx63,2024-10-30T01:47:18.313Z,-8.461609,0.47482336,4.934173,true
6827bc374b2ae70172a6d360,Gravity,,,,,W1hZkqBeWCUTVBX6rx9OeHmaWx63,2024-10-30T01:47:18.472Z,-8.465925,0.47076294,4.927151,true
6827bc374b2ae70172a6d361,Gravity,,,,,W1hZkqBeWCUTVBX6rx9OeHmaWx63,2024-10-30T01:47:18.632Z,-8.469558,0.4643031,4.9215155,true
6827bc374b2ae70172a6d362,Gravity,,,,,W1hZkqBeWCUTVBX6rx9OeHmaWx63,2024-10-30T01:47:18.843Z,-8.471475,0.45449337,4.9191313,true
6827bc374b2ae70172a6d363,Gravity,,,,,W1hZkqBeWCUTVBX6rx9OeHmaWx63,2024-10-30T01:47:18.952Z,-8.474652,0.4464744,4.914393,true
6827bc374b2ae70172a6d364,Gravity,,,,,W1hZkqBeWCUTVBX6rx9OeHmaWx63,2024-10-30T01:47:19.112Z,-8.477372,0.4402149,4.910266,true
6827bc374b2ae70172a6d365,Gravity,,,,,W1hZkqBeWCUTVBX6rx9OeHmaWx63,2024-10-30T01:47:19.272Z,-8.481661,0.43554974,4.9032755,true
6827bc374b2ae70172a6d366,Gravity,,,,,W1hZkqBeWCUTVBX6rx9OeHmaWx63,2024-10-30T01:47:19.433Z,-8.486876,0.43114012,4.8946323,true
6827bc374b2ae70172a6d367,Gravity,,,,,W1hZkqBeWCUTVBX6rx9OeHmaWx63,2024-10-30T01:47:19.593Z,-8.489746,0.42573613,4.890133,true
6827bc374b2ae70172a6d368,Gravity,,,,,W1hZkqBeWCUTVBX6rx9OeHmaWx63,2024-10-30T01:47:19.752Z,-8.489812,0.4191707,4.8905864,true
6827bc374b2ae70172a6d369,Gravity,,,,,W1hZkqBeWCUTVBX6rx9OeHmaWx63,2024-10-30T01:47:19.912Z,-8.474457,0.4284217,4.9163513,true
6827bc374b2ae70172a6d36a,Gravity,,,,,W1hZkqBeWCUTVBX6rx9OeHmaWx63,2024-10-30T01:47:20.072Z,-8.40725,0.4739719,5.0263243,true
6827bc374b2ae70172a6d36b,Gravity,,,,,W1hZkqBeWCUTVBX6rx9OeHmaWx63,2024-10-30T01:47:20.232Z,-8.322543,0.59967995,5.152297,true
6827bc374b2ae70172a6d36c,Gravity,,,,,W1hZkqBeWCUTVBX6rx9OeHmaWx63,2024-10-30T01:47:20.393Z,-8.302273,0.7526206,5.1649175,true
6827bc374b2ae70172a6d36d,Gravity,,,,,W1hZkqBeWCUTVBX6rx9OeHmaWx63,2024-10-30T01:47:26.043Z,-8.1978245,0.7822769,5.3248687,true
6827bc374b2ae70172a6d36e,Gravity,,,,,W1hZkqBeWCUTVBX6rx9OeHmaWx63,2024-10-30T01:47:20.552Z,-8.318189,0.81331044,5.1299872,true
6827bc374b2ae70172a6d36f,Gravity,,,,,W1hZkqBeWCUTVBX6rx9OeHmaWx63,2024-10-30T01:47:20.712Z,-8.267568,0.7837643,5.215703,true
6827bc374b2ae70172a6d370,Gravity,,,,,W1hZkqBeWCUTVBX6rx9OeHmaWx63,2024-10-30T01:47:25.967Z,-8.234703,0.7719206,5.269185,true
6827bc374b2ae70172a6d371,Gravity,,,,,W1hZkqBeWCUTVBX6rx9OeHmaWx63,2024-10-30T01:47:26.204Z,-8.207662,0.7821346,5.3097186,true
6827bc374b2ae70172a6d372,Gravity,,,,,W1hZkqBeWCUTVBX6rx9OeHmaWx63,2024-10-30T01:47:26.364Z,-8.220029,0.764538,5.293124,true
6827bc374b2ae70172a6d373,Gravity,,,,,W1hZkqBeWCUTVBX6rx9OeHmaWx63,2024-10-30T01:47:26.524Z,-8.234364,0.75589347,5.272043,true
6827bc374b2ae70172a6d374,Gravity,,,,,W1hZkqBeWCUTVBX6rx9OeHmaWx63,2024-10-30T01:47:26.684Z,-8.238209,0.75898486,5.2655873,true
6827bc374b2ae70172a6d375,Gravity,,,,,W1hZkqBeWCUTVBX6rx9OeHmaWx63,2024-10-30T01:47:26.845Z,-8.238327,0.74757326,5.267034,true
6827bc374b2ae70172a6d376,Gravity,,,,,W1hZkqBeWCUTVBX6rx9OeHmaWx63,2024-10-30T01:47:27.006Z,-8.241571,0.7343512,5.2638183,true
6827bc374b2ae70172a6d377,Gravity,,,,,W1hZkqBeWCUTVBX6rx9OeHmaWx63,2024-10-30T01:47:27.164Z,-8.243455,0.7222289,5.26255,true
6827bc374b2ae70172a6d378,Gravity,,,,,W1hZkqBeWCUTVBX6rx9OeHmaWx63,2024-10-30T01:47:27.324Z,-8.24642,0.7122286,5.2592664,true
6827bc374b2ae70172a6d379,Gravity,,,,,W1hZkqBeWCUTVBX6rx9OeHmaWx63,2024-10-30T01:47:27.483Z,-8.249937,0.7026811,5.255031,true
6827bc374b2ae70172a6d37a,Gravity,,,,,W1hZkqBeWCUTVBX6rx9OeHmaWx63,2024-10-30T01:47:27.644Z,-8.25157,0.69202685,5.2538815,true
6827bc374b2ae70172a6d37b,Gravity,,,,,W1hZkqBeWCUTVBX6rx9OeHmaWx63,2024-10-30T01:47:27.804Z,-8.254886,0.6821194,5.2499733,true
6827bc374b2ae70172a6d37c,Gravity,,,,,W1hZkqBeWCUTVBX6rx9OeHmaWx63,2024-10-30T01:47:27.963Z,-8.2602215,0.67602795,5.2423663,true
6827bc374b2ae70172a6d37d,Gravity,,,,,W1hZkqBeWCUTVBX6rx9OeHmaWx63,2024-10-30T01:47:28.121Z,-8.267176,0.67017114,5.2321477,true
6827bc374b2ae70172a6d37e,Gravity,,,,,W1hZkqBeWCUTVBX6rx9OeHmaWx63,2024-10-30T01:47:28.283Z,-8.270935,0.6635437,5.227051,true
6827bc374b2ae70172a6d37f,Gravity,,,,,W1hZkqBeWCUTVBX6rx9OeHmaWx63,2024-10-30T01:47:28.443Z,-8.276289,0.6476176,5.2205763,true
6827bc374b2ae70172a6d380,Gravity,,,,,W1hZkqBeWCUTVBX6rx9OeHmaWx63,2024-10-30T01:47:28.601Z,-8.280177,0.63369435,5.2161183,true
6827bc374b2ae70172a6d381,Gravity,,,,,W1hZkqBeWCUTVBX6rx9OeHmaWx63,2024-10-30T01:47:28.760Z,-8.288378,0.6249672,5.2041345,true
6827bc374b2ae70172a6d382,Gravity,,,,,W1hZkqBeWCUTVBX6rx9OeHmaWx63,2024-10-30T01:47:28.919Z,-8.29466,0.6223501,5.1944284,true
6827bc374b2ae70172a6d383,Gravity,,,,,W1hZkqBeWCUTVBX6rx9OeHmaWx63,2024-10-30T01:47:29.079Z,-8.297621,0.62085205,5.1898746,true
6827bc374b2ae70172a6d384,Gravity,,,,,W1hZkqBeWCUTVBX6rx9OeHmaWx63,2024-10-30T01:47:29.241Z,-8.298448,0.61444265,5.1893134,true
6827bc374b2ae70172a6d385,Gravity,,,,,W1hZkqBeWCUTVBX6rx9OeHmaWx63,2024-10-30T01:47:29.399Z,-8.305034,0.6086426,5.179455,true
6827bc374b2ae70172a6d386,Gravity,,,,,W1hZkqBeWCUTVBX6rx9OeHmaWx63,2024-10-30T01:47:29.559Z,-8.311463,0.60817933,5.169186,true
6827bc374b2ae70172a6d387,Gravity,,,,,W1hZkqBeWCUTVBX6rx9OeHmaWx63,2024-10-30T01:47:29.719Z,-8.318378,0.60413545,5.1585255,true
6827bc374b2ae70172a6d388,Gravity,,,,,W1hZkqBeWCUTVBX6rx9OeHmaWx63,2024-10-30T01:47:29.879Z,-8.323642,0.5898727,5.1516857,true
6827bc374b2ae70172a6d389,Gravity,,,,,W1hZkqBeWCUTVBX6rx9OeHmaWx63,2024-10-30T01:47:30.039Z,-8.3261795,0.57980347,5.1487284,true
6827bc374b2ae70172a6d38a,Gravity,,,,,W1hZkqBeWCUTVBX6rx9OeHmaWx63,2024-10-30T01:47:30.199Z,-8.332175,0.5725047,5.139838,true
6827bc374b2ae70172a6d38b,Gravity,,,,,W1hZkqBeWCUTVBX6rx9OeHmaWx63,2024-10-30T01:47:30.358Z,-8.346563,0.5748975,5.1161766,true
6827bc374b2ae70172a6d38c,Gravity,,,,,W1hZkqBeWCUTVBX6rx9OeHmaWx63,2024-10-30T01:47:30.518Z,-8.368836,0.6088076,5.075709,true
6827bc374b2ae70172a6d38d,Gravity,,,,,W1hZkqBeWCUTVBX6rx9OeHmaWx63,2024-10-30T01:47:30.678Z,-8.404184,0.65410507,5.0112576,true
6827bc374b2ae70172a6d38e,Gravity,,,,,W1hZkqBeWCUTVBX6rx9OeHmaWx63,2024-10-30T01:47:30.839Z,-8.429302,0.687605,4.964363,true
6827bc374b2ae70172a6d38f,Gravity,,,,,W1hZkqBeWCUTVBX6rx9OeHmaWx63,2024-10-30T01:47:30.998Z,-8.428312,0.68167895,4.9668593,true
6827bc374b2ae70172a6d390,Gravity,,,,,W1hZkqBeWCUTVBX6rx9OeHmaWx63,2024-10-30T01:47:31.158Z,-8.432832,0.6692567,4.960878,true
6827bc374b2ae70172a6d391,Gravity,,,,,W1hZkqBeWCUTVBX6rx9OeHmaWx63,2024-10-30T01:47:31.318Z,-8.445099,0.6602336,4.9411807,true
6827bc374b2ae70172a6d392,Gravity,,,,,W1hZkqBeWCUTVBX6rx9OeHmaWx63,2024-10-30T01:47:31.478Z,-8.451987,0.6546831,4.930128,true
6827bc374b2ae70172a6d393,Gravity,,,,,W1hZkqBeWCUTVBX6rx9OeHmaWx63,2024-10-30T01:47:31.639Z,-8.448714,0.65130424,4.936184,true
6827bc374b2ae70172a6d394,Gravity,,,,,W1hZkqBeWCUTVBX6rx9OeHmaWx63,2024-10-30T01:47:31.798Z,-8.448213,0.64544326,4.9378185,true
6827bc374b2ae70172a6d395,Gravity,,,,,W1hZkqBeWCUTVBX6rx9OeHmaWx63,2024-10-30T01:47:31.958Z,-8.457947,0.6507893,4.9204183,true
6827bc374b2ae70172a6d396,Gravity,,,,,W1hZkqBeWCUTVBX6rx9OeHmaWx63,2024-10-30T01:47:32.117Z,-8.470687,0.6470339,4.898957,true
6827bc374b2ae70172a6d397,Gravity,,,,,W1hZkqBeWCUTVBX6rx9OeHmaWx63,2024-10-30T01:47:32.277Z,-8.470817,0.6331994,4.9005456,true
6827bc374b2ae70172a6d398,Gravity,,,,,W1hZkqBeWCUTVBX6rx9OeHmaWx63,2024-10-30T01:47:32.438Z,-8.474727,0.62437826,4.8949122,true
6827bc374b2ae70172a6d399,Gravity,,,,,W1hZkqBeWCUTVBX6rx9OeHmaWx63,2024-10-30T01:47:32.597Z,-8.489784,0.6152223,4.8699145,true
6827bc374b2ae70172a6d39a,Gravity,,,,,W1hZkqBeWCUTVBX6rx9OeHmaWx63,2024-10-30T01:47:32.757Z,-8.506793,0.60785586,4.841073,true
6827bc374b2ae70172a6d39b,Gravity,,,,,W1hZkqBeWCUTVBX6rx9OeHmaWx63,2024-10-30T01:47:32.951Z,-8.501794,0.6291913,4.847127,true
6827bc374b2ae70172a6d39c,Gravity,,,,,W1hZkqBeWCUTVBX6rx9OeHmaWx63,2024-10-30T01:47:33.077Z,-8.502414,0.6831702,4.8387227,true
6827bc374b2ae70172a6d39d,Gravity,,,,,W1hZkqBeWCUTVBX6rx9OeHmaWx63,2024-10-30T01:47:33.239Z,-8.568286,0.57789,4.7351356,true
6827bc374b2ae70172a6d39e,Gravity,,,,,W1hZkqBeWCUTVBX6rx9OeHmaWx63,2024-10-30T01:47:33.397Z,-8.54493,0.5399967,4.7815857,true
6827bc374b2ae70172a6d39f,Gravity,,,,,W1hZkqBeWCUTVBX6rx9OeHmaWx63,2024-10-30T01:47:33.556Z,-8.537049,0.55128264,4.794358,true
6827bc374b2ae70172a6d3a0,Gravity,,,,,W1hZkqBeWCUTVBX6rx9OeHmaWx63,2024-10-30T01:47:33.716Z,-8.538602,0.54355854,4.7924733,true
6827bc374b2ae70172a6d3a1,Gravity,,,,,W1hZkqBeWCUTVBX6rx9OeHmaWx63,2024-10-30T01:47:33.876Z,-8.538995,0.5305485,4.793234,true
6827bc374b2ae70172a6d3a2,Gravity,,,,,W1hZkqBeWCUTVBX6rx9OeHmaWx63,2024-10-30T01:47:34.037Z,-8.539376,0.5156074,4.794192,true
6827bc374b2ae70172a6d3a3,Gravity,,,,,W1hZkqBeWCUTVBX6rx9OeHmaWx63,2024-10-30T01:47:34.196Z,-8.539256,0.5009344,4.7959623,true
6827bc374b2ae70172a6d3a4,Gravity,,,,,W1hZkqBeWCUTVBX6rx9OeHmaWx63,2024-10-30T01:47:34.533Z,-8.544561,0.49043056,4.7875957,true
6827bc374b2ae70172a6d3a5,Gravity,,,,,W1hZkqBeWCUTVBX6rx9OeHmaWx63,2024-10-30T01:47:34.542Z,-8.545192,0.48929656,4.786587,true
6827bc374b2ae70172a6d3a6,Gravity,,,,,W1hZkqBeWCUTVBX6rx9OeHmaWx63,2024-10-30T01:47:34.542Z,-8.546796,0.48688063,4.7839694,true
6827bc374b2ae70172a6d3a7,Gravity,,,,,W1hZkqBeWCUTVBX6rx9OeHmaWx63,2024-10-30T01:47:34.676Z,-8.557441,0.4715784,4.766445,true
6827bc374b2ae70172a6d3a8,Gravity,,,,,W1hZkqBeWCUTVBX6rx9OeHmaWx63,2024-10-30T01:47:34.837Z,-8.560624,0.45865944,4.761988,true
6827bc374b2ae70172a6d3a9,Gravity,,,,,W1hZkqBeWCUTVBX6rx9OeHmaWx63,2024-10-30T01:47:34.996Z,-8.562994,0.44753334,4.758792,true
6827bc374b2ae70172a6d3aa,Gravity,,,,,W1hZkqBeWCUTVBX6rx9OeHmaWx63,2024-10-30T01:47:35.156Z,-8.564955,0.44482934,4.755516,true
6827bc374b2ae70172a6d3ab,Gravity,,,,,W1hZkqBeWCUTVBX6rx9OeHmaWx63,2024-10-30T01:47:35.316Z,-8.567724,0.44294572,4.7506986,true
6827bc374b2ae70172a6d3ac,Gravity,,,,,W1hZkqBeWCUTVBX6rx9OeHmaWx63,2024-10-30T01:47:35.476Z,-8.568667,0.44465634,4.7488303,true
6827bc374b2ae70172a6d3ad,Gravity,,,,,W1hZkqBeWCUTVBX6rx9OeHmaWx63,2024-10-30T01:47:35.637Z,-8.559333,0.42858943,4.767106,true
6827bc374b2ae70172a6d3ae,Gravity,,,,,W1hZkqBeWCUTVBX6rx9OeHmaWx63,2024-10-30T01:47:35.796Z,-8.560079,0.4169766,4.7668014,true
6827bc374b2ae70172a6d3af,Gravity,,,,,W1hZkqBeWCUTVBX6rx9OeHmaWx63,2024-10-30T01:47:35.957Z,-8.565163,0.41122657,4.7581596,true
6827bc374b2ae70172a6d3b0,Gravity,,,,,W1hZkqBeWCUTVBX6rx9OeHmaWx63,2024-10-30T01:47:36.121Z,-8.56732,0.40427354,4.754872,true
6827bc374b2ae70172a6d3b1,Gravity,,,,,W1hZkqBeWCUTVBX6rx9OeHmaWx63,2024-10-30T01:47:36.276Z,-8.572447,0.39908817,4.7460675,true
6827bc374b2ae70172a6d3b2,Gravity,,,,,W1hZkqBeWCUTVBX6rx9OeHmaWx63,2024-10-30T01:47:36.437Z,-8.580057,0.3930828,4.7327986,true
6827bc374b2ae70172a6d3b3,Gravity,,,,,W1hZkqBeWCUTVBX6rx9OeHmaWx63,2024-10-30T01:47:37.715Z,-8.618102,0.34198222,4.6672034,true
6827bc374b2ae70172a6d3b4,Gravity,,,,,W1hZkqBeWCUTVBX6rx9OeHmaWx63,2024-10-30T01:47:36.596Z,-8.58435,0.38750967,4.7254715,true
6827bc374b2ae70172a6d3b5,Gravity,,,,,W1hZkqBeWCUTVBX6rx9OeHmaWx63,2024-10-30T01:47:37.876Z,-8.626911,0.33756292,4.651225,true
6827bc374b2ae70172a6d3b6,Gravity,,,,,W1hZkqBeWCUTVBX6rx9OeHmaWx63,2024-10-30T01:47:36.756Z,-8.590768,0.384632,4.7140293,true
6827bc374b2ae70172a6d3b7,Gravity,,,,,W1hZkqBeWCUTVBX6rx9OeHmaWx63,2024-10-30T01:47:36.916Z,-8.598997,0.38298225,4.699137,true
6827bc374b2ae70172a6d3b8,Gravity,,,,,W1hZkqBeWCUTVBX6rx9OeHmaWx63,2024-10-30T01:47:37.076Z,-8.603589,0.37843716,4.6910973,true
6827bc374b2ae70172a6d3b9,Gravity,,,,,W1hZkqBeWCUTVBX6rx9OeHmaWx63,2024-10-30T01:47:37.236Z,-8.6042185,0.36920267,4.69068,true
6827bc374b2ae70172a6d3ba,Gravity,,,,,W1hZkqBeWCUTVBX6rx9OeHmaWx63,2024-10-30T01:47:37.396Z,-8.604714,0.3528234,4.6910324,true
6827bc374b2ae70172a6d3bb,Gravity,,,,,W1hZkqBeWCUTVBX6rx9OeHmaWx63,2024-10-30T01:47:37.556Z,-8.608941,0.3421588,4.6840687,true
6827bc374b2ae70172a6d3bc,Gravity,,,,,W1hZkqBeWCUTVBX6rx9OeHmaWx63,2024-10-30T01:47:38.038Z,-8.633649,0.33296397,4.6390443,true
6827bc374b2ae70172a6d3bd,Gravity,,,,,W1hZkqBeWCUTVBX6rx9OeHmaWx63,2024-10-30T01:47:38.197Z,-8.639359,0.3209696,4.6292458,true
6827bc374b2ae70172a6d3be,Gravity,,,,,W1hZkqBeWCUTVBX6rx9OeHmaWx63,2024-10-30T01:47:38.357Z,-8.642778,0.3105838,4.6235704,true
6827bc374b2ae70172a6d3bf,Gravity,,,,,W1hZkqBeWCUTVBX6rx9OeHmaWx63,2024-10-30T01:47:38.516Z,-8.649418,0.30405033,4.6115766,true
6827bc374b2ae70172a6d3c0,Gravity,,,,,W1hZkqBeWCUTVBX6rx9OeHmaWx63,2024-10-30T01:47:38.677Z,-8.653075,0.2997448,4.6049914,true
6827bc374b2ae70172a6d3c1,Gravity,,,,,W1hZkqBeWCUTVBX6rx9OeHmaWx63,2024-10-30T01:47:38.836Z,-8.658322,0.30017355,4.595091,true
6827bc374b2ae70172a6d3c2,Gravity,,,,,W1hZkqBeWCUTVBX6rx9OeHmaWx63,2024-10-30T01:47:38.995Z,-8.66141,0.29947102,4.5893145,true
6827bc374b2ae70172a6d3c3,Gravity,,,,,W1hZkqBeWCUTVBX6rx9OeHmaWx63,2024-10-30T01:47:39.156Z,-8.664296,0.29769635,4.5839787,true
6827bc374b2ae70172a6d3c4,Gravity,,,,,W1hZkqBeWCUTVBX6rx9OeHmaWx63,2024-10-30T01:47:39.316Z,-8.67018,0.2966179,4.5729074,true
6827bc374b2ae70172a6d3c5,Gravity,,,,,W1hZkqBeWCUTVBX6rx9OeHmaWx63,2024-10-30T01:47:39.476Z,-8.675329,0.29326305,4.56335,true
6827bc374b2ae70172a6d3c6,Gravity,,,,,W1hZkqBeWCUTVBX6rx9OeHmaWx63,2024-10-30T01:47:39.637Z,-8.680039,0.28980684,4.554607,true
6827bc374b2ae70172a6d3c7,Gravity,,,,,W1hZkqBeWCUTVBX6rx9OeHmaWx63,2024-10-30T01:47:39.795Z,-8.684381,0.2846699,4.546653,true
6827bc374b2ae70172a6d3c8,Gravity,,,,,W1hZkqBeWCUTVBX6rx9OeHmaWx63,2024-10-30T01:47:39.956Z,-8.688056,0.2787457,4.5399885,true
6827bc374b2ae70172a6d3c9,Gravity,,,,,W1hZkqBeWCUTVBX6rx9OeHmaWx63,2024-10-30T01:47:40.115Z,-8.692219,0.27478907,4.532257,true
6827bc374b2ae70172a6d3ca,Gravity,,,,,W1hZkqBeWCUTVBX6rx9OeHmaWx63,2024-10-30T01:47:40.275Z,-8.696743,0.26946115,4.5238924,true
6827bc374b2ae70172a6d3cb,Gravity,,,,,W1hZkqBeWCUTVBX6rx9OeHmaWx63,2024-10-30T01:47:40.435Z,-8.700523,0.26089004,4.5171194,true
6827bc374b2ae70172a6d3cc,Gravity,,,,,W1hZkqBeWCUTVBX6rx9OeHmaWx63,2024-10-30T01:47:40.594Z,-8.703465,0.2555781,4.511747,true
6827bc374b2ae70172a6d3cd,Gravity,,,,,W1hZkqBeWCUTVBX6rx9OeHmaWx63,2024-10-30T01:47:40.754Z,-8.70976,0.2510523,4.49984,true
6827bc374b2ae70172a6d3ce,Gravity,,,,,W1hZkqBeWCUTVBX6rx9OeHmaWx63,2024-10-30T01:47:40.914Z,-8.715191,0.24998394,4.489376,true
6827bc374b2ae70172a6d3cf,Gravity,,,,,W1hZkqBeWCUTVBX6rx9OeHmaWx63,2024-10-30T01:47:41.073Z,-8.721509,0.25083405,4.477042,true
6827bc374b2ae70172a6d3d0,Gravity,,,,,W1hZkqBeWCUTVBX6rx9OeHmaWx63,2024-10-30T01:47:41.248Z,-8.728197,0.24667263,4.4642215,true
6827bc374b2ae70172a6d3d1,Gravity,,,,,W1hZkqBeWCUTVBX6rx9OeHmaWx63,2024-10-30T01:47:41.394Z,-8.735548,0.24235271,4.450062,true
6827bc374b2ae70172a6d3d2,Gravity,,,,,W1hZkqBeWCUTVBX6rx9OeHmaWx63,2024-10-30T01:47:41.554Z,-8.741614,0.23575872,4.438491,true
6827bc374b2ae70172a6d3d3,Gravity,,,,,W1hZkqBeWCUTVBX6rx9OeHmaWx63,2024-10-30T01:47:41.714Z,-8.746347,0.22886634,4.429516,true
6827bc374b2ae70172a6d3d4,Gravity,,,,,W1hZkqBeWCUTVBX6rx9OeHmaWx63,2024-10-30T01:47:41.874Z,-8.750633,0.22005409,4.421493,true
6827bc374b2ae70172a6d3d5,Gravity,,,,,W1hZkqBeWCUTVBX6rx9OeHmaWx63,2024-10-30T01:47:42.035Z,-8.755994,0.21267961,4.4112315,true
6827bc374b2ae70172a6d3d6,Gravity,,,,,W1hZkqBeWCUTVBX6rx9OeHmaWx63,2024-10-30T01:47:42.194Z,-8.759979,0.20801146,4.4035344,true
6827bc374b2ae70172a6d3d7,Gravity,,,,,W1hZkqBeWCUTVBX6rx9OeHmaWx63,2024-10-30T01:47:42.353Z,-8.762302,0.20808205,4.3989058,true
6827bc374b2ae70172a6d3d8,Gravity,,,,,W1hZkqBeWCUTVBX6rx9OeHmaWx63,2024-10-30T01:47:42.513Z,-8.767605,0.20682636,4.388388,true
6827bc374b2ae70172a6d3d9,Gravity,,,,,W1hZkqBeWCUTVBX6rx9OeHmaWx63,2024-10-30T01:47:42.673Z,-8.773157,0.21245062,4.37701,true
6827bc374b2ae70172a6d3da,Gravity,,,,,W1hZkqBeWCUTVBX6rx9OeHmaWx63,2024-10-30T01:47:42.834Z,-8.778898,0.21280003,4.365462,true
6827bc374b2ae70172a6d3db,Gravity,,,,,W1hZkqBeWCUTVBX6rx9OeHmaWx63,2024-10-30T01:47:42.993Z,-8.784527,0.2081519,4.3543587,true
6827bc374b2ae70172a6d3dc,Gravity,,,,,W1hZkqBeWCUTVBX6rx9OeHmaWx63,2024-10-30T01:47:43.153Z,-8.788177,0.20057796,4.347343,true
6827bc374b2ae70172a6d3dd,Gravity,,,,,W1hZkqBeWCUTVBX6rx9OeHmaWx63,2024-10-30T01:47:43.319Z,-8.791065,0.19802068,4.341622,true
6827bc374b2ae70172a6d3de,Gravity,,,,,W1hZkqBeWCUTVBX6rx9OeHmaWx63,2024-10-30T01:47:43.473Z,-8.794512,0.18680574,4.3351336,true
6827bc374b2ae70172a6d3df,Gravity,,,,,W1hZkqBeWCUTVBX6rx9OeHmaWx63,2024-10-30T01:47:43.634Z,-8.798555,0.18055896,4.327189,true
6827bc374b2ae70172a6d3e0,Gravity,,,,,W1hZkqBeWCUTVBX6rx9OeHmaWx63,2024-10-30T01:47:43.793Z,-8.801267,0.17144364,4.3220377,true
6827bc374b2ae70172a6d3e1,Gravity,,,,,W1hZkqBeWCUTVBX6rx9OeHmaWx63,2024-10-30T01:47:43.952Z,-8.8073,0.16514994,4.309979,true
6827bc374b2ae70172a6d3e2,Gravity,,,,,W1hZkqBeWCUTVBX6rx9OeHmaWx63,2024-10-30T01:47:44.112Z,-8.790949,0.19758302,4.341878,true
6827bc374b2ae70172a6d3e3,Gravity,,,,,W1hZkqBeWCUTVBX6rx9OeHmaWx63,2024-10-30T01:47:44.272Z,-8.628278,0.52009183,4.631845,true
6827bc374b2ae70172a6d3e4,Gravity,,,,,W1hZkqBeWCUTVBX6rx9OeHmaWx63,2024-10-30T01:47:44.433Z,-8.458021,1.122785,4.8345485,true
6827bc374b2ae70172a6d3e5,Gravity,,,,,W1hZkqBeWCUTVBX6rx9OeHmaWx63,2024-10-30T01:47:44.592Z,-8.440287,1.2618355,4.8312454,true
6827bc374b2ae70172a6d3e6,Gravity,,,,,W1hZkqBeWCUTVBX6rx9OeHmaWx63,2024-10-30T01:47:44.752Z,-8.483049,1.049867,4.807001,true
6827bc374b2ae70172a6d3e7,Gravity,,,,,W1hZkqBeWCUTVBX6rx9OeHmaWx63,2024-10-30T01:47:44.912Z,-8.494421,0.90358126,4.8166275,true
6827bc374b2ae70172a6d3e8,Gravity,,,,,W1hZkqBeWCUTVBX6rx9OeHmaWx63,2024-10-30T01:47:45.073Z,-8.485757,0.84963137,4.8416524,true
6827bc374b2ae70172a6d3e9,Gravity,,,,,W1hZkqBeWCUTVBX6rx9OeHmaWx63,2024-10-30T01:47:45.234Z,-8.48411,0.8096843,4.851369,true
6827bc374b2ae70172a6d3ea,Gravity,,,,,W1hZkqBeWCUTVBX6rx9OeHmaWx63,2024-10-30T01:47:45.393Z,-8.484756,0.7808663,4.8549657,true
6827bc374b2ae70172a6d3eb,Gravity,,,,,W1hZkqBeWCUTVBX6rx9OeHmaWx63,2024-10-30T01:47:45.552Z,-8.484153,0.7490647,4.8610287,true
6827bc374b2ae70172a6d3ec,Gravity,,,,,W1hZkqBeWCUTVBX6rx9OeHmaWx63,2024-10-30T01:47:45.712Z,-8.499932,0.6652413,4.845635,true
6827bc374b2ae70172a6d3ed,Gravity,,,,,W1hZkqBeWCUTVBX6rx9OeHmaWx63,2024-10-30T01:47:45.872Z,-8.528083,0.59663904,4.8049326,true
6827bc374b2ae70172a6d3ee,Gravity,,,,,W1hZkqBeWCUTVBX6rx9OeHmaWx63,2024-10-30T01:47:46.033Z,-8.540014,0.574203,4.7864413,true
6827bc374b2ae70172a6d3ef,Gravity,,,,,W1hZkqBeWCUTVBX6rx9OeHmaWx63,2024-10-30T01:47:46.193Z,-8.548691,0.55995035,4.772622,true
6827bc374b2ae70172a6d3f0,Gravity,,,,,W1hZkqBeWCUTVBX6rx9OeHmaWx63,2024-10-30T01:47:46.353Z,-8.555297,0.5640958,4.7602854,true
6827bc374b2ae70172a6d3f1,Gravity,,,,,W1hZkqBeWCUTVBX6rx9OeHmaWx63,2024-10-30T01:47:46.512Z,-8.565874,0.5700329,4.7405186,true
6827bc374b2ae70172a6d3f2,Gravity,,,,,W1hZkqBeWCUTVBX6rx9OeHmaWx63,2024-10-30T01:47:46.673Z,-8.572934,0.56249726,4.7286444,true
6827bc374b2ae70172a6d3f3,Gravity,,,,,W1hZkqBeWCUTVBX6rx9OeHmaWx63,2024-10-30T01:47:46.834Z,-8.586314,0.5608346,4.704505,true
6827bc374b2ae70172a6d3f4,Gravity,,,,,W1hZkqBeWCUTVBX6rx9OeHmaWx63,2024-10-30T01:47:46.993Z,-8.599747,0.5515027,4.6810117,true
6827bc374b2ae70172a6d3f5,Gravity,,,,,W1hZkqBeWCUTVBX6rx9OeHmaWx63,2024-10-30T01:47:47.152Z,-8.6097355,0.5433046,4.663575,true
6827bc374b2ae70172a6d3f6,Gravity,,,,,W1hZkqBeWCUTVBX6rx9OeHmaWx63,2024-10-30T01:47:47.312Z,-8.621189,0.5559303,4.6408744,true
6827bc374b2ae70172a6d3f7,Gravity,,,,,W1hZkqBeWCUTVBX6rx9OeHmaWx63,2024-10-30T01:47:47.472Z,-8.643462,0.548487,4.6001525,true
6827bc374b2ae70172a6d3f8,Gravity,,,,,W1hZkqBeWCUTVBX6rx9OeHmaWx63,2024-10-30T01:47:47.633Z,-8.677169,0.5224191,4.539323,true
6827bc374b2ae70172a6d3f9,Gravity,,,,,W1hZkqBeWCUTVBX6rx9OeHmaWx63,2024-10-30T01:47:47.792Z,-8.697872,0.49688467,4.5024095,true
6827bc374b2ae70172a6d3fa,Gravity,,,,,W1hZkqBeWCUTVBX6rx9OeHmaWx63,2024-10-30T01:47:47.953Z,-8.714879,0.48646134,4.4705453,true
6827bc374b2ae70172a6d3fb,Gravity,,,,,W1hZkqBeWCUTVBX6rx9OeHmaWx63,2024-10-30T01:47:48.112Z,-8.722718,0.48557302,4.455328,true
6827bc374b2ae70172a6d3fc,Gravity,,,,,W1hZkqBeWCUTVBX6rx9OeHmaWx63,2024-10-30T01:47:48.272Z,-8.745245,0.4913877,4.4103036,true
6827bc374b2ae70172a6d3fd,Gravity,,,,,W1hZkqBeWCUTVBX6rx9OeHmaWx63,2024-10-30T01:47:49.976Z,-8.775626,0.40489787,4.3584495,true
6827bc374b2ae70172a6d3fe,Gravity,,,,,W1hZkqBeWCUTVBX6rx9OeHmaWx63,2024-10-30T01:47:48.433Z,-8.751766,0.48048884,4.398553,true
6827bc374b2ae70172a6d3ff,Gravity,,,,,W1hZkqBeWCUTVBX6rx9OeHmaWx63,2024-10-30T01:47:49.985Z,-8.776266,0.4046848,4.357181,true
6827bc374b2ae70172a6d400,Gravity,,,,,W1hZkqBeWCUTVBX6rx9OeHmaWx63,2024-10-30T01:47:48.593Z,-8.754519,0.47022435,4.3941813,true
6827bc374b2ae70172a6d401,Gravity,,,,,W1hZkqBeWCUTVBX6rx9OeHmaWx63,2024-10-30T01:47:48.752Z,-8.756389,0.46216363,4.391314,true
6827bc374b2ae70172a6d402,Gravity,,,,,W1hZkqBeWCUTVBX6rx9OeHmaWx63,2024-10-30T01:47:48.912Z,-8.759329,0.45448697,4.386245,true
6827bc374b2ae70172a6d403,Gravity,,,,,W1hZkqBeWCUTVBX6rx9OeHmaWx63,2024-10-30T01:47:49.072Z,-8.761954,0.44581077,4.3818946,true
6827bc374b2ae70172a6d404,Gravity,,,,,W1hZkqBeWCUTVBX6rx9OeHmaWx63,2024-10-30T01:47:49.232Z,-8.763924,0.4371398,4.3788266,true
6827bc374b2ae70172a6d405,Gravity,,,,,W1hZkqBeWCUTVBX6rx9OeHmaWx63,2024-10-30T01:47:49.392Z,-8.76512,0.42675987,4.3774595,true
6827bc374b2ae70172a6d406,Gravity,,,,,W1hZkqBeWCUTVBX6rx9OeHmaWx63,2024-10-30T01:47:49.552Z,-8.768147,0.41847646,4.372195,true
6827bc374b2ae70172a6d407,Gravity,,,,,W1hZkqBeWCUTVBX6rx9OeHmaWx63,2024-10-30T01:47:49.712Z,-8.77305,0.41042674,4.3631153,true
6827bc374b2ae70172a6d408,Gravity,,,,,W1hZkqBeWCUTVBX6rx9OeHmaWx63,2024-10-30T01:47:50.033Z,-8.78344,0.3900237,4.344046,true
6827bc374b2ae70172a6d409,Gravity,,,,,W1hZkqBeWCUTVBX6rx9OeHmaWx63,2024-10-30T01:47:50.194Z,-8.788751,0.3826105,4.333955,true
6827bc374b2ae70172a6d40a,Gravity,,,,,W1hZkqBeWCUTVBX6rx9OeHmaWx63,2024-10-30T01:47:50.354Z,-8.793723,0.37456894,4.3245625,true
6827bc374b2ae70172a6d40b,Gravity,,,,,W1hZkqBeWCUTVBX6rx9OeHmaWx63,2024-10-30T01:47:50.516Z,-8.795891,0.37252897,4.32033,true
6827bc374b2ae70172a6d40c,Gravity,,,,,W1hZkqBeWCUTVBX6rx9OeHmaWx63,2024-10-30T01:47:50.674Z,-8.797835,0.37296456,4.3163347,true
6827bc374b2ae70172a6d40d,Gravity,,,,,W1hZkqBeWCUTVBX6rx9OeHmaWx63,2024-10-30T01:47:50.834Z,-8.800604,0.37215018,4.3107595,true
6827bc374b2ae70172a6d40e,Gravity,,,,,W1hZkqBeWCUTVBX6rx9OeHmaWx63,2024-10-30T01:47:50.993Z,-8.805491,0.37110272,4.300857,true
6827bc374b2ae70172a6d40f,Gravity,,,,,W1hZkqBeWCUTVBX6rx9OeHmaWx63,2024-10-30T01:47:51.153Z,-8.811128,0.3648615,4.289832,true
6827bc374b2ae70172a6d410,Gravity,,,,,W1hZkqBeWCUTVBX6rx9OeHmaWx63,2024-10-30T01:47:51.314Z,-8.816051,0.35684288,4.2803826,true
6827bc374b2ae70172a6d411,Gravity,,,,,W1hZkqBeWCUTVBX6rx9OeHmaWx63,2024-10-30T01:47:51.473Z,-8.822747,0.35872343,4.2664065,true
6827bc374b2ae70172a6d412,Gravity,,,,,W1hZkqBeWCUTVBX6rx9OeHmaWx63,2024-10-30T01:47:51.634Z,-8.828956,0.3604083,4.2534046,true
6827bc374b2ae70172a6d413,Gravity,,,,,W1hZkqBeWCUTVBX6rx9OeHmaWx63,2024-10-30T01:47:51.793Z,-8.835782,0.36154288,4.2391086,true
6827bc374b2ae70172a6d414,Gravity,,,,,W1hZkqBeWCUTVBX6rx9OeHmaWx63,2024-10-30T01:47:51.953Z,-8.842272,0.35423416,4.2261815,true
6827bc374b2ae70172a6d415,Gravity,,,,,W1hZkqBeWCUTVBX6rx9OeHmaWx63,2024-10-30T01:47:52.111Z,-8.8459,0.3502683,4.218914,true
6827bc374b2ae70172a6d416,Gravity,,,,,W1hZkqBeWCUTVBX6rx9OeHmaWx63,2024-10-30T01:47:52.271Z,-8.849626,0.34502324,4.2115293,true
6827bc374b2ae70172a6d417,Gravity,,,,,W1hZkqBeWCUTVBX6rx9OeHmaWx63,2024-10-30T01:47:52.433Z,-8.854881,0.3339714,4.2013664,true
6827bc374b2ae70172a6d418,Gravity,,,,,W1hZkqBeWCUTVBX6rx9OeHmaWx63,2024-10-30T01:47:52.591Z,-8.8578615,0.33469343,4.1950207,true
6827bc374b2ae70172a6d419,Gravity,,,,,W1hZkqBeWCUTVBX6rx9OeHmaWx63,2024-10-30T01:47:52.750Z,-8.863696,0.32244244,4.183647,true
6827bc374b2ae70172a6d41a,Gravity,,,,,W1hZkqBeWCUTVBX6rx9OeHmaWx63,2024-10-30T01:47:52.910Z,-8.869431,0.31884924,4.171753,true
6827bc374b2ae70172a6d41b,Gravity,,,,,W1hZkqBeWCUTVBX6rx9OeHmaWx63,2024-10-30T01:47:53.070Z,-8.870818,0.3149252,4.1691055,true
6827bc374b2ae70172a6d41c,Gravity,,,,,W1hZkqBeWCUTVBX6rx9OeHmaWx63,2024-10-30T01:47:53.231Z,-8.876224,0.309897,4.157971,true
6827bc374b2ae70172a6d41d,Gravity,,,,,W1hZkqBeWCUTVBX6rx9OeHmaWx63,2024-10-30T01:47:53.463Z,-8.877173,0.30807272,4.156079,true
6827bc374b2ae70172a6d41e,Gravity,,,,,W1hZkqBeWCUTVBX6rx9OeHmaWx63,2024-10-30T01:47:53.550Z,-8.88063,0.30802608,4.1486974,true
6827bc374b2ae70172a6d41f,Gravity,,,,,W1hZkqBeWCUTVBX6rx9OeHmaWx63,2024-10-30T01:47:53.710Z,-8.884091,0.30211043,4.141717,true
6827bc374b2ae70172a6d420,Gravity,,,,,W1hZkqBeWCUTVBX6rx9OeHmaWx63,2024-10-30T01:47:53.870Z,-8.889001,0.29856122,4.131434,true
6827bc374b2ae70172a6d421,Gravity,,,,,W1hZkqBeWCUTVBX6rx9OeHmaWx63,2024-10-30T01:47:54.031Z,-8.900554,0.31147593,4.10553,true
6827bc374b2ae70172a6d422,Gravity,,,,,W1hZkqBeWCUTVBX6rx9OeHmaWx63,2024-10-30T01:47:54.190Z,-8.897393,0.31213352,4.112327,true
6827bc374b2ae70172a6d423,Gravity,,,,,W1hZkqBeWCUTVBX6rx9OeHmaWx63,2024-10-30T01:47:54.349Z,-8.9046755,0.29206353,4.098018,true
6827bc374b2ae70172a6d424,Gravity,,,,,W1hZkqBeWCUTVBX6rx9OeHmaWx63,2024-10-30T01:47:54.509Z,-8.904164,0.28540963,4.099598,true
6827bc374b2ae70172a6d425,Gravity,,,,,W1hZkqBeWCUTVBX6rx9OeHmaWx63,2024-10-30T01:47:54.669Z,-8.91137,0.28269804,4.0841,true
6827bc374b2ae70172a6d426,Gravity,,,,,W1hZkqBeWCUTVBX6rx9OeHmaWx63,2024-10-30T01:47:54.830Z,-8.915441,0.28206033,4.075252,true
6827bc374b2ae70172a6d427,Gravity,,,,,W1hZkqBeWCUTVBX6rx9OeHmaWx63,2024-10-30T01:47:54.989Z,-8.918793,0.28153425,4.067947,true
6827bc374b2ae70172a6d428,Gravity,,,,,W1hZkqBeWCUTVBX6rx9OeHmaWx63,2024-10-30T01:47:55.149Z,-8.924272,0.2761144,4.056282,true
6827bc374b2ae70172a6d429,Gravity,,,,,W1hZkqBeWCUTVBX6rx9OeHmaWx63,2024-10-30T01:47:55.310Z,-8.928471,0.2686787,4.0475316,true
6827bc374b2ae70172a6d42a,Gravity,,,,,W1hZkqBeWCUTVBX6rx9OeHmaWx63,2024-10-30T01:47:55.470Z,-8.934711,0.25708967,4.0344906,true
6827bc374b2ae70172a6d42b,Gravity,,,,,W1hZkqBeWCUTVBX6rx9OeHmaWx63,2024-10-30T01:47:55.631Z,-8.941244,0.25185704,4.0203304,true
6827bc374b2ae70172a6d42c,Gravity,,,,,W1hZkqBeWCUTVBX6rx9OeHmaWx63,2024-10-30T01:47:55.790Z,-8.948776,0.25136766,4.003567,true
6827bc374b2ae70172a6d42d,Gravity,,,,,W1hZkqBeWCUTVBX6rx9OeHmaWx63,2024-10-30T01:47:55.949Z,-8.954667,0.25082418,3.990408,true
6827bc374b2ae70172a6d42e,Gravity,,,,,W1hZkqBeWCUTVBX6rx9OeHmaWx63,2024-10-30T01:47:56.109Z,-8.958855,0.2523115,3.9809012,true
6827bc374b2ae70172a6d42f,Gravity,,,,,W1hZkqBeWCUTVBX6rx9OeHmaWx63,2024-10-30T01:47:56.269Z,-8.991838,0.18598668,3.9095485,true
6827bc374b2ae70172a6d430,Gravity,,,,,W1hZkqBeWCUTVBX6rx9OeHmaWx63,2024-10-30T01:47:56.430Z,-8.907365,0.25792262,4.094454,true
6827bc374b2ae70172a6d431,Gravity,,,,,W1hZkqBeWCUTVBX6rx9OeHmaWx63,2024-10-30T01:47:56.589Z,-8.868044,0.1884066,4.1826425,true
6827bc374b2ae70172a6d432,Gravity,,,,,W1hZkqBeWCUTVBX6rx9OeHmaWx63,2024-10-30T01:47:56.749Z,-8.8752985,0.19466625,4.166943,true
6827bc374b2ae70172a6d433,Gravity,,,,,W1hZkqBeWCUTVBX6rx9OeHmaWx63,2024-10-30T01:47:56.909Z,-8.883573,0.17465018,4.150159,true
6827bc374b2ae70172a6d434,Gravity,,,,,W1hZkqBeWCUTVBX6rx9OeHmaWx63,2024-10-30T01:47:57.069Z,-8.920434,0.19679157,4.0693045,true
6827bc374b2ae70172a6d435,Gravity,,,,,W1hZkqBeWCUTVBX6rx9OeHmaWx63,2024-10-30T01:47:57.230Z,-8.9160185,0.22280426,4.077626,true
6827bc374b2ae70172a6d436,Gravity,,,,,W1hZkqBeWCUTVBX6rx9OeHmaWx63,2024-10-30T01:47:57.389Z,-8.915956,0.22043957,4.0779014,true
6827bc374b2ae70172a6d437,Gravity,,,,,W1hZkqBeWCUTVBX6rx9OeHmaWx63,2024-10-30T01:47:57.549Z,-8.921562,0.21472266,4.0659323,true
6827bc374b2ae70172a6d438,Gravity,,,,,W1hZkqBeWCUTVBX6rx9OeHmaWx63,2024-10-30T01:47:57.708Z,-8.949216,0.25130263,4.0025673,true
6827bc374b2ae70172a6d439,Gravity,,,,,W1hZkqBeWCUTVBX6rx9OeHmaWx63,2024-10-30T01:47:57.868Z,-8.987917,0.2582909,3.9144423,true
6827bc374b2ae70172a6d43a,Gravity,,,,,W1hZkqBeWCUTVBX6rx9OeHmaWx63,2024-10-30T01:47:58.029Z,-8.991444,0.27383128,3.9052749,true
6827bc374b2ae70172a6d43b,Gravity,,,,,W1hZkqBeWCUTVBX6rx9OeHmaWx63,2024-10-30T01:47:58.189Z,-8.988105,0.26308075,3.9136791,true
6827bc374b2ae70172a6d43c,Gravity,,,,,W1hZkqBeWCUTVBX6rx9OeHmaWx63,2024-10-30T01:47:58.348Z,-8.992125,0.23910132,3.9059763,true
6827bc374b2ae70172a6d43d,Gravity,,,,,W1hZkqBeWCUTVBX6rx9OeHmaWx63,2024-10-30T01:47:58.508Z,-8.99397,0.22799803,3.9023907,true
6827bc374b2ae70172a6d43e,Gravity,,,,,W1hZkqBeWCUTVBX6rx9OeHmaWx63,2024-10-30T01:47:58.668Z,-9.001705,0.21615328,3.8851938,true
6827bc374b2ae70172a6d43f,Gravity,,,,,W1hZkqBeWCUTVBX6rx9OeHmaWx63,2024-10-30T01:47:58.829Z,-9.007564,0.2034484,3.8722627,true
6827bc374b2ae70172a6d440,Gravity,,,,,W1hZkqBeWCUTVBX6rx9OeHmaWx63,2024-10-30T01:47:58.988Z,-9.009127,0.20322073,3.8686419,true
6827bc374b2ae70172a6d441,Gravity,,,,,W1hZkqBeWCUTVBX6rx9OeHmaWx63,2024-10-30T01:47:59.148Z,-9.00846,0.18905455,3.8709097,true
6827bc374b2ae70172a6d442,Gravity,,,,,W1hZkqBeWCUTVBX6rx9OeHmaWx63,2024-10-30T01:47:59.308Z,-9.044178,0.13305326,3.789084,true
6827bc374b2ae70172a6d443,Gravity,,,,,W1hZkqBeWCUTVBX6rx9OeHmaWx63,2024-10-30T01:47:59.468Z,-9.081776,0.053523794,3.7000716,true
6827bc374b2ae70172a6d444,Gravity,,,,,W1hZkqBeWCUTVBX6rx9OeHmaWx63,2024-10-30T01:47:59.629Z,-9.0816965,0.023992285,3.700562,true
6827bc374b2ae70172a6d445,Gravity,,,,,W1hZkqBeWCUTVBX6rx9OeHmaWx63,2024-10-30T01:47:59.788Z,-9.098684,0.017192835,3.6586177,true
6827bc374b2ae70172a6d446,Gravity,,,,,W1hZkqBeWCUTVBX6rx9OeHmaWx63,2024-10-30T01:47:59.949Z,-9.106567,0.021262862,3.6389384,true
6827bc374b2ae70172a6d447,Gravity,,,,,W1hZkqBeWCUTVBX6rx9OeHmaWx63,2024-10-30T01:48:00.108Z,-9.113923,0.02690905,3.620441,true
6827bc374b2ae70172a6d448,Gravity,,,,,W1hZkqBeWCUTVBX6rx9OeHmaWx63,2024-10-30T01:48:00.268Z,-9.114599,0.028669922,3.6187263,true
6827bc374b2ae70172a6d449,Gravity,,,,,W1hZkqBeWCUTVBX6rx9OeHmaWx63,2024-10-30T01:48:01.867Z,-9.143704,-0.017791092,3.544641,true
6827bc374b2ae70172a6d44a,Gravity,,,,,W1hZkqBeWCUTVBX6rx9OeHmaWx63,2024-10-30T01:48:00.429Z,-9.116041,0.0225114,3.6151376,true
6827bc374b2ae70172a6d44b,Gravity,,,,,W1hZkqBeWCUTVBX6rx9OeHmaWx63,2024-10-30T01:48:00.588Z,-9.116075,0.014665655,3.6150918,true
6827bc374b2ae70172a6d44c,Gravity,,,,,W1hZkqBeWCUTVBX6rx9OeHmaWx63,2024-10-30T01:48:00.748Z,-9.120308,0.005876199,3.6044285,true
6827bc374b2ae70172a6d44d,Gravity,,,,,W1hZkqBeWCUTVBX6rx9OeHmaWx63,2024-10-30T01:48:00.908Z,-9.1236925,-0.002673311,3.595858,true
6827bc374b2ae70172a6d44e,Gravity,,,,,W1hZkqBeWCUTVBX6rx9OeHmaWx63,2024-10-30T01:48:01.067Z,-9.12738,-0.0072176764,3.5864866,true
6827bc374b2ae70172a6d44f,Gravity,,,,,W1hZkqBeWCUTVBX6rx9OeHmaWx63,2024-10-30T01:48:01.228Z,-9.131364,-0.014485914,3.5763142,true
6827bc374b2ae70172a6d450,Gravity,,,,,W1hZkqBeWCUTVBX6rx9OeHmaWx63,2024-10-30T01:48:01.387Z,-9.136297,-0.016300855,3.563685,true
6827bc374b2ae70172a6d451,Gravity,,,,,W1hZkqBeWCUTVBX6rx9OeHmaWx63,2024-10-30T01:48:01.547Z,-9.139478,-0.015386662,3.5555255,true
6827bc374b2ae70172a6d452,Gravity,,,,,W1hZkqBeWCUTVBX6rx9OeHmaWx63,2024-10-30T01:48:01.706Z,-9.140966,-0.015477847,3.5517006,true
6827bc374b2ae70172a6d453,Gravity,,,,,W1hZkqBeWCUTVBX6rx9OeHmaWx63,2024-10-30T01:48:02.030Z,-9.1481285,-0.019734921,3.5332022,true
6827bc374b2ae70172a6d454,Gravity,,,,,W1hZkqBeWCUTVBX6rx9OeHmaWx63,2024-10-30T01:48:02.189Z,-9.15082,-0.018425006,3.5262396,true
6827bc374b2ae70172a6d455,Gravity,,,,,W1hZkqBeWCUTVBX6rx9OeHmaWx63,2024-10-30T01:48:02.348Z,-9.153065,-0.019665947,3.5204,true
6827bc374b2ae70172a6d456,Gravity,,,,,W1hZkqBeWCUTVBX6rx9OeHmaWx63,2024-10-30T01:48:02.506Z,-9.153641,-0.02139058,3.5188928,true
6827bc374b2ae70172a6d457,Gravity,,,,,W1hZkqBeWCUTVBX6rx9OeHmaWx63,2024-10-30T01:48:02.666Z,-9.158106,-0.023431145,3.5072503,true
6827bc374b2ae70172a6d458,Gravity,,,,,W1hZkqBeWCUTVBX6rx9OeHmaWx63,2024-10-30T01:48:02.831Z,-9.165244,-0.019258827,3.4885874,true
6827bc374b2ae70172a6d459,Gravity,,,,,W1hZkqBeWCUTVBX6rx9OeHmaWx63,2024-10-30T01:48:02.987Z,-9.171287,-0.014446459,3.472694,true
6827bc374b2ae70172a6d45a,Gravity,,,,,W1hZkqBeWCUTVBX6rx9OeHmaWx63,2024-10-30T01:48:03.147Z,-9.174741,-0.02244798,3.4635236,true
6827bc374b2ae70172a6d45b,Gravity,,,,,W1hZkqBeWCUTVBX6rx9OeHmaWx63,2024-10-30T01:48:03.306Z,-9.180397,-0.032134384,3.448423,true
6827bc374b2ae70172a6d45c,Gravity,,,,,W1hZkqBeWCUTVBX6rx9OeHmaWx63,2024-10-30T01:48:03.467Z,-9.193185,-0.034872867,3.4141655,true
6827bc374b2ae70172a6d45d,Gravity,,,,,W1hZkqBeWCUTVBX6rx9OeHmaWx63,2024-10-30T01:48:03.628Z,-9.189831,0.0050394554,3.423358,true
6827bc374b2ae70172a6d45e,Gravity,,,,,W1hZkqBeWCUTVBX6rx9OeHmaWx63,2024-10-30T01:48:03.787Z,-9.219141,0.076606855,3.3427372,true
6827bc374b2ae70172a6d45f,Gravity,,,,,W1hZkqBeWCUTVBX6rx9OeHmaWx63,2024-10-30T01:48:03.946Z,-9.222172,0.09248861,3.3339598,true
6827bc374b2ae70172a6d460,Gravity,,,,,W1hZkqBeWCUTVBX6rx9OeHmaWx63,2024-10-30T01:48:04.104Z,-9.222397,0.085802555,3.3335273,true
6827bc374b2ae70172a6d461,Gravity,,,,,W1hZkqBeWCUTVBX6rx9OeHmaWx63,2024-10-30T01:48:04.264Z,-9.2217245,0.06316315,3.3358896,true
6827bc374b2ae70172a6d462,Gravity,,,,,W1hZkqBeWCUTVBX6rx9OeHmaWx63,2024-10-30T01:48:04.425Z,-9.225293,0.051000122,3.3262227,true
6827bc374b2ae70172a6d463,Gravity,,,,,W1hZkqBeWCUTVBX6rx9OeHmaWx63,2024-10-30T01:48:04.585Z,-9.229221,0.04831629,3.3153539,true
6827bc374b2ae70172a6d464,Gravity,,,,,W1hZkqBeWCUTVBX6rx9OeHmaWx63,2024-10-30T01:48:04.745Z,-9.225366,0.0496414,3.3260536,true
6827bc374b2ae70172a6d465,Gravity,,,,,W1hZkqBeWCUTVBX6rx9OeHmaWx63,2024-10-30T01:48:04.904Z,-9.22733,0.05024404,3.320597,true
6827bc374b2ae70172a6d466,Gravity,,,,,W1hZkqBeWCUTVBX6rx9OeHmaWx63,2024-10-30T01:48:05.064Z,-9.230244,0.04171499,3.3126104,true
6827bc374b2ae70172a6d467,Gravity,,,,,W1hZkqBeWCUTVBX6rx9OeHmaWx63,2024-10-30T01:48:05.225Z,-9.234704,0.03968553,3.3001878,true
6827bc374b2ae70172a6d468,Gravity,,,,,W1hZkqBeWCUTVBX6rx9OeHmaWx63,2024-10-30T01:48:05.384Z,-9.237789,0.03489917,3.2916033,true
6827bc374b2ae70172a6d469,Gravity,,,,,W1hZkqBeWCUTVBX6rx9OeHmaWx63,2024-10-30T01:48:05.543Z,-9.240225,0.030535132,3.2848108,true
6827bc374b2ae70172a6d46a,Gravity,,,,,W1hZkqBeWCUTVBX6rx9OeHmaWx63,2024-10-30T01:48:05.703Z,-9.242931,0.026567983,3.2772193,true
6827bc374b2ae70172a6d46b,Gravity,,,,,W1hZkqBeWCUTVBX6rx9OeHmaWx63,2024-10-30T01:48:05.863Z,-9.246523,0.021041911,3.267119,true
6827bc374b2ae70172a6d46c,Gravity,,,,,W1hZkqBeWCUTVBX6rx9OeHmaWx63,2024-10-30T01:48:06.024Z,-9.248147,0.018925942,3.2625396,true
6827bc374b2ae70172a6d46d,Gravity,,,,,W1hZkqBeWCUTVBX6rx9OeHmaWx63,2024-10-30T01:48:06.184Z,-9.2518835,0.014895371,3.251957,true
6827bc374b2ae70172a6d46e,Gravity,,,,,W1hZkqBeWCUTVBX6rx9OeHmaWx63,2024-10-30T01:48:06.344Z,-9.253941,0.0114917,3.2461188,true
6827bc374b2ae70172a6d46f,Gravity,,,,,W1hZkqBeWCUTVBX6rx9OeHmaWx63,2024-10-30T01:48:06.517Z,-9.257891,0.009310849,3.2348447,true
6827bc374b2ae70172a6d470,Gravity,,,,,W1hZkqBeWCUTVBX6rx9OeHmaWx63,2024-10-30T01:48:06.663Z,-9.263369,0.006240356,3.219139,true
6827bc374b2ae70172a6d471,Gravity,,,,,W1hZkqBeWCUTVBX6rx9OeHmaWx63,2024-10-30T01:48:06.824Z,-9.268187,0.0045031565,3.205238,true
6827bc374b2ae70172a6d472,Gravity,,,,,W1hZkqBeWCUTVBX6rx9OeHmaWx63,2024-10-30T01:48:06.983Z,-9.274314,0.0010480478,3.1874714,true
6827bc374b2ae70172a6d473,Gravity,,,,,W1hZkqBeWCUTVBX6rx9OeHmaWx63,2024-10-30T01:48:07.143Z,-9.276885,-0.0037035306,3.1799824,true
6827bc374b2ae70172a6d474,Gravity,,,,,W1hZkqBeWCUTVBX6rx9OeHmaWx63,2024-10-30T01:48:07.303Z,-9.28119,-0.0056596333,3.1673973,true
6827bc374b2ae70172a6d475,Gravity,,,,,W1hZkqBeWCUTVBX6rx9OeHmaWx63,2024-10-30T01:48:07.463Z,-9.285556,-0.007851298,3.154571,true
6827bc374b2ae70172a6d476,Gravity,,,,,W1hZkqBeWCUTVBX6rx9OeHmaWx63,2024-10-30T01:48:07.624Z,-9.289372,-0.009173779,3.1433222,true
6827bc374b2ae70172a6d477,Gravity,,,,,W1hZkqBeWCUTVBX6rx9OeHmaWx63,2024-10-30T01:48:07.783Z,-9.292139,-0.009034079,3.1351345,true
6827bc374b2ae70172a6d478,Gravity,,,,,W1hZkqBeWCUTVBX6rx9OeHmaWx63,2024-10-30T01:48:07.943Z,-9.294025,-0.008530805,3.1295483,true
6827bc374b2ae70172a6d479,Gravity,,,,,W1hZkqBeWCUTVBX6rx9OeHmaWx63,2024-10-30T01:48:08.103Z,-9.296666,-0.010860417,3.1216884,true
6827bc374b2ae70172a6d47a,Gravity,,,,,W1hZkqBeWCUTVBX6rx9OeHmaWx63,2024-10-30T01:48:08.263Z,-9.299376,-0.012830548,3.113607,true
6827bc374b2ae70172a6d47b,Gravity,,,,,W1hZkqBeWCUTVBX6rx9OeHmaWx63,2024-10-30T01:48:08.423Z,-9.30288,-0.012051088,3.1031315,true
6827bc374b2ae70172a6d47c,Gravity,,,,,W1hZkqBeWCUTVBX6rx9OeHmaWx63,2024-10-30T01:48:08.583Z,-9.30626,-0.012687632,3.0929832,true
6827bc374b2ae70172a6d47d,Gravity,,,,,W1hZkqBeWCUTVBX6rx9OeHmaWx63,2024-10-30T01:48:08.742Z,-9.309322,-0.0140223885,3.0837474,true
6827bc374b2ae70172a6d47e,Gravity,,,,,W1hZkqBeWCUTVBX6rx9OeHmaWx63,2024-10-30T01:48:08.902Z,-9.313019,-0.014376901,3.0725663,true
6827bc374b2ae70172a6d47f,Gravity,,,,,W1hZkqBeWCUTVBX6rx9OeHmaWx63,2024-10-30T01:48:09.063Z,-9.316701,-0.016150925,3.0613775,true
6827bc374b2ae70172a6d480,Gravity,,,,,W1hZkqBeWCUTVBX6rx9OeHmaWx63,2024-10-30T01:48:09.223Z,-9.320336,-0.016531449,3.050293,true
6827bc374b2ae70172a6d481,Gravity,,,,,W1hZkqBeWCUTVBX6rx9OeHmaWx63,2024-10-30T01:48:09.383Z,-9.323885,-0.017260054,3.0394254,true
6827bc374b2ae70172a6d482,Gravity,,,,,W1hZkqBeWCUTVBX6rx9OeHmaWx63,2024-10-30T01:48:09.543Z,-9.326941,-0.017161563,3.030044,true
6827bc374b2ae70172a6d483,Gravity,,,,,W1hZkqBeWCUTVBX6rx9OeHmaWx63,2024-10-30T01:48:09.702Z,-9.330834,-0.017041735,3.018041,true
6827bc374b2ae70172a6d484,Gravity,,,,,W1hZkqBeWCUTVBX6rx9OeHmaWx63,2024-10-30T01:48:09.862Z,-9.334967,-0.016894437,3.0052404,true
6827bc374b2ae70172a6d485,Gravity,,,,,W1hZkqBeWCUTVBX6rx9OeHmaWx63,2024-10-30T01:48:10.023Z,-9.338822,-0.018002106,2.9932272,true
6827bc374b2ae70172a6d486,Gravity,,,,,W1hZkqBeWCUTVBX6rx9OeHmaWx63,2024-10-30T01:48:10.182Z,-9.343166,-0.018459493,2.9796326,true
6827bc374b2ae70172a6d487,Gravity,,,,,W1hZkqBeWCUTVBX6rx9OeHmaWx63,2024-10-30T01:48:10.342Z,-9.346991,-0.01965484,2.967605,true
6827bc374b2ae70172a6d488,Gravity,,,,,W1hZkqBeWCUTVBX6rx9OeHmaWx63,2024-10-30T01:48:10.502Z,-9.352137,-0.019212065,2.951354,true
6827bc374b2ae70172a6d489,Gravity,,,,,W1hZkqBeWCUTVBX6rx9OeHmaWx63,2024-10-30T01:48:10.662Z,-9.357165,-0.02760697,2.9353187,true
6827bc374b2ae70172a6d48a,Gravity,,,,,W1hZkqBeWCUTVBX6rx9OeHmaWx63,2024-10-30T01:48:10.823Z,-9.365232,-0.04558131,2.909261,true
6827bc374b2ae70172a6d48b,Gravity,,,,,W1hZkqBeWCUTVBX6rx9OeHmaWx63,2024-10-30T01:48:10.982Z,-9.374554,-0.03454729,2.8792217,true
6827bc374b2ae70172a6d48c,Gravity,,,,,W1hZkqBeWCUTVBX6rx9OeHmaWx63,2024-10-30T01:48:11.142Z,-9.38656,-0.014238076,2.8400066,true
6827bc374b2ae70172a6d48d,Gravity,,,,,W1hZkqBeWCUTVBX6rx9OeHmaWx63,2024-10-30T01:48:11.301Z,-9.391992,-0.004540274,2.8220243,true
6827bc374b2ae70172a6d48e,Gravity,,,,,W1hZkqBeWCUTVBX6rx9OeHmaWx63,2024-10-30T01:48:11.461Z,-9.3983135,0.009749533,2.8008943,true
6827bc374b2ae70172a6d48f,Gravity,,,,,W1hZkqBeWCUTVBX6rx9OeHmaWx63,2024-10-30T01:48:11.622Z,-9.399761,0.025425825,2.7959273,true
6827bc374b2ae70172a6d490,Gravity,,,,,W1hZkqBeWCUTVBX6rx9OeHmaWx63,2024-10-30T01:48:11.781Z,-9.393143,0.021930678,2.8181186,true
6827bc374b2ae70172a6d491,Gravity,,,,,W1hZkqBeWCUTVBX6rx9OeHmaWx63,2024-10-30T01:48:11.943Z,-9.396613,0.0029258244,2.8065987,true
6827bc374b2ae70172a6d492,Gravity,,,,,W1hZkqBeWCUTVBX6rx9OeHmaWx63,2024-10-30T01:48:12.261Z,-9.404459,0.0018044191,2.7802048,true
6827bc374b2ae70172a6d493,Gravity,,,,,W1hZkqBeWCUTVBX6rx9OeHmaWx63,2024-10-30T01:48:12.422Z,-9.405916,0.0050371173,2.775278,true
6827bc374b2ae70172a6d494,Gravity,,,,,W1hZkqBeWCUTVBX6rx9OeHmaWx63,2024-10-30T01:48:12.581Z,-9.410608,0.010208091,2.7593262,true
6827bc374b2ae70172a6d495,Gravity,,,,,W1hZkqBeWCUTVBX6rx9OeHmaWx63,2024-10-30T01:48:12.742Z,-9.414371,0.0082598785,2.7464738,true
6827bc374b2ae70172a6d496,Gravity,,,,,W1hZkqBeWCUTVBX6rx9OeHmaWx63,2024-10-30T01:48:12.901Z,-9.416549,0.007507307,2.7390106,true
6827bc374b2ae70172a6d497,Gravity,,,,,W1hZkqBeWCUTVBX6rx9OeHmaWx63,2024-10-30T01:48:13.061Z,-9.420116,0.0074383332,2.7267256,true
6827bc374b2ae70172a6d498,Gravity,,,,,W1hZkqBeWCUTVBX6rx9OeHmaWx63,2024-10-30T01:48:13.222Z,-9.424232,0.0046326285,2.7124815,true
6827bc374b2ae70172a6d499,Gravity,,,,,W1hZkqBeWCUTVBX6rx9OeHmaWx63,2024-10-30T01:48:13.381Z,-9.428077,-0.0029202714,2.699104,true
6827bc374b2ae70172a6d49a,Gravity,,,,,W1hZkqBeWCUTVBX6rx9OeHmaWx63,2024-10-30T01:48:13.541Z,-9.432685,-0.007850129,2.6829567,true
6827bc374b2ae70172a6d49b,Gravity,,,,,W1hZkqBeWCUTVBX6rx9OeHmaWx63,2024-10-30T01:48:14.024Z,-9.4463825,-0.0073480248,2.634356,true
6827bc374b2ae70172a6d49c,Gravity,,,,,W1hZkqBeWCUTVBX6rx9OeHmaWx63,2024-10-30T01:48:14.184Z,-9.448633,-0.0045879125,2.626271,true
6827bc374b2ae70172a6d49d,Gravity,,,,,W1hZkqBeWCUTVBX6rx9OeHmaWx63,2024-10-30T01:48:14.345Z,-9.448509,-0.0039107436,2.6267216,true
6827bc374b2ae70172a6d49e,Gravity,,,,,W1hZkqBeWCUTVBX6rx9OeHmaWx63,2024-10-30T01:48:14.503Z,-9.4502125,-0.009131986,2.6205812,true
6827bc374b2ae70172a6d49f,Gravity,,,,,W1hZkqBeWCUTVBX6rx9OeHmaWx63,2024-10-30T01:48:14.663Z,-9.452586,-0.009444705,2.6120112,true
6827bc374b2ae70172a6d4a0,Gravity,,,,,W1hZkqBeWCUTVBX6rx9OeHmaWx63,2024-10-30T01:48:14.824Z,-9.455681,-0.009149229,2.6007905,true
6827bc374b2ae70172a6d4a1,Gravity,,,,,W1hZkqBeWCUTVBX6rx9OeHmaWx63,2024-10-30T01:48:14.983Z,-9.458799,-0.008973288,2.5894396,true
6827bc374b2ae70172a6d4a2,Gravity,,,,,W1hZkqBeWCUTVBX6rx9OeHmaWx63,2024-10-30T01:48:15.143Z,-9.461205,-0.008280045,2.5806432,true
6827bc374b2ae70172a6d4a3,Gravity,,,,,W1hZkqBeWCUTVBX6rx9OeHmaWx63,2024-10-30T01:48:15.303Z,-9.463033,-0.010971184,2.5739205,true
6827bc374b2ae70172a6d4a4,Gravity,,,,,W1hZkqBeWCUTVBX6rx9OeHmaWx63,2024-10-30T01:48:15.461Z,-9.4653015,-0.014864684,2.565556,true
6827bc374b2ae70172a6d4a5,Gravity,,,,,W1hZkqBeWCUTVBX6rx9OeHmaWx63,2024-10-30T01:48:15.624Z,-9.469746,-0.013846739,2.5491211,true
6827bc374b2ae70172a6d4a6,Gravity,,,,,W1hZkqBeWCUTVBX6rx9OeHmaWx63,2024-10-30T01:48:15.783Z,-9.475248,-0.00815525,2.5286224,true
6827bc374b2ae70172a6d4a7,Gravity,,,,,W1hZkqBeWCUTVBX6rx9OeHmaWx63,2024-10-30T01:48:15.941Z,-9.479477,-0.004313187,2.5127492,true
6827bc374b2ae70172a6d4a8,Gravity,,,,,W1hZkqBeWCUTVBX6rx9OeHmaWx63,2024-10-30T01:48:16.101Z,-9.482054,-0.005282909,2.5030124,true
6827bc374b2ae70172a6d4a9,Gravity,,,,,W1hZkqBeWCUTVBX6rx9OeHmaWx63,2024-10-30T01:48:16.261Z,-9.483648,-0.008042729,2.4969654,true
6827bc374b2ae70172a6d4aa,Gravity,,,,,W1hZkqBeWCUTVBX6rx9OeHmaWx63,2024-10-30T01:48:16.421Z,-9.485843,-0.0092570735,2.488609,true
6827bc374b2ae70172a6d4ab,Gravity,,,,,W1hZkqBeWCUTVBX6rx9OeHmaWx63,2024-10-30T01:48:16.580Z,-9.489423,-0.008727789,2.4749224,true
6827bc374b2ae70172a6d4ac,Gravity,,,,,W1hZkqBeWCUTVBX6rx9OeHmaWx63,2024-10-30T01:48:16.741Z,-9.493745,-0.004483283,2.458309,true
6827bc374b2ae70172a6d4ad,Gravity,,,,,W1hZkqBeWCUTVBX6rx9OeHmaWx63,2024-10-30T01:48:16.900Z,-9.506998,0.012600246,2.4065073,true
6827bc374b2ae70172a6d4ae,Gravity,,,,,W1hZkqBeWCUTVBX6rx9OeHmaWx63,2024-10-30T01:48:17.060Z,-9.503254,0.0012660745,2.4212906,true
6827bc374b2ae70172a6d4af,Gravity,,,,,W1hZkqBeWCUTVBX6rx9OeHmaWx63,2024-10-30T01:48:17.221Z,-9.506651,0.008810206,2.4079108,true
6827bc374b2ae70172a6d4b0,Gravity,,,,,W1hZkqBeWCUTVBX6rx9OeHmaWx63,2024-10-30T01:48:17.380Z,-9.508646,0.016719373,2.3999934,true
6827bc374b2ae70172a6d4b1,Gravity,,,,,W1hZkqBeWCUTVBX6rx9OeHmaWx63,2024-10-30T01:48:17.540Z,-9.508952,0.021214345,2.398746,true
6827bc374b2ae70172a6d4b2,Gravity,,,,,W1hZkqBeWCUTVBX6rx9OeHmaWx63,2024-10-30T01:48:17.700Z,-9.508557,0.02312924,2.4002903,true
6827bc374b2ae70172a6d4b3,Gravity,,,,,W1hZkqBeWCUTVBX6rx9OeHmaWx63,2024-10-30T01:48:17.860Z,-9.506438,0.015416765,2.4087417,true
6827bc374b2ae70172a6d4b4,Gravity,,,,,W1hZkqBeWCUTVBX6rx9OeHmaWx63,2024-10-30T01:48:18.021Z,-9.506285,0.010628946,2.4093704,true
6827bc374b2ae70172a6d4b5,Gravity,,,,,W1hZkqBeWCUTVBX6rx9OeHmaWx63,2024-10-30T01:48:18.181Z,-9.507903,0.0047641457,2.403004,true
6827bc374b2ae70172a6d4b6,Gravity,,,,,W1hZkqBeWCUTVBX6rx9OeHmaWx63,2024-10-30T01:48:18.340Z,-9.511064,0.0044774376,2.390468,true
6827bc374b2ae70172a6d4b7,Gravity,,,,,W1hZkqBeWCUTVBX6rx9OeHmaWx63,2024-10-30T01:48:18.500Z,-9.513943,0.0062868255,2.3789797,true
6827bc374b2ae70172a6d4b8,Gravity,,,,,W1hZkqBeWCUTVBX6rx9OeHmaWx63,2024-10-30T01:48:18.660Z,-9.516582,0.005484569,2.3684163,true
6827bc374b2ae70172a6d4b9,Gravity,,,,,W1hZkqBeWCUTVBX6rx9OeHmaWx63,2024-10-30T01:48:18.821Z,-9.518484,0.009803602,2.3607504,true
6827bc374b2ae70172a6d4ba,Gravity,,,,,W1hZkqBeWCUTVBX6rx9OeHmaWx63,2024-10-30T01:48:18.980Z,-9.51704,0.046582595,2.36613,true
6827bc374b2ae70172a6d4bb,Gravity,,,,,W1hZkqBeWCUTVBX6rx9OeHmaWx63,2024-10-30T01:48:19.140Z,-9.51844,0.070204005,2.3598983,true
6827bc374b2ae70172a6d4bc,Gravity,,,,,W1hZkqBeWCUTVBX6rx9OeHmaWx63,2024-10-30T01:48:19.300Z,-9.522268,0.051899407,2.3448756,true
6827bc374b2ae70172a6d4bd,Gravity,,,,,W1hZkqBeWCUTVBX6rx9OeHmaWx63,2024-10-30T01:48:19.460Z,-9.540816,0.032248367,2.2685983,true
6827bc374b2ae70172a6d4be,Gravity,,,,,W1hZkqBeWCUTVBX6rx9OeHmaWx63,2024-10-30T01:48:19.621Z,-9.540483,0.029284548,2.2700255,true
6827bc374b2ae70172a6d4bf,Gravity,,,,,W1hZkqBeWCUTVBX6rx9OeHmaWx63,2024-10-30T01:48:19.780Z,-9.542757,0.028503627,2.2604654,true
6827bc374b2ae70172a6d4c0,Gravity,,,,,W1hZkqBeWCUTVBX6rx9OeHmaWx63,2024-10-30T01:48:19.940Z,-9.546654,0.025541853,2.2440052,true
6827bc374b2ae70172a6d4c1,Gravity,,,,,W1hZkqBeWCUTVBX6rx9OeHmaWx63,2024-10-30T01:48:20.099Z,-9.549845,0.022287235,2.2304418,true
6827bc374b2ae70172a6d4c2,Gravity,,,,,W1hZkqBeWCUTVBX6rx9OeHmaWx63,2024-10-30T01:48:20.259Z,-9.552585,0.018156126,2.2187302,true
6827bc374b2ae70172a6d4c3,Gravity,,,,,W1hZkqBeWCUTVBX6rx9OeHmaWx63,2024-10-30T01:48:20.420Z,-9.555684,0.01911299,2.205347,true
6827bc374b2ae70172a6d4c4,Gravity,,,,,W1hZkqBeWCUTVBX6rx9OeHmaWx63,2024-10-30T01:48:20.579Z,-9.55812,0.017674774,2.1947818,true
6827bc374b2ae70172a6d4c5,Gravity,,,,,W1hZkqBeWCUTVBX6rx9OeHmaWx63,2024-10-30T01:48:20.739Z,-9.560045,0.016206454,2.186415,true
6827bc374b2ae70172a6d4c6,Gravity,,,,,W1hZkqBeWCUTVBX6rx9OeHmaWx63,2024-10-30T01:48:20.899Z,-9.561373,0.016126666,2.180613,true
6827bc374b2ae70172a6d4c7,Gravity,,,,,W1hZkqBeWCUTVBX6rx9OeHmaWx63,2024-10-30T01:48:21.059Z,-9.563323,0.020761926,2.1720037,true
6827bc374b2ae70172a6d4c8,Gravity,,,,,W1hZkqBeWCUTVBX6rx9OeHmaWx63,2024-10-30T01:48:21.219Z,-9.5653925,0.025235271,2.1628296,true
6827bc374b2ae70172a6d4c9,Gravity,,,,,W1hZkqBeWCUTVBX6rx9OeHmaWx63,2024-10-30T01:48:21.378Z,-9.566779,0.023642449,2.1567104,true
6827bc374b2ae70172a6d4ca,Gravity,,,,,W1hZkqBeWCUTVBX6rx9OeHmaWx63,2024-10-30T01:48:21.539Z,-9.568586,0.020911563,2.148701,true
6827bc374b2ae70172a6d4cb,Gravity,,,,,W1hZkqBeWCUTVBX6rx9OeHmaWx63,2024-10-30T01:48:21.699Z,-9.570695,0.022236967,2.1392815,true
6827bc374b2ae70172a6d4cc,Gravity,,,,,W1hZkqBeWCUTVBX6rx9OeHmaWx63,2024-10-30T01:48:21.858Z,-9.573305,0.026190672,2.1275156,true
6827bc374b2ae70172a6d4cd,Gravity,,,,,W1hZkqBeWCUTVBX6rx9OeHmaWx63,2024-10-30T01:48:22.020Z,-9.574041,0.035595924,2.1240625,true
6827bc374b2ae70172a6d4ce,Gravity,,,,,W1hZkqBeWCUTVBX6rx9OeHmaWx63,2024-10-30T01:48:22.178Z,-9.58131,0.045224458,2.0908585,true
6827bc374b2ae70172a6d4cf,Gravity,,,,,W1hZkqBeWCUTVBX6rx9OeHmaWx63,2024-10-30T01:48:22.338Z,-9.584071,0.045483693,2.0781803,true
6827bc374b2ae70172a6d4d0,Gravity,,,,,W1hZkqBeWCUTVBX6rx9OeHmaWx63,2024-10-30T01:48:22.498Z,-9.586543,0.053934127,2.0665562,true
6827bc374b2ae70172a6d4d1,Gravity,,,,,W1hZkqBeWCUTVBX6rx9OeHmaWx63,2024-10-30T01:48:22.658Z,-9.590046,0.053893503,2.0502515,true
6827bc374b2ae70172a6d4d2,Gravity,,,,,W1hZkqBeWCUTVBX6rx9OeHmaWx63,2024-10-30T01:48:22.819Z,-9.594247,0.05676526,2.030431,true
6827bc374b2ae70172a6d4d3,Gravity,,,,,W1hZkqBeWCUTVBX6rx9OeHmaWx63,2024-10-30T01:48:22.978Z,-9.587701,0.09129355,2.0598667,true
6827bc374b2ae70172a6d4d4,Gravity,,,,,W1hZkqBeWCUTVBX6rx9OeHmaWx63,2024-10-30T01:48:23.138Z,-9.593775,0.077166244,2.0319457,true
6827bc374b2ae70172a6d4d5,Gravity,,,,,W1hZkqBeWCUTVBX6rx9OeHmaWx63,2024-10-30T01:48:23.298Z,-9.604324,0.061421268,1.9820306,true
6827bc374b2ae70172a6d4d6,Gravity,,,,,W1hZkqBeWCUTVBX6rx9OeHmaWx63,2024-10-30T01:48:23.457Z,-9.606102,0.066180445,1.9732633,true
6827bc374b2ae70172a6d4d7,Gravity,,,,,W1hZkqBeWCUTVBX6rx9OeHmaWx63,2024-10-30T01:48:23.618Z,-9.610096,0.06522972,1.9537616,true
6827bc374b2ae70172a6d4d8,Gravity,,,,,W1hZkqBeWCUTVBX6rx9OeHmaWx63,2024-10-30T01:48:23.777Z,-9.613247,0.06453794,1.9382453,true
6827bc374b2ae70172a6d4d9,Gravity,,,,,W1hZkqBeWCUTVBX6rx9OeHmaWx63,2024-10-30T01:48:23.939Z,-9.613349,0.058723114,1.9379393,true
6827bc374b2ae70172a6d4da,Gravity,,,,,W1hZkqBeWCUTVBX6rx9OeHmaWx63,2024-10-30T01:48:24.097Z,-9.611586,0.05424714,1.9467974,true
6827bc374b2ae70172a6d4db,Gravity,,,,,W1hZkqBeWCUTVBX6rx9OeHmaWx63,2024-10-30T01:48:24.257Z,-9.610917,0.053077217,1.9501476,true
6827bc374b2ae70172a6d4dc,Gravity,,,,,W1hZkqBeWCUTVBX6rx9OeHmaWx63,2024-10-30T01:48:24.418Z,-9.611917,0.052863576,1.9452432,true
6827bc374b2ae70172a6d4dd,Gravity,,,,,W1hZkqBeWCUTVBX6rx9OeHmaWx63,2024-10-30T01:48:24.577Z,-9.6154585,0.05558365,1.9276068,true
6827bc374b2ae70172a6d4de,Gravity,,,,,W1hZkqBeWCUTVBX6rx9OeHmaWx63,2024-10-30T01:48:24.737Z,-9.626613,0.052109834,1.8712263,true
6827bc374b2ae70172a6d4df,Gravity,,,,,W1hZkqBeWCUTVBX6rx9OeHmaWx63,2024-10-30T01:48:24.897Z,-9.647385,-0.0044134324,1.7617887,true
6827bc374b2ae70172a6d4e0,Gravity,,,,,W1hZkqBeWCUTVBX6rx9OeHmaWx63,2024-10-30T01:48:25.056Z,-9.649972,0.016489362,1.7474991,true
6827bc374b2ae70172a6d4e1,Gravity,,,,,W1hZkqBeWCUTVBX6rx9OeHmaWx63,2024-10-30T01:48:25.217Z,-9.65423,0.0261103,1.7236816,true
6827bc374b2ae70172a6d4e2,Gravity,,,,,W1hZkqBeWCUTVBX6rx9OeHmaWx63,2024-10-30T01:48:25.376Z,-9.658338,0.017833471,1.7006456,true
6827bc374b2ae70172a6d4e3,Gravity,,,,,W1hZkqBeWCUTVBX6rx9OeHmaWx63,2024-10-30T01:48:25.536Z,-9.663512,0.003267185,1.6710991,true
6827bc374b2ae70172a6d4e4,Gravity,,,,,W1hZkqBeWCUTVBX6rx9OeHmaWx63,2024-10-30T01:48:25.696Z,-9.66851,-0.006065584,1.6419505,true
6827bc374b2ae70172a6d4e5,Gravity,,,,,W1hZkqBeWCUTVBX6rx9OeHmaWx63,2024-10-30T01:48:25.856Z,-9.670936,-0.00937427,1.6276122,true
6827bc374b2ae70172a6d4e6,Gravity,,,,,W1hZkqBeWCUTVBX6rx9OeHmaWx63,2024-10-30T01:48:26.018Z,-9.671055,-0.009547873,1.6269442,true
6827bc374b2ae70172a6d4e7,Gravity,,,,,W1hZkqBeWCUTVBX6rx9OeHmaWx63,2024-10-30T01:48:26.338Z,-9.682849,0.0067912675,1.5551399,true
6827bc374b2ae70172a6d4e8,Gravity,,,,,W1hZkqBeWCUTVBX6rx9OeHmaWx63,2024-10-30T01:48:26.658Z,-9.682415,0.0029173489,1.5578716,true
6827bc374b2ae70172a6d4e9,Gravity,,,,,W1hZkqBeWCUTVBX6rx9OeHmaWx63,2024-10-30T01:48:26.819Z,-9.686821,0.020701135,1.5301087,true
6827bc374b2ae70172a6d4ea,Gravity,,,,,W1hZkqBeWCUTVBX6rx9OeHmaWx63,2024-10-30T01:48:26.977Z,-9.69111,0.033075463,1.5024598,true
6827bc374b2ae70172a6d4eb,Gravity,,,,,W1hZkqBeWCUTVBX6rx9OeHmaWx63,2024-10-30T01:48:27.138Z,-9.687224,0.0355892,1.5272694,true
6827bc374b2ae70172a6d4ec,Gravity,,,,,W1hZkqBeWCUTVBX6rx9OeHmaWx63,2024-10-30T01:48:27.298Z,-9.678174,0.078352824,1.5820372,true
6827bc374b2ae70172a6d4ed,Gravity,,,,,W1hZkqBeWCUTVBX6rx9OeHmaWx63,2024-10-30T01:48:27.458Z,-9.687061,0.04126929,1.528166,true
6827bc374b2ae70172a6d4ee,Gravity,,,,,W1hZkqBeWCUTVBX6rx9OeHmaWx63,2024-10-30T01:48:27.619Z,-9.722968,0.0366805,1.280184,true
6827bc374b2ae70172a6d4ef,Gravity,,,,,W1hZkqBeWCUTVBX6rx9OeHmaWx63,2024-10-30T01:48:27.778Z,-9.716002,-0.03767916,1.3319756,true
6827bc374b2ae70172a6d4f0,Gravity,,,,,W1hZkqBeWCUTVBX6rx9OeHmaWx63,2024-10-30T01:48:27.937Z,-9.715869,-0.04789631,1.33258,true
6827bc374b2ae70172a6d4f1,Gravity,,,,,W1hZkqBeWCUTVBX6rx9OeHmaWx63,2024-10-30T01:48:28.096Z,-9.721925,-0.08373422,1.2858,true
6827bc374b2ae70172a6d4f2,Gravity,,,,,W1hZkqBeWCUTVBX6rx9OeHmaWx63,2024-10-30T01:48:28.256Z,-9.7236395,-0.12034371,1.2698429,true
6827bc374b2ae70172a6d4f3,Gravity,,,,,W1hZkqBeWCUTVBX6rx9OeHmaWx63,2024-10-30T01:48:28.416Z,-9.72478,-0.106519766,1.2622914,true
6827bc374b2ae70172a6d4f4,Gravity,,,,,W1hZkqBeWCUTVBX6rx9OeHmaWx63,2024-10-30T01:48:28.575Z,-9.726593,-0.103121355,1.2485248,true
6827bc374b2ae70172a6d4f5,Gravity,,,,,W1hZkqBeWCUTVBX6rx9OeHmaWx63,2024-10-30T01:48:28.735Z,-9.727732,-0.0987313,1.2400502,true
6827bc374b2ae70172a6d4f6,Gravity,,,,,W1hZkqBeWCUTVBX6rx9OeHmaWx63,2024-10-30T01:48:28.895Z,-9.728145,-0.097470194,1.2369661,true
6827bc374b2ae70172a6d4f7,Gravity,,,,,W1hZkqBeWCUTVBX6rx9OeHmaWx63,2024-10-30T01:48:29.055Z,-9.72925,-0.09424305,1.2284862,true
6827bc374b2ae70172a6d4f8,Gravity,,,,,W1hZkqBeWCUTVBX6rx9OeHmaWx63,2024-10-30T01:48:29.215Z,-9.730491,-0.0926815,1.2187684,true
6827bc374b2ae70172a6d4f9,Gravity,,,,,W1hZkqBeWCUTVBX6rx9OeHmaWx63,2024-10-30T01:48:29.374Z,-9.728453,-0.07736206,1.2359622,true
6827bc374b2ae70172a6d4fa,Gravity,,,,,W1hZkqBeWCUTVBX6rx9OeHmaWx63,2024-10-30T01:48:29.534Z,-9.729271,-0.066174015,1.230171,true
6827bc374b2ae70172a6d4fb,Gravity,,,,,W1hZkqBeWCUTVBX6rx9OeHmaWx63,2024-10-30T01:48:29.694Z,-9.731323,-0.062694944,1.2140143,true
6827bc374b2ae70172a6d4fc,Gravity,,,,,W1hZkqBeWCUTVBX6rx9OeHmaWx63,2024-10-30T01:48:29.854Z,-9.732645,-0.06044132,1.2034891,true
6827bc374b2ae70172a6d4fd,Gravity,,,,,W1hZkqBeWCUTVBX6rx9OeHmaWx63,2024-10-30T01:48:30.015Z,-9.733824,-0.060941085,1.1939256,true
6827bc374b2ae70172a6d4fe,Gravity,,,,,W1hZkqBeWCUTVBX6rx9OeHmaWx63,2024-10-30T01:48:30.174Z,-9.735224,-0.059043434,1.1825682,true
6827bc374b2ae70172a6d4ff,Gravity,,,,,W1hZkqBeWCUTVBX6rx9OeHmaWx63,2024-10-30T01:48:30.333Z,-9.737232,-0.05688801,1.1660653,true
6827bc374b2ae70172a6d500,Gravity,,,,,W1hZkqBeWCUTVBX6rx9OeHmaWx63,2024-10-30T01:48:30.493Z,-9.738496,-0.057544135,1.1554726,true
6827bc374b2ae70172a6d501,Gravity,,,,,W1hZkqBeWCUTVBX6rx9OeHmaWx63,2024-10-30T01:48:30.653Z,-9.739441,-0.05617197,1.1475896,true
6827bc374b2ae70172a6d502,Gravity,,,,,W1hZkqBeWCUTVBX6rx9OeHmaWx63,2024-10-30T01:48:30.814Z,-9.740833,-0.05667495,1.1356926,true
6827bc374b2ae70172a6d503,Gravity,,,,,W1hZkqBeWCUTVBX6rx9OeHmaWx63,2024-10-30T01:48:30.973Z,-9.742567,-0.05988164,1.1205645,true
6827bc374b2ae70172a6d504,Gravity,,,,,W1hZkqBeWCUTVBX6rx9OeHmaWx63,2024-10-30T01:48:31.133Z,-9.744855,-0.06178981,1.1003911,true
6827bc374b2ae70172a6d505,Gravity,,,,,W1hZkqBeWCUTVBX6rx9OeHmaWx63,2024-10-30T01:48:31.293Z,-9.748488,-0.067295715,1.0673912,true
6827bc374b2ae70172a6d506,Gravity,,,,,W1hZkqBeWCUTVBX6rx9OeHmaWx63,2024-10-30T01:48:31.453Z,-9.753004,-0.07530045,1.0247182,true
6827bc374b2ae70172a6d507,Gravity,,,,,W1hZkqBeWCUTVBX6rx9OeHmaWx63,2024-10-30T01:48:31.614Z,-9.762092,-0.11113281,0.9306578,true
6827bc374b2ae70172a6d508,Gravity,,,,,W1hZkqBeWCUTVBX6rx9OeHmaWx63,2024-10-30T01:48:31.773Z,-9.764799,-0.15637481,0.8950584,true
6827bc374b2ae70172a6d509,Gravity,,,,,W1hZkqBeWCUTVBX6rx9OeHmaWx63,2024-10-30T01:48:31.934Z,-9.769885,-0.25874272,0.8119614,true
6827bc374b2ae70172a6d50a,Gravity,,,,,W1hZkqBeWCUTVBX6rx9OeHmaWx63,2024-10-30T01:48:32.094Z,-9.780764,-0.15840602,0.6990144,true
6827bc374b2ae70172a6d50b,Gravity,,,,,W1hZkqBeWCUTVBX6rx9OeHmaWx63,2024-10-30T01:48:32.253Z,-9.756151,0.12737288,0.9890486,true
6827bc374b2ae70172a6d50c,Gravity,,,,,W1hZkqBeWCUTVBX6rx9OeHmaWx63,2024-10-30T01:48:32.414Z,-9.736739,0.2530784,1.1439586,true
6827bc374b2ae70172a6d50d,Gravity,,,,,W1hZkqBeWCUTVBX6rx9OeHmaWx63,2024-10-30T01:48:32.573Z,-9.712105,0.34659517,1.3158802,true
6827bc374b2ae70172a6d50e,Gravity,,,,,W1hZkqBeWCUTVBX6rx9OeHmaWx63,2024-10-30T01:48:32.733Z,-9.668409,0.5549217,1.5460668,true
6827bc374b2ae70172a6d50f,Gravity,,,,,W1hZkqBeWCUTVBX6rx9OeHmaWx63,2024-10-30T01:48:32.893Z,-9.673359,0.54014176,1.5200899,true
6827bc374b2ae70172a6d510,Gravity,,,,,W1hZkqBeWCUTVBX6rx9OeHmaWx63,2024-10-30T01:48:33.053Z,-9.676109,0.5225085,1.508664,true
6827bc374b2ae70172a6d511,Gravity,,,,,W1hZkqBeWCUTVBX6rx9OeHmaWx63,2024-10-30T01:48:33.214Z,-9.680011,0.53024143,1.4806112,true
6827bc374b2ae70172a6d512,Gravity,,,,,W1hZkqBeWCUTVBX6rx9OeHmaWx63,2024-10-30T01:48:33.373Z,-9.688253,0.54746497,1.4191185,true
6827bc374b2ae70172a6d513,Gravity,,,,,W1hZkqBeWCUTVBX6rx9OeHmaWx63,2024-10-30T01:48:33.535Z,-9.692072,0.54604137,1.3933467,true
6827bc374b2ae70172a6d514,Gravity,,,,,W1hZkqBeWCUTVBX6rx9OeHmaWx63,2024-10-30T01:48:33.693Z,-9.692946,0.5364973,1.3909748,true
6827bc374b2ae70172a6d515,Gravity,,,,,W1hZkqBeWCUTVBX6rx9OeHmaWx63,2024-10-30T01:48:33.853Z,-9.694809,0.523769,1.3828272,true
6827bc374b2ae70172a6d516,Gravity,,,,,W1hZkqBeWCUTVBX6rx9OeHmaWx63,2024-10-30T01:48:34.014Z,-9.69728,0.5231173,1.3656942,true
6827bc374b2ae70172a6d517,Gravity,,,,,W1hZkqBeWCUTVBX6rx9OeHmaWx63,2024-10-30T01:48:34.173Z,-9.699867,0.5237351,1.3469682,true
6827bc374b2ae70172a6d518,Gravity,,,,,W1hZkqBeWCUTVBX6rx9OeHmaWx63,2024-10-30T01:48:34.333Z,-9.70228,0.5202064,1.3308684,true
6827bc374b2ae70172a6d519,Gravity,,,,,W1hZkqBeWCUTVBX6rx9OeHmaWx63,2024-10-30T01:48:34.493Z,-9.704203,0.5161574,1.3183609,true
6827bc374b2ae70172a6d51a,Gravity,,,,,W1hZkqBeWCUTVBX6rx9OeHmaWx63,2024-10-30T01:48:34.653Z,-9.70615,0.51466626,1.304555,true
6827bc374b2ae70172a6d51b,Gravity,,,,,W1hZkqBeWCUTVBX6rx9OeHmaWx63,2024-10-30T01:48:34.814Z,-9.707869,0.5142913,1.2918675,true
6827bc374b2ae70172a6d51c,Gravity,,,,,W1hZkqBeWCUTVBX6rx9OeHmaWx63,2024-10-30T01:48:34.973Z,-9.708224,0.51086515,1.2905505,true
6827bc374b2ae70172a6d51d,Gravity,,,,,W1hZkqBeWCUTVBX6rx9OeHmaWx63,2024-10-30T01:48:35.133Z,-9.70936,0.51222444,1.2814597,true
6827bc374b2ae70172a6d51e,Gravity,,,,,W1hZkqBeWCUTVBX6rx9OeHmaWx63,2024-10-30T01:48:35.293Z,-9.7116785,0.5084984,1.2653023,true
6827bc374b2ae70172a6d51f,Gravity,,,,,W1hZkqBeWCUTVBX6rx9OeHmaWx63,2024-10-30T01:48:35.452Z,-9.713498,0.5067048,1.2520262,true
6827bc374b2ae70172a6d520,Gravity,,,,,W1hZkqBeWCUTVBX6rx9OeHmaWx63,2024-10-30T01:48:35.613Z,-9.715268,0.5085978,1.2374429,true
6827bc374b2ae70172a6d521,Gravity,,,,,W1hZkqBeWCUTVBX6rx9OeHmaWx63,2024-10-30T01:48:35.772Z,-9.71664,0.50910455,1.226419,true
6827bc374b2ae70172a6d522,Gravity,,,,,W1hZkqBeWCUTVBX6rx9OeHmaWx63,2024-10-30T01:48:35.933Z,-9.717616,0.50979835,1.2183642,true
6827bc374b2ae70172a6d523,Gravity,,,,,W1hZkqBeWCUTVBX6rx9OeHmaWx63,2024-10-30T01:48:36.092Z,-9.718791,0.5100839,1.2088556,true
6827bc374b2ae70172a6d524,Gravity,,,,,W1hZkqBeWCUTVBX6rx9OeHmaWx63,2024-10-30T01:48:36.252Z,-9.720008,0.51053953,1.1988573,true
6827bc374b2ae70172a6d525,Gravity,,,,,W1hZkqBeWCUTVBX6rx9OeHmaWx63,2024-10-30T01:48:36.413Z,-9.721141,0.512785,1.1886989,true
6827bc374b2ae70172a6d526,Gravity,,,,,W1hZkqBeWCUTVBX6rx9OeHmaWx63,2024-10-30T01:48:36.572Z,-9.721919,0.51642686,1.1807234,true
6827bc374b2ae70172a6d527,Gravity,,,,,W1hZkqBeWCUTVBX6rx9OeHmaWx63,2024-10-30T01:48:36.732Z,-9.722762,0.5220538,1.1712787,true
6827bc374b2ae70172a6d528,Gravity,,,,,W1hZkqBeWCUTVBX6rx9OeHmaWx63,2024-10-30T01:48:36.892Z,-9.724168,0.5355705,1.1533911,true
6827bc374b2ae70172a6d529,Gravity,,,,,W1hZkqBeWCUTVBX6rx9OeHmaWx63,2024-10-30T01:48:37.052Z,-9.726398,0.5494307,1.1278143,true
6827bc374b2ae70172a6d52a,Gravity,,,,,W1hZkqBeWCUTVBX6rx9OeHmaWx63,2024-10-30T01:48:37.212Z,-9.728511,0.55493367,1.1067115,true
6827bc374b2ae70172a6d52b,Gravity,,,,,W1hZkqBeWCUTVBX6rx9OeHmaWx63,2024-10-30T01:48:37.371Z,-9.729014,0.5537623,1.1029031,true
6827bc374b2ae70172a6d52c,Gravity,,,,,W1hZkqBeWCUTVBX6rx9OeHmaWx63,2024-10-30T01:48:37.531Z,-9.730019,0.5552096,1.093278,true
6827bc374b2ae70172a6d52d,Gravity,,,,,W1hZkqBeWCUTVBX6rx9OeHmaWx63,2024-10-30T01:48:37.691Z,-9.730873,0.5584902,1.0839509,true
6827bc374b2ae70172a6d52e,Gravity,,,,,W1hZkqBeWCUTVBX6rx9OeHmaWx63,2024-10-30T01:48:37.851Z,-9.732036,0.56360155,1.0708047,true
6827bc374b2ae70172a6d52f,Gravity,,,,,W1hZkqBeWCUTVBX6rx9OeHmaWx63,2024-10-30T01:48:38.013Z,-9.733386,0.567458,1.0564041,true
6827bc374b2ae70172a6d530,Gravity,,,,,W1hZkqBeWCUTVBX6rx9OeHmaWx63,2024-10-30T01:48:38.173Z,-9.73338,0.5785478,1.0504379,true
6827bc374b2ae70172a6d531,Gravity,,,,,W1hZkqBeWCUTVBX6rx9OeHmaWx63,2024-10-30T01:48:38.333Z,-9.734443,0.58762866,1.035451,true
6827bc374b2ae70172a6d532,Gravity,,,,,W1hZkqBeWCUTVBX6rx9OeHmaWx63,2024-10-30T01:48:38.491Z,-9.734836,0.58719987,1.0320225,true
6827bc374b2ae70172a6d533,Gravity,,,,,W1hZkqBeWCUTVBX6rx9OeHmaWx63,2024-10-30T01:48:38.652Z,-9.735548,0.58651894,1.0256565,true
6827bc374b2ae70172a6d534,Gravity,,,,,W1hZkqBeWCUTVBX6rx9OeHmaWx63,2024-10-30T01:48:38.813Z,-9.736108,0.58878654,1.0190476,true
6827bc374b2ae70172a6d535,Gravity,,,,,W1hZkqBeWCUTVBX6rx9OeHmaWx63,2024-10-30T01:48:38.972Z,-9.736423,0.5925439,1.0138576,true
6827bc374b2ae70172a6d536,Gravity,,,,,W1hZkqBeWCUTVBX6rx9OeHmaWx63,2024-10-30T01:48:39.132Z,-9.737424,0.5945517,1.0030084,true
6827bc374b2ae70172a6d537,Gravity,,,,,W1hZkqBeWCUTVBX6rx9OeHmaWx63,2024-10-30T01:48:39.292Z,-9.737873,0.59931993,0.9957915,true
6827bc374b2ae70172a6d538,Gravity,,,,,W1hZkqBeWCUTVBX6rx9OeHmaWx63,2024-10-30T01:48:39.453Z,-9.738672,0.6014084,0.9867352,true
6827bc374b2ae70172a6d539,Gravity,,,,,W1hZkqBeWCUTVBX6rx9OeHmaWx63,2024-10-30T01:48:39.612Z,-9.73985,0.6082491,0.9708359,true
6827bc374b2ae70172a6d53a,Gravity,,,,,W1hZkqBeWCUTVBX6rx9OeHmaWx63,2024-10-30T01:48:39.772Z,-9.739455,0.63716626,0.95608467,true
6827bc374b2ae70172a6d53b,Gravity,,,,,W1hZkqBeWCUTVBX6rx9OeHmaWx63,2024-10-30T01:48:39.932Z,-9.733167,0.72430444,0.9580685,true
6827bc374b2ae70172a6d53c,Gravity,,,,,W1hZkqBeWCUTVBX6rx9OeHmaWx63,2024-10-30T01:48:40.090Z,-9.691648,0.97358876,1.140598,true
6827bc374b2ae70172a6d53d,Gravity,,,,,W1hZkqBeWCUTVBX6rx9OeHmaWx63,2024-10-30T01:48:40.250Z,-9.625265,1.2652014,1.3893161,true
6827bc374b2ae70172a6d53e,Gravity,,,,,W1hZkqBeWCUTVBX6rx9OeHmaWx63,2024-10-30T01:48:40.411Z,-9.640774,1.2404145,1.3013666,true
6827bc374b2ae70172a6d53f,Gravity,,,,,W1hZkqBeWCUTVBX6rx9OeHmaWx63,2024-10-30T01:48:40.570Z,-9.647116,1.2260236,1.2675554,true
6827bc374b2ae70172a6d540,Gravity,,,,,W1hZkqBeWCUTVBX6rx9OeHmaWx63,2024-10-30T01:48:40.730Z,-9.645869,1.2616385,1.2418026,true
6827bc374b2ae70172a6d541,Gravity,,,,,W1hZkqBeWCUTVBX6rx9OeHmaWx63,2024-10-30T01:48:40.890Z,-9.649612,1.2517937,1.2225817,true
6827bc374b2ae70172a6d542,Gravity,,,,,W1hZkqBeWCUTVBX6rx9OeHmaWx63,2024-10-30T01:48:41.050Z,-9.656589,1.2133251,1.2061647,true
6827bc374b2ae70172a6d543,Gravity,,,,,W1hZkqBeWCUTVBX6rx9OeHmaWx63,2024-10-30T01:48:41.211Z,-9.654879,1.2187417,1.2143471,true
6827bc374b2ae70172a6d544,Gravity,,,,,W1hZkqBeWCUTVBX6rx9OeHmaWx63,2024-10-30T01:48:41.369Z,-9.65823,1.2097856,1.1965619,true
6827bc374b2ae70172a6d545,Gravity,,,,,W1hZkqBeWCUTVBX6rx9OeHmaWx63,2024-10-30T01:48:41.529Z,-9.6602335,1.2080008,1.1821412,true
6827bc374b2ae70172a6d546,Gravity,,,,,W1hZkqBeWCUTVBX6rx9OeHmaWx63,2024-10-30T01:48:41.689Z,-9.660467,1.2021309,1.186213,true
6827bc374b2ae70172a6d547,Gravity,,,,,W1hZkqBeWCUTVBX6rx9OeHmaWx63,2024-10-30T01:48:41.849Z,-9.659876,1.1930832,1.2000363,true
6827bc374b2ae70172a6d548,Gravity,,,,,W1hZkqBeWCUTVBX6rx9OeHmaWx63,2024-10-30T01:48:42.010Z,-9.662533,1.1565576,1.2142714,true
6827bc374b2ae70172a6d549,Gravity,,,,,W1hZkqBeWCUTVBX6rx9OeHmaWx63,2024-10-30T01:48:42.169Z,-9.66318,1.1303666,1.2335824,true
6827bc374b2ae70172a6d54a,Gravity,,,,,W1hZkqBeWCUTVBX6rx9OeHmaWx63,2024-10-30T01:48:42.329Z,-9.6625,1.1269468,1.2419372,true
6827bc374b2ae70172a6d54b,Gravity,,,,,W1hZkqBeWCUTVBX6rx9OeHmaWx63,2024-10-30T01:48:42.489Z,-9.662503,1.1228075,1.2456714,true
6827bc374b2ae70172a6d54c,Gravity,,,,,W1hZkqBeWCUTVBX6rx9OeHmaWx63,2024-10-30T01:48:42.649Z,-9.668624,1.1049162,1.2137182,true
6827bc374b2ae70172a6d54d,Gravity,,,,,W1hZkqBeWCUTVBX6rx9OeHmaWx63,2024-10-30T01:48:42.810Z,-9.674473,1.0907973,1.179382,true
6827bc374b2ae70172a6d54e,Gravity,,,,,W1hZkqBeWCUTVBX6rx9OeHmaWx63,2024-10-30T01:48:42.969Z,-9.679166,1.0896257,1.141378,true
6827bc374b2ae70172a6d54f,Gravity,,,,,W1hZkqBeWCUTVBX6rx9OeHmaWx63,2024-10-30T01:48:43.129Z,-9.683062,1.1007181,1.0968595,true
6827bc374b2ae70172a6d550,Gravity,,,,,W1hZkqBeWCUTVBX6rx9OeHmaWx63,2024-10-30T01:48:43.288Z,-9.685993,1.0829624,1.0886183,true
6827bc374b2ae70172a6d551,Gravity,,,,,W1hZkqBeWCUTVBX6rx9OeHmaWx63,2024-10-30T01:48:43.448Z,-9.686123,1.0894969,1.0809044,true
6827bc374b2ae70172a6d552,Gravity,,,,,W1hZkqBeWCUTVBX6rx9OeHmaWx63,2024-10-30T01:48:43.609Z,-9.686934,1.0924749,1.070596,true
6827bc374b2ae70172a6d553,Gravity,,,,,W1hZkqBeWCUTVBX6rx9OeHmaWx63,2024-10-30T01:48:43.768Z,-9.687628,1.0824463,1.0745035,true
6827bc374b2ae70172a6d554,Gravity,,,,,W1hZkqBeWCUTVBX6rx9OeHmaWx63,2024-10-30T01:48:43.928Z,-9.687539,1.0779628,1.0798168,true
6827bc374b2ae70172a6d555,Gravity,,,,,W1hZkqBeWCUTVBX6rx9OeHmaWx63,2024-10-30T01:48:44.088Z,-9.688489,1.073328,1.0759131,true
6827bc374b2ae70172a6d556,Gravity,,,,,W1hZkqBeWCUTVBX6rx9OeHmaWx63,2024-10-30T01:48:44.248Z,-9.687994,1.0857275,1.0679142,true
6827bc374b2ae70172a6d557,Gravity,,,,,W1hZkqBeWCUTVBX6rx9OeHmaWx63,2024-10-30T01:48:44.409Z,-9.687677,1.098364,1.0578336,true
6827bc374b2ae70172a6d558,Gravity,,,,,W1hZkqBeWCUTVBX6rx9OeHmaWx63,2024-10-30T01:48:44.568Z,-9.684189,1.1248767,1.0619106,true
6827bc374b2ae70172a6d559,Gravity,,,,,W1hZkqBeWCUTVBX6rx9OeHmaWx63,2024-10-30T01:48:44.728Z,-9.6855545,1.1203732,1.0541925,true
6827bc374b2ae70172a6d55a,Gravity,,,,,W1hZkqBeWCUTVBX6rx9OeHmaWx63,2024-10-30T01:48:44.887Z,-9.6851015,1.1211364,1.0574939,true
6827bc374b2ae70172a6d55b,Gravity,,,,,W1hZkqBeWCUTVBX6rx9OeHmaWx63,2024-10-30T01:48:45.047Z,-9.682728,1.1253315,1.0745968,true
6827bc374b2ae70172a6d55c,Gravity,,,,,W1hZkqBeWCUTVBX6rx9OeHmaWx63,2024-10-30T01:48:45.208Z,-9.682677,1.1239585,1.076481,true
6827bc374b2ae70172a6d55d,Gravity,,,,,W1hZkqBeWCUTVBX6rx9OeHmaWx63,2024-10-30T01:48:45.367Z,-9.684689,1.1175729,1.0649852,true
6827bc374b2ae70172a6d55e,Gravity,,,,,W1hZkqBeWCUTVBX6rx9OeHmaWx63,2024-10-30T01:48:45.528Z,-9.685383,1.1235878,1.0522642,true
6827bc374b2ae70172a6d55f,Gravity,,,,,W1hZkqBeWCUTVBX6rx9OeHmaWx63,2024-10-30T01:48:45.688Z,-9.688364,1.1213748,1.0268465,true
6827bc374b2ae70172a6d560,Gravity,,,,,W1hZkqBeWCUTVBX6rx9OeHmaWx63,2024-10-30T01:48:45.848Z,-9.689896,1.1172858,1.0168153,true
6827bc374b2ae70172a6d561,Gravity,,,,,W1hZkqBeWCUTVBX6rx9OeHmaWx63,2024-10-30T01:48:46.008Z,-9.693112,1.1165786,0.9864883,true
6827bc374b2ae70172a6d562,Gravity,,,,,W1hZkqBeWCUTVBX6rx9OeHmaWx63,2024-10-30T01:48:46.167Z,-9.697805,1.1056325,0.95209616,true
6827bc374b2ae70172a6d563,Gravity,,,,,W1hZkqBeWCUTVBX6rx9OeHmaWx63,2024-10-30T01:48:46.327Z,-9.700374,1.1062042,0.92492086,true
6827bc374b2ae70172a6d564,Gravity,,,,,W1hZkqBeWCUTVBX6rx9OeHmaWx63,2024-10-30T01:48:46.487Z,-9.701774,1.1068597,0.90929365,true
6827bc374b2ae70172a6d565,Gravity,,,,,W1hZkqBeWCUTVBX6rx9OeHmaWx63,2024-10-30T01:48:46.647Z,-9.702201,1.1080393,0.9032991,true
6827bc374b2ae70172a6d566,Gravity,,,,,W1hZkqBeWCUTVBX6rx9OeHmaWx63,2024-10-30T01:48:46.808Z,-9.703685,1.105933,0.88985306,true
6827bc374b2ae70172a6d567,Gravity,,,,,W1hZkqBeWCUTVBX6rx9OeHmaWx63,2024-10-30T01:48:46.967Z,-9.703924,1.1049486,0.88847065,true
6827bc374b2ae70172a6d568,Gravity,,,,,W1hZkqBeWCUTVBX6rx9OeHmaWx63,2024-10-30T01:48:47.127Z,-9.70469,1.1022046,0.8835043,true
6827bc374b2ae70172a6d569,Gravity,,,,,W1hZkqBeWCUTVBX6rx9OeHmaWx63,2024-10-30T01:48:47.287Z,-9.709018,1.0795187,0.8637313,true
6827bc374b2ae70172a6d56a,Gravity,,,,,W1hZkqBeWCUTVBX6rx9OeHmaWx63,2024-10-30T01:48:47.447Z,-9.725503,1.0153677,0.7483742,true
6827bc374b2ae70172a6d56b,Gravity,,,,,W1hZkqBeWCUTVBX6rx9OeHmaWx63,2024-10-30T01:48:47.607Z,-9.724005,1.0360796,0.73941463,true
6827bc374b2ae70172a6d56c,Gravity,,,,,W1hZkqBeWCUTVBX6rx9OeHmaWx63,2024-10-30T01:48:47.766Z,-9.717706,1.1313734,0.6801368,true
6827bc374b2ae70172a6d56d,Gravity,,,,,W1hZkqBeWCUTVBX6rx9OeHmaWx63,2024-10-30T01:48:47.928Z,-9.715787,1.1546754,0.6683479,true
6827bc374b2ae70172a6d56e,Gravity,,,,,W1hZkqBeWCUTVBX6rx9OeHmaWx63,2024-10-30T01:48:48.086Z,-9.715916,1.150132,0.67430127,true
6827bc374b2ae70172a6d56f,Gravity,,,,,W1hZkqBeWCUTVBX6rx9OeHmaWx63,2024-10-30T01:48:48.246Z,-9.71802,1.1438743,0.6542951,true
6827bc374b2ae70172a6d570,Gravity,,,,,W1hZkqBeWCUTVBX6rx9OeHmaWx63,2024-10-30T01:48:48.407Z,-9.71753,1.1390026,0.6698843,true
6827bc374b2ae70172a6d571,Gravity,,,,,W1hZkqBeWCUTVBX6rx9OeHmaWx63,2024-10-30T01:48:48.566Z,-9.717534,1.1375176,0.6724337,true
6827bc374b2ae70172a6d572,Gravity,,,,,W1hZkqBeWCUTVBX6rx9OeHmaWx63,2024-10-30T01:48:48.726Z,-9.71715,1.1397303,0.67434216,true
6827bc374b2ae70172a6d573,Gravity,,,,,W1hZkqBeWCUTVBX6rx9OeHmaWx63,2024-10-30T01:48:48.886Z,-9.717307,1.1385111,0.67413116,true
6827bc374b2ae70172a6d574,Gravity,,,,,W1hZkqBeWCUTVBX6rx9OeHmaWx63,2024-10-30T01:48:49.046Z,-9.715336,1.1520482,0.6795508,true
6827bc374b2ae70172a6d575,Gravity,,,,,W1hZkqBeWCUTVBX6rx9OeHmaWx63,2024-10-30T01:48:49.206Z,-9.707175,1.1962492,0.7186223,true
6827bc374b2ae70172a6d576,Gravity,,,,,W1hZkqBeWCUTVBX6rx9OeHmaWx63,2024-10-30T01:48:49.365Z,-9.710679,1.1896602,0.68131787,true
6827bc374b2ae70172a6d577,Gravity,,,,,W1hZkqBeWCUTVBX6rx9OeHmaWx63,2024-10-30T01:48:49.525Z,-9.717879,1.1804299,0.5882938,true
6827bc374b2ae70172a6d578,Gravity,,,,,W1hZkqBeWCUTVBX6rx9OeHmaWx63,2024-10-30T01:48:49.685Z,-9.718526,1.1675159,0.6031693,true
6827bc374b2ae70172a6d579,Gravity,,,,,W1hZkqBeWCUTVBX6rx9OeHmaWx63,2024-10-30T01:48:49.845Z,-9.719914,1.158563,0.59812605,true
6827bc374b2ae70172a6d57a,Gravity,,,,,W1hZkqBeWCUTVBX6rx9OeHmaWx63,2024-10-30T01:48:50.006Z,-9.720799,1.1521088,0.5960262,true
6827bc374b2ae70172a6d57b,Gravity,,,,,W1hZkqBeWCUTVBX6rx9OeHmaWx63,2024-10-30T01:48:50.167Z,-9.721532,1.1530519,0.5821572,true
6827bc374b2ae70172a6d57c,Gravity,,,,,W1hZkqBeWCUTVBX6rx9OeHmaWx63,2024-10-30T01:48:50.329Z,-9.721758,1.1546689,0.57521486,true
6827bc374b2ae70172a6d57d,Gravity,,,,,W1hZkqBeWCUTVBX6rx9OeHmaWx63,2024-10-30T01:48:50.487Z,-9.721521,1.1588293,0.5708388,true
6827bc374b2ae70172a6d57e,Gravity,,,,,W1hZkqBeWCUTVBX6rx9OeHmaWx63,2024-10-30T01:48:50.647Z,-9.722286,1.1590064,0.5573481,true
6827bc374b2ae70172a6d57f,Gravity,,,,,W1hZkqBeWCUTVBX6rx9OeHmaWx63,2024-10-30T01:48:50.808Z,-9.722507,1.1622005,0.5467834,true
6827bc374b2ae70172a6d580,Gravity,,,,,W1hZkqBeWCUTVBX6rx9OeHmaWx63,2024-10-30T01:48:50.966Z,-9.722386,1.1665032,0.5396379,true
6827bc374b2ae70172a6d581,Gravity,,,,,W1hZkqBeWCUTVBX6rx9OeHmaWx63,2024-10-30T01:48:51.127Z,-9.722638,1.1662103,0.5357237,true
6827bc374b2ae70172a6d582,Gravity,,,,,W1hZkqBeWCUTVBX6rx9OeHmaWx63,2024-10-30T01:48:51.287Z,-9.722658,1.1665145,0.5346935,true
6827bc374b2ae70172a6d583,Gravity,,,,,W1hZkqBeWCUTVBX6rx9OeHmaWx63,2024-10-30T01:48:51.447Z,-9.722696,1.1678598,0.5310265,true
6827bc374b2ae70172a6d584,Gravity,,,,,W1hZkqBeWCUTVBX6rx9OeHmaWx63,2024-10-30T01:48:51.609Z,-9.722544,1.1724311,0.523736,true
6827bc374b2ae70172a6d585,Gravity,,,,,W1hZkqBeWCUTVBX6rx9OeHmaWx63,2024-10-30T01:48:51.768Z,-9.722356,1.177778,0.51518416,true
6827bc374b2ae70172a6d586,Gravity,,,,,W1hZkqBeWCUTVBX6rx9OeHmaWx63,2024-10-30T01:48:51.927Z,-9.722526,1.1796854,0.5075164,true
6827bc374b2ae70172a6d587,Gravity,,,,,W1hZkqBeWCUTVBX6rx9OeHmaWx63,2024-10-30T01:48:52.085Z,-9.724223,1.1767712,0.48108813,true
6827bc374b2ae70172a6d588,Gravity,,,,,W1hZkqBeWCUTVBX6rx9OeHmaWx63,2024-10-30T01:48:52.245Z,-9.730187,1.1433792,0.43906772,true
6827bc374b2ae70172a6d589,Gravity,,,,,W1hZkqBeWCUTVBX6rx9OeHmaWx63,2024-10-30T01:48:52.406Z,-9.748802,0.9991882,0.3729241,true
6827bc374b2ae70172a6d58a,Gravity,,,,,W1hZkqBeWCUTVBX6rx9OeHmaWx63,2024-10-30T01:48:52.565Z,-9.767594,0.8357529,0.26868105,true
6827bc374b2ae70172a6d58b,Gravity,,,,,W1hZkqBeWCUTVBX6rx9OeHmaWx63,2024-10-30T01:48:52.725Z,-9.7763815,0.7513807,0.18506052,true
6827bc374b2ae70172a6d58c,Gravity,,,,,W1hZkqBeWCUTVBX6rx9OeHmaWx63,2024-10-30T01:48:52.885Z,-9.783734,0.6632304,0.12304127,true
6827bc374b2ae70172a6d58d,Gravity,,,,,W1hZkqBeWCUTVBX6rx9OeHmaWx63,2024-10-30T01:48:53.044Z,-9.78563,0.6393445,0.09503128,true
6827bc374b2ae70172a6d58e,Gravity,,,,,W1hZkqBeWCUTVBX6rx9OeHmaWx63,2024-10-30T01:48:53.205Z,-9.786072,0.6324717,-0.09579992,true
6827bc374b2ae70172a6d58f,Gravity,,,,,W1hZkqBeWCUTVBX6rx9OeHmaWx63,2024-10-30T01:48:53.364Z,-9.793427,0.47828797,-0.19098055,true
6827bc374b2ae70172a6d590,Gravity,,,,,W1hZkqBeWCUTVBX6rx9OeHmaWx63,2024-10-30T01:48:53.524Z,-9.794342,0.45876378,-0.19218846,true
6827bc374b2ae70172a6d591,Gravity,,,,,W1hZkqBeWCUTVBX6rx9OeHmaWx63,2024-10-30T01:48:53.684Z,-9.799508,0.26647797,-0.27408698,true
6827bc374b2ae70172a6d592,Gravity,,,,,W1hZkqBeWCUTVBX6rx9OeHmaWx63,2024-10-30T01:48:53.844Z,-9.797134,0.14743513,-0.4135244,true
6827bc374b2ae70172a6d593,Gravity,,,,,W1hZkqBeWCUTVBX6rx9OeHmaWx63,2024-10-30T01:48:54.005Z,-9.794268,0.11314152,-0.48579353,true
6827bc374b2ae70172a6d594,Gravity,,,,,W1hZkqBeWCUTVBX6rx9OeHmaWx63,2024-10-30T01:48:54.164Z,-9.790397,0.1259592,-0.5557792,true
6827bc374b2ae70172a6d595,Gravity,,,,,W1hZkqBeWCUTVBX6rx9OeHmaWx63,2024-10-30T01:48:54.324Z,-9.787092,0.14026713,-0.6080001,true
6827bc374b2ae70172a6d596,Gravity,,,,,W1hZkqBeWCUTVBX6rx9OeHmaWx63,2024-10-30T01:48:54.484Z,-9.783168,0.14316022,-0.6674907,true
6827bc374b2ae70172a6d597,Gravity,,,,,W1hZkqBeWCUTVBX6rx9OeHmaWx63,2024-10-30T01:48:54.644Z,-9.787728,0.15917028,-0.59268445,true
6827bc374b2ae70172a6d598,Gravity,,,,,W1hZkqBeWCUTVBX6rx9OeHmaWx63,2024-10-30T01:48:54.805Z,-9.786322,0.15665713,-0.6161428,true
6827bc374b2ae70172a6d599,Gravity,,,,,W1hZkqBeWCUTVBX6rx9OeHmaWx63,2024-10-30T01:48:54.964Z,-9.773785,0.2113558,-0.77765614,true
6827bc374b2ae70172a6d59a,Gravity,,,,,W1hZkqBeWCUTVBX6rx9OeHmaWx63,2024-10-30T01:48:55.124Z,-9.778791,0.27824062,-0.6884952,true
6827bc374b2ae70172a6d59b,Gravity,,,,,W1hZkqBeWCUTVBX6rx9OeHmaWx63,2024-10-30T01:48:55.284Z,-9.779708,0.3715376,-0.62878656,true
6827bc374b2ae70172a6d59c,Gravity,,,,,W1hZkqBeWCUTVBX6rx9OeHmaWx63,2024-10-30T01:48:55.444Z,-9.778556,0.6325816,-0.39451692,true
6827bc374b2ae70172a6d59d,Gravity,,,,,W1hZkqBeWCUTVBX6rx9OeHmaWx63,2024-10-30T01:48:55.605Z,-9.7774935,0.6773478,-0.34313804,true
6827bc374b2ae70172a6d59e,Gravity,,,,,W1hZkqBeWCUTVBX6rx9OeHmaWx63,2024-10-30T01:48:55.763Z,-9.776397,0.68569857,-0.35742432,true
6827bc374b2ae70172a6d59f,Gravity,,,,,W1hZkqBeWCUTVBX6rx9OeHmaWx63,2024-10-30T01:48:55.923Z,-9.776938,0.66985506,-0.37239948,true
6827bc374b2ae70172a6d5a0,Gravity,,,,,W1hZkqBeWCUTVBX6rx9OeHmaWx63,2024-10-30T01:48:56.084Z,-9.776485,0.68021196,-0.36555737,true
6827bc374b2ae70172a6d5a1,Gravity,,,,,W1hZkqBeWCUTVBX6rx9OeHmaWx63,2024-10-30T01:48:56.244Z,-9.7762575,0.68684363,-0.3592866,true
6827bc374b2ae70172a6d5a2,Gravity,,,,,W1hZkqBeWCUTVBX6rx9OeHmaWx63,2024-10-30T01:48:56.405Z,-9.775924,0.68985975,-0.36255848,true
6827bc374b2ae70172a6d5a3,Gravity,,,,,W1hZkqBeWCUTVBX6rx9OeHmaWx63,2024-10-30T01:48:56.563Z,-9.774733,0.70210314,-0.37115183,true
6827bc374b2ae70172a6d5a4,Gravity,,,,,W1hZkqBeWCUTVBX6rx9OeHmaWx63,2024-10-30T01:48:56.723Z,-9.773572,0.71150196,-0.38369274,true
6827bc374b2ae70172a6d5a5,Gravity,,,,,W1hZkqBeWCUTVBX6rx9OeHmaWx63,2024-10-30T01:48:56.883Z,-9.772636,0.71926767,-0.39294952,true
6827bc374b2ae70172a6d5a6,Gravity,,,,,W1hZkqBeWCUTVBX6rx9OeHmaWx63,2024-10-30T01:48:57.043Z,-9.771826,0.7261185,-0.40046677,true
6827bc374b2ae70172a6d5a7,Gravity,,,,,W1hZkqBeWCUTVBX6rx9OeHmaWx63,2024-10-30T01:48:57.203Z,-9.771215,0.73303664,-0.40279257,true
6827bc374b2ae70172a6d5a8,Gravity,,,,,W1hZkqBeWCUTVBX6rx9OeHmaWx63,2024-10-30T01:48:57.362Z,-9.769633,0.7540198,-0.40240973,true
6827bc374b2ae70172a6d5a9,Gravity,,,,,W1hZkqBeWCUTVBX6rx9OeHmaWx63,2024-10-30T01:48:57.522Z,-9.769031,0.76278967,-0.40062663,true
6827bc374b2ae70172a6d5aa,Gravity,,,,,W1hZkqBeWCUTVBX6rx9OeHmaWx63,2024-10-30T01:48:57.683Z,-9.768663,0.7694214,-0.3970222,true
6827bc374b2ae70172a6d5ab,Gravity,,,,,W1hZkqBeWCUTVBX6rx9OeHmaWx63,2024-10-30T01:48:57.842Z,-9.768447,0.7709122,-0.39949003,true
6827bc374b2ae70172a6d5ac,Gravity,,,,,W1hZkqBeWCUTVBX6rx9OeHmaWx63,2024-10-30T01:48:58.004Z,-9.768394,0.77418345,-0.3944532,true
6827bc374b2ae70172a6d5ad,Gravity,,,,,W1hZkqBeWCUTVBX6rx9OeHmaWx63,2024-10-30T01:48:58.162Z,-9.7672205,0.7833611,-0.40537557,true
6827bc374b2ae70172a6d5ae,Gravity,,,,,W1hZkqBeWCUTVBX6rx9OeHmaWx63,2024-10-30T01:48:58.322Z,-9.765266,0.799853,-0.42008975,true
6827bc374b2ae70172a6d5af,Gravity,,,,,W1hZkqBeWCUTVBX6rx9OeHmaWx63,2024-10-30T01:48:58.482Z,-9.764263,0.80941087,-0.42502576,true
6827bc374b2ae70172a6d5b0,Gravity,,,,,W1hZkqBeWCUTVBX6rx9OeHmaWx63,2024-10-30T01:48:58.642Z,-9.763302,0.81530607,-0.43577772,true
6827bc374b2ae70172a6d5b1,Gravity,,,,,W1hZkqBeWCUTVBX6rx9OeHmaWx63,2024-10-30T01:48:58.803Z,-9.762557,0.82130176,-0.4412132,true
6827bc374b2ae70172a6d5b2,Gravity,,,,,W1hZkqBeWCUTVBX6rx9OeHmaWx63,2024-10-30T01:48:58.961Z,-9.761685,0.8281816,-0.44765696,true
6827bc374b2ae70172a6d5b3,Gravity,,,,,W1hZkqBeWCUTVBX6rx9OeHmaWx63,2024-10-30T01:48:59.122Z,-9.760546,0.8358438,-0.45815763,true
6827bc374b2ae70172a6d5b4,Gravity,,,,,W1hZkqBeWCUTVBX6rx9OeHmaWx63,2024-10-30T01:48:59.282Z,-9.759389,0.84538496,-0.46530253,true
6827bc374b2ae70172a6d5b5,Gravity,,,,,W1hZkqBeWCUTVBX6rx9OeHmaWx63,2024-10-30T01:48:59.442Z,-9.75817,0.8524498,-0.47782737,true
6827bc374b2ae70172a6d5b6,Gravity,,,,,W1hZkqBeWCUTVBX6rx9OeHmaWx63,2024-10-30T01:48:59.602Z,-9.756875,0.8590338,-0.49230713,true
6827bc374b2ae70172a6d5b7,Gravity,,,,,W1hZkqBeWCUTVBX6rx9OeHmaWx63,2024-10-30T01:48:59.761Z,-9.755131,0.8661048,-0.5140686,true
6827bc374b2ae70172a6d5b8,Gravity,,,,,W1hZkqBeWCUTVBX6rx9OeHmaWx63,2024-10-30T01:48:59.922Z,-9.751694,0.8811694,-0.5523279,true
6827bc374b2ae70172a6d5b9,Gravity,,,,,W1hZkqBeWCUTVBX6rx9OeHmaWx63,2024-10-30T01:49:00.081Z,-9.748585,0.89558285,-0.5833058,true
6827bc374b2ae70172a6d5ba,Gravity,,,,,W1hZkqBeWCUTVBX6rx9OeHmaWx63,2024-10-30T01:49:00.241Z,-9.747341,0.9039231,-0.59118545,true
6827bc374b2ae70172a6d5bb,Gravity,,,,,W1hZkqBeWCUTVBX6rx9OeHmaWx63,2024-10-30T01:49:00.402Z,-9.747026,0.91101915,-0.58549017,true
6827bc374b2ae70172a6d5bc,Gravity,,,,,W1hZkqBeWCUTVBX6rx9OeHmaWx63,2024-10-30T01:49:00.561Z,-9.745018,0.92964995,-0.58961076,true
6827bc374b2ae70172a6d5bd,Gravity,,,,,W1hZkqBeWCUTVBX6rx9OeHmaWx63,2024-10-30T01:49:00.721Z,-9.742876,0.93877226,-0.61014205,true
6827bc374b2ae70172a6d5be,Gravity,,,,,W1hZkqBeWCUTVBX6rx9OeHmaWx63,2024-10-30T01:49:00.881Z,-9.742077,0.9500594,-0.6054086,true
6827bc374b2ae70172a6d5bf,Gravity,,,,,W1hZkqBeWCUTVBX6rx9OeHmaWx63,2024-10-30T01:49:01.041Z,-9.73915,0.9634268,-0.6307628,true
6827bc374b2ae70172a6d5c0,Gravity,,,,,W1hZkqBeWCUTVBX6rx9OeHmaWx63,2024-10-30T01:49:01.201Z,-9.734835,0.9828338,-0.66642773,true
6827bc374b2ae70172a6d5c1,Gravity,,,,,W1hZkqBeWCUTVBX6rx9OeHmaWx63,2024-10-30T01:49:01.360Z,-9.729978,1.0146228,-0.6893933,true
6827bc374b2ae70172a6d5c2,Gravity,,,,,W1hZkqBeWCUTVBX6rx9OeHmaWx63,2024-10-30T01:49:01.520Z,-9.726218,1.0268302,-0.7235323,true
6827bc374b2ae70172a6d5c3,Gravity,,,,,W1hZkqBeWCUTVBX6rx9OeHmaWx63,2024-10-30T01:49:01.680Z,-9.723215,1.0301754,-0.7583271,true
6827bc374b2ae70172a6d5c4,Gravity,,,,,W1hZkqBeWCUTVBX6rx9OeHmaWx63,2024-10-30T01:49:01.840Z,-9.721317,1.0440637,-0.7635984,true
6827bc374b2ae70172a6d5c5,Gravity,,,,,W1hZkqBeWCUTVBX6rx9OeHmaWx63,2024-10-30T01:49:02.002Z,-9.719521,1.0530232,-0.77409494,true
6827bc374b2ae70172a6d5c6,Gravity,,,,,W1hZkqBeWCUTVBX6rx9OeHmaWx63,2024-10-30T01:49:02.162Z,-9.718107,1.0594506,-0.7830434,true
6827bc374b2ae70172a6d5c7,Gravity,,,,,W1hZkqBeWCUTVBX6rx9OeHmaWx63,2024-10-30T01:49:02.324Z,-9.716959,1.066196,-0.7881334,true
6827bc374b2ae70172a6d5c8,Gravity,,,,,W1hZkqBeWCUTVBX6rx9OeHmaWx63,2024-10-30T01:49:02.480Z,-9.716831,1.06842,-0.7867136,true
6827bc374b2ae70172a6d5c9,Gravity,,,,,W1hZkqBeWCUTVBX6rx9OeHmaWx63,2024-10-30T01:49:02.641Z,-9.717734,1.0566312,-0.791438,true
6827bc374b2ae70172a6d5ca,Gravity,,,,,W1hZkqBeWCUTVBX6rx9OeHmaWx63,2024-10-30T01:49:02.802Z,-9.716984,1.0557421,-0.8017495,true
6827bc374b2ae70172a6d5cb,Gravity,,,,,W1hZkqBeWCUTVBX6rx9OeHmaWx63,2024-10-30T01:49:02.961Z,-9.714901,1.0603306,-0.8207213,true
6827bc374b2ae70172a6d5cc,Gravity,,,,,W1hZkqBeWCUTVBX6rx9OeHmaWx63,2024-10-30T01:49:03.122Z,-9.713312,1.0605203,-0.8391206,true
6827bc374b2ae70172a6d5cd,Gravity,,,,,W1hZkqBeWCUTVBX6rx9OeHmaWx63,2024-10-30T01:49:03.281Z,-9.711746,1.0617838,-0.8555176,true
6827bc374b2ae70172a6d5ce,Gravity,,,,,W1hZkqBeWCUTVBX6rx9OeHmaWx63,2024-10-30T01:49:03.441Z,-9.709966,1.0712819,-0.8639099,true
6827bc374b2ae70172a6d5cf,Gravity,,,,,W1hZkqBeWCUTVBX6rx9OeHmaWx63,2024-10-30T01:49:03.602Z,-9.708883,1.0807222,-0.86429656,true
6827bc374b2ae70172a6d5d0,Gravity,,,,,W1hZkqBeWCUTVBX6rx9OeHmaWx63,2024-10-30T01:49:03.761Z,-9.708153,1.0871859,-0.86435944,true
6827bc374b2ae70172a6d5d1,Gravity,,,,,W1hZkqBeWCUTVBX6rx9OeHmaWx63,2024-10-30T01:49:03.921Z,-9.70728,1.0951155,-0.8641674,true
6827bc374b2ae70172a6d5d2,Gravity,,,,,W1hZkqBeWCUTVBX6rx9OeHmaWx63,2024-10-30T01:49:04.081Z,-9.705488,1.1064798,-0.86978585,true
6827bc374b2ae70172a6d5d3,Gravity,,,,,W1hZkqBeWCUTVBX6rx9OeHmaWx63,2024-10-30T01:49:04.241Z,-9.70347,1.1164222,-0.87952775,true
6827bc374b2ae70172a6d5d4,Gravity,,,,,W1hZkqBeWCUTVBX6rx9OeHmaWx63,2024-10-30T01:49:04.402Z,-9.701732,1.126647,-0.88566464,true
6827bc374b2ae70172a6d5d5,Gravity,,,,,W1hZkqBeWCUTVBX6rx9OeHmaWx63,2024-10-30T01:49:04.559Z,-9.701302,1.1358076,-0.8786565,true
6827bc374b2ae70172a6d5d6,Gravity,,,,,W1hZkqBeWCUTVBX6rx9OeHmaWx63,2024-10-30T01:49:04.719Z,-9.701344,1.1418647,-0.8703394,true
6827bc374b2ae70172a6d5d7,Gravity,,,,,W1hZkqBeWCUTVBX6rx9OeHmaWx63,2024-10-30T01:49:04.879Z,-9.700436,1.1520462,-0.8670792,true
6827bc374b2ae70172a6d5d8,Gravity,,,,,W1hZkqBeWCUTVBX6rx9OeHmaWx63,2024-10-30T01:49:05.039Z,-9.699038,1.1608441,-0.8709993,true
6827bc374b2ae70172a6d5d9,Gravity,,,,,W1hZkqBeWCUTVBX6rx9OeHmaWx63,2024-10-30T01:49:05.202Z,-9.697174,1.1696619,-0.8799147,true
6827bc374b2ae70172a6d5da,Gravity,,,,,W1hZkqBeWCUTVBX6rx9OeHmaWx63,2024-10-30T01:49:05.358Z,-9.6954565,1.1781243,-0.88754183,true
6827bc374b2ae70172a6d5db,Gravity,,,,,W1hZkqBeWCUTVBX6rx9OeHmaWx63,2024-10-30T01:49:05.518Z,-9.693531,1.1883866,-0.894877,true
6827bc374b2ae70172a6d5dc,Gravity,,,,,W1hZkqBeWCUTVBX6rx9OeHmaWx63,2024-10-30T01:49:05.678Z,-9.691498,1.2001901,-0.90112704,true
6827bc374b2ae70172a6d5dd,Gravity,,,,,W1hZkqBeWCUTVBX6rx9OeHmaWx63,2024-10-30T01:49:05.838Z,-9.6891165,1.2083471,-0.91571057,true
6827bc374b2ae70172a6d5de,Gravity,,,,,W1hZkqBeWCUTVBX6rx9OeHmaWx63,2024-10-30T01:49:05.999Z,-9.686748,1.2153455,-0.9314333,true
6827bc374b2ae70172a6d5df,Gravity,,,,,W1hZkqBeWCUTVBX6rx9OeHmaWx63,2024-10-30T01:49:06.158Z,-9.685072,1.2277924,-0.9325515,true
6827bc374b2ae70172a6d5e0,Gravity,,,,,W1hZkqBeWCUTVBX6rx9OeHmaWx63,2024-10-30T01:49:06.318Z,-9.683488,1.2327242,-0.94248897,true
6827bc374b2ae70172a6d5e1,Gravity,,,,,W1hZkqBeWCUTVBX6rx9OeHmaWx63,2024-10-30T01:49:06.480Z,-9.681453,1.2428274,-0.9501322,true
6827bc374b2ae70172a6d5e2,Gravity,,,,,W1hZkqBeWCUTVBX6rx9OeHmaWx63,2024-10-30T01:49:06.638Z,-9.679061,1.2549661,-0.95855045,true
6827bc374b2ae70172a6d5e3,Gravity,,,,,W1hZkqBeWCUTVBX6rx9OeHmaWx63,2024-10-30T01:49:06.799Z,-9.677042,1.2642475,-0.9666794,true
6827bc374b2ae70172a6d5e4,Gravity,,,,,W1hZkqBeWCUTVBX6rx9OeHmaWx63,2024-10-30T01:49:06.958Z,-9.675449,1.2702693,-0.9747528,true
6827bc374b2ae70172a6d5e5,Gravity,,,,,W1hZkqBeWCUTVBX6rx9OeHmaWx63,2024-10-30T01:49:07.117Z,-9.674058,1.2779768,-0.97847444,true
6827bc374b2ae70172a6d5e6,Gravity,,,,,W1hZkqBeWCUTVBX6rx9OeHmaWx63,2024-10-30T01:49:07.277Z,-9.672658,1.2866973,-0.9809049,true
6827bc374b2ae70172a6d5e7,Gravity,,,,,W1hZkqBeWCUTVBX6rx9OeHmaWx63,2024-10-30T01:49:07.437Z,-9.670975,1.2932962,-0.9888071,true
6827bc374b2ae70172a6d5e8,Gravity,,,,,W1hZkqBeWCUTVBX6rx9OeHmaWx63,2024-10-30T01:49:07.598Z,-9.668865,1.3025279,-0.99733174,true
6827bc374b2ae70172a6d5e9,Gravity,,,,,W1hZkqBeWCUTVBX6rx9OeHmaWx63,2024-10-30T01:49:07.757Z,-9.667569,1.3106811,-0.9992501,true
6827bc374b2ae70172a6d5ea,Gravity,,,,,W1hZkqBeWCUTVBX6rx9OeHmaWx63,2024-10-30T01:49:07.917Z,-9.666476,1.3195462,-0.99819565,true
6827bc374b2ae70172a6d5eb,Gravity,,,,,W1hZkqBeWCUTVBX6rx9OeHmaWx63,2024-10-30T01:49:08.077Z,-9.664823,1.3274349,-1.003803,true
6827bc374b2ae70172a6d5ec,Gravity,,,,,W1hZkqBeWCUTVBX6rx9OeHmaWx63,2024-10-30T01:49:08.238Z,-9.661774,1.3416513,-1.0141811,true
6827bc374b2ae70172a6d5ed,Gravity,,,,,W1hZkqBeWCUTVBX6rx9OeHmaWx63,2024-10-30T01:49:08.398Z,-9.65989,1.3516958,-1.0187807,true
6827bc374b2ae70172a6d5ee,Gravity,,,,,W1hZkqBeWCUTVBX6rx9OeHmaWx63,2024-10-30T01:49:08.557Z,-9.658318,1.3597201,-1.0230384,true
6827bc374b2ae70172a6d5ef,Gravity,,,,,W1hZkqBeWCUTVBX6rx9OeHmaWx63,2024-10-30T01:49:08.717Z,-9.655538,1.36864,-1.03732,true
6827bc374b2ae70172a6d5f0,Gravity,,,,,W1hZkqBeWCUTVBX6rx9OeHmaWx63,2024-10-30T01:49:08.877Z,-9.650251,1.3827485,-1.0674404,true
6827bc374b2ae70172a6d5f1,Gravity,,,,,W1hZkqBeWCUTVBX6rx9OeHmaWx63,2024-10-30T01:49:09.037Z,-9.644444,1.3980341,-1.0995839,true
6827bc374b2ae70172a6d5f2,Gravity,,,,,W1hZkqBeWCUTVBX6rx9OeHmaWx63,2024-10-30T01:49:09.197Z,-9.642024,1.4109669,-1.104294,true
6827bc374b2ae70172a6d5f3,Gravity,,,,,W1hZkqBeWCUTVBX6rx9OeHmaWx63,2024-10-30T01:49:09.357Z,-9.640553,1.4164708,-1.1101053,true
6827bc374b2ae70172a6d5f4,Gravity,,,,,W1hZkqBeWCUTVBX6rx9OeHmaWx63,2024-10-30T01:49:09.516Z,-9.639464,1.421995,-1.1125333,true
6827bc374b2ae70172a6d5f5,Gravity,,,,,W1hZkqBeWCUTVBX6rx9OeHmaWx63,2024-10-30T01:49:09.677Z,-9.637058,1.4322046,-1.1202742,true
6827bc374b2ae70172a6d5f6,Gravity,,,,,W1hZkqBeWCUTVBX6rx9OeHmaWx63,2024-10-30T01:49:09.836Z,-9.634596,1.4425547,-1.1281419,true
6827bc374b2ae70172a6d5f7,Gravity,,,,,W1hZkqBeWCUTVBX6rx9OeHmaWx63,2024-10-30T01:49:09.997Z,-9.632034,1.4511589,-1.1389585,true
6827bc374b2ae70172a6d5f8,Gravity,,,,,W1hZkqBeWCUTVBX6rx9OeHmaWx63,2024-10-30T01:49:10.156Z,-9.630737,1.4578575,-1.1413842,true
6827bc374b2ae70172a6d5f9,Gravity,,,,,W1hZkqBeWCUTVBX6rx9OeHmaWx63,2024-10-30T01:49:10.316Z,-9.629059,1.4657822,-1.1454273,true
6827bc374b2ae70172a6d5fa,Gravity,,,,,W1hZkqBeWCUTVBX6rx9OeHmaWx63,2024-10-30T01:49:10.476Z,-9.626784,1.4775159,-1.1494746,true
6827bc374b2ae70172a6d5fb,Gravity,,,,,W1hZkqBeWCUTVBX6rx9OeHmaWx63,2024-10-30T01:49:10.636Z,-9.625949,1.4859526,-1.1455886,true
6827bc374b2ae70172a6d5fc,Gravity,,,,,W1hZkqBeWCUTVBX6rx9OeHmaWx63,2024-10-30T01:49:10.797Z,-9.625579,1.4916844,-1.1412328,true
6827bc374b2ae70172a6d5fd,Gravity,,,,,W1hZkqBeWCUTVBX6rx9OeHmaWx63,2024-10-30T01:49:10.956Z,-9.624427,1.4991642,-1.1411638,true
6827bc374b2ae70172a6d5fe,Gravity,,,,,W1hZkqBeWCUTVBX6rx9OeHmaWx63,2024-10-30T01:49:11.116Z,-9.622707,1.5130007,-1.1374165,true
6827bc374b2ae70172a6d5ff,Gravity,,,,,W1hZkqBeWCUTVBX6rx9OeHmaWx63,2024-10-30T01:49:11.276Z,-9.620149,1.5239238,-1.1444302,true
6827bc374b2ae70172a6d600,Gravity,,,,,W1hZkqBeWCUTVBX6rx9OeHmaWx63,2024-10-30T01:49:11.436Z,-9.618002,1.5317885,-1.1519856,true
6827bc374b2ae70172a6d601,Gravity,,,,,W1hZkqBeWCUTVBX6rx9OeHmaWx63,2024-10-30T01:49:11.597Z,-9.616066,1.5396304,-1.1576971,true
6827bc374b2ae70172a6d602,Gravity,,,,,W1hZkqBeWCUTVBX6rx9OeHmaWx63,2024-10-30T01:49:11.756Z,-9.613806,1.5476342,-1.1657887,true
6827bc374b2ae70172a6d603,Gravity,,,,,W1hZkqBeWCUTVBX6rx9OeHmaWx63,2024-10-30T01:49:11.917Z,-9.611622,1.5569834,-1.1713585,true
6827bc374b2ae70172a6d604,Gravity,,,,,W1hZkqBeWCUTVBX6rx9OeHmaWx63,2024-10-30T01:49:12.075Z,-9.609003,1.5681244,-1.1780133,true
6827bc374b2ae70172a6d605,Gravity,,,,,W1hZkqBeWCUTVBX6rx9OeHmaWx63,2024-10-30T01:49:12.235Z,-9.606463,1.5769331,-1.1869588,true
6827bc374b2ae70172a6d606,Gravity,,,,,W1hZkqBeWCUTVBX6rx9OeHmaWx63,2024-10-30T01:49:12.396Z,-9.604101,1.5854788,-1.1946704,true
6827bc374b2ae70172a6d607,Gravity,,,,,W1hZkqBeWCUTVBX6rx9OeHmaWx63,2024-10-30T01:49:12.556Z,-9.602084,1.5921652,-1.201974,true
6827bc374b2ae70172a6d608,Gravity,,,,,W1hZkqBeWCUTVBX6rx9OeHmaWx63,2024-10-30T01:49:12.715Z,-9.599876,1.5995033,-1.2098609,true
6827bc374b2ae70172a6d609,Gravity,,,,,W1hZkqBeWCUTVBX6rx9OeHmaWx63,2024-10-30T01:49:12.875Z,-9.597006,1.6095228,-1.2193354,true
6827bc374b2ae70172a6d60a,Gravity,,,,,W1hZkqBeWCUTVBX6rx9OeHmaWx63,2024-10-30T01:49:13.036Z,-9.593429,1.6194191,-1.2343326,true
6827bc374b2ae70172a6d60b,Gravity,,,,,W1hZkqBeWCUTVBX6rx9OeHmaWx63,2024-10-30T01:49:13.196Z,-9.5899725,1.6293603,-1.2480203,true
6827bc374b2ae70172a6d60c,Gravity,,,,,W1hZkqBeWCUTVBX6rx9OeHmaWx63,2024-10-30T01:49:13.356Z,-9.586798,1.6392443,-1.2594541,true
6827bc374b2ae70172a6d60d,Gravity,,,,,W1hZkqBeWCUTVBX6rx9OeHmaWx63,2024-10-30T01:49:13.515Z,-9.584075,1.65014,-1.265954,true
6827bc374b2ae70172a6d60e,Gravity,,,,,W1hZkqBeWCUTVBX6rx9OeHmaWx63,2024-10-30T01:49:13.675Z,-9.581692,1.6622324,-1.2682067,true
6827bc374b2ae70172a6d60f,Gravity,,,,,W1hZkqBeWCUTVBX6rx9OeHmaWx63,2024-10-30T01:49:13.835Z,-9.579717,1.6718346,-1.2705145,true
6827bc374b2ae70172a6d610,Gravity,,,,,W1hZkqBeWCUTVBX6rx9OeHmaWx63,2024-10-30T01:49:13.996Z,-9.578236,1.6777307,-1.2738789,true
6827bc374b2ae70172a6d611,Gravity,,,,,W1hZkqBeWCUTVBX6rx9OeHmaWx63,2024-10-30T01:49:14.157Z,-9.5768585,1.6867014,-1.2723984,true
6827bc374b2ae70172a6d612,Gravity,,,,,W1hZkqBeWCUTVBX6rx9OeHmaWx63,2024-10-30T01:49:14.317Z,-9.575978,1.6960365,-1.2666361,true
6827bc374b2ae70172a6d613,Gravity,,,,,W1hZkqBeWCUTVBX6rx9OeHmaWx63,2024-10-30T01:49:14.477Z,-9.575784,1.7251784,-1.2281109,true
6827bc374b2ae70172a6d614,Gravity,,,,,W1hZkqBeWCUTVBX6rx9OeHmaWx63,2024-10-30T01:49:14.637Z,-9.574122,1.7295065,-1.2348808,true
6827bc374b2ae70172a6d615,Gravity,,,,,W1hZkqBeWCUTVBX6rx9OeHmaWx63,2024-10-30T01:49:14.798Z,-9.574754,1.735673,-1.2211848,true
6827bc374b2ae70172a6d616,Gravity,,,,,W1hZkqBeWCUTVBX6rx9OeHmaWx63,2024-10-30T01:49:14.956Z,-9.568427,1.7575723,-1.2393746,true
6827bc374b2ae70172a6d617,Gravity,,,,,W1hZkqBeWCUTVBX6rx9OeHmaWx63,2024-10-30T01:49:15.117Z,-9.5645075,1.7615076,-1.2637889,true
6827bc374b2ae70172a6d618,Gravity,,,,,W1hZkqBeWCUTVBX6rx9OeHmaWx63,2024-10-30T01:49:15.277Z,-9.560838,1.7696295,-1.2800971,true
6827bc374b2ae70172a6d619,Gravity,,,,,W1hZkqBeWCUTVBX6rx9OeHmaWx63,2024-10-30T01:49:15.439Z,-9.557232,1.7739687,-1.3008704,true
6827bc374b2ae70172a6d61a,Gravity,,,,,W1hZkqBeWCUTVBX6rx9OeHmaWx63,2024-10-30T01:49:15.598Z,-9.553535,1.7749066,-1.326518,true
6827bc374b2ae70172a6d61b,Gravity,,,,,W1hZkqBeWCUTVBX6rx9OeHmaWx63,2024-10-30T01:49:15.757Z,-9.55089,1.7737025,-1.3470372,true
6827bc374b2ae70172a6d61c,Gravity,,,,,W1hZkqBeWCUTVBX6rx9OeHmaWx63,2024-10-30T01:49:15.916Z,-9.548131,1.7810645,-1.356881,true
6827bc374b2ae70172a6d61d,Gravity,,,,,W1hZkqBeWCUTVBX6rx9OeHmaWx63,2024-10-30T01:49:16.074Z,-9.546306,1.7890599,-1.3592665,true
6827bc374b2ae70172a6d61e,Gravity,,,,,W1hZkqBeWCUTVBX6rx9OeHmaWx63,2024-10-30T01:49:16.234Z,-9.54445,1.7964182,-1.3626124,true
6827bc374b2ae70172a6d61f,Gravity,,,,,W1hZkqBeWCUTVBX6rx9OeHmaWx63,2024-10-30T01:49:16.395Z,-9.542218,1.8052982,-1.3665047,true
6827bc374b2ae70172a6d620,Gravity,,,,,W1hZkqBeWCUTVBX6rx9OeHmaWx63,2024-10-30T01:49:16.554Z,-9.540069,1.8134882,-1.3706682,true
6827bc374b2ae70172a6d621,Gravity,,,,,W1hZkqBeWCUTVBX6rx9OeHmaWx63,2024-10-30T01:49:16.714Z,-9.537813,1.8218349,-1.3753005,true
6827bc374b2ae70172a6d622,Gravity,,,,,W1hZkqBeWCUTVBX6rx9OeHmaWx63,2024-10-30T01:49:16.873Z,-9.534886,1.8342823,-1.3790239,true
6827bc374b2ae70172a6d623,Gravity,,,,,W1hZkqBeWCUTVBX6rx9OeHmaWx63,2024-10-30T01:49:17.034Z,-9.533129,1.842434,-1.3803432,true
6827bc374b2ae70172a6d624,Gravity,,,,,W1hZkqBeWCUTVBX6rx9OeHmaWx63,2024-10-30T01:49:17.195Z,-9.530181,1.8497382,-1.3909037,true
6827bc374b2ae70172a6d625,Gravity,,,,,W1hZkqBeWCUTVBX6rx9OeHmaWx63,2024-10-30T01:49:17.354Z,-9.526313,1.8543648,-1.4110808,true
6827bc374b2ae70172a6d626,Gravity,,,,,W1hZkqBeWCUTVBX6rx9OeHmaWx63,2024-10-30T01:49:17.514Z,-9.523316,1.847523,-1.4400012,true
6827bc374b2ae70172a6d627,Gravity,,,,,W1hZkqBeWCUTVBX6rx9OeHmaWx63,2024-10-30T01:49:17.674Z,-9.518784,1.852498,-1.4633892,true
6827bc374b2ae70172a6d628,Gravity,,,,,W1hZkqBeWCUTVBX6rx9OeHmaWx63,2024-10-30T01:49:17.834Z,-9.515109,1.8220553,-1.5242484,true
6827bc374b2ae70172a6d629,Gravity,,,,,W1hZkqBeWCUTVBX6rx9OeHmaWx63,2024-10-30T01:49:17.994Z,-9.512407,1.8092046,-1.5560932,true
6827bc374b2ae70172a6d62a,Gravity,,,,,W1hZkqBeWCUTVBX6rx9OeHmaWx63,2024-10-30T01:49:18.153Z,-9.523475,1.782304,-1.5190023,true
6827bc374b2ae70172a6d62b,Gravity,,,,,W1hZkqBeWCUTVBX6rx9OeHmaWx63,2024-10-30T01:49:18.313Z,-9.522957,1.7964029,-1.5055981,true
6827bc374b2ae70172a6d62c,Gravity,,,,,W1hZkqBeWCUTVBX6rx9OeHmaWx63,2024-10-30T01:49:18.473Z,-9.51387,1.82288,-1.530947,true
6827bc374b2ae70172a6d62d,Gravity,,,,,W1hZkqBeWCUTVBX6rx9OeHmaWx63,2024-10-30T01:49:18.634Z,-9.5091095,1.8197985,-1.56382,true
6827bc374b2ae70172a6d62e,Gravity,,,,,W1hZkqBeWCUTVBX6rx9OeHmaWx63,2024-10-30T01:49:18.794Z,-9.502144,1.8199708,-1.6054122,true
6827bc374b2ae70172a6d62f,Gravity,,,,,W1hZkqBeWCUTVBX6rx9OeHmaWx63,2024-10-30T01:49:18.954Z,-9.515899,1.8126848,-1.5303847,true
6827bc374b2ae70172a6d630,Gravity,,,,,W1hZkqBeWCUTVBX6rx9OeHmaWx63,2024-10-30T01:49:19.113Z,-9.510933,1.801144,-1.5741935,true
6827bc374b2ae70172a6d631,Gravity,,,,,W1hZkqBeWCUTVBX6rx9OeHmaWx63,2024-10-30T01:49:19.273Z,-9.503801,1.7671789,-1.6537194,true
6827bc374b2ae70172a6d632,Gravity,,,,,W1hZkqBeWCUTVBX6rx9OeHmaWx63,2024-10-30T01:49:19.433Z,-9.485618,1.7851346,-1.7367122,true
6827bc374b2ae70172a6d633,Gravity,,,,,W1hZkqBeWCUTVBX6rx9OeHmaWx63,2024-10-30T01:49:19.594Z,-9.488467,1.7941009,-1.7117414,true
6827bc374b2ae70172a6d634,Gravity,,,,,W1hZkqBeWCUTVBX6rx9OeHmaWx63,2024-10-30T01:49:19.753Z,-9.4832945,1.764859,-1.7698113,true
6827bc374b2ae70172a6d635,Gravity,,,,,W1hZkqBeWCUTVBX6rx9OeHmaWx63,2024-10-30T01:49:19.913Z,-9.482723,1.7136896,-1.8223634,true
6827bc374b2ae70172a6d636,Gravity,,,,,W1hZkqBeWCUTVBX6rx9OeHmaWx63,2024-10-30T01:49:20.073Z,-9.483697,1.6932855,-1.8362703,true
6827bc374b2ae70172a6d637,Gravity,,,,,W1hZkqBeWCUTVBX6rx9OeHmaWx63,2024-10-30T01:49:20.233Z,-9.479392,1.6593212,-1.888717,true
6827bc374b2ae70172a6d638,Gravity,,,,,W1hZkqBeWCUTVBX6rx9OeHmaWx63,2024-10-30T01:49:20.394Z,-9.478203,1.6390933,-1.9121681,true
6827bc374b2ae70172a6d639,Gravity,,,,,W1hZkqBeWCUTVBX6rx9OeHmaWx63,2024-10-30T01:49:20.554Z,-9.485419,1.5611641,-1.9413211,true
6827bc374b2ae70172a6d63a,Gravity,,,,,W1hZkqBeWCUTVBX6rx9OeHmaWx63,2024-10-30T01:49:20.713Z,-9.487277,1.5135192,-1.9697587,true
6827bc374b2ae70172a6d63b,Gravity,,,,,W1hZkqBeWCUTVBX6rx9OeHmaWx63,2024-10-30T01:49:20.873Z,-9.485975,1.5162536,-1.9738661,true
6827bc374b2ae70172a6d63c,Gravity,,,,,W1hZkqBeWCUTVBX6rx9OeHmaWx63,2024-10-30T01:49:21.033Z,-9.480393,1.5484692,-1.9756343,true
6827bc374b2ae70172a6d63d,Gravity,,,,,W1hZkqBeWCUTVBX6rx9OeHmaWx63,2024-10-30T01:49:21.194Z,-9.476733,1.5780545,-1.9697686,true
6827bc374b2ae70172a6d63e,Gravity,,,,,W1hZkqBeWCUTVBX6rx9OeHmaWx63,2024-10-30T01:49:21.353Z,-9.469616,1.6232927,-1.967161,true
6827bc374b2ae70172a6d63f,Gravity,,,,,W1hZkqBeWCUTVBX6rx9OeHmaWx63,2024-10-30T01:49:21.513Z,-9.464548,1.6534926,-1.9664351,true
6827bc374b2ae70172a6d640,Gravity,,,,,W1hZkqBeWCUTVBX6rx9OeHmaWx63,2024-10-30T01:49:21.673Z,-9.463071,1.6826751,-1.9487364,true
6827bc374b2ae70172a6d641,Gravity,,,,,W1hZkqBeWCUTVBX6rx9OeHmaWx63,2024-10-30T01:49:21.833Z,-9.459944,1.7194709,-1.9316958,true
6827bc374b2ae70172a6d642,Gravity,,,,,W1hZkqBeWCUTVBX6rx9OeHmaWx63,2024-10-30T01:49:21.994Z,-9.445296,1.7634605,-1.963422,true
6827bc374b2ae70172a6d643,Gravity,,,,,W1hZkqBeWCUTVBX6rx9OeHmaWx63,2024-10-30T01:49:22.153Z,-9.423613,1.878741,-1.9606559,true
6827bc374b2ae70172a6d644,Gravity,,,,,W1hZkqBeWCUTVBX6rx9OeHmaWx63,2024-10-30T01:49:22.312Z,-9.424937,1.9570634,-1.8758091,true
6827bc374b2ae70172a6d645,Gravity,,,,,W1hZkqBeWCUTVBX6rx9OeHmaWx63,2024-10-30T01:49:22.472Z,-9.428199,2.015316,-1.7959979,true
6827bc374b2ae70172a6d646,Gravity,,,,,W1hZkqBeWCUTVBX6rx9OeHmaWx63,2024-10-30T01:49:22.632Z,-9.421803,2.045979,-1.7948885,true
6827bc374b2ae70172a6d647,Gravity,,,,,W1hZkqBeWCUTVBX6rx9OeHmaWx63,2024-10-30T01:49:22.793Z,-9.417338,2.0593297,-1.803028,true
6827bc374b2ae70172a6d648,Gravity,,,,,W1hZkqBeWCUTVBX6rx9OeHmaWx63,2024-10-30T01:49:22.952Z,-9.411629,2.0974066,-1.7888925,true
6827bc374b2ae70172a6d649,Gravity,,,,,W1hZkqBeWCUTVBX6rx9OeHmaWx63,2024-10-30T01:49:23.112Z,-9.384706,2.1336439,-1.8849154,true
6827bc374b2ae70172a6d64a,Gravity,,,,,W1hZkqBeWCUTVBX6rx9OeHmaWx63,2024-10-30T01:49:23.272Z,-9.39045,2.08732,-1.9080104,true
6827bc374b2ae70172a6d64b,Gravity,,,,,W1hZkqBeWCUTVBX6rx9OeHmaWx63,2024-10-30T01:49:23.432Z,-9.395405,2.089701,-1.8807799,true
6827bc374b2ae70172a6d64c,Gravity,,,,,W1hZkqBeWCUTVBX6rx9OeHmaWx63,2024-10-30T01:49:23.593Z,-9.403017,1.9641421,-1.9756303,true
6827bc374b2ae70172a6d64d,Gravity,,,,,W1hZkqBeWCUTVBX6rx9OeHmaWx63,2024-10-30T01:49:23.753Z,-9.430154,1.5721081,-2.1859546,true
6827bc374b2ae70172a6d64e,Gravity,,,,,W1hZkqBeWCUTVBX6rx9OeHmaWx63,2024-10-30T01:49:23.914Z,-9.370395,1.6543244,-2.3741817,true
6827bc374b2ae70172a6d64f,Gravity,,,,,W1hZkqBeWCUTVBX6rx9OeHmaWx63,2024-10-30T01:49:24.072Z,-9.376368,1.7142969,-2.3070915,true
6827bc374b2ae70172a6d650,Gravity,,,,,W1hZkqBeWCUTVBX6rx9OeHmaWx63,2024-10-30T01:49:24.232Z,-9.386482,1.7766514,-2.2169805,true
6827bc374b2ae70172a6d651,Gravity,,,,,W1hZkqBeWCUTVBX6rx9OeHmaWx63,2024-10-30T01:49:24.393Z,-9.378226,1.8151965,-2.2206285,true
6827bc374b2ae70172a6d652,Gravity,,,,,W1hZkqBeWCUTVBX6rx9OeHmaWx63,2024-10-30T01:49:24.552Z,-9.37465,1.8397588,-2.2154882,true
6827bc374b2ae70172a6d653,Gravity,,,,,W1hZkqBeWCUTVBX6rx9OeHmaWx63,2024-10-30T01:49:24.712Z,-9.372542,1.8700159,-2.1989772,true
6827bc374b2ae70172a6d654,Gravity,,,,,W1hZkqBeWCUTVBX6rx9OeHmaWx63,2024-10-30T01:49:24.872Z,-9.372526,1.7993747,-2.257212,true
6827bc374b2ae70172a6d655,Gravity,,,,,W1hZkqBeWCUTVBX6rx9OeHmaWx63,2024-10-30T01:49:25.032Z,-9.369102,1.6868373,-2.356161,true
6827bc374b2ae70172a6d656,Gravity,,,,,W1hZkqBeWCUTVBX6rx9OeHmaWx63,2024-10-30T01:49:25.193Z,-9.372256,1.7547456,-2.2931483,true
6827bc374b2ae70172a6d657,Gravity,,,,,W1hZkqBeWCUTVBX6rx9OeHmaWx63,2024-10-30T01:49:25.352Z,-9.346417,1.874569,-2.303757,true
6827bc374b2ae70172a6d658,Gravity,,,,,W1hZkqBeWCUTVBX6rx9OeHmaWx63,2024-10-30T01:49:25.512Z,-9.368816,1.8836888,-2.2031426,true
6827bc374b2ae70172a6d659,Gravity,,,,,W1hZkqBeWCUTVBX6rx9OeHmaWx63,2024-10-30T01:49:25.672Z,-9.384311,1.8207232,-2.1900885,true
6827bc374b2ae70172a6d65a,Gravity,,,,,W1hZkqBeWCUTVBX6rx9OeHmaWx63,2024-10-30T01:49:25.832Z,-9.3795,1.8355802,-2.1982465,true
6827bc374b2ae70172a6d65b,Gravity,,,,,W1hZkqBeWCUTVBX6rx9OeHmaWx63,2024-10-30T01:49:25.993Z,-9.373204,1.7868954,-2.264211,true
6827bc374b2ae70172a6d65c,Gravity,,,,,W1hZkqBeWCUTVBX6rx9OeHmaWx63,2024-10-30T01:49:26.154Z,-9.33695,1.9697473,-2.2623453,true
6827bc374b2ae70172a6d65d,Gravity,,,,,W1hZkqBeWCUTVBX6rx9OeHmaWx63,2024-10-30T01:49:26.314Z,-9.33711,1.9660344,-2.2648857,true
6827bc374b2ae70172a6d65e,Gravity,,,,,W1hZkqBeWCUTVBX6rx9OeHmaWx63,2024-10-30T01:49:26.472Z,-9.327212,1.9562349,-2.3135862,true
6827bc374b2ae70172a6d65f,Gravity,,,,,W1hZkqBeWCUTVBX6rx9OeHmaWx63,2024-10-30T01:49:26.634Z,-9.307751,2.1345894,-2.2328439,true
6827bc374b2ae70172a6d660,Gravity,,,,,W1hZkqBeWCUTVBX6rx9OeHmaWx63,2024-10-30T01:49:26.794Z,-9.265881,2.1417356,-2.3943496,true
6827bc374b2ae70172a6d661,Gravity,,,,,W1hZkqBeWCUTVBX6rx9OeHmaWx63,2024-10-30T01:49:26.953Z,-9.267688,2.0831945,-2.4386048,true
6827bc374b2ae70172a6d662,Gravity,,,,,W1hZkqBeWCUTVBX6rx9OeHmaWx63,2024-10-30T01:49:27.113Z,-9.278768,2.0481696,-2.4260974,true
6827bc374b2ae70172a6d663,Gravity,,,,,W1hZkqBeWCUTVBX6rx9OeHmaWx63,2024-10-30T01:49:27.273Z,-9.281196,2.0546567,-2.4113095,true
6827bc374b2ae70172a6d664,Gravity,,,,,W1hZkqBeWCUTVBX6rx9OeHmaWx63,2024-10-30T01:49:27.433Z,-9.324506,1.6243154,-2.5674903,true
6827bc374b2ae70172a6d665,Gravity,,,,,W1hZkqBeWCUTVBX6rx9OeHmaWx63,2024-10-30T01:49:27.594Z,-9.33902,2.0125363,-2.2156572,true
6827bc374b2ae70172a6d666,Gravity,,,,,W1hZkqBeWCUTVBX6rx9OeHmaWx63,2024-10-30T01:49:27.753Z,-9.363018,2.1854234,-1.9324387,true
6827bc374b2ae70172a6d667,Gravity,,,,,W1hZkqBeWCUTVBX6rx9OeHmaWx63,2024-10-30T01:49:27.913Z,-9.322371,2.1445887,-2.1611996,true
6827bc374b2ae70172a6d668,Gravity,,,,,W1hZkqBeWCUTVBX6rx9OeHmaWx63,2024-10-30T01:49:28.071Z,-9.259959,2.2628598,-2.3041952,true
6827bc374b2ae70172a6d669,Gravity,,,,,W1hZkqBeWCUTVBX6rx9OeHmaWx63,2024-10-30T01:49:28.231Z,-9.252761,2.3081622,-2.2881021,true
6827bc374b2ae70172a6d66a,Gravity,,,,,W1hZkqBeWCUTVBX6rx9OeHmaWx63,2024-10-30T01:49:28.392Z,-9.250426,2.2245512,-2.3785605,true
6827bc374b2ae70172a6d66b,Gravity,,,,,W1hZkqBeWCUTVBX6rx9OeHmaWx63,2024-10-30T01:49:28.551Z,-9.280401,2.0321953,-2.433308,true
6827bc374b2ae70172a6d66c,Gravity,,,,,W1hZkqBeWCUTVBX6rx9OeHmaWx63,2024-10-30T01:49:28.711Z,-9.244264,2.2749257,-2.3547833,true
6827bc374b2ae70172a6d66d,Gravity,,,,,W1hZkqBeWCUTVBX6rx9OeHmaWx63,2024-10-30T01:49:28.870Z,-9.228269,2.1104841,-2.5615766,true
6827bc374b2ae70172a6d66e,Gravity,,,,,W1hZkqBeWCUTVBX6rx9OeHmaWx63,2024-10-30T01:49:29.031Z,-9.178617,1.9013299,-2.8835564,true
6827bc374b2ae70172a6d66f,Gravity,,,,,W1hZkqBeWCUTVBX6rx9OeHmaWx63,2024-10-30T01:49:29.192Z,-9.160945,1.7841219,-3.0118344,true
6827bc374b2ae70172a6d670,Gravity,,,,,W1hZkqBeWCUTVBX6rx9OeHmaWx63,2024-10-30T01:49:29.351Z,-9.203415,1.778103,-2.8831327,true
6827bc374b2ae70172a6d671,Gravity,,,,,W1hZkqBeWCUTVBX6rx9OeHmaWx63,2024-10-30T01:49:29.511Z,-9.202881,1.6620526,-2.9532442,true
6827bc374b2ae70172a6d672,Gravity,,,,,W1hZkqBeWCUTVBX6rx9OeHmaWx63,2024-10-30T01:49:29.670Z,-9.226906,1.447721,-2.9909015,true
6827bc374b2ae70172a6d673,Gravity,,,,,W1hZkqBeWCUTVBX6rx9OeHmaWx63,2024-10-30T01:49:29.830Z,-9.212469,1.472641,-3.0230556,true
6827bc374b2ae70172a6d674,Gravity,,,,,W1hZkqBeWCUTVBX6rx9OeHmaWx63,2024-10-30T01:49:29.991Z,-9.204538,1.5347841,-3.016278,true
6827bc374b2ae70172a6d675,Gravity,,,,,W1hZkqBeWCUTVBX6rx9OeHmaWx63,2024-10-30T01:49:30.150Z,-9.191062,1.3689646,-3.134853,true
6827bc374b2ae70172a6d676,Gravity,,,,,W1hZkqBeWCUTVBX6rx9OeHmaWx63,2024-10-30T01:49:30.310Z,-9.144266,1.6903616,-3.1148055,true
6827bc374b2ae70172a6d677,Gravity,,,,,W1hZkqBeWCUTVBX6rx9OeHmaWx63,2024-10-30T01:49:30.470Z,-9.197834,2.1468835,-2.6395764,true
6827bc374b2ae70172a6d678,Gravity,,,,,W1hZkqBeWCUTVBX6rx9OeHmaWx63,2024-10-30T01:49:30.630Z,-9.183139,2.5803847,-2.2777328,true
6827bc374b2ae70172a6d679,Gravity,,,,,W1hZkqBeWCUTVBX6rx9OeHmaWx63,2024-10-30T01:49:30.791Z,-9.169573,2.4745152,-2.4438195,true
6827bc374b2ae70172a6d67a,Gravity,,,,,W1hZkqBeWCUTVBX6rx9OeHmaWx63,2024-10-30T01:49:30.950Z,-9.163943,2.382748,-2.553651,true
6827bc374b2ae70172a6d67b,Gravity,,,,,W1hZkqBeWCUTVBX6rx9OeHmaWx63,2024-10-30T01:49:31.110Z,-9.164297,2.3952477,-2.5406349,true
6827bc374b2ae70172a6d67c,Gravity,,,,,W1hZkqBeWCUTVBX6rx9OeHmaWx63,2024-10-30T01:49:31.270Z,-9.143942,2.5024853,-2.5104122,true
6827bc374b2ae70172a6d67d,Gravity,,,,,W1hZkqBeWCUTVBX6rx9OeHmaWx63,2024-10-30T01:49:31.430Z,-9.136862,2.5592773,-2.4786808,true
6827bc374b2ae70172a6d67e,Gravity,,,,,W1hZkqBeWCUTVBX6rx9OeHmaWx63,2024-10-30T01:49:31.591Z,-9.136078,2.5837915,-2.4560137,true
6827bc374b2ae70172a6d67f,Gravity,,,,,W1hZkqBeWCUTVBX6rx9OeHmaWx63,2024-10-30T01:49:31.750Z,-9.136862,2.5949557,-2.4413123,true
6827bc374b2ae70172a6d680,Gravity,,,,,W1hZkqBeWCUTVBX6rx9OeHmaWx63,2024-10-30T01:49:31.910Z,-9.132334,2.6116285,-2.4404852,true
6827bc374b2ae70172a6d681,Gravity,,,,,W1hZkqBeWCUTVBX6rx9OeHmaWx63,2024-10-30T01:49:32.070Z,-9.125416,2.6355023,-2.4406624,true
6827bc374b2ae70172a6d682,Gravity,,,,,W1hZkqBeWCUTVBX6rx9OeHmaWx63,2024-10-30T01:49:32.230Z,-9.12628,2.6579201,-2.4128737,true
6827bc374b2ae70172a6d683,Gravity,,,,,W1hZkqBeWCUTVBX6rx9OeHmaWx63,2024-10-30T01:49:32.391Z,-9.124733,2.673568,-2.4014497,true
6827bc374b2ae70172a6d684,Gravity,,,,,W1hZkqBeWCUTVBX6rx9OeHmaWx63,2024-10-30T01:49:32.550Z,-9.122909,2.681547,-2.3995056,true
6827bc374b2ae70172a6d685,Gravity,,,,,W1hZkqBeWCUTVBX6rx9OeHmaWx63,2024-10-30T01:49:32.710Z,-9.121964,2.693969,-2.3891706,true
6827bc374b2ae70172a6d686,Gravity,,,,,W1hZkqBeWCUTVBX6rx9OeHmaWx63,2024-10-30T01:49:32.870Z,-9.117284,2.710794,-2.3880012,true
6827bc374b2ae70172a6d687,Gravity,,,,,W1hZkqBeWCUTVBX6rx9OeHmaWx63,2024-10-30T01:49:33.030Z,-9.111206,2.7257729,-2.3941636,true
6827bc374b2ae70172a6d688,Gravity,,,,,W1hZkqBeWCUTVBX6rx9OeHmaWx63,2024-10-30T01:49:33.191Z,-9.107931,2.7348976,-2.3962417,true
6827bc374b2ae70172a6d689,Gravity,,,,,W1hZkqBeWCUTVBX6rx9OeHmaWx63,2024-10-30T01:49:33.350Z,-9.105386,2.742765,-2.396942,true
6827bc374b2ae70172a6d68a,Gravity,,,,,W1hZkqBeWCUTVBX6rx9OeHmaWx63,2024-10-30T01:49:33.510Z,-9.100993,2.755203,-2.3993723,true
6827bc374b2ae70172a6d68b,Gravity,,,,,W1hZkqBeWCUTVBX6rx9OeHmaWx63,2024-10-30T01:49:33.670Z,-9.092369,2.7714229,-2.413377,true
6827bc374b2ae70172a6d68c,Gravity,,,,,W1hZkqBeWCUTVBX6rx9OeHmaWx63,2024-10-30T01:49:33.830Z,-9.087527,2.7868829,-2.413834,true
6827bc374b2ae70172a6d68d,Gravity,,,,,W1hZkqBeWCUTVBX6rx9OeHmaWx63,2024-10-30T01:49:33.991Z,-9.084814,2.7975411,-2.4117649,true
6827bc374b2ae70172a6d68e,Gravity,,,,,W1hZkqBeWCUTVBX6rx9OeHmaWx63,2024-10-30T01:49:34.150Z,-9.082304,2.8052278,-2.412309,true
6827bc374b2ae70172a6d68f,Gravity,,,,,W1hZkqBeWCUTVBX6rx9OeHmaWx63,2024-10-30T01:49:34.310Z,-9.080545,2.8157678,-2.4066527,true
6827bc374b2ae70172a6d690,Gravity,,,,,W1hZkqBeWCUTVBX6rx9OeHmaWx63,2024-10-30T01:49:34.469Z,-9.077084,2.826181,-2.4075224,true
6827bc374b2ae70172a6d691,Gravity,,,,,W1hZkqBeWCUTVBX6rx9OeHmaWx63,2024-10-30T01:49:34.629Z,-9.07464,2.835716,-2.4055321,true
6827bc374b2ae70172a6d692,Gravity,,,,,W1hZkqBeWCUTVBX6rx9OeHmaWx63,2024-10-30T01:49:34.790Z,-9.070455,2.8475657,-2.4073243,true
6827bc374b2ae70172a6d693,Gravity,,,,,W1hZkqBeWCUTVBX6rx9OeHmaWx63,2024-10-30T01:49:34.949Z,-9.067457,2.8605962,-2.403167,true
6827bc374b2ae70172a6d694,Gravity,,,,,W1hZkqBeWCUTVBX6rx9OeHmaWx63,2024-10-30T01:49:35.109Z,-9.064222,2.8703203,-2.403785,true
6827bc374b2ae70172a6d695,Gravity,,,,,W1hZkqBeWCUTVBX6rx9OeHmaWx63,2024-10-30T01:49:35.269Z,-9.062023,2.8785338,-2.4022582,true
6827bc374b2ae70172a6d696,Gravity,,,,,W1hZkqBeWCUTVBX6rx9OeHmaWx63,2024-10-30T01:49:35.429Z,-9.058315,2.8860471,-2.407247,true
6827bc374b2ae70172a6d697,Gravity,,,,,W1hZkqBeWCUTVBX6rx9OeHmaWx63,2024-10-30T01:49:35.590Z,-9.051986,2.8976505,-2.417105,true
6827bc374b2ae70172a6d698,Gravity,,,,,W1hZkqBeWCUTVBX6rx9OeHmaWx63,2024-10-30T01:49:35.749Z,-9.046933,2.910014,-2.421189,true
6827bc374b2ae70172a6d699,Gravity,,,,,W1hZkqBeWCUTVBX6rx9OeHmaWx63,2024-10-30T01:49:35.911Z,-9.043021,2.9195375,-2.424321,true
6827bc374b2ae70172a6d69a,Gravity,,,,,W1hZkqBeWCUTVBX6rx9OeHmaWx63,2024-10-30T01:49:36.068Z,-9.039134,2.9290054,-2.4274013,true
6827bc374b2ae70172a6d69b,Gravity,,,,,W1hZkqBeWCUTVBX6rx9OeHmaWx63,2024-10-30T01:49:36.228Z,-9.035456,2.9385457,-2.4295635,true
6827bc374b2ae70172a6d69c,Gravity,,,,,W1hZkqBeWCUTVBX6rx9OeHmaWx63,2024-10-30T01:49:36.389Z,-9.031307,2.9507165,-2.4302568,true
6827bc374b2ae70172a6d69d,Gravity,,,,,W1hZkqBeWCUTVBX6rx9OeHmaWx63,2024-10-30T01:49:36.548Z,-9.027387,2.961171,-2.4321232,true
6827bc374b2ae70172a6d69e,Gravity,,,,,W1hZkqBeWCUTVBX6rx9OeHmaWx63,2024-10-30T01:49:36.708Z,-9.024059,2.9707391,-2.4328263,true
6827bc374b2ae70172a6d69f,Gravity,,,,,W1hZkqBeWCUTVBX6rx9OeHmaWx63,2024-10-30T01:49:36.868Z,-9.020367,2.9808905,-2.4341047,true
6827bc374b2ae70172a6d6a0,Gravity,,,,,W1hZkqBeWCUTVBX6rx9OeHmaWx63,2024-10-30T01:49:37.028Z,-9.016186,2.9928744,-2.4348745,true
6827bc374b2ae70172a6d6a1,Gravity,,,,,W1hZkqBeWCUTVBX6rx9OeHmaWx63,2024-10-30T01:49:37.189Z,-9.011392,3.0048409,-2.437897,true
6827bc374b2ae70172a6d6a2,Gravity,,,,,W1hZkqBeWCUTVBX6rx9OeHmaWx63,2024-10-30T01:49:37.348Z,-9.006809,3.018157,-2.438395,true
6827bc374b2ae70172a6d6a3,Gravity,,,,,W1hZkqBeWCUTVBX6rx9OeHmaWx63,2024-10-30T01:49:37.508Z,-9.002032,3.0307999,-2.4403656,true
6827bc374b2ae70172a6d6a4,Gravity,,,,,W1hZkqBeWCUTVBX6rx9OeHmaWx63,2024-10-30T01:49:37.668Z,-8.996589,3.041522,-2.4470868,true
6827bc374b2ae70172a6d6a5,Gravity,,,,,W1hZkqBeWCUTVBX6rx9OeHmaWx63,2024-10-30T01:49:37.828Z,-8.990974,3.0536885,-2.4525685,true
6827bc374b2ae70172a6d6a6,Gravity,,,,,W1hZkqBeWCUTVBX6rx9OeHmaWx63,2024-10-30T01:49:37.990Z,-8.986517,3.0624719,-2.4579356,true
6827bc374b2ae70172a6d6a7,Gravity,,,,,W1hZkqBeWCUTVBX6rx9OeHmaWx63,2024-10-30T01:49:38.150Z,-8.982505,3.0695515,-2.4637387,true
6827bc374b2ae70172a6d6a8,Gravity,,,,,W1hZkqBeWCUTVBX6rx9OeHmaWx63,2024-10-30T01:49:38.310Z,-8.977925,3.0805073,-2.466759,true
6827bc374b2ae70172a6d6a9,Gravity,,,,,W1hZkqBeWCUTVBX6rx9OeHmaWx63,2024-10-30T01:49:38.468Z,-8.972681,3.0919967,-2.4714684,true
6827bc374b2ae70172a6d6aa,Gravity,,,,,W1hZkqBeWCUTVBX6rx9OeHmaWx63,2024-10-30T01:49:38.629Z,-8.96798,3.1024761,-2.4753888,true
6827bc374b2ae70172a6d6ab,Gravity,,,,,W1hZkqBeWCUTVBX6rx9OeHmaWx63,2024-10-30T01:49:38.791Z,-8.962776,3.1146593,-2.4789364,true
6827bc374b2ae70172a6d6ac,Gravity,,,,,W1hZkqBeWCUTVBX6rx9OeHmaWx63,2024-10-30T01:49:38.947Z,-8.958921,3.1230228,-2.4823465,true
6827bc374b2ae70172a6d6ad,Gravity,,,,,W1hZkqBeWCUTVBX6rx9OeHmaWx63,2024-10-30T01:49:39.110Z,-8.956542,3.133245,-2.4780455,true
6827bc374b2ae70172a6d6ae,Gravity,,,,,W1hZkqBeWCUTVBX6rx9OeHmaWx63,2024-10-30T01:49:39.269Z,-8.954159,3.1395702,-2.4786506,true
6827bc374b2ae70172a6d6af,Gravity,,,,,W1hZkqBeWCUTVBX6rx9OeHmaWx63,2024-10-30T01:49:39.429Z,-8.951411,3.146939,-2.479255,true
6827bc374b2ae70172a6d6b0,Gravity,,,,,W1hZkqBeWCUTVBX6rx9OeHmaWx63,2024-10-30T01:49:39.590Z,-8.9459,3.1618552,-2.4801795,true
6827bc374b2ae70172a6d6b1,Gravity,,,,,W1hZkqBeWCUTVBX6rx9OeHmaWx63,2024-10-30T01:49:39.749Z,-8.941721,3.1769373,-2.4759686,true
6827bc374b2ae70172a6d6b2,Gravity,,,,,W1hZkqBeWCUTVBX6rx9OeHmaWx63,2024-10-30T01:49:39.909Z,-8.934456,3.1920288,-2.4827895,true
6827bc374b2ae70172a6d6b3,Gravity,,,,,W1hZkqBeWCUTVBX6rx9OeHmaWx63,2024-10-30T01:49:40.066Z,-8.925615,3.2072427,-2.4949517,true
6827bc374b2ae70172a6d6b4,Gravity,,,,,W1hZkqBeWCUTVBX6rx9OeHmaWx63,2024-10-30T01:49:40.226Z,-8.917626,3.2183075,-2.5092638,true
6827bc374b2ae70172a6d6b5,Gravity,,,,,W1hZkqBeWCUTVBX6rx9OeHmaWx63,2024-10-30T01:49:40.387Z,-8.91514,3.2243633,-2.5103052,true
6827bc374b2ae70172a6d6b6,Gravity,,,,,W1hZkqBeWCUTVBX6rx9OeHmaWx63,2024-10-30T01:49:40.546Z,-8.912437,3.2355363,-2.5055175,true
6827bc374b2ae70172a6d6b7,Gravity,,,,,W1hZkqBeWCUTVBX6rx9OeHmaWx63,2024-10-30T01:49:40.706Z,-8.906149,3.2565975,-2.5005958,true
6827bc374b2ae70172a6d6b8,Gravity,,,,,W1hZkqBeWCUTVBX6rx9OeHmaWx63,2024-10-30T01:49:40.865Z,-8.902062,3.2652917,-2.5038078,true
6827bc374b2ae70172a6d6b9,Gravity,,,,,W1hZkqBeWCUTVBX6rx9OeHmaWx63,2024-10-30T01:49:41.026Z,-8.897114,3.2740972,-2.5099084,true
6827bc374b2ae70172a6d6ba,Gravity,,,,,W1hZkqBeWCUTVBX6rx9OeHmaWx63,2024-10-30T01:49:41.186Z,-8.891346,3.2982326,-2.4987147,true
6827bc374b2ae70172a6d6bb,Gravity,,,,,W1hZkqBeWCUTVBX6rx9OeHmaWx63,2024-10-30T01:49:41.346Z,-8.889917,3.2949288,-2.508163,true
6827bc374b2ae70172a6d6bc,Gravity,,,,,W1hZkqBeWCUTVBX6rx9OeHmaWx63,2024-10-30T01:49:41.506Z,-8.872293,3.326538,-2.5287201,true
6827bc374b2ae70172a6d6bd,Gravity,,,,,W1hZkqBeWCUTVBX6rx9OeHmaWx63,2024-10-30T01:49:41.666Z,-8.86346,3.34319,-2.5377095,true
6827bc374b2ae70172a6d6be,Gravity,,,,,W1hZkqBeWCUTVBX6rx9OeHmaWx63,2024-10-30T01:49:41.825Z,-8.850887,3.3545945,-2.566404,true
6827bc374b2ae70172a6d6bf,Gravity,,,,,W1hZkqBeWCUTVBX6rx9OeHmaWx63,2024-10-30T01:49:41.986Z,-8.835724,3.3733191,-2.5939772,true
6827bc374b2ae70172a6d6c0,Gravity,,,,,W1hZkqBeWCUTVBX6rx9OeHmaWx63,2024-10-30T01:49:42.145Z,-8.829631,3.3931134,-2.5889194,true
6827bc374b2ae70172a6d6c1,Gravity,,,,,W1hZkqBeWCUTVBX6rx9OeHmaWx63,2024-10-30T01:49:42.305Z,-8.830603,3.3919327,-2.5871558,true
6827bc374b2ae70172a6d6c2,Gravity,,,,,W1hZkqBeWCUTVBX6rx9OeHmaWx63,2024-10-30T01:49:42.465Z,-8.824216,3.3990936,-2.5995278,true
6827bc374b2ae70172a6d6c3,Gravity,,,,,W1hZkqBeWCUTVBX6rx9OeHmaWx63,2024-10-30T01:49:42.625Z,-8.8145895,3.3150873,-2.7370296,true
6827bc374b2ae70172a6d6c4,Gravity,,,,,W1hZkqBeWCUTVBX6rx9OeHmaWx63,2024-10-30T01:49:42.786Z,-8.820218,3.2325952,-2.8164287,true
6827bc374b2ae70172a6d6c5,Gravity,,,,,W1hZkqBeWCUTVBX6rx9OeHmaWx63,2024-10-30T01:49:42.945Z,-8.816152,3.122433,-2.9502573,true
6827bc374b2ae70172a6d6c6,Gravity,,,,,W1hZkqBeWCUTVBX6rx9OeHmaWx63,2024-10-30T01:49:43.105Z,-8.81913,3.0382826,-3.0281882,true
6827bc374b2ae70172a6d6c7,Gravity,,,,,W1hZkqBeWCUTVBX6rx9OeHmaWx63,2024-10-30T01:49:43.265Z,-8.81954,2.9313397,-3.1306818,true
6827bc374b2ae70172a6d6c8,Gravity,,,,,W1hZkqBeWCUTVBX6rx9OeHmaWx63,2024-10-30T01:49:43.425Z,-8.783687,2.854386,-3.2981327,true
6827bc374b2ae70172a6d6c9,Gravity,,,,,W1hZkqBeWCUTVBX6rx9OeHmaWx63,2024-10-30T01:49:43.586Z,-8.783092,2.4254308,-3.6267223,true
6827bc374b2ae70172a6d6ca,Gravity,,,,,W1hZkqBeWCUTVBX6rx9OeHmaWx63,2024-10-30T01:49:43.745Z,-8.784051,2.235818,-3.7443736,true
6827bc374b2ae70172a6d6cb,Gravity,,,,,W1hZkqBeWCUTVBX6rx9OeHmaWx63,2024-10-30T01:49:43.905Z,-8.806487,2.5840778,-3.4564252,true
6827bc374b2ae70172a6d6cc,Gravity,,,,,W1hZkqBeWCUTVBX6rx9OeHmaWx63,2024-10-30T01:49:44.065Z,-8.811079,2.7088478,-3.3474581,true
6827bc374b2ae70172a6d6cd,Gravity,,,,,W1hZkqBeWCUTVBX6rx9OeHmaWx63,2024-10-30T01:49:44.224Z,-8.826657,2.8932457,-3.146033,true
6827bc374b2ae70172a6d6ce,Gravity,,,,,W1hZkqBeWCUTVBX6rx9OeHmaWx63,2024-10-30T01:49:44.385Z,-8.820393,3.0205967,-3.0422149,true
6827bc374b2ae70172a6d6cf,Gravity,,,,,W1hZkqBeWCUTVBX6rx9OeHmaWx63,2024-10-30T01:49:44.545Z,-8.806862,3.1063619,-2.9946823,true
6827bc374b2ae70172a6d6d0,Gravity,,,,,W1hZkqBeWCUTVBX6rx9OeHmaWx63,2024-10-30T01:49:44.705Z,-8.803845,3.1146448,-2.9949553,true
6827bc374b2ae70172a6d6d1,Gravity,,,,,W1hZkqBeWCUTVBX6rx9OeHmaWx63,2024-10-30T01:49:44.865Z,-8.798445,3.1215281,-3.0036464,true
6827bc374b2ae70172a6d6d2,Gravity,,,,,W1hZkqBeWCUTVBX6rx9OeHmaWx63,2024-10-30T01:49:45.025Z,-8.76015,3.0914547,-3.143423,true
6827bc374b2ae70172a6d6d3,Gravity,,,,,W1hZkqBeWCUTVBX6rx9OeHmaWx63,2024-10-30T01:49:45.185Z,-8.7635145,2.7857375,-3.408657,true
6827bc374b2ae70172a6d6d4,Gravity,,,,,W1hZkqBeWCUTVBX6rx9OeHmaWx63,2024-10-30T01:49:45.344Z,-8.751953,2.804215,-3.4231741,true
6827bc374b2ae70172a6d6d5,Gravity,,,,,W1hZkqBeWCUTVBX6rx9OeHmaWx63,2024-10-30T01:49:45.505Z,-8.721771,2.794087,-3.507455,true
6827bc374b2ae70172a6d6d6,Gravity,,,,,W1hZkqBeWCUTVBX6rx9OeHmaWx63,2024-10-30T01:49:45.664Z,-8.741836,2.749662,-3.4925761,true
6827bc374b2ae70172a6d6d7,Gravity,,,,,W1hZkqBeWCUTVBX6rx9OeHmaWx63,2024-10-30T01:49:45.824Z,-8.753982,2.8211877,-3.4039662,true
6827bc374b2ae70172a6d6d8,Gravity,,,,,W1hZkqBeWCUTVBX6rx9OeHmaWx63,2024-10-30T01:49:45.986Z,-8.755071,2.81476,-3.4064574,true
6827bc374b2ae70172a6d6d9,Gravity,,,,,W1hZkqBeWCUTVBX6rx9OeHmaWx63,2024-10-30T01:49:46.145Z,-8.744035,2.8247058,-3.4265037,true
6827bc374b2ae70172a6d6da,Gravity,,,,,W1hZkqBeWCUTVBX6rx9OeHmaWx63,2024-10-30T01:49:46.305Z,-8.75963,2.8025844,-3.4047284,true
6827bc374b2ae70172a6d6db,Gravity,,,,,W1hZkqBeWCUTVBX6rx9OeHmaWx63,2024-10-30T01:49:46.465Z,-8.752479,2.8055375,-3.4206676,true
6827bc374b2ae70172a6d6dc,Gravity,,,,,W1hZkqBeWCUTVBX6rx9OeHmaWx63,2024-10-30T01:49:46.624Z,-8.809331,2.7013817,-3.3579626,true
6827bc374b2ae70172a6d6dd,Gravity,,,,,W1hZkqBeWCUTVBX6rx9OeHmaWx63,2024-10-30T01:49:46.785Z,-8.830336,2.6373818,-3.353657,true
6827bc374b2ae70172a6d6de,Gravity,,,,,W1hZkqBeWCUTVBX6rx9OeHmaWx63,2024-10-30T01:49:46.944Z,-8.858816,3.0269063,-2.9217362,true
6827bc374b2ae70172a6d6df,Gravity,,,,,W1hZkqBeWCUTVBX6rx9OeHmaWx63,2024-10-30T01:49:47.104Z,-8.732437,3.4082901,-2.881924,true
6827bc374b2ae70172a6d6e0,Gravity,,,,,W1hZkqBeWCUTVBX6rx9OeHmaWx63,2024-10-30T01:49:47.264Z,-8.687824,3.59617,-2.7868712,true
6827bc374b2ae70172a6d6e1,Gravity,,,,,W1hZkqBeWCUTVBX6rx9OeHmaWx63,2024-10-30T01:49:47.424Z,-8.590187,3.7900274,-2.832274,true
6827bc374b2ae70172a6d6e2,Gravity,,,,,W1hZkqBeWCUTVBX6rx9OeHmaWx63,2024-10-30T01:49:47.585Z,-8.500812,4.0914207,-2.678397,true
6827bc374b2ae70172a6d6e3,Gravity,,,,,W1hZkqBeWCUTVBX6rx9OeHmaWx63,2024-10-30T01:49:47.745Z,-8.53789,4.004694,-2.691497,true
6827bc374b2ae70172a6d6e4,Gravity,,,,,W1hZkqBeWCUTVBX6rx9OeHmaWx63,2024-10-30T01:49:47.906Z,-8.563479,3.9671378,-2.665669,true
6827bc374b2ae70172a6d6e5,Gravity,,,,,W1hZkqBeWCUTVBX6rx9OeHmaWx63,2024-10-30T01:49:48.065Z,-8.564921,3.9586298,-2.67365,true
6827bc374b2ae70172a6d6e6,Gravity,,,,,W1hZkqBeWCUTVBX6rx9OeHmaWx63,2024-10-30T01:49:48.224Z,-8.555767,3.9478679,-2.7184799,true
6827bc374b2ae70172a6d6e7,Gravity,,,,,W1hZkqBeWCUTVBX6rx9OeHmaWx63,2024-10-30T01:49:48.385Z,-8.574343,3.8940744,-2.737461,true
6827bc374b2ae70172a6d6e8,Gravity,,,,,W1hZkqBeWCUTVBX6rx9OeHmaWx63,2024-10-30T01:49:48.544Z,-8.574931,3.8960652,-2.7327971,true
6827bc374b2ae70172a6d6e9,Gravity,,,,,W1hZkqBeWCUTVBX6rx9OeHmaWx63,2024-10-30T01:49:48.704Z,-8.574197,3.902052,-2.7265708,true
6827bc374b2ae70172a6d6ea,Gravity,,,,,W1hZkqBeWCUTVBX6rx9OeHmaWx63,2024-10-30T01:49:48.864Z,-8.570157,3.9139073,-2.7223015,true
6827bc374b2ae70172a6d6eb,Gravity,,,,,W1hZkqBeWCUTVBX6rx9OeHmaWx63,2024-10-30T01:49:49.024Z,-8.568775,3.9232945,-2.7131233,true
6827bc374b2ae70172a6d6ec,Gravity,,,,,W1hZkqBeWCUTVBX6rx9OeHmaWx63,2024-10-30T01:49:49.185Z,-8.564018,3.932215,-2.7152474,true
6827bc374b2ae70172a6d6ed,Gravity,,,,,W1hZkqBeWCUTVBX6rx9OeHmaWx63,2024-10-30T01:49:49.344Z,-8.559676,3.9336174,-2.726879,true
6827bc374b2ae70172a6d6ee,Gravity,,,,,W1hZkqBeWCUTVBX6rx9OeHmaWx63,2024-10-30T01:49:49.504Z,-8.567741,3.871875,-2.7892017,true
6827bc374b2ae70172a6d6ef,Gravity,,,,,W1hZkqBeWCUTVBX6rx9OeHmaWx63,2024-10-30T01:49:49.664Z,-8.595817,3.817395,-2.7779047,true
6827bc374b2ae70172a6d6f0,Gravity,,,,,W1hZkqBeWCUTVBX6rx9OeHmaWx63,2024-10-30T01:49:49.824Z,-8.613138,3.7615194,-2.8003726,true
6827bc374b2ae70172a6d6f1,Gravity,,,,,W1hZkqBeWCUTVBX6rx9OeHmaWx63,2024-10-30T01:49:49.986Z,-8.600955,3.7884471,-2.8014984,true
6827bc374b2ae70172a6d6f2,Gravity,,,,,W1hZkqBeWCUTVBX6rx9OeHmaWx63,2024-10-30T01:49:50.146Z,-8.584886,3.8236148,-2.802952,true
6827bc374b2ae70172a6d6f3,Gravity,,,,,W1hZkqBeWCUTVBX6rx9OeHmaWx63,2024-10-30T01:49:50.306Z,-8.567816,3.8498454,-2.8192327,true
6827bc374b2ae70172a6d6f4,Gravity,,,,,W1hZkqBeWCUTVBX6rx9OeHmaWx63,2024-10-30T01:49:50.466Z,-8.558966,3.8559506,-2.8377018,true
6827bc374b2ae70172a6d6f5,Gravity,,,,,W1hZkqBeWCUTVBX6rx9OeHmaWx63,2024-10-30T01:49:50.626Z,-8.554913,3.8687162,-2.8325498,true
6827bc374b2ae70172a6d6f6,Gravity,,,,,W1hZkqBeWCUTVBX6rx9OeHmaWx63,2024-10-30T01:49:50.787Z,-8.548853,3.877371,-2.8390036,true
6827bc374b2ae70172a6d6f7,Gravity,,,,,W1hZkqBeWCUTVBX6rx9OeHmaWx63,2024-10-30T01:49:50.945Z,-8.541013,3.898281,-2.833962,true
6827bc374b2ae70172a6d6f8,Gravity,,,,,W1hZkqBeWCUTVBX6rx9OeHmaWx63,2024-10-30T01:49:51.106Z,-8.534271,3.9115562,-2.8359933,true
6827bc374b2ae70172a6d6f9,Gravity,,,,,W1hZkqBeWCUTVBX6rx9OeHmaWx63,2024-10-30T01:49:51.266Z,-8.527679,3.9213803,-2.8422751,true
6827bc374b2ae70172a6d6fa,Gravity,,,,,W1hZkqBeWCUTVBX6rx9OeHmaWx63,2024-10-30T01:49:51.425Z,-8.520283,3.9332194,-2.8481028,true
6827bc374b2ae70172a6d6fb,Gravity,,,,,W1hZkqBeWCUTVBX6rx9OeHmaWx63,2024-10-30T01:49:51.585Z,-8.510948,3.948196,-2.8552926,true
6827bc374b2ae70172a6d6fc,Gravity,,,,,W1hZkqBeWCUTVBX6rx9OeHmaWx63,2024-10-30T01:49:51.746Z,-8.5029955,3.965926,-2.854425,true
6827bc374b2ae70172a6d6fd,Gravity,,,,,W1hZkqBeWCUTVBX6rx9OeHmaWx63,2024-10-30T01:49:51.906Z,-8.497063,3.9758086,-2.8583472,true
6827bc374b2ae70172a6d6fe,Gravity,,,,,W1hZkqBeWCUTVBX6rx9OeHmaWx63,2024-10-30T01:49:52.064Z,-8.49187,3.9870934,-2.8580766,true
6827bc374b2ae70172a6d6ff,Gravity,,,,,W1hZkqBeWCUTVBX6rx9OeHmaWx63,2024-10-30T01:49:52.224Z,-8.486415,3.9980059,-2.8590527,true
6827bc374b2ae70172a6d700,Gravity,,,,,W1hZkqBeWCUTVBX6rx9OeHmaWx63,2024-10-30T01:49:52.385Z,-8.479995,4.005608,-2.867461,true
6827bc374b2ae70172a6d701,Gravity,,,,,W1hZkqBeWCUTVBX6rx9OeHmaWx63,2024-10-30T01:49:52.543Z,-8.472402,4.018658,-2.871649,true
6827bc374b2ae70172a6d702,Gravity,,,,,W1hZkqBeWCUTVBX6rx9OeHmaWx63,2024-10-30T01:49:52.704Z,-8.463269,4.0328403,-2.8787155,true
6827bc374b2ae70172a6d703,Gravity,,,,,W1hZkqBeWCUTVBX6rx9OeHmaWx63,2024-10-30T01:49:52.863Z,-8.457558,4.045137,-2.8782518,true
6827bc374b2ae70172a6d704,Gravity,,,,,W1hZkqBeWCUTVBX6rx9OeHmaWx63,2024-10-30T01:49:53.024Z,-8.452793,4.0564036,-2.8764024,true
6827bc374b2ae70172a6d705,Gravity,,,,,W1hZkqBeWCUTVBX6rx9OeHmaWx63,2024-10-30T01:49:53.184Z,-8.447893,4.068455,-2.8737786,true
6827bc374b2ae70172a6d706,Gravity,,,,,W1hZkqBeWCUTVBX6rx9OeHmaWx63,2024-10-30T01:49:53.343Z,-8.443485,4.0798607,-2.8705573,true
6827bc374b2ae70172a6d707,Gravity,,,,,W1hZkqBeWCUTVBX6rx9OeHmaWx63,2024-10-30T01:49:53.504Z,-8.439173,4.089239,-2.8699026,true
6827bc374b2ae70172a6d708,Gravity,,,,,W1hZkqBeWCUTVBX6rx9OeHmaWx63,2024-10-30T01:49:53.664Z,-8.432902,4.1006217,-2.8720934,true
6827bc374b2ae70172a6d709,Gravity,,,,,W1hZkqBeWCUTVBX6rx9OeHmaWx63,2024-10-30T01:49:53.823Z,-8.422625,4.1190324,-2.8759115,true
6827bc374b2ae70172a6d70a,Gravity,,,,,W1hZkqBeWCUTVBX6rx9OeHmaWx63,2024-10-30T01:49:53.984Z,-8.417195,4.1320367,-2.873149,true
6827bc374b2ae70172a6d70b,Gravity,,,,,W1hZkqBeWCUTVBX6rx9OeHmaWx63,2024-10-30T01:49:54.143Z,-8.4181385,4.143788,-2.8533905,true
6827bc374b2ae70172a6d70c,Gravity,,,,,W1hZkqBeWCUTVBX6rx9OeHmaWx63,2024-10-30T01:49:54.303Z,-8.413445,4.1575766,-2.8471665,true
6827bc374b2ae70172a6d70d,Gravity,,,,,W1hZkqBeWCUTVBX6rx9OeHmaWx63,2024-10-30T01:49:54.463Z,-8.409169,4.1700954,-2.8414943,true
6827bc374b2ae70172a6d70e,Gravity,,,,,W1hZkqBeWCUTVBX6rx9OeHmaWx63,2024-10-30T01:49:54.623Z,-8.403082,4.178305,-2.8474545,true
6827bc374b2ae70172a6d70f,Gravity,,,,,W1hZkqBeWCUTVBX6rx9OeHmaWx63,2024-10-30T01:49:54.784Z,-8.394383,4.1938176,-2.8503158,true
6827bc374b2ae70172a6d710,Gravity,,,,,W1hZkqBeWCUTVBX6rx9OeHmaWx63,2024-10-30T01:49:54.943Z,-8.386337,4.202584,-2.8610687,true
6827bc374b2ae70172a6d711,Gravity,,,,,W1hZkqBeWCUTVBX6rx9OeHmaWx63,2024-10-30T01:49:55.103Z,-8.378815,4.218009,-2.8604136,true
6827bc374b2ae70172a6d712,Gravity,,,,,W1hZkqBeWCUTVBX6rx9OeHmaWx63,2024-10-30T01:49:55.263Z,-8.3723955,4.2325125,-2.8577912,true
6827bc374b2ae70172a6d713,Gravity,,,,,W1hZkqBeWCUTVBX6rx9OeHmaWx63,2024-10-30T01:49:55.423Z,-8.369483,4.2461185,-2.8461301,true
6827bc374b2ae70172a6d714,Gravity,,,,,W1hZkqBeWCUTVBX6rx9OeHmaWx63,2024-10-30T01:49:55.584Z,-8.363452,4.260205,-2.8428268,true
6827bc374b2ae70172a6d715,Gravity,,,,,W1hZkqBeWCUTVBX6rx9OeHmaWx63,2024-10-30T01:49:55.742Z,-8.354773,4.281886,-2.8357754,true
6827bc374b2ae70172a6d716,Gravity,,,,,W1hZkqBeWCUTVBX6rx9OeHmaWx63,2024-10-30T01:49:55.902Z,-8.346879,4.296782,-2.8364983,true
6827bc374b2ae70172a6d717,Gravity,,,,,W1hZkqBeWCUTVBX6rx9OeHmaWx63,2024-10-30T01:49:56.062Z,-8.340807,4.309918,-2.8344355,true
6827bc374b2ae70172a6d718,Gravity,,,,,W1hZkqBeWCUTVBX6rx9OeHmaWx63,2024-10-30T01:49:56.222Z,-8.33475,4.3272314,-2.82586,true
6827bc374b2ae70172a6d719,Gravity,,,,,W1hZkqBeWCUTVBX6rx9OeHmaWx63,2024-10-30T01:49:56.383Z,-8.333817,4.336549,-2.8142982,true
6827bc374b2ae70172a6d71a,Gravity,,,,,W1hZkqBeWCUTVBX6rx9OeHmaWx63,2024-10-30T01:49:56.543Z,-8.324051,4.3539486,-2.8163476,true
6827bc374b2ae70172a6d71b,Gravity,,,,,W1hZkqBeWCUTVBX6rx9OeHmaWx63,2024-10-30T01:49:56.703Z,-8.306249,4.3823395,-2.8248599,true
6827bc374b2ae70172a6d71c,Gravity,,,,,W1hZkqBeWCUTVBX6rx9OeHmaWx63,2024-10-30T01:49:56.863Z,-8.301196,4.393312,-2.822682,true
6827bc374b2ae70172a6d71d,Gravity,,,,,W1hZkqBeWCUTVBX6rx9OeHmaWx63,2024-10-30T01:49:57.022Z,-8.294544,4.4121385,-2.8128555,true
6827bc374b2ae70172a6d71e,Gravity,,,,,W1hZkqBeWCUTVBX6rx9OeHmaWx63,2024-10-30T01:49:57.183Z,-8.289752,4.432621,-2.7947092,true
6827bc374b2ae70172a6d71f,Gravity,,,,,W1hZkqBeWCUTVBX6rx9OeHmaWx63,2024-10-30T01:49:57.342Z,-8.280825,4.460077,-2.7774289,true
6827bc374b2ae70172a6d720,Gravity,,,,,W1hZkqBeWCUTVBX6rx9OeHmaWx63,2024-10-30T01:49:57.502Z,-8.272405,4.489849,-2.7544372,true
6827bc374b2ae70172a6d721,Gravity,,,,,W1hZkqBeWCUTVBX6rx9OeHmaWx63,2024-10-30T01:49:57.662Z,-8.264424,4.516847,-2.7341743,true
6827bc374b2ae70172a6d722,Gravity,,,,,W1hZkqBeWCUTVBX6rx9OeHmaWx63,2024-10-30T01:49:57.822Z,-8.249694,4.5480814,-2.7268531,true
6827bc374b2ae70172a6d723,Gravity,,,,,W1hZkqBeWCUTVBX6rx9OeHmaWx63,2024-10-30T01:49:57.983Z,-8.242886,4.560566,-2.7265942,true
6827bc374b2ae70172a6d724,Gravity,,,,,W1hZkqBeWCUTVBX6rx9OeHmaWx63,2024-10-30T01:49:58.142Z,-8.237805,4.5737095,-2.7199311,true
6827bc374b2ae70172a6d725,Gravity,,,,,W1hZkqBeWCUTVBX6rx9OeHmaWx63,2024-10-30T01:49:58.302Z,-8.236117,4.581516,-2.7118998,true
6827bc374b2ae70172a6d726,Gravity,,,,,W1hZkqBeWCUTVBX6rx9OeHmaWx63,2024-10-30T01:49:58.462Z,-8.232453,4.5912538,-2.706535,true
6827bc374b2ae70172a6d727,Gravity,,,,,W1hZkqBeWCUTVBX6rx9OeHmaWx63,2024-10-30T01:49:58.622Z,-8.226653,4.6060953,-2.698951,true
6827bc374b2ae70172a6d728,Gravity,,,,,W1hZkqBeWCUTVBX6rx9OeHmaWx63,2024-10-30T01:49:58.782Z,-8.221957,4.61487,-2.6982658,true
6827bc374b2ae70172a6d729,Gravity,,,,,W1hZkqBeWCUTVBX6rx9OeHmaWx63,2024-10-30T01:49:58.941Z,-8.227545,4.6226873,-2.6676943,true
6827bc374b2ae70172a6d72a,Gravity,,,,,W1hZkqBeWCUTVBX6rx9OeHmaWx63,2024-10-30T01:49:59.101Z,-8.240306,4.620186,-2.632424,true
6827bc374b2ae70172a6d72b,Gravity,,,,,W1hZkqBeWCUTVBX6rx9OeHmaWx63,2024-10-30T01:49:59.261Z,-8.242802,4.649759,-2.5718532,true
6827bc374b2ae70172a6d72c,Gravity,,,,,W1hZkqBeWCUTVBX6rx9OeHmaWx63,2024-10-30T01:49:59.421Z,-8.235872,4.6821165,-2.5350826,true
6827bc374b2ae70172a6d72d,Gravity,,,,,W1hZkqBeWCUTVBX6rx9OeHmaWx63,2024-10-30T01:49:59.582Z,-8.209097,4.699369,-2.5893922,true
6827bc374b2ae70172a6d72e,Gravity,,,,,W1hZkqBeWCUTVBX6rx9OeHmaWx63,2024-10-30T01:49:59.741Z,-8.192558,4.6466827,-2.7328935,true
6827bc374b2ae70172a6d72f,Gravity,,,,,W1hZkqBeWCUTVBX6rx9OeHmaWx63,2024-10-30T01:49:59.902Z,-8.193795,4.632229,-2.753654,true
6827bc374b2ae70172a6d730,Gravity,,,,,W1hZkqBeWCUTVBX6rx9OeHmaWx63,2024-10-30T01:50:00.061Z,-8.213856,4.6374207,-2.6842737,true
6827bc374b2ae70172a6d731,Gravity,,,,,W1hZkqBeWCUTVBX6rx9OeHmaWx63,2024-10-30T01:50:00.221Z,-8.235,4.5579095,-2.7547517,true
6827bc374b2ae70172a6d732,Gravity,,,,,W1hZkqBeWCUTVBX6rx9OeHmaWx63,2024-10-30T01:50:00.381Z,-8.214398,4.4713917,-2.9511101,true
6827bc374b2ae70172a6d733,Gravity,,,,,W1hZkqBeWCUTVBX6rx9OeHmaWx63,2024-10-30T01:50:00.540Z,-8.217981,4.29204,-3.1971798,true
6827bc374b2ae70172a6d734,Gravity,,,,,W1hZkqBeWCUTVBX6rx9OeHmaWx63,2024-10-30T01:50:00.700Z,-8.288865,3.9509373,-3.4443753,true
6827bc374b2ae70172a6d735,Gravity,,,,,W1hZkqBeWCUTVBX6rx9OeHmaWx63,2024-10-30T01:50:00.860Z,-8.265802,3.9737546,-3.4733922,true
6827bc374b2ae70172a6d736,Gravity,,,,,W1hZkqBeWCUTVBX6rx9OeHmaWx63,2024-10-30T01:50:01.020Z,-8.265783,4.0078406,-3.4340498,true
6827bc374b2ae70172a6d737,Gravity,,,,,W1hZkqBeWCUTVBX6rx9OeHmaWx63,2024-10-30T01:50:01.181Z,-8.233449,4.1334243,-3.3620946,true
6827bc374b2ae70172a6d738,Gravity,,,,,W1hZkqBeWCUTVBX6rx9OeHmaWx63,2024-10-30T01:50:01.340Z,-8.211812,4.2178335,-3.3097622,true
6827bc374b2ae70172a6d739,Gravity,,,,,W1hZkqBeWCUTVBX6rx9OeHmaWx63,2024-10-30T01:50:01.500Z,-8.178968,4.25437,-3.3441286,true
6827bc374b2ae70172a6d73a,Gravity,,,,,W1hZkqBeWCUTVBX6rx9OeHmaWx63,2024-10-30T01:50:01.660Z,-8.143146,4.2973886,-3.3763866,true
6827bc374b2ae70172a6d73b,Gravity,,,,,W1hZkqBeWCUTVBX6rx9OeHmaWx63,2024-10-30T01:50:01.821Z,-8.132536,4.334255,-3.354774,true
6827bc374b2ae70172a6d73c,Gravity,,,,,W1hZkqBeWCUTVBX6rx9OeHmaWx63,2024-10-30T01:50:01.982Z,-8.132488,4.326631,-3.3647494,true
6827bc374b2ae70172a6d73d,Gravity,,,,,W1hZkqBeWCUTVBX6rx9OeHmaWx63,2024-10-30T01:50:02.142Z,-8.150879,4.282953,-3.376116,true
6827bc374b2ae70172a6d73e,Gravity,,,,,W1hZkqBeWCUTVBX6rx9OeHmaWx63,2024-10-30T01:50:02.302Z,-8.178683,4.2287807,-3.3771496,true
6827bc374b2ae70172a6d73f,Gravity,,,,,W1hZkqBeWCUTVBX6rx9OeHmaWx63,2024-10-30T01:50:02.461Z,-8.177717,4.221659,-3.3883688,true
6827bc374b2ae70172a6d740,Gravity,,,,,W1hZkqBeWCUTVBX6rx9OeHmaWx63,2024-10-30T01:50:02.623Z,-8.130207,4.3174977,-3.381921,true
6827bc374b2ae70172a6d741,Gravity,,,,,W1hZkqBeWCUTVBX6rx9OeHmaWx63,2024-10-30T01:50:02.783Z,-8.105165,4.3379903,-3.415667,true
6827bc374b2ae70172a6d742,Gravity,,,,,W1hZkqBeWCUTVBX6rx9OeHmaWx63,2024-10-30T01:50:02.941Z,-8.089197,4.321522,-3.4739037,true
6827bc374b2ae70172a6d743,Gravity,,,,,W1hZkqBeWCUTVBX6rx9OeHmaWx63,2024-10-30T01:50:03.102Z,-8.055161,4.298723,-3.5796583,true
6827bc374b2ae70172a6d744,Gravity,,,,,W1hZkqBeWCUTVBX6rx9OeHmaWx63,2024-10-30T01:50:03.262Z,-7.9673047,4.7116804,-3.2404633,true
6827bc374b2ae70172a6d745,Gravity,,,,,W1hZkqBeWCUTVBX6rx9OeHmaWx63,2024-10-30T01:50:03.421Z,-7.856155,5.364921,-2.382534,true
6827bc374b2ae70172a6d746,Gravity,,,,,W1hZkqBeWCUTVBX6rx9OeHmaWx63,2024-10-30T01:50:03.583Z,-7.817245,5.4469957,-2.3235476,true
6827bc374b2ae70172a6d747,Gravity,,,,,W1hZkqBeWCUTVBX6rx9OeHmaWx63,2024-10-30T01:50:03.742Z,-7.7908387,5.5292077,-2.2155304,true
6827bc374b2ae70172a6d748,Gravity,,,,,W1hZkqBeWCUTVBX6rx9OeHmaWx63,2024-10-30T01:50:03.901Z,-7.7755685,5.5521135,-2.211877,true
6827bc374b2ae70172a6d749,Gravity,,,,,W1hZkqBeWCUTVBX6rx9OeHmaWx63,2024-10-30T01:50:04.060Z,-7.7441483,5.5711093,-2.273464,true
6827bc374b2ae70172a6d74a,Gravity,,,,,W1hZkqBeWCUTVBX6rx9OeHmaWx63,2024-10-30T01:50:04.220Z,-7.7659125,5.5476723,-2.2564538,true
6827bc374b2ae70172a6d74b,Gravity,,,,,W1hZkqBeWCUTVBX6rx9OeHmaWx63,2024-10-30T01:50:04.380Z,-7.7271886,5.5718083,-2.328748,true
6827bc374b2ae70172a6d74c,Gravity,,,,,W1hZkqBeWCUTVBX6rx9OeHmaWx63,2024-10-30T01:50:04.539Z,-7.7095237,5.566941,-2.3979433,true
6827bc374b2ae70172a6d74d,Gravity,,,,,W1hZkqBeWCUTVBX6rx9OeHmaWx63,2024-10-30T01:50:04.699Z,-7.714458,5.5799556,-2.3513567,true
6827bc374b2ae70172a6d74e,Gravity,,,,,W1hZkqBeWCUTVBX6rx9OeHmaWx63,2024-10-30T01:50:04.859Z,-7.7156215,5.5847087,-2.3362377,true
6827bc374b2ae70172a6d74f,Gravity,,,,,W1hZkqBeWCUTVBX6rx9OeHmaWx63,2024-10-30T01:50:05.019Z,-7.718944,5.5915103,-2.3088417,true
6827bc374b2ae70172a6d750,Gravity,,,,,W1hZkqBeWCUTVBX6rx9OeHmaWx63,2024-10-30T01:50:05.180Z,-7.7165356,5.600026,-2.2962375,true
6827bc374b2ae70172a6d751,Gravity,,,,,W1hZkqBeWCUTVBX6rx9OeHmaWx63,2024-10-30T01:50:05.338Z,-7.717569,5.601903,-2.2881927,true
6827bc374b2ae70172a6d752,Gravity,,,,,W1hZkqBeWCUTVBX6rx9OeHmaWx63,2024-10-30T01:50:05.499Z,-7.7180796,5.6062994,-2.2756793,true
6827bc374b2ae70172a6d753,Gravity,,,,,W1hZkqBeWCUTVBX6rx9OeHmaWx63,2024-10-30T01:50:05.659Z,-7.7158327,5.617057,-2.256697,true
6827bc374b2ae70172a6d754,Gravity,,,,,W1hZkqBeWCUTVBX6rx9OeHmaWx63,2024-10-30T01:50:05.819Z,-7.718341,5.620961,-2.2383366,true
6827bc374b2ae70172a6d755,Gravity,,,,,W1hZkqBeWCUTVBX6rx9OeHmaWx63,2024-10-30T01:50:05.979Z,-7.714305,5.6284766,-2.2333512,true
6827bc374b2ae70172a6d756,Gravity,,,,,W1hZkqBeWCUTVBX6rx9OeHmaWx63,2024-10-30T01:50:06.138Z,-7.706565,5.6403813,-2.230033,true
6827bc374b2ae70172a6d757,Gravity,,,,,W1hZkqBeWCUTVBX6rx9OeHmaWx63,2024-10-30T01:50:06.298Z,-7.6982803,5.652594,-2.2277393,true
6827bc374b2ae70172a6d758,Gravity,,,,,W1hZkqBeWCUTVBX6rx9OeHmaWx63,2024-10-30T01:50:06.458Z,-7.692879,5.6633124,-2.2191584,true
6827bc374b2ae70172a6d759,Gravity,,,,,W1hZkqBeWCUTVBX6rx9OeHmaWx63,2024-10-30T01:50:06.618Z,-7.6887193,5.673035,-2.2087212,true
6827bc374b2ae70172a6d75a,Gravity,,,,,W1hZkqBeWCUTVBX6rx9OeHmaWx63,2024-10-30T01:50:06.779Z,-7.6902766,5.668199,-2.2157092,true
6827bc374b2ae70172a6d75b,Gravity,,,,,W1hZkqBeWCUTVBX6rx9OeHmaWx63,2024-10-30T01:50:06.938Z,-7.6985016,5.6394024,-2.260175,true
6827bc374b2ae70172a6d75c,Gravity,,,,,W1hZkqBeWCUTVBX6rx9OeHmaWx63,2024-10-30T01:50:07.098Z,-7.696531,5.6427307,-2.2585874,true
6827bc374b2ae70172a6d75d,Gravity,,,,,W1hZkqBeWCUTVBX6rx9OeHmaWx63,2024-10-30T01:50:07.258Z,-7.6921973,5.6519914,-2.250204,true
6827bc374b2ae70172a6d75e,Gravity,,,,,W1hZkqBeWCUTVBX6rx9OeHmaWx63,2024-10-30T01:50:07.419Z,-7.685937,5.662914,-2.2441373,true
6827bc374b2ae70172a6d75f,Gravity,,,,,W1hZkqBeWCUTVBX6rx9OeHmaWx63,2024-10-30T01:50:07.579Z,-7.680321,5.6699047,-2.245722,true
6827bc374b2ae70172a6d760,Gravity,,,,,W1hZkqBeWCUTVBX6rx9OeHmaWx63,2024-10-30T01:50:07.738Z,-7.6740985,5.6920795,-2.2106092,true
6827bc374b2ae70172a6d761,Gravity,,,,,W1hZkqBeWCUTVBX6rx9OeHmaWx63,2024-10-30T01:50:07.898Z,-7.666243,5.7156043,-2.1769145,true
6827bc374b2ae70172a6d762,Gravity,,,,,W1hZkqBeWCUTVBX6rx9OeHmaWx63,2024-10-30T01:50:08.058Z,-7.6554976,5.737932,-2.1559014,true
6827bc374b2ae70172a6d763,Gravity,,,,,W1hZkqBeWCUTVBX6rx9OeHmaWx63,2024-10-30T01:50:08.218Z,-7.643884,5.771137,-2.1079688,true
6827bc374b2ae70172a6d764,Gravity,,,,,W1hZkqBeWCUTVBX6rx9OeHmaWx63,2024-10-30T01:50:08.379Z,-7.636641,5.787721,-2.0886884,true
6827bc374b2ae70172a6d765,Gravity,,,,,W1hZkqBeWCUTVBX6rx9OeHmaWx63,2024-10-30T01:50:08.538Z,-7.631689,5.7978177,-2.078782,true
6827bc374b2ae70172a6d766,Gravity,,,,,W1hZkqBeWCUTVBX6rx9OeHmaWx63,2024-10-30T01:50:08.698Z,-7.625223,5.8081865,-2.073571,true
6827bc374b2ae70172a6d767,Gravity,,,,,W1hZkqBeWCUTVBX6rx9OeHmaWx63,2024-10-30T01:50:08.858Z,-7.6173625,5.8215046,-2.0651188,true
6827bc374b2ae70172a6d768,Gravity,,,,,W1hZkqBeWCUTVBX6rx9OeHmaWx63,2024-10-30T01:50:09.018Z,-7.6108055,5.8391533,-2.0393093,true
6827bc374b2ae70172a6d769,Gravity,,,,,W1hZkqBeWCUTVBX6rx9OeHmaWx63,2024-10-30T01:50:09.179Z,-7.6003184,5.853885,-2.0361698,true
6827bc374b2ae70172a6d76a,Gravity,,,,,W1hZkqBeWCUTVBX6rx9OeHmaWx63,2024-10-30T01:50:09.338Z,-7.588343,5.884872,-1.9909961,true
6827bc374b2ae70172a6d76b,Gravity,,,,,W1hZkqBeWCUTVBX6rx9OeHmaWx63,2024-10-30T01:50:09.498Z,-7.587139,5.883172,-2.0006056,true
6827bc374b2ae70172a6d76c,Gravity,,,,,W1hZkqBeWCUTVBX6rx9OeHmaWx63,2024-10-30T01:50:09.657Z,-7.574236,5.8650804,-2.100145,true
6827bc374b2ae70172a6d76d,Gravity,,,,,W1hZkqBeWCUTVBX6rx9OeHmaWx63,2024-10-30T01:50:09.817Z,-7.575413,5.8685513,-2.0861363,true
6827bc374b2ae70172a6d76e,Gravity,,,,,W1hZkqBeWCUTVBX6rx9OeHmaWx63,2024-10-30T01:50:09.978Z,-7.5713,5.870543,-2.0954485,true
6827bc374b2ae70172a6d76f,Gravity,,,,,W1hZkqBeWCUTVBX6rx9OeHmaWx63,2024-10-30T01:50:10.137Z,-7.5677643,5.87668,-2.0910423,true
6827bc374b2ae70172a6d770,Gravity,,,,,W1hZkqBeWCUTVBX6rx9OeHmaWx63,2024-10-30T01:50:10.299Z,-7.5625434,5.882979,-2.0922225,true
6827bc374b2ae70172a6d771,Gravity,,,,,W1hZkqBeWCUTVBX6rx9OeHmaWx63,2024-10-30T01:50:10.458Z,-7.562404,5.8892517,-2.0749943,true
6827bc374b2ae70172a6d772,Gravity,,,,,W1hZkqBeWCUTVBX6rx9OeHmaWx63,2024-10-30T01:50:10.618Z,-7.5644646,5.891939,-2.059815,true
6827bc374b2ae70172a6d773,Gravity,,,,,W1hZkqBeWCUTVBX6rx9OeHmaWx63,2024-10-30T01:50:10.778Z,-7.561773,5.899865,-2.046971,true
6827bc374b2ae70172a6d774,Gravity,,,,,W1hZkqBeWCUTVBX6rx9OeHmaWx63,2024-10-30T01:50:10.937Z,-7.5467463,5.921544,-2.039819,true
6827bc374b2ae70172a6d775,Gravity,,,,,W1hZkqBeWCUTVBX6rx9OeHmaWx63,2024-10-30T01:50:11.097Z,-7.527415,5.9584813,-2.0032945,true
6827bc374b2ae70172a6d776,Gravity,,,,,W1hZkqBeWCUTVBX6rx9OeHmaWx63,2024-10-30T01:50:11.257Z,-7.503329,6.009412,-1.9405011,true
6827bc374b2ae70172a6d777,Gravity,,,,,W1hZkqBeWCUTVBX6rx9OeHmaWx63,2024-10-30T01:50:11.417Z,-7.493991,6.0420814,-1.8739579,true
6827bc374b2ae70172a6d778,Gravity,,,,,W1hZkqBeWCUTVBX6rx9OeHmaWx63,2024-10-30T01:50:11.578Z,-7.4873414,6.06828,-1.8149054,true
6827bc374b2ae70172a6d779,Gravity,,,,,W1hZkqBeWCUTVBX6rx9OeHmaWx63,2024-10-30T01:50:11.737Z,-7.486246,6.081479,-1.7747347,true
6827bc374b2ae70172a6d77a,Gravity,,,,,W1hZkqBeWCUTVBX6rx9OeHmaWx63,2024-10-30T01:50:11.898Z,-7.479957,6.094031,-1.7581489,true
6827bc374b2ae70172a6d77b,Gravity,,,,,W1hZkqBeWCUTVBX6rx9OeHmaWx63,2024-10-30T01:50:12.057Z,-7.474278,6.098385,-1.7671803,true
6827bc374b2ae70172a6d77c,Gravity,,,,,W1hZkqBeWCUTVBX6rx9OeHmaWx63,2024-10-30T01:50:12.217Z,-7.468811,6.1041193,-1.7704976,true
6827bc374b2ae70172a6d77d,Gravity,,,,,W1hZkqBeWCUTVBX6rx9OeHmaWx63,2024-10-30T01:50:12.377Z,-7.4648223,6.109707,-1.7680472,true
6827bc374b2ae70172a6d77e,Gravity,,,,,W1hZkqBeWCUTVBX6rx9OeHmaWx63,2024-10-30T01:50:12.536Z,-7.465609,6.1055,-1.7792215,true
6827bc374b2ae70172a6d77f,Gravity,,,,,W1hZkqBeWCUTVBX6rx9OeHmaWx63,2024-10-30T01:50:12.696Z,-7.4581532,6.112945,-1.7849417,true
6827bc374b2ae70172a6d780,Gravity,,,,,W1hZkqBeWCUTVBX6rx9OeHmaWx63,2024-10-30T01:50:12.856Z,-7.4585905,6.1085434,-1.7981507,true
6827bc374b2ae70172a6d781,Gravity,,,,,W1hZkqBeWCUTVBX6rx9OeHmaWx63,2024-10-30T01:50:13.016Z,-7.460414,6.099591,-1.82085,true
6827bc374b2ae70172a6d782,Gravity,,,,,W1hZkqBeWCUTVBX6rx9OeHmaWx63,2024-10-30T01:50:13.177Z,-7.483653,6.032335,-1.9452959,true
6827bc374b2ae70172a6d783,Gravity,,,,,W1hZkqBeWCUTVBX6rx9OeHmaWx63,2024-10-30T01:50:13.337Z,-7.6058064,5.814844,-2.12549,true
6827bc374b2ae70172a6d784,Gravity,,,,,W1hZkqBeWCUTVBX6rx9OeHmaWx63,2024-10-30T01:50:13.496Z,-7.397205,5.737032,-2.9234898,true
6827bc374b2ae70172a6d785,Gravity,,,,,W1hZkqBeWCUTVBX6rx9OeHmaWx63,2024-10-30T01:50:13.657Z,-7.263576,5.6633854,-3.368346,true
6827bc374b2ae70172a6d786,Gravity,,,,,W1hZkqBeWCUTVBX6rx9OeHmaWx63,2024-10-30T01:50:13.816Z,-7.262761,5.4378614,-3.7230806,true
6827bc374b2ae70172a6d787,Gravity,,,,,W1hZkqBeWCUTVBX6rx9OeHmaWx63,2024-10-30T01:50:13.978Z,-7.3372655,5.0113864,-4.1509137,true
6827bc374b2ae70172a6d788,Gravity,,,,,W1hZkqBeWCUTVBX6rx9OeHmaWx63,2024-10-30T01:50:14.138Z,-7.355949,4.9354014,-4.208472,true
6827bc374b2ae70172a6d789,Gravity,,,,,W1hZkqBeWCUTVBX6rx9OeHmaWx63,2024-10-30T01:50:14.298Z,-7.407315,5.1825376,-3.8016107,true
6827bc374b2ae70172a6d78a,Gravity,,,,,W1hZkqBeWCUTVBX6rx9OeHmaWx63,2024-10-30T01:50:14.458Z,-7.51768,5.291632,-3.4149873,true
6827bc374b2ae70172a6d78b,Gravity,,,,,W1hZkqBeWCUTVBX6rx9OeHmaWx63,2024-10-30T01:50:14.618Z,-7.5312767,5.37007,-3.259003,true
6827bc374b2ae70172a6d78c,Gravity,,,,,W1hZkqBeWCUTVBX6rx9OeHmaWx63,2024-10-30T01:50:14.778Z,-7.5540195,5.397173,-3.160089,true
6827bc374b2ae70172a6d78d,Gravity,,,,,W1hZkqBeWCUTVBX6rx9OeHmaWx63,2024-10-30T01:50:14.937Z,-7.557717,5.4049473,-3.1378884,true
6827bc374b2ae70172a6d78e,Gravity,,,,,W1hZkqBeWCUTVBX6rx9OeHmaWx63,2024-10-30T01:50:15.096Z,-7.5519876,5.4614277,-3.052686,true
6827bc374b2ae70172a6d78f,Gravity,,,,,W1hZkqBeWCUTVBX6rx9OeHmaWx63,2024-10-30T01:50:15.257Z,-7.5626483,5.440698,-3.0633,true
6827bc374b2ae70172a6d790,Gravity,,,,,W1hZkqBeWCUTVBX6rx9OeHmaWx63,2024-10-30T01:50:15.417Z,-7.574526,5.4190187,-3.0723746,true
6827bc374b2ae70172a6d791,Gravity,,,,,W1hZkqBeWCUTVBX6rx9OeHmaWx63,2024-10-30T01:50:15.577Z,-7.60051,5.383462,-3.0706916,true
6827bc374b2ae70172a6d792,Gravity,,,,,W1hZkqBeWCUTVBX6rx9OeHmaWx63,2024-10-30T01:50:15.737Z,-7.589351,5.409065,-3.053239,true
6827bc374b2ae70172a6d793,Gravity,,,,,W1hZkqBeWCUTVBX6rx9OeHmaWx63,2024-10-30T01:50:15.896Z,-7.58485,5.40447,-3.0724914,true
6827bc374b2ae70172a6d794,Gravity,,,,,W1hZkqBeWCUTVBX6rx9OeHmaWx63,2024-10-30T01:50:16.054Z,-7.576964,5.4242005,-3.0571473,true
6827bc374b2ae70172a6d795,Gravity,,,,,W1hZkqBeWCUTVBX6rx9OeHmaWx63,2024-10-30T01:50:16.214Z,-7.5792384,5.4346194,-3.0329182,true
6827bc374b2ae70172a6d796,Gravity,,,,,W1hZkqBeWCUTVBX6rx9OeHmaWx63,2024-10-30T01:50:16.375Z,-7.576552,5.447102,-3.0171728,true
6827bc374b2ae70172a6d797,Gravity,,,,,W1hZkqBeWCUTVBX6rx9OeHmaWx63,2024-10-30T01:50:16.533Z,-7.5588493,5.4763656,-3.0085897,true
6827bc374b2ae70172a6d798,Gravity,,,,,W1hZkqBeWCUTVBX6rx9OeHmaWx63,2024-10-30T01:50:16.693Z,-7.5357757,5.485501,-3.0495372,true
6827bc374b2ae70172a6d799,Gravity,,,,,W1hZkqBeWCUTVBX6rx9OeHmaWx63,2024-10-30T01:50:16.853Z,-7.5229206,5.515225,-3.0275948,true
6827bc374b2ae70172a6d79a,Gravity,,,,,W1hZkqBeWCUTVBX6rx9OeHmaWx63,2024-10-30T01:50:17.013Z,-7.5103254,5.614006,-2.8733594,true
6827bc374b2ae70172a6d79b,Gravity,,,,,W1hZkqBeWCUTVBX6rx9OeHmaWx63,2024-10-30T01:50:17.174Z,-7.5203233,5.6577563,-2.7590935,true
6827bc374b2ae70172a6d79c,Gravity,,,,,W1hZkqBeWCUTVBX6rx9OeHmaWx63,2024-10-30T01:50:17.333Z,-7.5332375,5.6260605,-2.7885015,true
6827bc374b2ae70172a6d79d,Gravity,,,,,W1hZkqBeWCUTVBX6rx9OeHmaWx63,2024-10-30T01:50:17.493Z,-7.5332813,5.619623,-2.801323,true
6827bc374b2ae70172a6d79e,Gravity,,,,,W1hZkqBeWCUTVBX6rx9OeHmaWx63,2024-10-30T01:50:17.653Z,-7.5284843,5.623647,-2.806158,true
6827bc374b2ae70172a6d79f,Gravity,,,,,W1hZkqBeWCUTVBX6rx9OeHmaWx63,2024-10-30T01:50:17.813Z,-7.5252953,5.6323724,-2.7971828,true
6827bc374b2ae70172a6d7a0,Gravity,,,,,W1hZkqBeWCUTVBX6rx9OeHmaWx63,2024-10-30T01:50:17.974Z,-7.524845,5.660045,-2.7419853,true
6827bc374b2ae70172a6d7a1,Gravity,,,,,W1hZkqBeWCUTVBX6rx9OeHmaWx63,2024-10-30T01:50:18.132Z,-7.5144167,5.6971536,-2.6932793,true
6827bc374b2ae70172a6d7a2,Gravity,,,,,W1hZkqBeWCUTVBX6rx9OeHmaWx63,2024-10-30T01:50:18.292Z,-7.541708,5.6021028,-2.8136797,true
6827bc374b2ae70172a6d7a3,Gravity,,,,,W1hZkqBeWCUTVBX6rx9OeHmaWx63,2024-10-30T01:50:18.452Z,-7.5252566,5.587693,-2.8854806,true
6827bc374b2ae70172a6d7a4,Gravity,,,,,W1hZkqBeWCUTVBX6rx9OeHmaWx63,2024-10-30T01:50:18.612Z,-7.5307336,5.5281596,-2.984165,true
6827bc374b2ae70172a6d7a5,Gravity,,,,,W1hZkqBeWCUTVBX6rx9OeHmaWx63,2024-10-30T01:50:18.773Z,-7.571551,5.4961123,-2.9397495,true
6827bc374b2ae70172a6d7a6,Gravity,,,,,W1hZkqBeWCUTVBX6rx9OeHmaWx63,2024-10-30T01:50:18.932Z,-7.55881,5.477663,-3.0062435,true
6827bc374b2ae70172a6d7a7,Gravity,,,,,W1hZkqBeWCUTVBX6rx9OeHmaWx63,2024-10-30T01:50:19.092Z,-7.5056877,5.6173,-2.878945,true
6827bc374b2ae70172a6d7a8,Gravity,,,,,W1hZkqBeWCUTVBX6rx9OeHmaWx63,2024-10-30T01:50:19.252Z,-7.542765,5.5856013,-2.843467,true
6827bc374b2ae70172a6d7a9,Gravity,,,,,W1hZkqBeWCUTVBX6rx9OeHmaWx63,2024-10-30T01:50:19.412Z,-7.4561176,5.6700296,-2.904256,true
6827bc374b2ae70172a6d7aa,Gravity,,,,,W1hZkqBeWCUTVBX6rx9OeHmaWx63,2024-10-30T01:50:19.573Z,-7.3705826,5.838677,-2.7860203,true
6827bc374b2ae70172a6d7ab,Gravity,,,,,W1hZkqBeWCUTVBX6rx9OeHmaWx63,2024-10-30T01:50:19.731Z,-7.337318,5.913512,-2.7150967,true
6827bc374b2ae70172a6d7ac,Gravity,,,,,W1hZkqBeWCUTVBX6rx9OeHmaWx63,2024-10-30T01:50:19.891Z,-7.389893,5.878836,-2.6469507,true
6827bc374b2ae70172a6d7ad,Gravity,,,,,W1hZkqBeWCUTVBX6rx9OeHmaWx63,2024-10-30T01:50:20.051Z,-7.393599,5.8807497,-2.6323295,true
6827bc374b2ae70172a6d7ae,Gravity,,,,,W1hZkqBeWCUTVBX6rx9OeHmaWx63,2024-10-30T01:50:20.211Z,-7.400581,5.8998194,-2.5692766,true
6827bc374b2ae70172a6d7af,Gravity,,,,,W1hZkqBeWCUTVBX6rx9OeHmaWx63,2024-10-30T01:50:20.372Z,-7.396913,5.923293,-2.5254164,true
6827bc374b2ae70172a6d7b0,Gravity,,,,,W1hZkqBeWCUTVBX6rx9OeHmaWx63,2024-10-30T01:50:20.531Z,-7.3827896,5.946097,-2.5130672,true
6827bc374b2ae70172a6d7b1,Gravity,,,,,W1hZkqBeWCUTVBX6rx9OeHmaWx63,2024-10-30T01:50:20.691Z,-7.376338,5.9508595,-2.5207355,true
6827bc374b2ae70172a6d7b2,Gravity,,,,,W1hZkqBeWCUTVBX6rx9OeHmaWx63,2024-10-30T01:50:20.851Z,-7.3631253,5.975961,-2.4998786,true
6827bc374b2ae70172a6d7b3,Gravity,,,,,W1hZkqBeWCUTVBX6rx9OeHmaWx63,2024-10-30T01:50:21.011Z,-7.358965,5.9815927,-2.498665,true
6827bc374b2ae70172a6d7b4,Gravity,,,,,W1hZkqBeWCUTVBX6rx9OeHmaWx63,2024-10-30T01:50:21.172Z,-7.357832,5.988333,-2.4858336,true
6827bc374b2ae70172a6d7b5,Gravity,,,,,W1hZkqBeWCUTVBX6rx9OeHmaWx63,2024-10-30T01:50:21.330Z,-7.3518558,5.9995503,-2.4764843,true
6827bc374b2ae70172a6d7b6,Gravity,,,,,W1hZkqBeWCUTVBX6rx9OeHmaWx63,2024-10-30T01:50:21.490Z,-7.3416243,6.014646,-2.4702177,true
6827bc374b2ae70172a6d7b7,Gravity,,,,,W1hZkqBeWCUTVBX6rx9OeHmaWx63,2024-10-30T01:50:21.650Z,-7.3298683,6.0288525,-2.4705303,true
6827bc374b2ae70172a6d7b8,Gravity,,,,,W1hZkqBeWCUTVBX6rx9OeHmaWx63,2024-10-30T01:50:21.810Z,-7.321889,6.041349,-2.463668,true
6827bc374b2ae70172a6d7b9,Gravity,,,,,W1hZkqBeWCUTVBX6rx9OeHmaWx63,2024-10-30T01:50:21.970Z,-7.317662,6.050409,-2.4539924,true
6827bc374b2ae70172a6d7ba,Gravity,,,,,W1hZkqBeWCUTVBX6rx9OeHmaWx63,2024-10-30T01:50:22.129Z,-7.31646,6.0578084,-2.4392736,true
6827bc374b2ae70172a6d7bb,Gravity,,,,,W1hZkqBeWCUTVBX6rx9OeHmaWx63,2024-10-30T01:50:22.289Z,-7.3075767,6.0653124,-2.447251,true
6827bc374b2ae70172a6d7bc,Gravity,,,,,W1hZkqBeWCUTVBX6rx9OeHmaWx63,2024-10-30T01:50:22.449Z,-7.270986,6.1472554,-2.349816,true
6827bc374b2ae70172a6d7bd,Gravity,,,,,W1hZkqBeWCUTVBX6rx9OeHmaWx63,2024-10-30T01:50:22.609Z,-7.1116276,6.3785915,-2.2171774,true
6827bc374b2ae70172a6d7be,Gravity,,,,,W1hZkqBeWCUTVBX6rx9OeHmaWx63,2024-10-30T01:50:22.770Z,-7.0666423,6.452211,-2.1468403,true
6827bc374b2ae70172a6d7bf,Gravity,,,,,W1hZkqBeWCUTVBX6rx9OeHmaWx63,2024-10-30T01:50:22.928Z,-6.9942865,6.5678616,-2.0298593,true
6827bc374b2ae70172a6d7c0,Gravity,,,,,W1hZkqBeWCUTVBX6rx9OeHmaWx63,2024-10-30T01:50:23.088Z,-6.941914,6.660803,-1.9027737,true
6827bc374b2ae70172a6d7c1,Gravity,,,,,W1hZkqBeWCUTVBX6rx9OeHmaWx63,2024-10-30T01:50:23.248Z,-6.8626947,6.7681556,-1.808972,true
6827bc374b2ae70172a6d7c2,Gravity,,,,,W1hZkqBeWCUTVBX6rx9OeHmaWx63,2024-10-30T01:50:23.408Z,-6.812131,6.835006,-1.7476726,true
6827bc374b2ae70172a6d7c3,Gravity,,,,,W1hZkqBeWCUTVBX6rx9OeHmaWx63,2024-10-30T01:50:23.569Z,-6.8189898,6.8397326,-1.7017683,true
6827bc374b2ae70172a6d7c4,Gravity,,,,,W1hZkqBeWCUTVBX6rx9OeHmaWx63,2024-10-30T01:50:23.728Z,-6.820444,6.850064,-1.6536487,true
6827bc374b2ae70172a6d7c5,Gravity,,,,,W1hZkqBeWCUTVBX6rx9OeHmaWx63,2024-10-30T01:50:23.889Z,-6.8103967,6.8653755,-1.6314158,true
6827bc374b2ae70172a6d7c6,Gravity,,,,,W1hZkqBeWCUTVBX6rx9OeHmaWx63,2024-10-30T01:50:24.048Z,-6.7902575,6.8916664,-1.6042887,true
6827bc374b2ae70172a6d7c7,Gravity,,,,,W1hZkqBeWCUTVBX6rx9OeHmaWx63,2024-10-30T01:50:25.647Z,-6.7314477,6.9672847,-1.5235499,true
6827bc374b2ae70172a6d7c8,Gravity,,,,,W1hZkqBeWCUTVBX6rx9OeHmaWx63,2024-10-30T01:50:24.208Z,-6.7765455,6.9056964,-1.601967,true
6827bc374b2ae70172a6d7c9,Gravity,,,,,W1hZkqBeWCUTVBX6rx9OeHmaWx63,2024-10-30T01:50:25.807Z,-6.7228518,6.9761977,-1.5207261,true
6827bc374b2ae70172a6d7ca,Gravity,,,,,W1hZkqBeWCUTVBX6rx9OeHmaWx63,2024-10-30T01:50:24.369Z,-6.7678246,6.9178767,-1.586217,true
6827bc374b2ae70172a6d7cb,Gravity,,,,,W1hZkqBeWCUTVBX6rx9OeHmaWx63,2024-10-30T01:50:24.527Z,-6.760105,6.9268875,-1.5798142,true
6827bc374b2ae70172a6d7cc,Gravity,,,,,W1hZkqBeWCUTVBX6rx9OeHmaWx63,2024-10-30T01:50:24.687Z,-6.7494287,6.9377584,-1.5777766,true
6827bc374b2ae70172a6d7cd,Gravity,,,,,W1hZkqBeWCUTVBX6rx9OeHmaWx63,2024-10-30T01:50:24.847Z,-6.747743,6.939818,-1.5759102,true
6827bc374b2ae70172a6d7ce,Gravity,,,,,W1hZkqBeWCUTVBX6rx9OeHmaWx63,2024-10-30T01:50:25.007Z,-6.746608,6.942271,-1.5699767,true
6827bc374b2ae70172a6d7cf,Gravity,,,,,W1hZkqBeWCUTVBX6rx9OeHmaWx63,2024-10-30T01:50:25.168Z,-6.7436585,6.9485426,-1.5548066,true
6827bc374b2ae70172a6d7d0,Gravity,,,,,W1hZkqBeWCUTVBX6rx9OeHmaWx63,2024-10-30T01:50:25.327Z,-6.7409487,6.9534655,-1.544509,true
6827bc374b2ae70172a6d7d1,Gravity,,,,,W1hZkqBeWCUTVBX6rx9OeHmaWx63,2024-10-30T01:50:25.487Z,-6.736121,6.9605565,-1.5336095,true
