ts_kst,value,session_id,normalized_value,ts_minute
2024-10-30 08:55:27.550,13.0,0,0.0,2024-10-30 08:55:00
2024-10-30 08:55:36.134,13.0,0,0.0,2024-10-30 08:55:00
2024-10-30 08:55:36.196,13.0,0,0.0,2024-10-30 08:55:00
2024-10-30 08:55:37.788,13.0,0,0.0,2024-10-30 08:55:00
2024-10-30 08:55:40.064,13.0,0,0.0,2024-10-30 08:55:00
2024-10-30 08:55:42.154,13.0,0,0.0,2024-10-30 08:55:00
2024-10-30 08:55:44.311,13.0,0,0.0,2024-10-30 08:55:00
2024-10-30 08:55:46.717,13.0,0,0.0,2024-10-30 08:55:00
2024-10-30 08:55:48.238,13.0,0,0.0,2024-10-30 08:55:00
2024-10-30 08:55:48.243,13.0,0,0.0,2024-10-30 08:55:00
2024-10-30 08:55:48.442,13.0,0,0.0,2024-10-30 08:55:00
2024-10-30 08:55:48.592,13.0,0,0.0,2024-10-30 08:55:00
2024-10-30 08:55:48.992,13.0,0,0.0,2024-10-30 08:55:00
2024-10-30 08:55:49.048,13.0,0,0.0,2024-10-30 08:55:00
2024-10-30 08:55:49.685,13.0,0,0.0,2024-10-30 08:55:00
2024-10-30 08:55:49.733,13.0,0,0.0,2024-10-30 08:55:00
2024-10-30 08:55:49.960,13.0,0,0.0,2024-10-30 08:55:00
2024-10-30 08:55:51.919,13.0,0,0.0,2024-10-30 08:55:00
2024-10-30 08:55:54.116,13.0,0,0.0,2024-10-30 08:55:00
2024-10-30 08:55:57.887,13.0,0,0.0,2024-10-30 08:55:00
2024-10-30 08:55:58.266,13.0,0,0.0,2024-10-30 08:55:00
2024-10-30 08:55:59.875,13.0,0,0.0,2024-10-30 08:55:00
2024-10-30 08:56:00.064,13.0,0,0.0,2024-10-30 08:56:00
2024-10-30 08:56:00.485,13.0,0,0.0,2024-10-30 08:56:00
2024-10-30 08:56:00.489,13.0,0,0.0,2024-10-30 08:56:00
2024-10-30 08:56:01.105,13.0,0,0.0,2024-10-30 08:56:00
2024-10-30 08:56:01.111,13.0,0,0.0,2024-10-30 08:56:00
2024-10-30 08:56:01.502,13.0,0,0.0,2024-10-30 08:56:00
2024-10-30 08:56:01.546,13.0,0,0.0,2024-10-30 08:56:00
2024-10-30 08:56:02.279,13.0,0,0.0,2024-10-30 08:56:00
2024-10-30 08:56:04.111,13.0,0,0.0,2024-10-30 08:56:00
2024-10-30 08:56:06.489,13.0,0,0.0,2024-10-30 08:56:00
2024-10-30 08:56:08.131,13.0,0,0.0,2024-10-30 08:56:00
2024-10-30 08:56:11.315,13.0,0,0.0,2024-10-30 08:56:00
2024-10-30 08:56:11.745,13.0,0,0.0,2024-10-30 08:56:00
2024-10-30 08:56:11.753,13.0,0,0.0,2024-10-30 08:56:00
2024-10-30 08:56:12.442,13.0,0,0.0,2024-10-30 08:56:00
2024-10-30 08:56:12.459,13.0,0,0.0,2024-10-30 08:56:00
2024-10-30 08:56:12.837,13.0,0,0.0,2024-10-30 08:56:00
2024-10-30 08:56:12.849,13.0,0,0.0,2024-10-30 08:56:00
2024-10-30 08:56:13.850,13.0,0,0.0,2024-10-30 08:56:00
2024-10-30 08:56:13.860,13.0,0,0.0,2024-10-30 08:56:00
2024-10-30 08:56:13.905,13.0,0,0.0,2024-10-30 08:56:00
2024-10-30 08:56:16.644,13.0,0,0.0,2024-10-30 08:56:00
2024-10-30 08:56:17.807,13.0,0,0.0,2024-10-30 08:56:00
2024-10-30 08:56:20.224,13.0,0,0.0,2024-10-30 08:56:00
2024-10-30 08:56:22.013,13.0,0,0.0,2024-10-30 08:56:00
2024-10-30 08:56:23.804,13.0,0,0.0,2024-10-30 08:56:00
2024-10-30 08:56:23.937,13.0,0,0.0,2024-10-30 08:56:00
2024-10-30 08:56:24.330,13.0,0,0.0,2024-10-30 08:56:00
2024-10-30 08:56:24.484,13.0,0,0.0,2024-10-30 08:56:00
2024-10-30 08:56:25.161,13.0,0,0.0,2024-10-30 08:56:00
2024-10-30 08:56:25.221,13.0,0,0.0,2024-10-30 08:56:00
2024-10-30 08:56:25.368,13.0,0,0.0,2024-10-30 08:56:00
2024-10-30 08:56:25.375,13.0,0,0.0,2024-10-30 08:56:00
2024-10-30 08:56:25.917,13.0,0,0.0,2024-10-30 08:56:00
2024-10-30 08:56:27.774,13.0,0,0.0,2024-10-30 08:56:00
2024-10-30 08:56:29.767,13.0,0,0.0,2024-10-30 08:56:00
2024-10-30 08:56:31.957,13.0,0,0.0,2024-10-30 08:56:00
2024-10-30 08:56:34.051,13.0,0,0.0,2024-10-30 08:56:00
2024-10-30 08:56:35.789,13.0,0,0.0,2024-10-30 08:56:00
2024-10-30 08:56:35.861,13.0,0,0.0,2024-10-30 08:56:00
2024-10-30 08:56:36.239,13.0,0,0.0,2024-10-30 08:56:00
2024-10-30 08:56:36.249,13.0,0,0.0,2024-10-30 08:56:00
2024-10-30 08:56:36.842,13.0,0,0.0,2024-10-30 08:56:00
2024-10-30 08:56:37.002,13.0,0,0.0,2024-10-30 08:56:00
2024-10-30 08:56:37.322,13.0,0,0.0,2024-10-30 08:56:00
2024-10-30 08:56:37.338,13.0,0,0.0,2024-10-30 08:56:00
2024-10-30 08:56:37.800,13.0,0,0.0,2024-10-30 08:56:00
2024-10-30 08:56:39.411,13.0,0,0.0,2024-10-30 08:56:00
2024-10-30 08:56:41.897,13.0,0,0.0,2024-10-30 08:56:00
2024-10-30 08:56:45.912,13.0,0,0.0,2024-10-30 08:56:00
2024-10-30 08:56:45.967,13.0,0,0.0,2024-10-30 08:56:00
2024-10-30 08:56:48.138,13.0,0,0.0,2024-10-30 08:56:00
2024-10-30 08:56:48.142,13.0,0,0.0,2024-10-30 08:56:00
2024-10-30 08:56:48.202,13.0,0,0.0,2024-10-30 08:56:00
2024-10-30 08:56:48.216,13.0,0,0.0,2024-10-30 08:56:00
2024-10-30 08:56:48.783,13.0,0,0.0,2024-10-30 08:56:00
2024-10-30 08:56:48.849,13.0,0,0.0,2024-10-30 08:56:00
2024-10-30 08:56:49.306,13.0,0,0.0,2024-10-30 08:56:00
2024-10-30 08:56:49.421,13.0,0,0.0,2024-10-30 08:56:00
2024-10-30 08:56:49.791,13.0,0,0.0,2024-10-30 08:56:00
2024-10-30 08:56:53.693,13.0,0,0.0,2024-10-30 08:56:00
2024-10-30 08:56:54.024,13.0,0,0.0,2024-10-30 08:56:00
2024-10-30 08:57:00.103,13.0,0,0.0,2024-10-30 08:57:00
2024-10-30 08:57:00.175,13.0,0,0.0,2024-10-30 08:57:00
2024-10-30 08:57:00.364,13.0,0,0.0,2024-10-30 08:57:00
2024-10-30 08:57:00.424,13.0,0,0.0,2024-10-30 08:57:00
2024-10-30 08:57:00.803,13.0,0,0.0,2024-10-30 08:57:00
2024-10-30 08:57:00.846,13.0,0,0.0,2024-10-30 08:57:00
2024-10-30 08:57:01.323,13.0,0,0.0,2024-10-30 08:57:00
2024-10-30 08:57:01.396,13.0,0,0.0,2024-10-30 08:57:00
2024-10-30 08:57:02.178,13.0,0,0.0,2024-10-30 08:57:00
2024-10-30 08:57:02.821,13.0,0,0.0,2024-10-30 08:57:00
2024-10-30 08:57:04.858,13.0,0,0.0,2024-10-30 08:57:00
2024-10-30 08:57:11.245,13.0,0,0.0,2024-10-30 08:57:00
2024-10-30 08:57:11.765,13.0,0,0.0,2024-10-30 08:57:00
2024-10-30 08:57:11.772,13.0,0,0.0,2024-10-30 08:57:00
2024-10-30 08:57:12.336,13.0,0,0.0,2024-10-30 08:57:00
2024-10-30 08:57:12.447,13.0,0,0.0,2024-10-30 08:57:00
2024-10-30 08:57:12.816,13.0,0,0.0,2024-10-30 08:57:00
2024-10-30 08:57:12.822,13.0,0,0.0,2024-10-30 08:57:00
2024-10-30 08:57:13.335,13.0,0,0.0,2024-10-30 08:57:00
2024-10-30 08:57:13.344,13.0,0,0.0,2024-10-30 08:57:00
2024-10-30 08:57:14.983,13.0,0,0.0,2024-10-30 08:57:00
2024-10-30 08:57:16.913,13.0,0,0.0,2024-10-30 08:57:00
2024-10-30 08:57:20.271,13.0,0,0.0,2024-10-30 08:57:00
2024-10-30 08:57:20.767,13.0,0,0.0,2024-10-30 08:57:00
2024-10-30 08:57:24.277,13.0,0,0.0,2024-10-30 08:57:00
2024-10-30 08:57:24.387,13.0,0,0.0,2024-10-30 08:57:00
2024-10-30 08:57:24.441,13.0,0,0.0,2024-10-30 08:57:00
2024-10-30 08:57:24.488,13.0,0,0.0,2024-10-30 08:57:00
2024-10-30 08:57:24.772,13.0,0,0.0,2024-10-30 08:57:00
2024-10-30 08:57:24.900,13.0,0,0.0,2024-10-30 08:57:00
2024-10-30 08:57:25.314,13.0,0,0.0,2024-10-30 08:57:00
2024-10-30 08:57:25.391,13.0,0,0.0,2024-10-30 08:57:00
2024-10-30 08:57:25.868,13.0,0,0.0,2024-10-30 08:57:00
2024-10-30 08:57:26.753,13.0,0,0.0,2024-10-30 08:57:00
2024-10-30 08:57:28.977,13.0,0,0.0,2024-10-30 08:57:00
2024-10-30 08:57:35.140,13.0,0,0.0,2024-10-30 08:57:00
2024-10-30 08:57:35.924,13.0,0,0.0,2024-10-30 08:57:00
2024-10-30 08:57:35.942,13.0,0,0.0,2024-10-30 08:57:00
2024-10-30 08:57:36.345,13.0,0,0.0,2024-10-30 08:57:00
2024-10-30 08:57:36.355,13.0,0,0.0,2024-10-30 08:57:00
2024-10-30 08:57:36.791,13.0,0,0.0,2024-10-30 08:57:00
2024-10-30 08:57:36.848,13.0,0,0.0,2024-10-30 08:57:00
2024-10-30 08:57:37.342,13.0,0,0.0,2024-10-30 08:57:00
2024-10-30 08:57:37.350,13.0,0,0.0,2024-10-30 08:57:00
2024-10-30 08:57:37.979,13.0,0,0.0,2024-10-30 08:57:00
2024-10-30 08:57:48.105,13.0,0,0.0,2024-10-30 08:57:00
2024-10-30 08:57:48.112,13.0,0,0.0,2024-10-30 08:57:00
2024-10-30 08:57:48.463,13.0,0,0.0,2024-10-30 08:57:00
2024-10-30 08:57:48.469,13.0,0,0.0,2024-10-30 08:57:00
2024-10-30 08:57:48.949,13.0,0,0.0,2024-10-30 08:57:00
2024-10-30 08:57:49.003,13.0,0,0.0,2024-10-30 08:57:00
2024-10-30 08:57:49.463,13.0,0,0.0,2024-10-30 08:57:00
2024-10-30 08:57:49.517,13.0,0,0.0,2024-10-30 08:57:00
2024-10-30 08:57:50.002,13.0,0,0.0,2024-10-30 08:57:00
2024-10-30 08:57:50.020,13.0,0,0.0,2024-10-30 08:57:00
2024-10-30 08:57:51.944,13.0,0,0.0,2024-10-30 08:57:00
2024-10-30 08:57:53.865,13.0,0,0.0,2024-10-30 08:57:00
2024-10-30 08:57:55.848,13.0,0,0.0,2024-10-30 08:57:00
2024-10-30 08:58:00.175,13.0,0,0.0,2024-10-30 08:58:00
2024-10-30 08:58:00.243,13.0,0,0.0,2024-10-30 08:58:00
2024-10-30 08:58:00.430,13.0,0,0.0,2024-10-30 08:58:00
2024-10-30 08:58:00.443,13.0,0,0.0,2024-10-30 08:58:00
2024-10-30 08:58:01.062,13.0,0,0.0,2024-10-30 08:58:00
2024-10-30 08:58:01.132,13.0,0,0.0,2024-10-30 08:58:00
2024-10-30 08:58:01.460,13.0,0,0.0,2024-10-30 08:58:00
2024-10-30 08:58:01.470,13.0,0,0.0,2024-10-30 08:58:00
2024-10-30 08:58:01.985,13.0,0,0.0,2024-10-30 08:58:00
2024-10-30 08:58:03.907,13.0,0,0.0,2024-10-30 08:58:00
2024-10-30 08:58:05.861,13.0,0,0.0,2024-10-30 08:58:00
2024-10-30 08:58:07.783,13.0,0,0.0,2024-10-30 08:58:00
2024-10-30 08:58:10.182,13.0,0,0.0,2024-10-30 08:58:00
2024-10-30 08:58:12.293,13.0,0,0.0,2024-10-30 08:58:00
2024-10-30 08:58:12.410,13.0,0,0.0,2024-10-30 08:58:00
2024-10-30 08:58:12.479,13.0,0,0.0,2024-10-30 08:58:00
2024-10-30 08:58:12.493,13.0,0,0.0,2024-10-30 08:58:00
2024-10-30 08:58:12.875,13.0,0,0.0,2024-10-30 08:58:00
2024-10-30 08:58:12.881,13.0,0,0.0,2024-10-30 08:58:00
2024-10-30 08:58:13.419,13.0,0,0.0,2024-10-30 08:58:00
2024-10-30 08:58:13.425,13.0,0,0.0,2024-10-30 08:58:00
2024-10-30 08:58:13.968,13.0,0,0.0,2024-10-30 08:58:00
2024-10-30 08:58:15.942,13.0,0,0.0,2024-10-30 08:58:00
2024-10-30 08:58:17.835,13.0,0,0.0,2024-10-30 08:58:00
2024-10-30 08:58:19.776,13.0,0,0.0,2024-10-30 08:58:00
2024-10-30 08:58:21.825,13.0,0,0.0,2024-10-30 08:58:00
2024-10-30 08:58:23.677,13.0,0,0.0,2024-10-30 08:58:00
2024-10-30 08:58:23.809,13.0,0,0.0,2024-10-30 08:58:00
2024-10-30 08:58:24.027,13.0,0,0.0,2024-10-30 08:58:00
2024-10-30 08:58:24.356,13.0,0,0.0,2024-10-30 08:58:00
2024-10-30 08:58:24.481,13.0,0,0.0,2024-10-30 08:58:00
2024-10-30 08:58:24.812,13.0,0,0.0,2024-10-30 08:58:00
2024-10-30 08:58:25.013,13.0,0,0.0,2024-10-30 08:58:00
2024-10-30 08:58:25.348,13.0,0,0.0,2024-10-30 08:58:00
2024-10-30 08:58:25.500,13.0,0,0.0,2024-10-30 08:58:00
2024-10-30 08:58:36.066,13.0,0,0.0,2024-10-30 08:58:00
2024-10-30 08:58:36.072,13.0,0,0.0,2024-10-30 08:58:00
2024-10-30 08:58:36.476,13.0,0,0.0,2024-10-30 08:58:00
2024-10-30 08:58:36.490,13.0,0,0.0,2024-10-30 08:58:00
2024-10-30 08:58:37.046,13.0,0,0.0,2024-10-30 08:58:00
2024-10-30 08:58:37.244,13.0,0,0.0,2024-10-30 08:58:00
2024-10-30 08:58:37.538,13.0,0,0.0,2024-10-30 08:58:00
2024-10-30 08:58:37.544,13.0,0,0.0,2024-10-30 08:58:00
2024-10-30 08:58:38.126,13.0,0,0.0,2024-10-30 08:58:00
2024-10-30 08:58:38.447,13.0,0,0.0,2024-10-30 08:58:00
2024-10-30 08:58:40.865,13.0,0,0.0,2024-10-30 08:58:00
2024-10-30 08:58:42.826,13.0,0,0.0,2024-10-30 08:58:00
2024-10-30 08:58:48.181,13.0,0,0.0,2024-10-30 08:58:00
2024-10-30 08:58:48.253,13.0,0,0.0,2024-10-30 08:58:00
2024-10-30 08:58:48.558,13.0,0,0.0,2024-10-30 08:58:00
2024-10-30 08:58:48.609,13.0,0,0.0,2024-10-30 08:58:00
2024-10-30 08:58:49.079,13.0,0,0.0,2024-10-30 08:58:00
2024-10-30 08:58:49.189,13.0,0,0.0,2024-10-30 08:58:00
2024-10-30 08:58:49.555,13.0,0,0.0,2024-10-30 08:58:00
2024-10-30 08:58:49.570,13.0,0,0.0,2024-10-30 08:58:00
2024-10-30 08:58:50.062,13.0,0,0.0,2024-10-30 08:58:00
2024-10-30 08:58:51.944,13.0,0,0.0,2024-10-30 08:58:00
2024-10-30 08:58:53.880,13.0,0,0.0,2024-10-30 08:58:00
2024-10-30 08:58:55.739,13.0,0,0.0,2024-10-30 08:58:00
2024-10-30 08:58:58.187,13.0,0,0.0,2024-10-30 08:58:00
2024-10-30 08:59:00.250,13.0,0,0.0,2024-10-30 08:59:00
2024-10-30 08:59:00.317,13.0,0,0.0,2024-10-30 08:59:00
2024-10-30 08:59:00.435,13.0,0,0.0,2024-10-30 08:59:00
2024-10-30 08:59:00.441,13.0,0,0.0,2024-10-30 08:59:00
2024-10-30 08:59:01.037,13.0,0,0.0,2024-10-30 08:59:00
2024-10-30 08:59:01.106,13.0,0,0.0,2024-10-30 08:59:00
2024-10-30 08:59:01.449,13.0,0,0.0,2024-10-30 08:59:00
2024-10-30 08:59:01.462,13.0,0,0.0,2024-10-30 08:59:00
2024-10-30 08:59:02.008,13.0,0,0.0,2024-10-30 08:59:00
2024-10-30 08:59:03.943,13.0,0,0.0,2024-10-30 08:59:00
2024-10-30 08:59:05.911,13.0,0,0.0,2024-10-30 08:59:00
2024-10-30 08:59:07.782,13.0,0,0.0,2024-10-30 08:59:00
2024-10-30 08:59:09.856,13.0,0,0.0,2024-10-30 08:59:00
2024-10-30 08:59:12.183,13.0,0,0.0,2024-10-30 08:59:00
2024-10-30 08:59:12.245,13.0,0,0.0,2024-10-30 08:59:00
2024-10-30 08:59:12.319,13.0,0,0.0,2024-10-30 08:59:00
2024-10-30 08:59:12.392,13.0,0,0.0,2024-10-30 08:59:00
2024-10-30 08:59:12.845,13.0,0,0.0,2024-10-30 08:59:00
2024-10-30 08:59:12.982,13.0,0,0.0,2024-10-30 08:59:00
2024-10-30 08:59:13.332,13.0,0,0.0,2024-10-30 08:59:00
2024-10-30 08:59:13.407,13.0,0,0.0,2024-10-30 08:59:00
2024-10-30 08:59:13.962,13.0,0,0.0,2024-10-30 08:59:00
2024-10-30 08:59:15.463,13.0,0,0.0,2024-10-30 08:59:00
2024-10-30 08:59:17.417,13.0,0,0.0,2024-10-30 08:59:00
2024-10-30 08:59:19.794,13.0,0,0.0,2024-10-30 08:59:00
2024-10-30 08:59:21.779,13.0,0,0.0,2024-10-30 08:59:00
2024-10-30 08:59:24.288,13.0,0,0.0,2024-10-30 08:59:00
2024-10-30 08:59:24.379,13.0,0,0.0,2024-10-30 08:59:00
2024-10-30 08:59:24.480,13.0,0,0.0,2024-10-30 08:59:00
2024-10-30 08:59:24.536,13.0,0,0.0,2024-10-30 08:59:00
2024-10-30 08:59:25.095,13.0,0,0.0,2024-10-30 08:59:00
2024-10-30 08:59:25.208,13.0,0,0.0,2024-10-30 08:59:00
2024-10-30 08:59:25.502,13.0,0,0.0,2024-10-30 08:59:00
2024-10-30 08:59:25.559,13.0,0,0.0,2024-10-30 08:59:00
2024-10-30 08:59:26.026,13.0,0,0.0,2024-10-30 08:59:00
2024-10-30 08:59:28.132,13.0,0,0.0,2024-10-30 08:59:00
2024-10-30 08:59:29.924,13.0,0,0.0,2024-10-30 08:59:00
2024-10-30 08:59:36.236,13.0,0,0.0,2024-10-30 08:59:00
2024-10-30 08:59:36.302,13.0,0,0.0,2024-10-30 08:59:00
2024-10-30 08:59:36.523,13.0,0,0.0,2024-10-30 08:59:00
2024-10-30 08:59:36.543,13.0,0,0.0,2024-10-30 08:59:00
2024-10-30 08:59:37.101,13.0,0,0.0,2024-10-30 08:59:00
2024-10-30 08:59:37.168,13.0,0,0.0,2024-10-30 08:59:00
2024-10-30 08:59:37.540,13.0,0,0.0,2024-10-30 08:59:00
2024-10-30 08:59:37.564,13.0,0,0.0,2024-10-30 08:59:00
2024-10-30 08:59:38.049,13.0,0,0.0,2024-10-30 08:59:00
2024-10-30 08:59:39.076,13.0,0,0.0,2024-10-30 08:59:00
2024-10-30 08:59:41.874,13.0,0,0.0,2024-10-30 08:59:00
2024-10-30 08:59:43.677,13.0,0,0.0,2024-10-30 08:59:00
2024-10-30 08:59:48.580,13.0,0,0.0,2024-10-30 08:59:00
2024-10-30 08:59:48.587,13.0,0,0.0,2024-10-30 08:59:00
2024-10-30 08:59:48.593,13.0,0,0.0,2024-10-30 08:59:00
2024-10-30 08:59:48.654,13.0,0,0.0,2024-10-30 08:59:00
2024-10-30 08:59:49.159,13.0,0,0.0,2024-10-30 08:59:00
2024-10-30 08:59:49.210,13.0,0,0.0,2024-10-30 08:59:00
2024-10-30 08:59:49.641,13.0,0,0.0,2024-10-30 08:59:00
2024-10-30 08:59:49.645,13.0,0,0.0,2024-10-30 08:59:00
2024-10-30 08:59:50.178,13.0,0,0.0,2024-10-30 08:59:00
2024-10-30 08:59:51.993,13.0,0,0.0,2024-10-30 08:59:00
2024-10-30 08:59:53.820,13.0,0,0.0,2024-10-30 08:59:00
2024-10-30 09:00:00.102,13.0,0,0.0,2024-10-30 09:00:00
2024-10-30 09:00:00.125,13.0,0,0.0,2024-10-30 09:00:00
2024-10-30 09:00:00.518,13.0,0,0.0,2024-10-30 09:00:00
2024-10-30 09:00:00.595,13.0,0,0.0,2024-10-30 09:00:00
2024-10-30 09:00:01.088,13.0,0,0.0,2024-10-30 09:00:00
2024-10-30 09:00:01.279,13.0,0,0.0,2024-10-30 09:00:00
2024-10-30 09:00:01.547,13.0,0,0.0,2024-10-30 09:00:00
2024-10-30 09:00:01.619,13.0,0,0.0,2024-10-30 09:00:00
2024-10-30 09:00:02.072,13.0,0,0.0,2024-10-30 09:00:00
2024-10-30 09:00:02.803,13.0,0,0.0,2024-10-30 09:00:00
2024-10-30 09:00:04.903,13.0,0,0.0,2024-10-30 09:00:00
2024-10-30 09:00:06.822,13.0,0,0.0,2024-10-30 09:00:00
2024-10-30 09:00:08.915,13.0,0,0.0,2024-10-30 09:00:00
2024-10-30 09:00:12.104,13.0,0,0.0,2024-10-30 09:00:00
2024-10-30 09:00:12.112,13.0,0,0.0,2024-10-30 09:00:00
2024-10-30 09:00:12.541,13.0,0,0.0,2024-10-30 09:00:00
2024-10-30 09:00:12.615,13.0,0,0.0,2024-10-30 09:00:00
2024-10-30 09:00:13.055,13.0,0,0.0,2024-10-30 09:00:00
2024-10-30 09:00:13.130,13.0,0,0.0,2024-10-30 09:00:00
2024-10-30 09:00:13.572,13.0,0,0.0,2024-10-30 09:00:00
2024-10-30 09:00:13.633,13.0,0,0.0,2024-10-30 09:00:00
2024-10-30 09:00:14.071,13.0,0,0.0,2024-10-30 09:00:00
2024-10-30 09:00:15.910,13.0,0,0.0,2024-10-30 09:00:00
2024-10-30 09:00:17.869,13.0,0,0.0,2024-10-30 09:00:00
2024-10-30 09:00:19.777,13.0,0,0.0,2024-10-30 09:00:00
2024-10-30 09:00:24.546,13.0,0,0.0,2024-10-30 09:00:00
2024-10-30 09:00:24.583,13.0,0,0.0,2024-10-30 09:00:00
2024-10-30 09:00:24.592,13.0,0,0.0,2024-10-30 09:00:00
2024-10-30 09:00:24.650,13.0,0,0.0,2024-10-30 09:00:00
2024-10-30 09:00:25.204,13.0,0,0.0,2024-10-30 09:00:00
2024-10-30 09:00:25.310,13.0,0,0.0,2024-10-30 09:00:00
2024-10-30 09:00:25.617,13.0,0,0.0,2024-10-30 09:00:00
2024-10-30 09:00:25.638,13.0,0,0.0,2024-10-30 09:00:00
2024-10-30 09:00:26.129,13.0,0,0.0,2024-10-30 09:00:00
2024-10-30 09:00:36.545,13.0,0,0.0,2024-10-30 09:00:00
2024-10-30 09:00:36.553,13.0,0,0.0,2024-10-30 09:00:00
2024-10-30 09:00:36.608,13.0,0,0.0,2024-10-30 09:00:00
2024-10-30 09:00:36.658,13.0,0,0.0,2024-10-30 09:00:00
2024-10-30 09:00:37.206,13.0,0,0.0,2024-10-30 09:00:00
2024-10-30 09:00:37.285,13.0,0,0.0,2024-10-30 09:00:00
2024-10-30 09:00:37.646,13.0,0,0.0,2024-10-30 09:00:00
2024-10-30 09:00:37.697,13.0,0,0.0,2024-10-30 09:00:00
2024-10-30 09:00:38.190,13.0,0,0.0,2024-10-30 09:00:00
2024-10-30 09:00:38.198,13.0,0,0.0,2024-10-30 09:00:00
2024-10-30 09:00:40.384,13.0,0,0.0,2024-10-30 09:00:00
2024-10-30 09:00:42.346,13.0,0,0.0,2024-10-30 09:00:00
2024-10-30 09:00:48.582,13.0,0,0.0,2024-10-30 09:00:00
2024-10-30 09:00:48.588,13.0,0,0.0,2024-10-30 09:00:00
2024-10-30 09:00:48.661,13.0,0,0.0,2024-10-30 09:00:00
2024-10-30 09:00:48.800,13.0,0,0.0,2024-10-30 09:00:00
2024-10-30 09:00:49.284,13.0,0,0.0,2024-10-30 09:00:00
2024-10-30 09:00:49.340,13.0,0,0.0,2024-10-30 09:00:00
2024-10-30 09:00:49.748,13.0,0,0.0,2024-10-30 09:00:00
2024-10-30 09:00:49.880,13.0,0,0.0,2024-10-30 09:00:00
2024-10-30 09:00:50.219,13.0,0,0.0,2024-10-30 09:00:00
2024-10-30 09:00:51.080,13.0,0,0.0,2024-10-30 09:00:00
2024-10-30 09:00:53.429,13.0,0,0.0,2024-10-30 09:00:00
2024-10-30 09:01:00.604,13.0,0,0.0,2024-10-30 09:01:00
2024-10-30 09:01:00.616,13.0,0,0.0,2024-10-30 09:01:00
2024-10-30 09:01:00.688,13.0,0,0.0,2024-10-30 09:01:00
2024-10-30 09:01:00.830,13.0,0,0.0,2024-10-30 09:01:00
2024-10-30 09:01:01.259,13.0,0,0.0,2024-10-30 09:01:00
2024-10-30 09:01:01.424,13.0,0,0.0,2024-10-30 09:01:00
2024-10-30 09:01:01.724,13.0,0,0.0,2024-10-30 09:01:00
2024-10-30 09:01:01.879,13.0,0,0.0,2024-10-30 09:01:00
2024-10-30 09:01:02.261,13.0,0,0.0,2024-10-30 09:01:00
2024-10-30 09:01:03.073,13.0,0,0.0,2024-10-30 09:01:00
2024-10-30 09:01:12.541,13.0,0,0.0,2024-10-30 09:01:00
2024-10-30 09:01:12.546,13.0,0,0.0,2024-10-30 09:01:00
2024-10-30 09:01:12.856,13.0,0,0.0,2024-10-30 09:01:00
2024-10-30 09:01:12.859,13.0,0,0.0,2024-10-30 09:01:00
2024-10-30 09:01:13.351,13.0,0,0.0,2024-10-30 09:01:00
2024-10-30 09:01:13.362,13.0,0,0.0,2024-10-30 09:01:00
2024-10-30 09:01:13.900,13.0,0,0.0,2024-10-30 09:01:00
2024-10-30 09:01:14.034,13.0,0,0.0,2024-10-30 09:01:00
2024-10-30 09:01:14.381,13.0,0,0.0,2024-10-30 09:01:00
2024-10-30 09:01:24.557,13.0,0,0.0,2024-10-30 09:01:00
2024-10-30 09:01:24.622,13.0,0,0.0,2024-10-30 09:01:00
2024-10-30 09:01:24.897,13.0,0,0.0,2024-10-30 09:01:00
2024-10-30 09:01:24.898,13.0,0,0.0,2024-10-30 09:01:00
2024-10-30 09:01:25.502,13.0,0,0.0,2024-10-30 09:01:00
2024-10-30 09:01:25.511,13.0,0,0.0,2024-10-30 09:01:00
2024-10-30 09:01:26.026,13.0,0,0.0,2024-10-30 09:01:00
2024-10-30 09:01:26.087,13.0,0,0.0,2024-10-30 09:01:00
2024-10-30 09:01:26.455,13.0,0,0.0,2024-10-30 09:01:00
2024-10-30 09:01:26.466,13.0,0,0.0,2024-10-30 09:01:00
2024-10-30 09:01:28.867,13.0,0,0.0,2024-10-30 09:01:00
2024-10-30 09:01:30.784,13.0,0,0.0,2024-10-30 09:01:00
2024-10-30 09:01:32.705,13.0,0,0.0,2024-10-30 09:01:00
2024-10-30 09:01:36.543,13.0,0,0.0,2024-10-30 09:01:00
2024-10-30 09:01:36.551,13.0,0,0.0,2024-10-30 09:01:00
2024-10-30 09:01:36.900,13.0,0,0.0,2024-10-30 09:01:00
2024-10-30 09:01:36.920,13.0,0,0.0,2024-10-30 09:01:00
2024-10-30 09:01:37.454,13.0,0,0.0,2024-10-30 09:01:00
2024-10-30 09:01:37.460,13.0,0,0.0,2024-10-30 09:01:00
2024-10-30 09:01:38.011,13.0,0,0.0,2024-10-30 09:01:00
2024-10-30 09:01:38.016,13.0,0,0.0,2024-10-30 09:01:00
2024-10-30 09:01:38.472,13.0,0,0.0,2024-10-30 09:01:00
2024-10-30 09:01:40.425,13.0,0,0.0,2024-10-30 09:01:00
2024-10-30 09:01:43.268,13.0,0,0.0,2024-10-30 09:01:00
2024-10-30 09:01:43.831,13.0,0,0.0,2024-10-30 09:01:00
2024-10-30 09:01:46.181,13.0,0,0.0,2024-10-30 09:01:00
2024-10-30 09:01:48.617,13.0,0,0.0,2024-10-30 09:01:00
2024-10-30 09:01:48.624,13.0,0,0.0,2024-10-30 09:01:00
2024-10-30 09:01:48.934,13.0,0,0.0,2024-10-30 09:01:00
2024-10-30 09:01:48.940,13.0,0,0.0,2024-10-30 09:01:00
2024-10-30 09:01:49.479,13.0,0,0.0,2024-10-30 09:01:00
2024-10-30 09:01:49.540,13.0,0,0.0,2024-10-30 09:01:00
2024-10-30 09:01:50.069,13.0,0,0.0,2024-10-30 09:01:00
2024-10-30 09:01:50.119,13.0,0,0.0,2024-10-30 09:01:00
2024-10-30 09:01:50.473,13.0,0,0.0,2024-10-30 09:01:00
2024-10-30 09:01:52.427,13.0,0,0.0,2024-10-30 09:01:00
2024-10-30 09:02:00.568,13.0,0,0.0,2024-10-30 09:02:00
2024-10-30 09:02:00.573,13.0,0,0.0,2024-10-30 09:02:00
2024-10-30 09:02:00.925,13.0,0,0.0,2024-10-30 09:02:00
2024-10-30 09:02:00.931,13.0,0,0.0,2024-10-30 09:02:00
2024-10-30 09:02:01.441,13.0,0,0.0,2024-10-30 09:02:00
2024-10-30 09:02:01.444,13.0,0,0.0,2024-10-30 09:02:00
2024-10-30 09:02:01.962,13.0,0,0.0,2024-10-30 09:02:00
2024-10-30 09:02:01.967,13.0,0,0.0,2024-10-30 09:02:00
2024-10-30 09:02:02.481,13.0,0,0.0,2024-10-30 09:02:00
2024-10-30 09:02:02.495,13.0,0,0.0,2024-10-30 09:02:00
2024-10-30 09:02:04.923,13.0,0,0.0,2024-10-30 09:02:00
2024-10-30 09:02:06.783,13.0,0,0.0,2024-10-30 09:02:00
2024-10-30 09:02:08.704,13.0,0,0.0,2024-10-30 09:02:00
2024-10-30 09:02:12.584,13.0,0,0.0,2024-10-30 09:02:00
2024-10-30 09:02:12.591,13.0,0,0.0,2024-10-30 09:02:00
2024-10-30 09:02:12.944,13.0,0,0.0,2024-10-30 09:02:00
2024-10-30 09:02:13.004,13.0,0,0.0,2024-10-30 09:02:00
2024-10-30 09:02:13.461,13.0,0,0.0,2024-10-30 09:02:00
2024-10-30 09:02:13.600,13.0,0,0.0,2024-10-30 09:02:00
2024-10-30 09:02:13.990,13.0,0,0.0,2024-10-30 09:02:00
2024-10-30 09:02:14.007,13.0,0,0.0,2024-10-30 09:02:00
2024-10-30 09:02:14.479,13.0,0,0.0,2024-10-30 09:02:00
2024-10-30 09:02:21.700,13.0,0,0.0,2024-10-30 09:02:00
2024-10-30 09:02:21.716,13.0,0,0.0,2024-10-30 09:02:00
2024-10-30 09:02:21.720,13.0,0,0.0,2024-10-30 09:02:00
2024-10-30 09:02:22.147,13.0,0,0.0,2024-10-30 09:02:00
2024-10-30 09:02:24.586,13.0,0,0.0,2024-10-30 09:02:00
2024-10-30 09:02:24.601,13.0,0,0.0,2024-10-30 09:02:00
2024-10-30 09:02:24.936,13.0,0,0.0,2024-10-30 09:02:00
2024-10-30 09:02:24.965,13.0,0,0.0,2024-10-30 09:02:00
2024-10-30 09:02:25.455,13.0,0,0.0,2024-10-30 09:02:00
2024-10-30 09:02:25.474,13.0,0,0.0,2024-10-30 09:02:00
2024-10-30 09:02:25.962,13.0,0,0.0,2024-10-30 09:02:00
2024-10-30 09:02:25.986,13.0,0,0.0,2024-10-30 09:02:00
2024-10-30 09:02:26.510,13.0,0,0.0,2024-10-30 09:02:00
2024-10-30 09:02:28.382,13.0,0,0.0,2024-10-30 09:02:00
2024-10-30 09:02:30.399,13.0,0,0.0,2024-10-30 09:02:00
2024-10-30 09:02:32.714,13.0,0,0.0,2024-10-30 09:02:00
2024-10-30 09:02:35.142,13.0,0,0.0,2024-10-30 09:02:00
2024-10-30 09:02:36.709,13.0,0,0.0,2024-10-30 09:02:00
2024-10-30 09:02:36.715,13.0,0,0.0,2024-10-30 09:02:00
2024-10-30 09:02:36.935,13.0,0,0.0,2024-10-30 09:02:00
2024-10-30 09:02:37.121,13.0,0,0.0,2024-10-30 09:02:00
2024-10-30 09:02:37.436,13.0,0,0.0,2024-10-30 09:02:00
2024-10-30 09:02:37.553,13.0,0,0.0,2024-10-30 09:02:00
2024-10-30 09:02:37.905,13.0,0,0.0,2024-10-30 09:02:00
2024-10-30 09:02:37.912,13.0,0,0.0,2024-10-30 09:02:00
2024-10-30 09:02:38.897,13.0,0,0.0,2024-10-30 09:02:00
2024-10-30 09:02:39.850,13.0,0,0.0,2024-10-30 09:02:00
2024-10-30 09:02:42.364,13.0,0,0.0,2024-10-30 09:02:00
2024-10-30 09:02:44.228,13.0,0,0.0,2024-10-30 09:02:00
2024-10-30 09:02:46.622,13.0,0,0.0,2024-10-30 09:02:00
2024-10-30 09:02:48.547,13.0,0,0.0,2024-10-30 09:02:00
2024-10-30 09:02:48.556,13.0,0,0.0,2024-10-30 09:02:00
2024-10-30 09:02:48.830,13.0,0,0.0,2024-10-30 09:02:00
2024-10-30 09:02:48.846,13.0,0,0.0,2024-10-30 09:02:00
2024-10-30 09:02:49.345,13.0,0,0.0,2024-10-30 09:02:00
2024-10-30 09:02:49.364,13.0,0,0.0,2024-10-30 09:02:00
2024-10-30 09:02:49.910,13.0,0,0.0,2024-10-30 09:02:00
2024-10-30 09:02:49.979,13.0,0,0.0,2024-10-30 09:02:00
2024-10-30 09:02:50.360,13.0,0,0.0,2024-10-30 09:02:00
2024-10-30 09:02:51.945,13.0,0,0.0,2024-10-30 09:02:00
2024-10-30 09:02:54.310,13.0,0,0.0,2024-10-30 09:02:00
2024-10-30 09:02:56.269,13.0,0,0.0,2024-10-30 09:02:00
2024-10-30 09:02:58.670,13.0,0,0.0,2024-10-30 09:02:00
2024-10-30 09:03:00.287,13.0,0,0.0,2024-10-30 09:03:00
2024-10-30 09:03:00.323,13.0,0,0.0,2024-10-30 09:03:00
2024-10-30 09:03:00.809,13.0,0,0.0,2024-10-30 09:03:00
2024-10-30 09:03:00.824,13.0,0,0.0,2024-10-30 09:03:00
2024-10-30 09:03:01.348,13.0,0,0.0,2024-10-30 09:03:00
2024-10-30 09:03:01.354,13.0,0,0.0,2024-10-30 09:03:00
2024-10-30 09:03:01.844,13.0,0,0.0,2024-10-30 09:03:00
2024-10-30 09:03:01.849,13.0,0,0.0,2024-10-30 09:03:00
2024-10-30 09:03:02.355,13.0,0,0.0,2024-10-30 09:03:00
2024-10-30 09:03:03.907,13.0,0,0.0,2024-10-30 09:03:00
2024-10-30 09:03:05.829,13.0,0,0.0,2024-10-30 09:03:00
2024-10-30 09:03:08.264,13.0,0,0.0,2024-10-30 09:03:00
2024-10-30 09:03:11.145,13.0,0,0.0,2024-10-30 09:03:00
2024-10-30 09:03:12.546,13.0,0,0.0,2024-10-30 09:03:00
2024-10-30 09:03:12.551,13.0,0,0.0,2024-10-30 09:03:00
2024-10-30 09:03:12.728,13.0,0,0.0,2024-10-30 09:03:00
2024-10-30 09:03:12.803,13.0,0,0.0,2024-10-30 09:03:00
2024-10-30 09:03:13.309,13.0,0,0.0,2024-10-30 09:03:00
2024-10-30 09:03:13.344,13.0,0,0.0,2024-10-30 09:03:00
2024-10-30 09:03:13.835,13.0,0,0.0,2024-10-30 09:03:00
2024-10-30 09:03:13.906,13.0,0,0.0,2024-10-30 09:03:00
2024-10-30 09:03:14.347,13.0,0,0.0,2024-10-30 09:03:00
2024-10-30 09:03:15.516,13.0,0,0.0,2024-10-30 09:03:00
2024-10-30 09:03:17.832,13.0,0,0.0,2024-10-30 09:03:00
2024-10-30 09:03:20.274,13.0,0,0.0,2024-10-30 09:03:00
2024-10-30 09:03:22.147,13.0,0,0.0,2024-10-30 09:03:00
2024-10-30 09:03:24.073,13.0,0,0.0,2024-10-30 09:03:00
2024-10-30 09:03:24.346,13.0,0,0.0,2024-10-30 09:03:00
2024-10-30 09:03:24.670,13.0,0,0.0,2024-10-30 09:03:00
2024-10-30 09:03:24.928,13.0,0,0.0,2024-10-30 09:03:00
2024-10-30 09:03:25.051,13.0,0,0.0,2024-10-30 09:03:00
2024-10-30 09:03:25.371,13.0,0,0.0,2024-10-30 09:03:00
2024-10-30 09:03:25.600,13.0,0,0.0,2024-10-30 09:03:00
2024-10-30 09:03:25.932,13.0,0,0.0,2024-10-30 09:03:00
2024-10-30 09:03:26.067,13.0,0,0.0,2024-10-30 09:03:00
2024-10-30 09:03:27.431,13.0,0,0.0,2024-10-30 09:03:00
2024-10-30 09:03:29.866,13.0,0,0.0,2024-10-30 09:03:00
2024-10-30 09:03:31.752,13.0,0,0.0,2024-10-30 09:03:00
2024-10-30 09:03:34.154,13.0,0,0.0,2024-10-30 09:03:00
2024-10-30 09:03:36.091,13.0,0,0.0,2024-10-30 09:03:00
2024-10-30 09:03:36.315,13.0,0,0.0,2024-10-30 09:03:00
2024-10-30 09:03:36.492,13.0,0,0.0,2024-10-30 09:03:00
2024-10-30 09:03:36.765,13.0,0,0.0,2024-10-30 09:03:00
2024-10-30 09:03:37.076,13.0,0,0.0,2024-10-30 09:03:00
2024-10-30 09:03:37.383,13.0,0,0.0,2024-10-30 09:03:00
2024-10-30 09:03:37.516,13.0,0,0.0,2024-10-30 09:03:00
2024-10-30 09:03:37.887,13.0,0,0.0,2024-10-30 09:03:00
2024-10-30 09:03:38.024,13.0,0,0.0,2024-10-30 09:03:00
2024-10-30 09:03:39.465,13.0,0,0.0,2024-10-30 09:03:00
2024-10-30 09:03:41.835,13.0,0,0.0,2024-10-30 09:03:00
2024-10-30 09:03:44.729,13.0,0,0.0,2024-10-30 09:03:00
2024-10-30 09:03:46.141,13.0,0,0.0,2024-10-30 09:03:00
2024-10-30 09:03:48.104,13.0,0,0.0,2024-10-30 09:03:00
2024-10-30 09:03:48.239,13.0,0,0.0,2024-10-30 09:03:00
2024-10-30 09:03:48.359,13.0,0,0.0,2024-10-30 09:03:00
2024-10-30 09:03:48.740,13.0,0,0.0,2024-10-30 09:03:00
2024-10-30 09:03:48.972,13.0,0,0.0,2024-10-30 09:03:00
2024-10-30 09:03:49.245,13.0,0,0.0,2024-10-30 09:03:00
2024-10-30 09:03:49.371,13.0,0,0.0,2024-10-30 09:03:00
2024-10-30 09:03:49.765,13.0,0,0.0,2024-10-30 09:03:00
2024-10-30 09:03:49.888,13.0,0,0.0,2024-10-30 09:03:00
2024-10-30 09:03:51.495,13.0,0,0.0,2024-10-30 09:03:00
2024-10-30 09:03:53.347,13.0,0,0.0,2024-10-30 09:03:00
2024-10-30 09:03:55.793,13.0,0,0.0,2024-10-30 09:03:00
2024-10-30 09:03:57.671,13.0,0,0.0,2024-10-30 09:03:00
2024-10-30 09:04:00.243,13.0,0,0.0,2024-10-30 09:04:00
2024-10-30 09:04:00.425,13.0,0,0.0,2024-10-30 09:04:00
2024-10-30 09:04:00.543,13.0,0,0.0,2024-10-30 09:04:00
2024-10-30 09:04:00.828,13.0,0,0.0,2024-10-30 09:04:00
2024-10-30 09:04:00.923,13.0,0,0.0,2024-10-30 09:04:00
2024-10-30 09:04:01.339,13.0,0,0.0,2024-10-30 09:04:00
2024-10-30 09:04:01.474,13.0,0,0.0,2024-10-30 09:04:00
2024-10-30 09:04:01.741,13.0,0,0.0,2024-10-30 09:04:00
2024-10-30 09:04:01.828,13.0,0,0.0,2024-10-30 09:04:00
2024-10-30 09:04:03.610,13.0,0,0.0,2024-10-30 09:04:00
2024-10-30 09:04:05.887,13.0,0,0.0,2024-10-30 09:04:00
2024-10-30 09:04:07.925,13.0,0,0.0,2024-10-30 09:04:00
2024-10-30 09:04:09.807,13.0,0,0.0,2024-10-30 09:04:00
2024-10-30 09:04:12.246,13.0,0,0.0,2024-10-30 09:04:00
2024-10-30 09:04:12.318,13.0,0,0.0,2024-10-30 09:04:00
2024-10-30 09:04:12.384,13.0,0,0.0,2024-10-30 09:04:00
2024-10-30 09:04:12.761,13.0,0,0.0,2024-10-30 09:04:00
2024-10-30 09:04:12.767,13.0,0,0.0,2024-10-30 09:04:00
2024-10-30 09:04:13.319,13.0,0,0.0,2024-10-30 09:04:00
2024-10-30 09:04:13.357,13.0,0,0.0,2024-10-30 09:04:00
2024-10-30 09:04:13.841,13.0,0,0.0,2024-10-30 09:04:00
2024-10-30 09:04:13.920,13.0,0,0.0,2024-10-30 09:04:00
2024-10-30 09:04:24.725,13.0,0,0.0,2024-10-30 09:04:00
2024-10-30 09:04:24.796,13.0,0,0.0,2024-10-30 09:04:00
2024-10-30 09:04:25.022,13.0,0,0.0,2024-10-30 09:04:00
2024-10-30 09:04:25.090,13.0,0,0.0,2024-10-30 09:04:00
2024-10-30 09:04:25.721,13.0,0,0.0,2024-10-30 09:04:00
2024-10-30 09:04:25.792,13.0,0,0.0,2024-10-30 09:04:00
2024-10-30 09:04:26.033,13.0,0,0.0,2024-10-30 09:04:00
2024-10-30 09:04:26.208,13.0,0,0.0,2024-10-30 09:04:00
2024-10-30 09:04:26.545,13.0,0,0.0,2024-10-30 09:04:00
2024-10-30 09:04:26.614,13.0,0,0.0,2024-10-30 09:04:00
2024-10-30 09:04:36.731,13.0,0,0.0,2024-10-30 09:04:00
2024-10-30 09:04:36.802,13.0,0,0.0,2024-10-30 09:04:00
2024-10-30 09:04:37.025,13.0,0,0.0,2024-10-30 09:04:00
2024-10-30 09:04:37.155,13.0,0,0.0,2024-10-30 09:04:00
2024-10-30 09:04:37.556,13.0,0,0.0,2024-10-30 09:04:00
2024-10-30 09:04:37.691,13.0,0,0.0,2024-10-30 09:04:00
2024-10-30 09:04:38.032,13.0,0,0.0,2024-10-30 09:04:00
2024-10-30 09:04:38.170,13.0,0,0.0,2024-10-30 09:04:00
2024-10-30 09:04:38.549,13.0,0,0.0,2024-10-30 09:04:00
2024-10-30 09:04:39.102,13.0,0,0.0,2024-10-30 09:04:00
2024-10-30 09:04:49.218,13.0,0,0.0,2024-10-30 09:04:00
2024-10-30 09:04:49.353,13.0,0,0.0,2024-10-30 09:04:00
2024-10-30 09:04:49.487,13.0,0,0.0,2024-10-30 09:04:00
2024-10-30 09:04:49.621,13.0,0,0.0,2024-10-30 09:04:00
2024-10-30 09:04:49.754,13.0,0,0.0,2024-10-30 09:04:00
2024-10-30 09:04:49.827,13.0,0,0.0,2024-10-30 09:04:00
2024-10-30 09:04:50.202,13.0,0,0.0,2024-10-30 09:04:00
2024-10-30 09:04:50.339,13.0,0,0.0,2024-10-30 09:04:00
2024-10-30 09:04:50.722,13.0,0,0.0,2024-10-30 09:04:00
2024-10-30 09:04:52.574,13.0,0,0.0,2024-10-30 09:04:00
2024-10-30 09:04:54.492,13.0,0,0.0,2024-10-30 09:04:00
2024-10-30 09:04:56.236,13.0,0,0.0,2024-10-30 09:04:00
2024-10-30 09:05:01.051,13.0,0,0.0,2024-10-30 09:05:00
2024-10-30 09:05:01.057,13.0,0,0.0,2024-10-30 09:05:00
2024-10-30 09:05:01.087,13.0,0,0.0,2024-10-30 09:05:00
2024-10-30 09:05:01.093,13.0,0,0.0,2024-10-30 09:05:00
2024-10-30 09:05:01.603,13.0,0,0.0,2024-10-30 09:05:00
2024-10-30 09:05:01.607,13.0,0,0.0,2024-10-30 09:05:00
2024-10-30 09:05:02.224,13.0,0,0.0,2024-10-30 09:05:00
2024-10-30 09:05:02.252,13.0,0,0.0,2024-10-30 09:05:00
2024-10-30 09:05:02.714,13.0,0,0.0,2024-10-30 09:05:00
2024-10-30 09:05:13.031,13.0,0,0.0,2024-10-30 09:05:00
2024-10-30 09:05:13.035,13.0,0,0.0,2024-10-30 09:05:00
2024-10-30 09:05:13.116,13.0,0,0.0,2024-10-30 09:05:00
2024-10-30 09:05:13.199,13.0,0,0.0,2024-10-30 09:05:00
2024-10-30 09:05:13.630,13.0,0,0.0,2024-10-30 09:05:00
2024-10-30 09:05:13.718,13.0,0,0.0,2024-10-30 09:05:00
2024-10-30 09:05:14.137,13.0,0,0.0,2024-10-30 09:05:00
2024-10-30 09:05:14.222,13.0,0,0.0,2024-10-30 09:05:00
2024-10-30 09:05:14.736,13.0,0,0.0,2024-10-30 09:05:00
2024-10-30 09:05:15.067,13.0,0,0.0,2024-10-30 09:05:00
2024-10-30 09:05:25.112,13.0,0,0.0,2024-10-30 09:05:00
2024-10-30 09:05:25.168,13.0,0,0.0,2024-10-30 09:05:00
2024-10-30 09:05:25.277,13.0,0,0.0,2024-10-30 09:05:00
2024-10-30 09:05:25.335,13.0,0,0.0,2024-10-30 09:05:00
2024-10-30 09:05:25.771,13.0,0,0.0,2024-10-30 09:05:00
2024-10-30 09:05:25.792,13.0,0,0.0,2024-10-30 09:05:00
2024-10-30 09:05:26.261,13.0,0,0.0,2024-10-30 09:05:00
2024-10-30 09:05:26.289,13.0,0,0.0,2024-10-30 09:05:00
2024-10-30 09:05:26.771,13.0,0,0.0,2024-10-30 09:05:00
2024-10-30 09:05:37.065,13.0,0,0.0,2024-10-30 09:05:00
2024-10-30 09:05:37.071,13.0,0,0.0,2024-10-30 09:05:00
2024-10-30 09:05:37.344,13.0,0,0.0,2024-10-30 09:05:00
2024-10-30 09:05:37.359,13.0,0,0.0,2024-10-30 09:05:00
2024-10-30 09:05:37.891,13.0,0,0.0,2024-10-30 09:05:00
2024-10-30 09:05:37.896,13.0,0,0.0,2024-10-30 09:05:00
2024-10-30 09:05:38.364,13.0,0,0.0,2024-10-30 09:05:00
2024-10-30 09:05:38.370,13.0,0,0.0,2024-10-30 09:05:00
2024-10-30 09:05:38.888,13.0,0,0.0,2024-10-30 09:05:00
2024-10-30 09:05:38.897,13.0,0,0.0,2024-10-30 09:05:00
2024-10-30 09:05:40.910,13.0,0,0.0,2024-10-30 09:05:00
2024-10-30 09:05:49.029,13.0,0,0.0,2024-10-30 09:05:00
2024-10-30 09:05:49.035,13.0,0,0.0,2024-10-30 09:05:00
2024-10-30 09:05:49.346,13.0,0,0.0,2024-10-30 09:05:00
2024-10-30 09:05:49.395,13.0,0,0.0,2024-10-30 09:05:00
2024-10-30 09:05:49.879,13.0,0,0.0,2024-10-30 09:05:00
2024-10-30 09:05:49.903,13.0,0,0.0,2024-10-30 09:05:00
2024-10-30 09:05:50.416,13.0,0,0.0,2024-10-30 09:05:00
2024-10-30 09:05:50.419,13.0,0,0.0,2024-10-30 09:05:00
2024-10-30 09:05:50.891,13.0,0,0.0,2024-10-30 09:05:00
2024-10-30 09:05:51.592,13.0,0,0.0,2024-10-30 09:05:00
2024-10-30 09:06:01.035,13.0,0,0.0,2024-10-30 09:06:00
2024-10-30 09:06:01.093,13.0,0,0.0,2024-10-30 09:06:00
2024-10-30 09:06:01.437,13.0,0,0.0,2024-10-30 09:06:00
2024-10-30 09:06:01.474,13.0,0,0.0,2024-10-30 09:06:00
2024-10-30 09:06:02.057,13.0,0,0.0,2024-10-30 09:06:00
2024-10-30 09:06:02.098,13.0,0,0.0,2024-10-30 09:06:00
2024-10-30 09:06:02.463,13.0,0,0.0,2024-10-30 09:06:00
2024-10-30 09:06:02.618,13.0,0,0.0,2024-10-30 09:06:00
2024-10-30 09:06:02.964,13.0,0,0.0,2024-10-30 09:06:00
2024-10-30 09:06:04.865,13.0,0,0.0,2024-10-30 09:06:00
2024-10-30 09:06:06.791,13.0,0,0.0,2024-10-30 09:06:00
2024-10-30 09:06:08.714,13.0,0,0.0,2024-10-30 09:06:00
2024-10-30 09:06:11.148,13.0,0,0.0,2024-10-30 09:06:00
2024-10-30 09:06:13.033,13.0,0,0.0,2024-10-30 09:06:00
2024-10-30 09:06:13.039,13.0,0,0.0,2024-10-30 09:06:00
2024-10-30 09:06:13.280,13.0,0,0.0,2024-10-30 09:06:00
2024-10-30 09:06:13.356,13.0,0,0.0,2024-10-30 09:06:00
2024-10-30 09:06:13.837,13.0,0,0.0,2024-10-30 09:06:00
2024-10-30 09:06:13.887,13.0,0,0.0,2024-10-30 09:06:00
2024-10-30 09:06:14.286,13.0,0,0.0,2024-10-30 09:06:00
2024-10-30 09:06:14.366,13.0,0,0.0,2024-10-30 09:06:00
2024-10-30 09:06:14.899,13.0,0,0.0,2024-10-30 09:06:00
2024-10-30 09:06:16.427,13.0,0,0.0,2024-10-30 09:06:00
2024-10-30 09:06:18.487,13.0,0,0.0,2024-10-30 09:06:00
2024-10-30 09:06:20.745,13.0,0,0.0,2024-10-30 09:06:00
2024-10-30 09:06:22.582,13.0,0,0.0,2024-10-30 09:06:00
2024-10-30 09:06:24.548,13.0,0,0.0,2024-10-30 09:06:00
2024-10-30 09:06:24.829,13.0,0,0.0,2024-10-30 09:06:00
2024-10-30 09:06:24.940,13.0,0,0.0,2024-10-30 09:06:00
2024-10-30 09:06:25.351,13.0,0,0.0,2024-10-30 09:06:00
2024-10-30 09:06:25.488,13.0,0,0.0,2024-10-30 09:06:00
2024-10-30 09:06:25.857,13.0,0,0.0,2024-10-30 09:06:00
2024-10-30 09:06:25.969,13.0,0,0.0,2024-10-30 09:06:00
2024-10-30 09:06:26.351,13.0,0,0.0,2024-10-30 09:06:00
2024-10-30 09:06:26.474,13.0,0,0.0,2024-10-30 09:06:00
2024-10-30 09:06:27.972,13.0,0,0.0,2024-10-30 09:06:00
2024-10-30 09:06:30.315,13.0,0,0.0,2024-10-30 09:06:00
2024-10-30 09:06:32.228,13.0,0,0.0,2024-10-30 09:06:00
2024-10-30 09:06:34.154,13.0,0,0.0,2024-10-30 09:06:00
2024-10-30 09:06:37.035,13.0,0,0.0,2024-10-30 09:06:00
2024-10-30 09:06:37.038,13.0,0,0.0,2024-10-30 09:06:00
2024-10-30 09:06:37.422,13.0,0,0.0,2024-10-30 09:06:00
2024-10-30 09:06:37.441,13.0,0,0.0,2024-10-30 09:06:00
2024-10-30 09:06:38.040,13.0,0,0.0,2024-10-30 09:06:00
2024-10-30 09:06:38.158,13.0,0,0.0,2024-10-30 09:06:00
2024-10-30 09:06:38.447,13.0,0,0.0,2024-10-30 09:06:00
2024-10-30 09:06:38.466,13.0,0,0.0,2024-10-30 09:06:00
2024-10-30 09:06:38.970,13.0,0,0.0,2024-10-30 09:06:00
2024-10-30 09:06:40.507,13.0,0,0.0,2024-10-30 09:06:00
2024-10-30 09:06:42.313,13.0,0,0.0,2024-10-30 09:06:00
2024-10-30 09:06:44.380,13.0,0,0.0,2024-10-30 09:06:00
2024-10-30 09:06:46.664,13.0,0,0.0,2024-10-30 09:06:00
2024-10-30 09:06:48.556,13.0,0,0.0,2024-10-30 09:06:00
2024-10-30 09:06:48.812,13.0,0,0.0,2024-10-30 09:06:00
2024-10-30 09:06:49.014,13.0,0,0.0,2024-10-30 09:06:00
2024-10-30 09:06:49.317,13.0,0,0.0,2024-10-30 09:06:00
2024-10-30 09:06:49.514,13.0,0,0.0,2024-10-30 09:06:00
2024-10-30 09:06:49.882,13.0,0,0.0,2024-10-30 09:06:00
2024-10-30 09:06:49.944,13.0,0,0.0,2024-10-30 09:06:00
2024-10-30 09:06:50.356,13.0,0,0.0,2024-10-30 09:06:00
2024-10-30 09:06:50.469,13.0,0,0.0,2024-10-30 09:06:00
2024-10-30 09:07:01.050,13.0,0,0.0,2024-10-30 09:07:00
2024-10-30 09:07:01.103,13.0,0,0.0,2024-10-30 09:07:00
2024-10-30 09:07:01.509,13.0,0,0.0,2024-10-30 09:07:00
2024-10-30 09:07:01.515,13.0,0,0.0,2024-10-30 09:07:00
2024-10-30 09:07:02.024,13.0,0,0.0,2024-10-30 09:07:00
2024-10-30 09:07:02.032,13.0,0,0.0,2024-10-30 09:07:00
2024-10-30 09:07:02.535,13.0,0,0.0,2024-10-30 09:07:00
2024-10-30 09:07:02.549,13.0,0,0.0,2024-10-30 09:07:00
2024-10-30 09:07:03.043,13.0,0,0.0,2024-10-30 09:07:00
2024-10-30 09:07:03.485,13.0,0,0.0,2024-10-30 09:07:00
2024-10-30 09:07:13.507,13.0,0,0.0,2024-10-30 09:07:00
2024-10-30 09:07:13.514,13.0,0,0.0,2024-10-30 09:07:00
2024-10-30 09:07:13.547,13.0,0,0.0,2024-10-30 09:07:00
2024-10-30 09:07:13.579,13.0,0,0.0,2024-10-30 09:07:00
2024-10-30 09:07:14.055,13.0,0,0.0,2024-10-30 09:07:00
2024-10-30 09:07:14.091,13.0,0,0.0,2024-10-30 09:07:00
2024-10-30 09:07:14.564,13.0,0,0.0,2024-10-30 09:07:00
2024-10-30 09:07:14.600,13.0,0,0.0,2024-10-30 09:07:00
2024-10-30 09:07:15.175,13.0,0,0.0,2024-10-30 09:07:00
2024-10-30 09:07:16.429,13.0,0,0.0,2024-10-30 09:07:00
2024-10-30 09:07:18.922,13.0,0,0.0,2024-10-30 09:07:00
2024-10-30 09:07:20.748,13.0,0,0.0,2024-10-30 09:07:00
2024-10-30 09:07:25.579,13.0,0,0.0,2024-10-30 09:07:00
2024-10-30 09:07:25.586,13.0,0,0.0,2024-10-30 09:07:00
2024-10-30 09:07:25.638,13.0,0,0.0,2024-10-30 09:07:00
2024-10-30 09:07:25.867,13.0,0,0.0,2024-10-30 09:07:00
2024-10-30 09:07:26.145,13.0,0,0.0,2024-10-30 09:07:00
2024-10-30 09:07:26.193,13.0,0,0.0,2024-10-30 09:07:00
2024-10-30 09:07:26.674,13.0,0,0.0,2024-10-30 09:07:00
2024-10-30 09:07:26.733,13.0,0,0.0,2024-10-30 09:07:00
2024-10-30 09:07:27.121,13.0,0,0.0,2024-10-30 09:07:00
2024-10-30 09:07:28.870,13.0,0,0.0,2024-10-30 09:07:00
2024-10-30 09:07:30.828,13.0,0,0.0,2024-10-30 09:07:00
2024-10-30 09:07:33.189,13.0,0,0.0,2024-10-30 09:07:00
2024-10-30 09:07:35.149,13.0,0,0.0,2024-10-30 09:07:00
2024-10-30 09:07:37.028,13.0,0,0.0,2024-10-30 09:07:00
2024-10-30 09:07:37.042,13.0,0,0.0,2024-10-30 09:07:00
2024-10-30 09:07:37.491,13.0,0,0.0,2024-10-30 09:07:00
2024-10-30 09:07:37.511,13.0,0,0.0,2024-10-30 09:07:00
2024-10-30 09:07:37.994,13.0,0,0.0,2024-10-30 09:07:00
2024-10-30 09:07:38.017,13.0,0,0.0,2024-10-30 09:07:00
2024-10-30 09:07:38.575,13.0,0,0.0,2024-10-30 09:07:00
2024-10-30 09:07:38.643,13.0,0,0.0,2024-10-30 09:07:00
2024-10-30 09:07:39.063,13.0,0,0.0,2024-10-30 09:07:00
2024-10-30 09:07:40.427,13.0,0,0.0,2024-10-30 09:07:00
2024-10-30 09:07:42.790,13.0,0,0.0,2024-10-30 09:07:00
2024-10-30 09:07:44.712,13.0,0,0.0,2024-10-30 09:07:00
2024-10-30 09:07:47.109,13.0,0,0.0,2024-10-30 09:07:00
2024-10-30 09:07:49.074,13.0,0,0.0,2024-10-30 09:07:00
2024-10-30 09:07:49.081,13.0,0,0.0,2024-10-30 09:07:00
2024-10-30 09:07:49.424,13.0,0,0.0,2024-10-30 09:07:00
2024-10-30 09:07:49.492,13.0,0,0.0,2024-10-30 09:07:00
2024-10-30 09:07:49.952,13.0,0,0.0,2024-10-30 09:07:00
2024-10-30 09:07:50.020,13.0,0,0.0,2024-10-30 09:07:00
2024-10-30 09:07:50.424,13.0,0,0.0,2024-10-30 09:07:00
2024-10-30 09:07:50.544,13.0,0,0.0,2024-10-30 09:07:00
2024-10-30 09:07:50.936,13.0,0,0.0,2024-10-30 09:07:00
2024-10-30 09:07:53.454,13.0,0,0.0,2024-10-30 09:07:00
2024-10-30 09:07:54.332,13.0,0,0.0,2024-10-30 09:07:00
2024-10-30 09:07:56.709,13.0,0,0.0,2024-10-30 09:07:00
2024-10-30 09:07:58.630,13.0,0,0.0,2024-10-30 09:07:00
2024-10-30 09:08:01.544,13.0,0,0.0,2024-10-30 09:08:00
2024-10-30 09:08:01.549,13.0,0,0.0,2024-10-30 09:08:00
2024-10-30 09:08:01.555,13.0,0,0.0,2024-10-30 09:08:00
2024-10-30 09:08:01.574,13.0,0,0.0,2024-10-30 09:08:00
2024-10-30 09:08:02.089,13.0,0,0.0,2024-10-30 09:08:00
2024-10-30 09:08:02.095,13.0,0,0.0,2024-10-30 09:08:00
2024-10-30 09:08:02.563,13.0,0,0.0,2024-10-30 09:08:00
2024-10-30 09:08:02.606,13.0,0,0.0,2024-10-30 09:08:00
2024-10-30 09:08:03.075,13.0,0,0.0,2024-10-30 09:08:00
2024-10-30 09:08:04.987,13.0,0,0.0,2024-10-30 09:08:00
2024-10-30 09:08:13.508,13.0,0,0.0,2024-10-30 09:08:00
2024-10-30 09:08:13.515,13.0,0,0.0,2024-10-30 09:08:00
2024-10-30 09:08:13.626,13.0,0,0.0,2024-10-30 09:08:00
2024-10-30 09:08:13.629,13.0,0,0.0,2024-10-30 09:08:00
2024-10-30 09:08:14.137,13.0,0,0.0,2024-10-30 09:08:00
2024-10-30 09:08:14.153,13.0,0,0.0,2024-10-30 09:08:00
2024-10-30 09:08:14.688,13.0,0,0.0,2024-10-30 09:08:00
2024-10-30 09:08:14.693,13.0,0,0.0,2024-10-30 09:08:00
2024-10-30 09:08:15.278,13.0,0,0.0,2024-10-30 09:08:00
2024-10-30 09:08:15.992,13.0,0,0.0,2024-10-30 09:08:00
2024-10-30 09:08:18.312,13.0,0,0.0,2024-10-30 09:08:00
2024-10-30 09:08:25.535,13.0,0,0.0,2024-10-30 09:08:00
2024-10-30 09:08:25.580,13.0,0,0.0,2024-10-30 09:08:00
2024-10-30 09:08:25.680,13.0,0,0.0,2024-10-30 09:08:00
2024-10-30 09:08:25.740,13.0,0,0.0,2024-10-30 09:08:00
2024-10-30 09:08:26.153,13.0,0,0.0,2024-10-30 09:08:00
2024-10-30 09:08:26.181,13.0,0,0.0,2024-10-30 09:08:00
2024-10-30 09:08:26.659,13.0,0,0.0,2024-10-30 09:08:00
2024-10-30 09:08:26.699,13.0,0,0.0,2024-10-30 09:08:00
2024-10-30 09:08:27.169,13.0,0,0.0,2024-10-30 09:08:00
2024-10-30 09:08:28.033,13.0,0,0.0,2024-10-30 09:08:00
2024-10-30 09:08:30.311,13.0,0,0.0,2024-10-30 09:08:00
2024-10-30 09:08:32.240,13.0,0,0.0,2024-10-30 09:08:00
2024-10-30 09:08:34.631,13.0,0,0.0,2024-10-30 09:08:00
2024-10-30 09:08:36.591,13.0,0,0.0,2024-10-30 09:08:00
2024-10-30 09:08:37.176,13.0,0,0.0,2024-10-30 09:08:00
2024-10-30 09:08:37.217,13.0,0,0.0,2024-10-30 09:08:00
2024-10-30 09:08:37.561,13.0,0,0.0,2024-10-30 09:08:00
2024-10-30 09:08:37.606,13.0,0,0.0,2024-10-30 09:08:00
2024-10-30 09:08:38.069,13.0,0,0.0,2024-10-30 09:08:00
2024-10-30 09:08:38.256,13.0,0,0.0,2024-10-30 09:08:00
2024-10-30 09:08:38.653,13.0,0,0.0,2024-10-30 09:08:00
2024-10-30 09:08:38.658,13.0,0,0.0,2024-10-30 09:08:00
2024-10-30 09:08:49.508,13.0,0,0.0,2024-10-30 09:08:00
2024-10-30 09:08:49.514,13.0,0,0.0,2024-10-30 09:08:00
2024-10-30 09:08:49.751,13.0,0,0.0,2024-10-30 09:08:00
2024-10-30 09:08:49.883,13.0,0,0.0,2024-10-30 09:08:00
2024-10-30 09:08:50.200,13.0,0,0.0,2024-10-30 09:08:00
2024-10-30 09:08:50.251,13.0,0,0.0,2024-10-30 09:08:00
2024-10-30 09:08:50.768,13.0,0,0.0,2024-10-30 09:08:00
2024-10-30 09:08:50.874,13.0,0,0.0,2024-10-30 09:08:00
2024-10-30 09:08:51.303,13.0,0,0.0,2024-10-30 09:08:00
2024-10-30 09:08:51.572,13.0,0,0.0,2024-10-30 09:08:00
2024-10-30 09:08:53.350,13.0,0,0.0,2024-10-30 09:08:00
2024-10-30 09:08:55.318,13.0,0,0.0,2024-10-30 09:08:00
2024-10-30 09:08:57.675,13.0,0,0.0,2024-10-30 09:08:00
2024-10-30 09:08:59.595,13.0,0,0.0,2024-10-30 09:08:00
2024-10-30 09:09:01.842,13.0,0,0.0,2024-10-30 09:09:00
2024-10-30 09:09:01.852,13.0,0,0.0,2024-10-30 09:09:00
2024-10-30 09:09:01.860,13.0,0,0.0,2024-10-30 09:09:00
2024-10-30 09:09:01.862,13.0,0,0.0,2024-10-30 09:09:00
2024-10-30 09:09:02.184,13.0,0,0.0,2024-10-30 09:09:00
2024-10-30 09:09:02.248,13.0,0,0.0,2024-10-30 09:09:00
2024-10-30 09:09:02.766,13.0,0,0.0,2024-10-30 09:09:00
2024-10-30 09:09:02.834,13.0,0,0.0,2024-10-30 09:09:00
2024-10-30 09:09:03.195,13.0,0,0.0,2024-10-30 09:09:00
2024-10-30 09:09:04.392,13.0,0,0.0,2024-10-30 09:09:00
2024-10-30 09:09:13.518,13.0,0,0.0,2024-10-30 09:09:00
2024-10-30 09:09:13.520,13.0,0,0.0,2024-10-30 09:09:00
2024-10-30 09:09:13.831,13.0,0,0.0,2024-10-30 09:09:00
2024-10-30 09:09:13.849,13.0,0,0.0,2024-10-30 09:09:00
2024-10-30 09:09:14.247,13.0,0,0.0,2024-10-30 09:09:00
2024-10-30 09:09:14.286,13.0,0,0.0,2024-10-30 09:09:00
2024-10-30 09:09:14.759,13.0,0,0.0,2024-10-30 09:09:00
2024-10-30 09:09:14.794,13.0,0,0.0,2024-10-30 09:09:00
2024-10-30 09:09:15.266,13.0,0,0.0,2024-10-30 09:09:00
2024-10-30 09:09:15.844,13.0,0,0.0,2024-10-30 09:09:00
2024-10-30 09:09:25.510,13.0,0,0.0,2024-10-30 09:09:00
2024-10-30 09:09:25.515,13.0,0,0.0,2024-10-30 09:09:00
2024-10-30 09:09:25.903,13.0,0,0.0,2024-10-30 09:09:00
2024-10-30 09:09:25.957,13.0,0,0.0,2024-10-30 09:09:00
2024-10-30 09:09:26.397,13.0,0,0.0,2024-10-30 09:09:00
2024-10-30 09:09:26.451,13.0,0,0.0,2024-10-30 09:09:00
2024-10-30 09:09:26.883,13.0,0,0.0,2024-10-30 09:09:00
2024-10-30 09:09:26.902,13.0,0,0.0,2024-10-30 09:09:00
2024-10-30 09:09:27.393,13.0,0,0.0,2024-10-30 09:09:00
2024-10-30 09:09:29.440,13.0,0,0.0,2024-10-30 09:09:00
2024-10-30 09:09:31.312,13.0,0,0.0,2024-10-30 09:09:00
2024-10-30 09:09:33.283,13.0,0,0.0,2024-10-30 09:09:00
2024-10-30 09:09:35.592,13.0,0,0.0,2024-10-30 09:09:00
2024-10-30 09:09:37.516,13.0,0,0.0,2024-10-30 09:09:00
2024-10-30 09:09:37.520,13.0,0,0.0,2024-10-30 09:09:00
2024-10-30 09:09:37.813,13.0,0,0.0,2024-10-30 09:09:00
2024-10-30 09:09:37.847,13.0,0,0.0,2024-10-30 09:09:00
2024-10-30 09:09:38.192,13.0,0,0.0,2024-10-30 09:09:00
2024-10-30 09:09:38.352,13.0,0,0.0,2024-10-30 09:09:00
2024-10-30 09:09:38.706,13.0,0,0.0,2024-10-30 09:09:00
2024-10-30 09:09:38.785,13.0,0,0.0,2024-10-30 09:09:00
2024-10-30 09:09:39.213,13.0,0,0.0,2024-10-30 09:09:00
2024-10-30 09:09:42.795,13.0,0,0.0,2024-10-30 09:09:00
2024-10-30 09:09:42.799,13.0,0,0.0,2024-10-30 09:09:00
2024-10-30 09:09:45.196,13.0,0,0.0,2024-10-30 09:09:00
2024-10-30 09:09:48.593,13.0,0,0.0,2024-10-30 09:09:00
2024-10-30 09:09:49.167,13.0,0,0.0,2024-10-30 09:09:00
2024-10-30 09:09:49.241,13.0,0,0.0,2024-10-30 09:09:00
2024-10-30 09:09:49.746,13.0,0,0.0,2024-10-30 09:09:00
2024-10-30 09:09:49.815,13.0,0,0.0,2024-10-30 09:09:00
2024-10-30 09:09:50.197,13.0,0,0.0,2024-10-30 09:09:00
2024-10-30 09:09:50.250,13.0,0,0.0,2024-10-30 09:09:00
2024-10-30 09:09:50.701,13.0,0,0.0,2024-10-30 09:09:00
2024-10-30 09:09:50.770,13.0,0,0.0,2024-10-30 09:09:00
2024-10-30 09:09:51.227,13.0,0,0.0,2024-10-30 09:09:00
2024-10-30 09:09:52.472,13.0,0,0.0,2024-10-30 09:09:00
2024-10-30 09:09:54.793,13.0,0,0.0,2024-10-30 09:09:00
2024-10-30 09:09:56.794,13.0,0,0.0,2024-10-30 09:09:00
2024-10-30 09:09:59.115,13.0,0,0.0,2024-10-30 09:09:00
2024-10-30 09:10:01.046,13.0,0,0.0,2024-10-30 09:10:00
2024-10-30 09:10:01.338,13.0,0,0.0,2024-10-30 09:10:00
2024-10-30 09:10:01.542,13.0,0,0.0,2024-10-30 09:10:00
2024-10-30 09:10:01.821,13.0,0,0.0,2024-10-30 09:10:00
2024-10-30 09:10:02.003,13.0,0,0.0,2024-10-30 09:10:00
2024-10-30 09:10:02.225,13.0,0,0.0,2024-10-30 09:10:00
2024-10-30 09:10:02.610,13.0,0,0.0,2024-10-30 09:10:00
2024-10-30 09:10:02.733,13.0,0,0.0,2024-10-30 09:10:00
2024-10-30 09:10:03.024,13.0,0,0.0,2024-10-30 09:10:00
2024-10-30 09:10:06.865,13.0,0,0.0,2024-10-30 09:10:00
2024-10-30 09:10:06.916,13.0,0,0.0,2024-10-30 09:10:00
2024-10-30 09:10:08.714,13.0,0,0.0,2024-10-30 09:10:00
2024-10-30 09:10:11.132,13.0,0,0.0,2024-10-30 09:10:00
2024-10-30 09:10:13.033,13.0,0,0.0,2024-10-30 09:10:00
2024-10-30 09:10:13.203,13.0,0,0.0,2024-10-30 09:10:00
2024-10-30 09:10:13.331,13.0,0,0.0,2024-10-30 09:10:00
2024-10-30 09:10:13.715,13.0,0,0.0,2024-10-30 09:10:00
2024-10-30 09:10:13.836,13.0,0,0.0,2024-10-30 09:10:00
2024-10-30 09:10:14.216,13.0,0,0.0,2024-10-30 09:10:00
2024-10-30 09:10:14.347,13.0,0,0.0,2024-10-30 09:10:00
2024-10-30 09:10:14.720,13.0,0,0.0,2024-10-30 09:10:00
2024-10-30 09:10:14.855,13.0,0,0.0,2024-10-30 09:10:00
2024-10-30 09:10:16.401,13.0,0,0.0,2024-10-30 09:10:00
2024-10-30 09:10:18.331,13.0,0,0.0,2024-10-30 09:10:00
2024-10-30 09:10:20.713,13.0,0,0.0,2024-10-30 09:10:00
2024-10-30 09:10:22.637,13.0,0,0.0,2024-10-30 09:10:00
2024-10-30 09:10:25.035,13.0,0,0.0,2024-10-30 09:10:00
2024-10-30 09:10:25.192,13.0,0,0.0,2024-10-30 09:10:00
2024-10-30 09:10:25.236,13.0,0,0.0,2024-10-30 09:10:00
2024-10-30 09:10:25.783,13.0,0,0.0,2024-10-30 09:10:00
2024-10-30 09:10:25.854,13.0,0,0.0,2024-10-30 09:10:00
2024-10-30 09:10:26.200,13.0,0,0.0,2024-10-30 09:10:00
2024-10-30 09:10:26.256,13.0,0,0.0,2024-10-30 09:10:00
2024-10-30 09:10:26.715,13.0,0,0.0,2024-10-30 09:10:00
2024-10-30 09:10:26.769,13.0,0,0.0,2024-10-30 09:10:00
2024-10-30 09:10:28.391,13.0,0,0.0,2024-10-30 09:10:00
2024-10-30 09:10:30.316,13.0,0,0.0,2024-10-30 09:10:00
2024-10-30 09:10:32.712,13.0,0,0.0,2024-10-30 09:10:00
2024-10-30 09:10:34.709,13.0,0,0.0,2024-10-30 09:10:00
2024-10-30 09:10:37.035,13.0,0,0.0,2024-10-30 09:10:00
2024-10-30 09:10:37.267,13.0,0,0.0,2024-10-30 09:10:00
2024-10-30 09:10:37.277,13.0,0,0.0,2024-10-30 09:10:00
2024-10-30 09:10:37.803,13.0,0,0.0,2024-10-30 09:10:00
2024-10-30 09:10:37.809,13.0,0,0.0,2024-10-30 09:10:00
2024-10-30 09:10:38.217,13.0,0,0.0,2024-10-30 09:10:00
2024-10-30 09:10:38.237,13.0,0,0.0,2024-10-30 09:10:00
2024-10-30 09:10:38.739,13.0,0,0.0,2024-10-30 09:10:00
2024-10-30 09:10:38.749,13.0,0,0.0,2024-10-30 09:10:00
2024-10-30 09:10:39.833,13.0,0,0.0,2024-10-30 09:10:00
2024-10-30 09:10:42.383,13.0,0,0.0,2024-10-30 09:10:00
2024-10-30 09:10:44.236,13.0,0,0.0,2024-10-30 09:10:00
2024-10-30 09:10:46.683,13.0,0,0.0,2024-10-30 09:10:00
2024-10-30 09:10:48.553,13.0,0,0.0,2024-10-30 09:10:00
2024-10-30 09:10:49.193,13.0,0,0.0,2024-10-30 09:10:00
2024-10-30 09:10:49.213,13.0,0,0.0,2024-10-30 09:10:00
2024-10-30 09:10:49.807,13.0,0,0.0,2024-10-30 09:10:00
2024-10-30 09:10:49.812,13.0,0,0.0,2024-10-30 09:10:00
2024-10-30 09:10:50.209,13.0,0,0.0,2024-10-30 09:10:00
2024-10-30 09:10:50.233,13.0,0,0.0,2024-10-30 09:10:00
2024-10-30 09:10:50.759,13.0,0,0.0,2024-10-30 09:10:00
2024-10-30 09:10:50.764,13.0,0,0.0,2024-10-30 09:10:00
2024-10-30 09:10:51.797,13.0,0,0.0,2024-10-30 09:10:00
2024-10-30 09:10:54.315,13.0,0,0.0,2024-10-30 09:10:00
2024-10-30 09:10:56.241,13.0,0,0.0,2024-10-30 09:10:00
2024-10-30 09:10:58.628,13.0,0,0.0,2024-10-30 09:10:00
2024-10-30 09:11:00.553,13.0,0,0.0,2024-10-30 09:11:00
2024-10-30 09:11:01.173,13.0,0,0.0,2024-10-30 09:11:00
2024-10-30 09:11:01.183,13.0,0,0.0,2024-10-30 09:11:00
2024-10-30 09:11:01.798,13.0,0,0.0,2024-10-30 09:11:00
2024-10-30 09:11:01.907,13.0,0,0.0,2024-10-30 09:11:00
2024-10-30 09:11:02.192,13.0,0,0.0,2024-10-30 09:11:00
2024-10-30 09:11:02.204,13.0,0,0.0,2024-10-30 09:11:00
2024-10-30 09:11:02.759,13.0,0,0.0,2024-10-30 09:11:00
2024-10-30 09:11:02.832,13.0,0,0.0,2024-10-30 09:11:00
2024-10-30 09:11:03.658,13.0,0,0.0,2024-10-30 09:11:00
2024-10-30 09:11:05.833,13.0,0,0.0,2024-10-30 09:11:00
2024-10-30 09:11:08.231,13.0,0,0.0,2024-10-30 09:11:00
2024-10-30 09:11:10.193,13.0,0,0.0,2024-10-30 09:11:00
2024-10-30 09:11:12.554,13.0,0,0.0,2024-10-30 09:11:00
2024-10-30 09:11:13.260,13.0,0,0.0,2024-10-30 09:11:00
2024-10-30 09:11:13.332,13.0,0,0.0,2024-10-30 09:11:00
2024-10-30 09:11:13.729,13.0,0,0.0,2024-10-30 09:11:00
2024-10-30 09:11:13.795,13.0,0,0.0,2024-10-30 09:11:00
2024-10-30 09:11:14.168,13.0,0,0.0,2024-10-30 09:11:00
2024-10-30 09:11:14.189,13.0,0,0.0,2024-10-30 09:11:00
2024-10-30 09:11:14.774,13.0,0,0.0,2024-10-30 09:11:00
2024-10-30 09:11:14.780,13.0,0,0.0,2024-10-30 09:11:00
2024-10-30 09:11:15.593,13.0,0,0.0,2024-10-30 09:11:00
2024-10-30 09:11:25.509,13.0,0,0.0,2024-10-30 09:11:00
2024-10-30 09:11:25.514,13.0,0,0.0,2024-10-30 09:11:00
2024-10-30 09:11:25.872,13.0,0,0.0,2024-10-30 09:11:00
2024-10-30 09:11:26.005,13.0,0,0.0,2024-10-30 09:11:00
2024-10-30 09:11:26.294,13.0,0,0.0,2024-10-30 09:11:00
2024-10-30 09:11:26.485,13.0,0,0.0,2024-10-30 09:11:00
2024-10-30 09:11:26.812,13.0,0,0.0,2024-10-30 09:11:00
2024-10-30 09:11:26.932,13.0,0,0.0,2024-10-30 09:11:00
2024-10-30 09:11:27.411,13.0,0,0.0,2024-10-30 09:11:00
2024-10-30 09:11:27.963,13.0,0,0.0,2024-10-30 09:11:00
2024-10-30 09:11:37.512,13.0,0,0.0,2024-10-30 09:11:00
2024-10-30 09:11:37.519,13.0,0,0.0,2024-10-30 09:11:00
2024-10-30 09:11:37.903,13.0,0,0.0,2024-10-30 09:11:00
2024-10-30 09:11:37.937,13.0,0,0.0,2024-10-30 09:11:00
2024-10-30 09:11:38.584,13.0,0,0.0,2024-10-30 09:11:00
2024-10-30 09:11:38.715,13.0,0,0.0,2024-10-30 09:11:00
2024-10-30 09:11:38.923,13.0,0,0.0,2024-10-30 09:11:00
2024-10-30 09:11:38.987,13.0,0,0.0,2024-10-30 09:11:00
2024-10-30 09:11:39.426,13.0,0,0.0,2024-10-30 09:11:00
2024-10-30 09:11:41.363,13.0,0,0.0,2024-10-30 09:11:00
2024-10-30 09:11:43.289,13.0,0,0.0,2024-10-30 09:11:00
2024-10-30 09:11:45.194,13.0,0,0.0,2024-10-30 09:11:00
2024-10-30 09:11:47.779,13.0,0,0.0,2024-10-30 09:11:00
2024-10-30 09:11:49.513,13.0,0,0.0,2024-10-30 09:11:00
2024-10-30 09:11:49.521,13.0,0,0.0,2024-10-30 09:11:00
2024-10-30 09:11:49.914,13.0,0,0.0,2024-10-30 09:11:00
2024-10-30 09:11:49.919,13.0,0,0.0,2024-10-30 09:11:00
2024-10-30 09:11:50.318,13.0,0,0.0,2024-10-30 09:11:00
2024-10-30 09:11:50.461,13.0,0,0.0,2024-10-30 09:11:00
2024-10-30 09:11:50.828,13.0,0,0.0,2024-10-30 09:11:00
2024-10-30 09:11:50.848,13.0,0,0.0,2024-10-30 09:11:00
2024-10-30 09:11:51.341,13.0,0,0.0,2024-10-30 09:11:00
2024-10-30 09:11:52.871,13.0,0,0.0,2024-10-30 09:11:00
2024-10-30 09:11:55.280,13.0,0,0.0,2024-10-30 09:11:00
2024-10-30 09:11:59.116,13.0,0,0.0,2024-10-30 09:11:00
2024-10-30 09:11:59.164,13.0,0,0.0,2024-10-30 09:11:00
2024-10-30 09:12:01.635,13.0,0,0.0,2024-10-30 09:12:00
2024-10-30 09:12:01.735,13.0,0,0.0,2024-10-30 09:12:00
2024-10-30 09:12:01.852,13.0,0,0.0,2024-10-30 09:12:00
2024-10-30 09:12:01.888,13.0,0,0.0,2024-10-30 09:12:00
2024-10-30 09:12:02.336,13.0,0,0.0,2024-10-30 09:12:00
2024-10-30 09:12:02.430,13.0,0,0.0,2024-10-30 09:12:00
2024-10-30 09:12:02.914,13.0,0,0.0,2024-10-30 09:12:00
2024-10-30 09:12:02.964,13.0,0,0.0,2024-10-30 09:12:00
2024-10-30 09:12:03.386,13.0,0,0.0,2024-10-30 09:12:00
2024-10-30 09:12:04.918,13.0,0,0.0,2024-10-30 09:12:00
2024-10-30 09:12:06.863,13.0,0,0.0,2024-10-30 09:12:00
2024-10-30 09:12:09.297,13.0,0,0.0,2024-10-30 09:12:00
2024-10-30 09:12:12.264,13.0,0,0.0,2024-10-30 09:12:00
2024-10-30 09:12:13.524,13.0,0,0.0,2024-10-30 09:12:00
2024-10-30 09:12:13.529,13.0,0,0.0,2024-10-30 09:12:00
2024-10-30 09:12:13.756,13.0,0,0.0,2024-10-30 09:12:00
2024-10-30 09:12:13.828,13.0,0,0.0,2024-10-30 09:12:00
2024-10-30 09:12:14.270,13.0,0,0.0,2024-10-30 09:12:00
2024-10-30 09:12:14.405,13.0,0,0.0,2024-10-30 09:12:00
2024-10-30 09:12:14.786,13.0,0,0.0,2024-10-30 09:12:00
2024-10-30 09:12:14.854,13.0,0,0.0,2024-10-30 09:12:00
2024-10-30 09:12:15.291,13.0,0,0.0,2024-10-30 09:12:00
2024-10-30 09:12:17.014,13.0,0,0.0,2024-10-30 09:12:00
2024-10-30 09:12:18.795,13.0,0,0.0,2024-10-30 09:12:00
2024-10-30 09:12:23.113,13.0,0,0.0,2024-10-30 09:12:00
2024-10-30 09:12:23.119,13.0,0,0.0,2024-10-30 09:12:00
2024-10-30 09:12:25.515,13.0,0,0.0,2024-10-30 09:12:00
2024-10-30 09:12:25.520,13.0,0,0.0,2024-10-30 09:12:00
2024-10-30 09:12:25.559,13.0,0,0.0,2024-10-30 09:12:00
2024-10-30 09:12:25.786,13.0,0,0.0,2024-10-30 09:12:00
2024-10-30 09:12:26.075,13.0,0,0.0,2024-10-30 09:12:00
2024-10-30 09:12:26.293,13.0,0,0.0,2024-10-30 09:12:00
2024-10-30 09:12:26.593,13.0,0,0.0,2024-10-30 09:12:00
2024-10-30 09:12:26.827,13.0,0,0.0,2024-10-30 09:12:00
2024-10-30 09:12:27.086,13.0,0,0.0,2024-10-30 09:12:00
2024-10-30 09:12:28.541,13.0,0,0.0,2024-10-30 09:12:00
2024-10-30 09:12:30.800,13.0,0,0.0,2024-10-30 09:12:00
2024-10-30 09:12:34.156,13.0,0,0.0,2024-10-30 09:12:00
2024-10-30 09:12:34.894,13.0,0,0.0,2024-10-30 09:12:00
2024-10-30 09:12:37.071,13.0,0,0.0,2024-10-30 09:12:00
2024-10-30 09:12:37.284,13.0,0,0.0,2024-10-30 09:12:00
2024-10-30 09:12:37.495,13.0,0,0.0,2024-10-30 09:12:00
2024-10-30 09:12:37.794,13.0,0,0.0,2024-10-30 09:12:00
2024-10-30 09:12:37.899,13.0,0,0.0,2024-10-30 09:12:00
2024-10-30 09:12:38.292,13.0,0,0.0,2024-10-30 09:12:00
2024-10-30 09:12:38.414,13.0,0,0.0,2024-10-30 09:12:00
2024-10-30 09:12:38.821,13.0,0,0.0,2024-10-30 09:12:00
2024-10-30 09:12:38.934,13.0,0,0.0,2024-10-30 09:12:00
2024-10-30 09:12:49.510,13.0,0,0.0,2024-10-30 09:12:00
2024-10-30 09:12:49.517,13.0,0,0.0,2024-10-30 09:12:00
2024-10-30 09:12:49.922,13.0,0,0.0,2024-10-30 09:12:00
2024-10-30 09:12:50.025,13.0,0,0.0,2024-10-30 09:12:00
2024-10-30 09:12:50.429,13.0,0,0.0,2024-10-30 09:12:00
2024-10-30 09:12:50.535,13.0,0,0.0,2024-10-30 09:12:00
2024-10-30 09:12:50.948,13.0,0,0.0,2024-10-30 09:12:00
2024-10-30 09:12:51.048,13.0,0,0.0,2024-10-30 09:12:00
2024-10-30 09:12:51.495,13.0,0,0.0,2024-10-30 09:12:00
2024-10-30 09:12:51.933,13.0,0,0.0,2024-10-30 09:12:00
2024-10-30 09:13:02.048,13.0,0,0.0,2024-10-30 09:13:00
2024-10-30 09:13:02.049,13.0,0,0.0,2024-10-30 09:13:00
2024-10-30 09:13:02.165,13.0,0,0.0,2024-10-30 09:13:00
2024-10-30 09:13:02.206,13.0,0,0.0,2024-10-30 09:13:00
2024-10-30 09:13:02.600,13.0,0,0.0,2024-10-30 09:13:00
2024-10-30 09:13:02.610,13.0,0,0.0,2024-10-30 09:13:00
2024-10-30 09:13:03.100,13.0,0,0.0,2024-10-30 09:13:00
2024-10-30 09:13:03.106,13.0,0,0.0,2024-10-30 09:13:00
2024-10-30 09:13:03.599,13.0,0,0.0,2024-10-30 09:13:00
2024-10-30 09:13:05.357,13.0,0,0.0,2024-10-30 09:13:00
2024-10-30 09:13:07.326,13.0,0,0.0,2024-10-30 09:13:00
2024-10-30 09:13:09.197,13.0,0,0.0,2024-10-30 09:13:00
2024-10-30 09:13:13.998,13.0,0,0.0,2024-10-30 09:13:00
2024-10-30 09:13:14.003,13.0,0,0.0,2024-10-30 09:13:00
2024-10-30 09:13:14.066,13.0,0,0.0,2024-10-30 09:13:00
2024-10-30 09:13:14.093,13.0,0,0.0,2024-10-30 09:13:00
2024-10-30 09:13:14.576,13.0,0,0.0,2024-10-30 09:13:00
2024-10-30 09:13:14.602,13.0,0,0.0,2024-10-30 09:13:00
2024-10-30 09:13:15.081,13.0,0,0.0,2024-10-30 09:13:00
2024-10-30 09:13:15.114,13.0,0,0.0,2024-10-30 09:13:00
2024-10-30 09:13:15.595,13.0,0,0.0,2024-10-30 09:13:00
2024-10-30 09:13:25.033,13.0,0,0.0,2024-10-30 09:13:00
2024-10-30 09:13:25.558,13.0,0,0.0,2024-10-30 09:13:00
2024-10-30 09:13:25.565,13.0,0,0.0,2024-10-30 09:13:00
2024-10-30 09:13:26.120,13.0,0,0.0,2024-10-30 09:13:00
2024-10-30 09:13:26.127,13.0,0,0.0,2024-10-30 09:13:00
2024-10-30 09:13:26.607,13.0,0,0.0,2024-10-30 09:13:00
2024-10-30 09:13:26.652,13.0,0,0.0,2024-10-30 09:13:00
2024-10-30 09:13:27.099,13.0,0,0.0,2024-10-30 09:13:00
2024-10-30 09:13:27.160,13.0,0,0.0,2024-10-30 09:13:00
2024-10-30 09:13:27.649,13.0,0,0.0,2024-10-30 09:13:00
2024-10-30 09:13:29.955,13.0,0,0.0,2024-10-30 09:13:00
2024-10-30 09:13:37.997,13.0,0,0.0,2024-10-30 09:13:00
2024-10-30 09:13:38.005,13.0,0,0.0,2024-10-30 09:13:00
2024-10-30 09:13:38.162,13.0,0,0.0,2024-10-30 09:13:00
2024-10-30 09:13:38.203,13.0,0,0.0,2024-10-30 09:13:00
2024-10-30 09:13:38.670,13.0,0,0.0,2024-10-30 09:13:00
2024-10-30 09:13:38.710,13.0,0,0.0,2024-10-30 09:13:00
2024-10-30 09:13:39.180,13.0,0,0.0,2024-10-30 09:13:00
2024-10-30 09:13:39.216,13.0,0,0.0,2024-10-30 09:13:00
2024-10-30 09:13:39.695,13.0,0,0.0,2024-10-30 09:13:00
2024-10-30 09:13:41.465,13.0,0,0.0,2024-10-30 09:13:00
2024-10-30 09:13:42.337,13.0,0,0.0,2024-10-30 09:13:00
2024-10-30 09:13:49.996,13.0,0,0.0,2024-10-30 09:13:00
2024-10-30 09:13:50.003,13.0,0,0.0,2024-10-30 09:13:00
2024-10-30 09:13:50.375,13.0,0,0.0,2024-10-30 09:13:00
2024-10-30 09:13:50.445,13.0,0,0.0,2024-10-30 09:13:00
2024-10-30 09:13:50.776,13.0,0,0.0,2024-10-30 09:13:00
2024-10-30 09:13:50.800,13.0,0,0.0,2024-10-30 09:13:00
2024-10-30 09:13:51.287,13.0,0,0.0,2024-10-30 09:13:00
2024-10-30 09:13:51.308,13.0,0,0.0,2024-10-30 09:13:00
2024-10-30 09:13:51.801,13.0,0,0.0,2024-10-30 09:13:00
2024-10-30 09:14:02.057,13.0,0,0.0,2024-10-30 09:14:00
2024-10-30 09:14:02.103,13.0,0,0.0,2024-10-30 09:14:00
2024-10-30 09:14:02.377,13.0,0,0.0,2024-10-30 09:14:00
2024-10-30 09:14:02.384,13.0,0,0.0,2024-10-30 09:14:00
2024-10-30 09:14:02.875,13.0,0,0.0,2024-10-30 09:14:00
2024-10-30 09:14:02.877,13.0,0,0.0,2024-10-30 09:14:00
2024-10-30 09:14:03.389,13.0,0,0.0,2024-10-30 09:14:00
2024-10-30 09:14:03.398,13.0,0,0.0,2024-10-30 09:14:00
2024-10-30 09:14:03.899,13.0,0,0.0,2024-10-30 09:14:00
2024-10-30 09:14:04.552,13.0,0,0.0,2024-10-30 09:14:00
2024-10-30 09:14:06.831,13.0,0,0.0,2024-10-30 09:14:00
2024-10-30 09:14:13.997,13.0,0,0.0,2024-10-30 09:14:00
2024-10-30 09:14:14.008,13.0,0,0.0,2024-10-30 09:14:00
2024-10-30 09:14:14.370,13.0,0,0.0,2024-10-30 09:14:00
2024-10-30 09:14:14.403,13.0,0,0.0,2024-10-30 09:14:00
2024-10-30 09:14:14.889,13.0,0,0.0,2024-10-30 09:14:00
2024-10-30 09:14:14.917,13.0,0,0.0,2024-10-30 09:14:00
2024-10-30 09:14:15.394,13.0,0,0.0,2024-10-30 09:14:00
2024-10-30 09:14:15.428,13.0,0,0.0,2024-10-30 09:14:00
2024-10-30 09:14:15.977,13.0,0,0.0,2024-10-30 09:14:00
2024-10-30 09:14:17.881,13.0,0,0.0,2024-10-30 09:14:00
2024-10-30 09:14:19.865,13.0,0,0.0,2024-10-30 09:14:00
2024-10-30 09:14:21.776,13.0,0,0.0,2024-10-30 09:14:00
2024-10-30 09:14:24.560,13.0,0,0.0,2024-10-30 09:14:00
2024-10-30 09:14:25.516,13.0,0,0.0,2024-10-30 09:14:00
2024-10-30 09:14:25.784,13.0,0,0.0,2024-10-30 09:14:00
2024-10-30 09:14:26.032,13.0,0,0.0,2024-10-30 09:14:00
2024-10-30 09:14:26.286,13.0,0,0.0,2024-10-30 09:14:00
2024-10-30 09:14:26.541,13.0,0,0.0,2024-10-30 09:14:00
2024-10-30 09:14:26.810,13.0,0,0.0,2024-10-30 09:14:00
2024-10-30 09:14:27.079,13.0,0,0.0,2024-10-30 09:14:00
2024-10-30 09:14:27.340,13.0,0,0.0,2024-10-30 09:14:00
2024-10-30 09:14:27.697,13.0,0,0.0,2024-10-30 09:14:00
2024-10-30 09:14:37.997,13.0,0,0.0,2024-10-30 09:14:00
2024-10-30 09:14:38.002,13.0,0,0.0,2024-10-30 09:14:00
2024-10-30 09:14:38.425,13.0,0,0.0,2024-10-30 09:14:00
2024-10-30 09:14:38.478,13.0,0,0.0,2024-10-30 09:14:00
2024-10-30 09:14:39.007,13.0,0,0.0,2024-10-30 09:14:00
2024-10-30 09:14:39.071,13.0,0,0.0,2024-10-30 09:14:00
2024-10-30 09:14:39.436,13.0,0,0.0,2024-10-30 09:14:00
2024-10-30 09:14:39.495,13.0,0,0.0,2024-10-30 09:14:00
2024-10-30 09:14:39.948,13.0,0,0.0,2024-10-30 09:14:00
2024-10-30 09:14:40.518,13.0,0,0.0,2024-10-30 09:14:00
2024-10-30 09:14:42.865,13.0,0,0.0,2024-10-30 09:14:00
2024-10-30 09:14:44.717,13.0,0,0.0,2024-10-30 09:14:00
2024-10-30 09:14:46.732,13.0,0,0.0,2024-10-30 09:14:00
2024-10-30 09:14:48.563,13.0,0,0.0,2024-10-30 09:14:00
2024-10-30 09:14:50.585,13.0,0,0.0,2024-10-30 09:14:00
2024-10-30 09:14:50.587,13.0,0,0.0,2024-10-30 09:14:00
2024-10-30 09:14:50.590,13.0,0,0.0,2024-10-30 09:14:00
2024-10-30 09:14:50.606,13.0,0,0.0,2024-10-30 09:14:00
2024-10-30 09:14:50.960,13.0,0,0.0,2024-10-30 09:14:00
2024-10-30 09:14:50.993,13.0,0,0.0,2024-10-30 09:14:00
2024-10-30 09:14:51.466,13.0,0,0.0,2024-10-30 09:14:00
2024-10-30 09:14:51.503,13.0,0,0.0,2024-10-30 09:14:00
2024-10-30 09:14:52.059,13.0,0,0.0,2024-10-30 09:14:00
2024-10-30 09:14:53.839,13.0,0,0.0,2024-10-30 09:14:00
2024-10-30 09:14:56.244,13.0,0,0.0,2024-10-30 09:14:00
2024-10-30 09:14:58.158,13.0,0,0.0,2024-10-30 09:14:00
2024-10-30 09:15:00.555,13.0,0,0.0,2024-10-30 09:15:00
2024-10-30 09:15:02.173,13.0,0,0.0,2024-10-30 09:15:00
2024-10-30 09:15:02.181,13.0,0,0.0,2024-10-30 09:15:00
2024-10-30 09:15:02.452,13.0,0,0.0,2024-10-30 09:15:00
2024-10-30 09:15:02.457,13.0,0,0.0,2024-10-30 09:15:00
2024-10-30 09:15:02.991,13.0,0,0.0,2024-10-30 09:15:00
2024-10-30 09:15:02.994,13.0,0,0.0,2024-10-30 09:15:00
2024-10-30 09:15:03.457,13.0,0,0.0,2024-10-30 09:15:00
2024-10-30 09:15:03.472,13.0,0,0.0,2024-10-30 09:15:00
2024-10-30 09:15:03.962,13.0,0,0.0,2024-10-30 09:15:00
2024-10-30 09:15:10.639,13.0,0,0.0,2024-10-30 09:15:00
2024-10-30 09:15:14.476,13.0,0,0.0,2024-10-30 09:15:00
2024-10-30 09:15:14.482,13.0,0,0.0,2024-10-30 09:15:00
2024-10-30 09:15:14.502,13.0,0,0.0,2024-10-30 09:15:00
2024-10-30 09:15:14.521,13.0,0,0.0,2024-10-30 09:15:00
2024-10-30 09:15:15.016,13.0,0,0.0,2024-10-30 09:15:00
2024-10-30 09:15:15.031,13.0,0,0.0,2024-10-30 09:15:00
2024-10-30 09:15:15.527,13.0,0,0.0,2024-10-30 09:15:00
2024-10-30 09:15:15.540,13.0,0,0.0,2024-10-30 09:15:00
2024-10-30 09:15:16.132,13.0,0,0.0,2024-10-30 09:15:00
2024-10-30 09:15:17.415,13.0,0,0.0,2024-10-30 09:15:00
2024-10-30 09:15:26.472,13.0,0,0.0,2024-10-30 09:15:00
2024-10-30 09:15:26.477,13.0,0,0.0,2024-10-30 09:15:00
2024-10-30 09:15:26.569,13.0,0,0.0,2024-10-30 09:15:00
2024-10-30 09:15:26.573,13.0,0,0.0,2024-10-30 09:15:00
2024-10-30 09:15:27.109,13.0,0,0.0,2024-10-30 09:15:00
2024-10-30 09:15:27.174,13.0,0,0.0,2024-10-30 09:15:00
2024-10-30 09:15:27.636,13.0,0,0.0,2024-10-30 09:15:00
2024-10-30 09:15:27.690,13.0,0,0.0,2024-10-30 09:15:00
2024-10-30 09:15:28.112,13.0,0,0.0,2024-10-30 09:15:00
2024-10-30 09:15:28.911,13.0,0,0.0,2024-10-30 09:15:00
2024-10-30 09:15:38.475,13.0,0,0.0,2024-10-30 09:15:00
2024-10-30 09:15:38.481,13.0,0,0.0,2024-10-30 09:15:00
2024-10-30 09:15:38.681,13.0,0,0.0,2024-10-30 09:15:00
2024-10-30 09:15:38.685,13.0,0,0.0,2024-10-30 09:15:00
2024-10-30 09:15:39.234,13.0,0,0.0,2024-10-30 09:15:00
2024-10-30 09:15:39.236,13.0,0,0.0,2024-10-30 09:15:00
2024-10-30 09:15:39.700,13.0,0,0.0,2024-10-30 09:15:00
2024-10-30 09:15:39.712,13.0,0,0.0,2024-10-30 09:15:00
2024-10-30 09:15:40.214,13.0,0,0.0,2024-10-30 09:15:00
2024-10-30 09:15:41.832,13.0,0,0.0,2024-10-30 09:15:00
2024-10-30 09:15:50.476,13.0,0,0.0,2024-10-30 09:15:00
2024-10-30 09:15:50.484,13.0,0,0.0,2024-10-30 09:15:00
2024-10-30 09:15:50.722,13.0,0,0.0,2024-10-30 09:15:00
2024-10-30 09:15:50.767,13.0,0,0.0,2024-10-30 09:15:00
2024-10-30 09:15:51.178,13.0,0,0.0,2024-10-30 09:15:00
2024-10-30 09:15:51.278,13.0,0,0.0,2024-10-30 09:15:00
2024-10-30 09:15:51.694,13.0,0,0.0,2024-10-30 09:15:00
2024-10-30 09:15:51.789,13.0,0,0.0,2024-10-30 09:15:00
2024-10-30 09:15:52.210,13.0,0,0.0,2024-10-30 09:15:00
2024-10-30 09:15:52.802,13.0,0,0.0,2024-10-30 09:15:00
2024-10-30 09:15:55.279,13.0,0,0.0,2024-10-30 09:15:00
2024-10-30 09:15:57.211,13.0,0,0.0,2024-10-30 09:15:00
2024-10-30 09:15:59.594,13.0,0,0.0,2024-10-30 09:15:00
2024-10-30 09:16:02.507,13.0,0,0.0,2024-10-30 09:16:00
2024-10-30 09:16:02.562,13.0,0,0.0,2024-10-30 09:16:00
2024-10-30 09:16:02.721,13.0,0,0.0,2024-10-30 09:16:00
2024-10-30 09:16:02.763,13.0,0,0.0,2024-10-30 09:16:00
2024-10-30 09:16:03.209,13.0,0,0.0,2024-10-30 09:16:00
2024-10-30 09:16:03.247,13.0,0,0.0,2024-10-30 09:16:00
2024-10-30 09:16:03.696,13.0,0,0.0,2024-10-30 09:16:00
2024-10-30 09:16:03.758,13.0,0,0.0,2024-10-30 09:16:00
2024-10-30 09:16:04.204,13.0,0,0.0,2024-10-30 09:16:00
2024-10-30 09:16:05.835,13.0,0,0.0,2024-10-30 09:16:00
2024-10-30 09:16:07.797,13.0,0,0.0,2024-10-30 09:16:00
2024-10-30 09:16:14.520,13.0,0,0.0,2024-10-30 09:16:00
2024-10-30 09:16:14.526,13.0,0,0.0,2024-10-30 09:16:00
2024-10-30 09:16:14.784,13.0,0,0.0,2024-10-30 09:16:00
2024-10-30 09:16:14.787,13.0,0,0.0,2024-10-30 09:16:00
2024-10-30 09:16:15.297,13.0,0,0.0,2024-10-30 09:16:00
2024-10-30 09:16:15.300,13.0,0,0.0,2024-10-30 09:16:00
2024-10-30 09:16:15.922,13.0,0,0.0,2024-10-30 09:16:00
2024-10-30 09:16:15.926,13.0,0,0.0,2024-10-30 09:16:00
2024-10-30 09:16:16.335,13.0,0,0.0,2024-10-30 09:16:00
2024-10-30 09:16:17.302,13.0,0,0.0,2024-10-30 09:16:00
2024-10-30 09:16:26.532,13.0,0,0.0,2024-10-30 09:16:00
2024-10-30 09:16:26.537,13.0,0,0.0,2024-10-30 09:16:00
2024-10-30 09:16:26.815,13.0,0,0.0,2024-10-30 09:16:00
2024-10-30 09:16:26.835,13.0,0,0.0,2024-10-30 09:16:00
2024-10-30 09:16:27.364,13.0,0,0.0,2024-10-30 09:16:00
2024-10-30 09:16:27.421,13.0,0,0.0,2024-10-30 09:16:00
2024-10-30 09:16:27.834,13.0,0,0.0,2024-10-30 09:16:00
2024-10-30 09:16:27.887,13.0,0,0.0,2024-10-30 09:16:00
2024-10-30 09:16:28.336,13.0,0,0.0,2024-10-30 09:16:00
2024-10-30 09:16:29.199,13.0,0,0.0,2024-10-30 09:16:00
2024-10-30 09:16:38.477,13.0,0,0.0,2024-10-30 09:16:00
2024-10-30 09:16:38.481,13.0,0,0.0,2024-10-30 09:16:00
2024-10-30 09:16:38.832,13.0,0,0.0,2024-10-30 09:16:00
2024-10-30 09:16:38.917,13.0,0,0.0,2024-10-30 09:16:00
2024-10-30 09:16:39.350,13.0,0,0.0,2024-10-30 09:16:00
2024-10-30 09:16:39.429,13.0,0,0.0,2024-10-30 09:16:00
2024-10-30 09:16:39.852,13.0,0,0.0,2024-10-30 09:16:00
2024-10-30 09:16:39.935,13.0,0,0.0,2024-10-30 09:16:00
2024-10-30 09:16:40.356,13.0,0,0.0,2024-10-30 09:16:00
2024-10-30 09:16:41.025,13.0,0,0.0,2024-10-30 09:16:00
2024-10-30 09:16:50.476,13.0,0,0.0,2024-10-30 09:16:00
2024-10-30 09:16:50.480,13.0,0,0.0,2024-10-30 09:16:00
2024-10-30 09:16:50.957,13.0,0,0.0,2024-10-30 09:16:00
2024-10-30 09:16:50.981,13.0,0,0.0,2024-10-30 09:16:00
2024-10-30 09:16:51.469,13.0,0,0.0,2024-10-30 09:16:00
2024-10-30 09:16:51.491,13.0,0,0.0,2024-10-30 09:16:00
2024-10-30 09:16:52.089,13.0,0,0.0,2024-10-30 09:16:00
2024-10-30 09:16:52.129,13.0,0,0.0,2024-10-30 09:16:00
2024-10-30 09:16:52.482,13.0,0,0.0,2024-10-30 09:16:00
2024-10-30 09:16:54.315,13.0,0,0.0,2024-10-30 09:16:00
2024-10-30 09:16:56.236,13.0,0,0.0,2024-10-30 09:16:00
2024-10-30 09:17:02.604,13.0,0,0.0,2024-10-30 09:17:00
2024-10-30 09:17:02.764,13.0,0,0.0,2024-10-30 09:17:00
2024-10-30 09:17:02.999,13.0,0,0.0,2024-10-30 09:17:00
2024-10-30 09:17:03.057,13.0,0,0.0,2024-10-30 09:17:00
2024-10-30 09:17:03.522,13.0,0,0.0,2024-10-30 09:17:00
2024-10-30 09:17:03.533,13.0,0,0.0,2024-10-30 09:17:00
2024-10-30 09:17:03.988,13.0,0,0.0,2024-10-30 09:17:00
2024-10-30 09:17:04.049,13.0,0,0.0,2024-10-30 09:17:00
2024-10-30 09:17:04.496,13.0,0,0.0,2024-10-30 09:17:00
2024-10-30 09:17:05.226,13.0,0,0.0,2024-10-30 09:17:00
2024-10-30 09:17:12.079,13.0,0,0.0,2024-10-30 09:17:00
2024-10-30 09:17:14.953,13.0,0,0.0,2024-10-30 09:17:00
2024-10-30 09:17:14.960,13.0,0,0.0,2024-10-30 09:17:00
2024-10-30 09:17:14.990,13.0,0,0.0,2024-10-30 09:17:00
2024-10-30 09:17:15.057,13.0,0,0.0,2024-10-30 09:17:00
2024-10-30 09:17:15.508,13.0,0,0.0,2024-10-30 09:17:00
2024-10-30 09:17:15.564,13.0,0,0.0,2024-10-30 09:17:00
2024-10-30 09:17:16.013,13.0,0,0.0,2024-10-30 09:17:00
2024-10-30 09:17:16.073,13.0,0,0.0,2024-10-30 09:17:00
2024-10-30 09:17:16.519,13.0,0,0.0,2024-10-30 09:17:00
2024-10-30 09:17:18.362,13.0,0,0.0,2024-10-30 09:17:00
2024-10-30 09:17:20.239,13.0,0,0.0,2024-10-30 09:17:00
2024-10-30 09:17:22.156,13.0,0,0.0,2024-10-30 09:17:00
2024-10-30 09:17:26.959,13.0,0,0.0,2024-10-30 09:17:00
2024-10-30 09:17:26.966,13.0,0,0.0,2024-10-30 09:17:00
2024-10-30 09:17:27.035,13.0,0,0.0,2024-10-30 09:17:00
2024-10-30 09:17:27.104,13.0,0,0.0,2024-10-30 09:17:00
2024-10-30 09:17:27.677,13.0,0,0.0,2024-10-30 09:17:00
2024-10-30 09:17:27.880,13.0,0,0.0,2024-10-30 09:17:00
2024-10-30 09:17:28.079,13.0,0,0.0,2024-10-30 09:17:00
2024-10-30 09:17:28.141,13.0,0,0.0,2024-10-30 09:17:00
2024-10-30 09:17:28.560,13.0,0,0.0,2024-10-30 09:17:00
2024-10-30 09:17:30.475,13.0,0,0.0,2024-10-30 09:17:00
2024-10-30 09:17:32.238,13.0,0,0.0,2024-10-30 09:17:00
2024-10-30 09:17:38.966,13.0,0,0.0,2024-10-30 09:17:00
2024-10-30 09:17:38.974,13.0,0,0.0,2024-10-30 09:17:00
2024-10-30 09:17:39.066,13.0,0,0.0,2024-10-30 09:17:00
2024-10-30 09:17:39.122,13.0,0,0.0,2024-10-30 09:17:00
2024-10-30 09:17:39.572,13.0,0,0.0,2024-10-30 09:17:00
2024-10-30 09:17:39.629,13.0,0,0.0,2024-10-30 09:17:00
2024-10-30 09:17:40.137,13.0,0,0.0,2024-10-30 09:17:00
2024-10-30 09:17:40.143,13.0,0,0.0,2024-10-30 09:17:00
2024-10-30 09:17:40.596,13.0,0,0.0,2024-10-30 09:17:00
2024-10-30 09:17:41.491,13.0,0,0.0,2024-10-30 09:17:00
2024-10-30 09:17:50.956,13.0,0,0.0,2024-10-30 09:17:00
2024-10-30 09:17:50.961,13.0,0,0.0,2024-10-30 09:17:00
2024-10-30 09:17:51.126,13.0,0,0.0,2024-10-30 09:17:00
2024-10-30 09:17:51.190,13.0,0,0.0,2024-10-30 09:17:00
2024-10-30 09:17:51.635,13.0,0,0.0,2024-10-30 09:17:00
2024-10-30 09:17:51.696,13.0,0,0.0,2024-10-30 09:17:00
2024-10-30 09:17:52.240,13.0,0,0.0,2024-10-30 09:17:00
2024-10-30 09:17:52.252,13.0,0,0.0,2024-10-30 09:17:00
2024-10-30 09:17:52.704,13.0,0,0.0,2024-10-30 09:17:00
2024-10-30 09:17:53.404,13.0,0,0.0,2024-10-30 09:17:00
2024-10-30 09:18:03.035,13.0,0,0.0,2024-10-30 09:18:00
2024-10-30 09:18:03.041,13.0,0,0.0,2024-10-30 09:18:00
2024-10-30 09:18:03.272,13.0,0,0.0,2024-10-30 09:18:00
2024-10-30 09:18:03.381,13.0,0,0.0,2024-10-30 09:18:00
2024-10-30 09:18:03.769,13.0,0,0.0,2024-10-30 09:18:00
2024-10-30 09:18:03.778,13.0,0,0.0,2024-10-30 09:18:00
2024-10-30 09:18:04.255,13.0,0,0.0,2024-10-30 09:18:00
2024-10-30 09:18:04.274,13.0,0,0.0,2024-10-30 09:18:00
2024-10-30 09:18:04.763,13.0,0,0.0,2024-10-30 09:18:00
2024-10-30 09:18:06.316,13.0,0,0.0,2024-10-30 09:18:00
2024-10-30 09:18:14.956,13.0,0,0.0,2024-10-30 09:18:00
2024-10-30 09:18:14.964,13.0,0,0.0,2024-10-30 09:18:00
2024-10-30 09:18:15.278,13.0,0,0.0,2024-10-30 09:18:00
2024-10-30 09:18:15.336,13.0,0,0.0,2024-10-30 09:18:00
2024-10-30 09:18:15.772,13.0,0,0.0,2024-10-30 09:18:00
2024-10-30 09:18:15.845,13.0,0,0.0,2024-10-30 09:18:00
2024-10-30 09:18:16.284,13.0,0,0.0,2024-10-30 09:18:00
2024-10-30 09:18:16.351,13.0,0,0.0,2024-10-30 09:18:00
2024-10-30 09:18:16.792,13.0,0,0.0,2024-10-30 09:18:00
2024-10-30 09:18:17.468,13.0,0,0.0,2024-10-30 09:18:00
2024-10-30 09:18:19.764,13.0,0,0.0,2024-10-30 09:18:00
2024-10-30 09:18:21.676,13.0,0,0.0,2024-10-30 09:18:00
2024-10-30 09:18:23.644,13.0,0,0.0,2024-10-30 09:18:00
2024-10-30 09:18:26.002,13.0,0,0.0,2024-10-30 09:18:00
2024-10-30 09:18:26.790,13.0,0,0.0,2024-10-30 09:18:00
2024-10-30 09:18:26.857,13.0,0,0.0,2024-10-30 09:18:00
2024-10-30 09:18:27.233,13.0,0,0.0,2024-10-30 09:18:00
2024-10-30 09:18:27.241,13.0,0,0.0,2024-10-30 09:18:00
2024-10-30 09:18:27.781,13.0,0,0.0,2024-10-30 09:18:00
2024-10-30 09:18:27.787,13.0,0,0.0,2024-10-30 09:18:00
2024-10-30 09:18:28.256,13.0,0,0.0,2024-10-30 09:18:00
2024-10-30 09:18:28.298,13.0,0,0.0,2024-10-30 09:18:00
2024-10-30 09:18:28.883,13.0,0,0.0,2024-10-30 09:18:00
2024-10-30 09:18:31.283,13.0,0,0.0,2024-10-30 09:18:00
2024-10-30 09:18:33.686,13.0,0,0.0,2024-10-30 09:18:00
2024-10-30 09:18:35.704,13.0,0,0.0,2024-10-30 09:18:00
2024-10-30 09:18:38.021,13.0,0,0.0,2024-10-30 09:18:00
2024-10-30 09:18:38.712,13.0,0,0.0,2024-10-30 09:18:00
2024-10-30 09:18:38.718,13.0,0,0.0,2024-10-30 09:18:00
2024-10-30 09:18:39.312,13.0,0,0.0,2024-10-30 09:18:00
2024-10-30 09:18:39.378,13.0,0,0.0,2024-10-30 09:18:00
2024-10-30 09:18:39.721,13.0,0,0.0,2024-10-30 09:18:00
2024-10-30 09:18:39.726,13.0,0,0.0,2024-10-30 09:18:00
2024-10-30 09:18:40.225,13.0,0,0.0,2024-10-30 09:18:00
2024-10-30 09:18:40.232,13.0,0,0.0,2024-10-30 09:18:00
2024-10-30 09:18:40.865,13.0,0,0.0,2024-10-30 09:18:00
2024-10-30 09:18:43.344,13.0,0,0.0,2024-10-30 09:18:00
2024-10-30 09:18:45.685,13.0,0,0.0,2024-10-30 09:18:00
2024-10-30 09:18:47.663,13.0,0,0.0,2024-10-30 09:18:00
2024-10-30 09:18:49.518,13.0,0,0.0,2024-10-30 09:18:00
2024-10-30 09:18:51.439,13.0,0,0.0,2024-10-30 09:18:00
2024-10-30 09:18:51.442,13.0,0,0.0,2024-10-30 09:18:00
2024-10-30 09:18:51.449,13.0,0,0.0,2024-10-30 09:18:00
2024-10-30 09:18:51.455,13.0,0,0.0,2024-10-30 09:18:00
2024-10-30 09:18:51.712,13.0,0,0.0,2024-10-30 09:18:00
2024-10-30 09:18:51.719,13.0,0,0.0,2024-10-30 09:18:00
2024-10-30 09:18:52.213,13.0,0,0.0,2024-10-30 09:18:00
2024-10-30 09:18:52.229,13.0,0,0.0,2024-10-30 09:18:00
2024-10-30 09:18:52.763,13.0,0,0.0,2024-10-30 09:18:00
2024-10-30 09:19:02.971,13.0,0,0.0,2024-10-30 09:19:00
2024-10-30 09:19:03.024,13.0,0,0.0,2024-10-30 09:19:00
2024-10-30 09:19:03.317,13.0,0,0.0,2024-10-30 09:19:00
2024-10-30 09:19:03.381,13.0,0,0.0,2024-10-30 09:19:00
2024-10-30 09:19:03.885,13.0,0,0.0,2024-10-30 09:19:00
2024-10-30 09:19:03.900,13.0,0,0.0,2024-10-30 09:19:00
2024-10-30 09:19:04.371,13.0,0,0.0,2024-10-30 09:19:00
2024-10-30 09:19:04.396,13.0,0,0.0,2024-10-30 09:19:00
2024-10-30 09:19:04.840,13.0,0,0.0,2024-10-30 09:19:00
2024-10-30 09:19:05.412,13.0,0,0.0,2024-10-30 09:19:00
2024-10-30 09:19:14.961,13.0,0,0.0,2024-10-30 09:19:00
2024-10-30 09:19:14.967,13.0,0,0.0,2024-10-30 09:19:00
2024-10-30 09:19:15.430,13.0,0,0.0,2024-10-30 09:19:00
2024-10-30 09:19:15.452,13.0,0,0.0,2024-10-30 09:19:00
2024-10-30 09:19:15.935,13.0,0,0.0,2024-10-30 09:19:00
2024-10-30 09:19:15.954,13.0,0,0.0,2024-10-30 09:19:00
2024-10-30 09:19:16.446,13.0,0,0.0,2024-10-30 09:19:00
2024-10-30 09:19:16.463,13.0,0,0.0,2024-10-30 09:19:00
2024-10-30 09:19:16.958,13.0,0,0.0,2024-10-30 09:19:00
2024-10-30 09:19:18.801,13.0,0,0.0,2024-10-30 09:19:00
2024-10-30 09:19:20.719,13.0,0,0.0,2024-10-30 09:19:00
2024-10-30 09:19:27.445,13.0,0,0.0,2024-10-30 09:19:00
2024-10-30 09:19:27.451,13.0,0,0.0,2024-10-30 09:19:00
2024-10-30 09:19:27.456,13.0,0,0.0,2024-10-30 09:19:00
2024-10-30 09:19:27.479,13.0,0,0.0,2024-10-30 09:19:00
2024-10-30 09:19:28.019,13.0,0,0.0,2024-10-30 09:19:00
2024-10-30 09:19:28.071,13.0,0,0.0,2024-10-30 09:19:00
2024-10-30 09:19:28.483,13.0,0,0.0,2024-10-30 09:19:00
2024-10-30 09:19:28.542,13.0,0,0.0,2024-10-30 09:19:00
2024-10-30 09:19:28.990,13.0,0,0.0,2024-10-30 09:19:00
2024-10-30 09:19:29.852,13.0,0,0.0,2024-10-30 09:19:00
2024-10-30 09:19:39.439,13.0,0,0.0,2024-10-30 09:19:00
2024-10-30 09:19:39.446,13.0,0,0.0,2024-10-30 09:19:00
2024-10-30 09:19:39.497,13.0,0,0.0,2024-10-30 09:19:00
2024-10-30 09:19:39.712,13.0,0,0.0,2024-10-30 09:19:00
2024-10-30 09:19:40.007,13.0,0,0.0,2024-10-30 09:19:00
2024-10-30 09:19:40.118,13.0,0,0.0,2024-10-30 09:19:00
2024-10-30 09:19:40.514,13.0,0,0.0,2024-10-30 09:19:00
2024-10-30 09:19:40.627,13.0,0,0.0,2024-10-30 09:19:00
2024-10-30 09:19:41.028,13.0,0,0.0,2024-10-30 09:19:00
2024-10-30 09:19:41.774,13.0,0,0.0,2024-10-30 09:19:00
2024-10-30 09:19:51.438,13.0,0,0.0,2024-10-30 09:19:00
2024-10-30 09:19:51.446,13.0,0,0.0,2024-10-30 09:19:00
2024-10-30 09:19:51.608,13.0,0,0.0,2024-10-30 09:19:00
2024-10-30 09:19:51.630,13.0,0,0.0,2024-10-30 09:19:00
2024-10-30 09:19:52.115,13.0,0,0.0,2024-10-30 09:19:00
2024-10-30 09:19:52.143,13.0,0,0.0,2024-10-30 09:19:00
2024-10-30 09:19:52.622,13.0,0,0.0,2024-10-30 09:19:00
2024-10-30 09:19:52.648,13.0,0,0.0,2024-10-30 09:19:00
2024-10-30 09:19:53.136,13.0,0,0.0,2024-10-30 09:19:00
2024-10-30 09:19:54.799,13.0,0,0.0,2024-10-30 09:19:00
2024-10-30 09:20:03.487,13.0,0,0.0,2024-10-30 09:20:00
2024-10-30 09:20:03.528,13.0,0,0.0,2024-10-30 09:20:00
2024-10-30 09:20:03.691,13.0,0,0.0,2024-10-30 09:20:00
2024-10-30 09:20:03.750,13.0,0,0.0,2024-10-30 09:20:00
2024-10-30 09:20:04.195,13.0,0,0.0,2024-10-30 09:20:00
2024-10-30 09:20:04.201,13.0,0,0.0,2024-10-30 09:20:00
2024-10-30 09:20:04.711,13.0,0,0.0,2024-10-30 09:20:00
2024-10-30 09:20:04.716,13.0,0,0.0,2024-10-30 09:20:00
2024-10-30 09:20:05.231,13.0,0,0.0,2024-10-30 09:20:00
2024-10-30 09:20:06.797,13.0,0,0.0,2024-10-30 09:20:00
2024-10-30 09:20:15.521,13.0,0,0.0,2024-10-30 09:20:00
2024-10-30 09:20:15.532,13.0,0,0.0,2024-10-30 09:20:00
2024-10-30 09:20:15.727,13.0,0,0.0,2024-10-30 09:20:00
2024-10-30 09:20:15.772,13.0,0,0.0,2024-10-30 09:20:00
2024-10-30 09:20:16.227,13.0,0,0.0,2024-10-30 09:20:00
2024-10-30 09:20:16.279,13.0,0,0.0,2024-10-30 09:20:00
2024-10-30 09:20:16.815,13.0,0,0.0,2024-10-30 09:20:00
2024-10-30 09:20:16.822,13.0,0,0.0,2024-10-30 09:20:00
2024-10-30 09:20:17.247,13.0,0,0.0,2024-10-30 09:20:00
2024-10-30 09:20:18.064,13.0,0,0.0,2024-10-30 09:20:00
2024-10-30 09:20:27.435,13.0,0,0.0,2024-10-30 09:20:00
2024-10-30 09:20:27.442,13.0,0,0.0,2024-10-30 09:20:00
2024-10-30 09:20:27.771,13.0,0,0.0,2024-10-30 09:20:00
2024-10-30 09:20:27.825,13.0,0,0.0,2024-10-30 09:20:00
2024-10-30 09:20:28.308,13.0,0,0.0,2024-10-30 09:20:00
2024-10-30 09:20:28.468,13.0,0,0.0,2024-10-30 09:20:00
2024-10-30 09:20:28.834,13.0,0,0.0,2024-10-30 09:20:00
2024-10-30 09:20:28.856,13.0,0,0.0,2024-10-30 09:20:00
2024-10-30 09:20:29.317,13.0,0,0.0,2024-10-30 09:20:00
2024-10-30 09:20:29.889,13.0,0,0.0,2024-10-30 09:20:00
2024-10-30 09:20:39.444,13.0,0,0.0,2024-10-30 09:20:00
2024-10-30 09:20:39.449,13.0,0,0.0,2024-10-30 09:20:00
2024-10-30 09:20:39.894,13.0,0,0.0,2024-10-30 09:20:00
2024-10-30 09:20:39.917,13.0,0,0.0,2024-10-30 09:20:00
2024-10-30 09:20:40.397,13.0,0,0.0,2024-10-30 09:20:00
2024-10-30 09:20:40.427,13.0,0,0.0,2024-10-30 09:20:00
2024-10-30 09:20:40.967,13.0,0,0.0,2024-10-30 09:20:00
2024-10-30 09:20:41.097,13.0,0,0.0,2024-10-30 09:20:00
2024-10-30 09:20:41.416,13.0,0,0.0,2024-10-30 09:20:00
2024-10-30 09:20:43.353,13.0,0,0.0,2024-10-30 09:20:00
2024-10-30 09:20:45.202,13.0,0,0.0,2024-10-30 09:20:00
2024-10-30 09:20:47.121,13.0,0,0.0,2024-10-30 09:20:00
2024-10-30 09:20:51.447,13.0,0,0.0,2024-10-30 09:20:00
2024-10-30 09:20:51.451,13.0,0,0.0,2024-10-30 09:20:00
2024-10-30 09:20:51.862,13.0,0,0.0,2024-10-30 09:20:00
2024-10-30 09:20:51.919,13.0,0,0.0,2024-10-30 09:20:00
2024-10-30 09:20:52.377,13.0,0,0.0,2024-10-30 09:20:00
2024-10-30 09:20:52.424,13.0,0,0.0,2024-10-30 09:20:00
2024-10-30 09:20:52.883,13.0,0,0.0,2024-10-30 09:20:00
2024-10-30 09:20:52.934,13.0,0,0.0,2024-10-30 09:20:00
2024-10-30 09:20:53.461,13.0,0,0.0,2024-10-30 09:20:00
2024-10-30 09:20:54.131,13.0,0,0.0,2024-10-30 09:20:00
2024-10-30 09:21:03.966,13.0,0,0.0,2024-10-30 09:21:00
2024-10-30 09:21:03.971,13.0,0,0.0,2024-10-30 09:21:00
2024-10-30 09:21:04.031,13.0,0,0.0,2024-10-30 09:21:00
2024-10-30 09:21:04.040,13.0,0,0.0,2024-10-30 09:21:00
2024-10-30 09:21:04.482,13.0,0,0.0,2024-10-30 09:21:00
2024-10-30 09:21:04.515,13.0,0,0.0,2024-10-30 09:21:00
2024-10-30 09:21:04.991,13.0,0,0.0,2024-10-30 09:21:00
2024-10-30 09:21:05.032,13.0,0,0.0,2024-10-30 09:21:00
2024-10-30 09:21:05.497,13.0,0,0.0,2024-10-30 09:21:00
2024-10-30 09:21:15.920,13.0,0,0.0,2024-10-30 09:21:00
2024-10-30 09:21:15.926,13.0,0,0.0,2024-10-30 09:21:00
2024-10-30 09:21:16.018,13.0,0,0.0,2024-10-30 09:21:00
2024-10-30 09:21:16.075,13.0,0,0.0,2024-10-30 09:21:00
2024-10-30 09:21:16.532,13.0,0,0.0,2024-10-30 09:21:00
2024-10-30 09:21:16.586,13.0,0,0.0,2024-10-30 09:21:00
2024-10-30 09:21:17.034,13.0,0,0.0,2024-10-30 09:21:00
2024-10-30 09:21:17.093,13.0,0,0.0,2024-10-30 09:21:00
2024-10-30 09:21:17.543,13.0,0,0.0,2024-10-30 09:21:00
2024-10-30 09:21:17.984,13.0,0,0.0,2024-10-30 09:21:00
2024-10-30 09:21:27.920,13.0,0,0.0,2024-10-30 09:21:00
2024-10-30 09:21:27.926,13.0,0,0.0,2024-10-30 09:21:00
2024-10-30 09:21:28.184,13.0,0,0.0,2024-10-30 09:21:00
2024-10-30 09:21:28.237,13.0,0,0.0,2024-10-30 09:21:00
2024-10-30 09:21:28.669,13.0,0,0.0,2024-10-30 09:21:00
2024-10-30 09:21:28.718,13.0,0,0.0,2024-10-30 09:21:00
2024-10-30 09:21:29.172,13.0,0,0.0,2024-10-30 09:21:00
2024-10-30 09:21:29.174,13.0,0,0.0,2024-10-30 09:21:00
2024-10-30 09:21:29.745,13.0,0,0.0,2024-10-30 09:21:00
2024-10-30 09:21:31.278,13.0,0,0.0,2024-10-30 09:21:00
2024-10-30 09:21:33.208,13.0,0,0.0,2024-10-30 09:21:00
2024-10-30 09:21:39.923,13.0,0,0.0,2024-10-30 09:21:00
2024-10-30 09:21:39.930,13.0,0,0.0,2024-10-30 09:21:00
2024-10-30 09:21:40.179,13.0,0,0.0,2024-10-30 09:21:00
2024-10-30 09:21:40.202,13.0,0,0.0,2024-10-30 09:21:00
2024-10-30 09:21:40.687,13.0,0,0.0,2024-10-30 09:21:00
2024-10-30 09:21:40.700,13.0,0,0.0,2024-10-30 09:21:00
2024-10-30 09:21:41.196,13.0,0,0.0,2024-10-30 09:21:00
2024-10-30 09:21:41.213,13.0,0,0.0,2024-10-30 09:21:00
2024-10-30 09:21:41.704,13.0,0,0.0,2024-10-30 09:21:00
2024-10-30 09:21:51.920,13.0,0,0.0,2024-10-30 09:21:00
2024-10-30 09:21:51.926,13.0,0,0.0,2024-10-30 09:21:00
2024-10-30 09:21:52.227,13.0,0,0.0,2024-10-30 09:21:00
2024-10-30 09:21:52.297,13.0,0,0.0,2024-10-30 09:21:00
2024-10-30 09:21:52.836,13.0,0,0.0,2024-10-30 09:21:00
2024-10-30 09:21:52.951,13.0,0,0.0,2024-10-30 09:21:00
2024-10-30 09:21:53.241,13.0,0,0.0,2024-10-30 09:21:00
2024-10-30 09:21:53.315,13.0,0,0.0,2024-10-30 09:21:00
2024-10-30 09:21:53.756,13.0,0,0.0,2024-10-30 09:21:00
2024-10-30 09:21:54.243,13.0,0,0.0,2024-10-30 09:21:00
2024-10-30 09:21:56.249,13.0,0,0.0,2024-10-30 09:21:00
2024-10-30 09:22:03.939,13.0,0,0.0,2024-10-30 09:22:00
2024-10-30 09:22:03.987,13.0,0,0.0,2024-10-30 09:22:00
2024-10-30 09:22:04.387,13.0,0,0.0,2024-10-30 09:22:00
2024-10-30 09:22:04.427,13.0,0,0.0,2024-10-30 09:22:00
2024-10-30 09:22:04.835,13.0,0,0.0,2024-10-30 09:22:00
2024-10-30 09:22:04.845,13.0,0,0.0,2024-10-30 09:22:00
2024-10-30 09:22:05.347,13.0,0,0.0,2024-10-30 09:22:00
2024-10-30 09:22:05.354,13.0,0,0.0,2024-10-30 09:22:00
2024-10-30 09:22:05.855,13.0,0,0.0,2024-10-30 09:22:00
2024-10-30 09:22:06.791,13.0,0,0.0,2024-10-30 09:22:00
2024-10-30 09:22:15.917,13.0,0,0.0,2024-10-30 09:22:00
2024-10-30 09:22:15.923,13.0,0,0.0,2024-10-30 09:22:00
2024-10-30 09:22:16.369,13.0,0,0.0,2024-10-30 09:22:00
2024-10-30 09:22:16.395,13.0,0,0.0,2024-10-30 09:22:00
2024-10-30 09:22:16.876,13.0,0,0.0,2024-10-30 09:22:00
2024-10-30 09:22:16.965,13.0,0,0.0,2024-10-30 09:22:00
2024-10-30 09:22:17.386,13.0,0,0.0,2024-10-30 09:22:00
2024-10-30 09:22:17.409,13.0,0,0.0,2024-10-30 09:22:00
2024-10-30 09:22:17.893,13.0,0,0.0,2024-10-30 09:22:00
2024-10-30 09:22:18.630,13.0,0,0.0,2024-10-30 09:22:00
2024-10-30 09:22:20.723,13.0,0,0.0,2024-10-30 09:22:00
2024-10-30 09:22:27.935,13.0,0,0.0,2024-10-30 09:22:00
2024-10-30 09:22:27.939,13.0,0,0.0,2024-10-30 09:22:00
2024-10-30 09:22:28.498,13.0,0,0.0,2024-10-30 09:22:00
2024-10-30 09:22:28.610,13.0,0,0.0,2024-10-30 09:22:00
2024-10-30 09:22:28.938,13.0,0,0.0,2024-10-30 09:22:00
2024-10-30 09:22:28.944,13.0,0,0.0,2024-10-30 09:22:00
2024-10-30 09:22:29.430,13.0,0,0.0,2024-10-30 09:22:00
2024-10-30 09:22:29.477,13.0,0,0.0,2024-10-30 09:22:00
2024-10-30 09:22:29.928,13.0,0,0.0,2024-10-30 09:22:00
2024-10-30 09:22:30.786,13.0,0,0.0,2024-10-30 09:22:00
2024-10-30 09:22:33.204,13.0,0,0.0,2024-10-30 09:22:00
2024-10-30 09:22:40.406,13.0,0,0.0,2024-10-30 09:22:00
2024-10-30 09:22:40.426,13.0,0,0.0,2024-10-30 09:22:00
2024-10-30 09:22:40.445,13.0,0,0.0,2024-10-30 09:22:00
2024-10-30 09:22:40.504,13.0,0,0.0,2024-10-30 09:22:00
2024-10-30 09:22:40.956,13.0,0,0.0,2024-10-30 09:22:00
2024-10-30 09:22:41.004,13.0,0,0.0,2024-10-30 09:22:00
2024-10-30 09:22:41.466,13.0,0,0.0,2024-10-30 09:22:00
2024-10-30 09:22:41.517,13.0,0,0.0,2024-10-30 09:22:00
2024-10-30 09:22:41.975,13.0,0,0.0,2024-10-30 09:22:00
2024-10-30 09:22:42.827,13.0,0,0.0,2024-10-30 09:22:00
2024-10-30 09:22:52.406,13.0,0,0.0,2024-10-30 09:22:00
2024-10-30 09:22:52.412,13.0,0,0.0,2024-10-30 09:22:00
2024-10-30 09:22:52.557,13.0,0,0.0,2024-10-30 09:22:00
2024-10-30 09:22:52.574,13.0,0,0.0,2024-10-30 09:22:00
2024-10-30 09:22:53.115,13.0,0,0.0,2024-10-30 09:22:00
2024-10-30 09:22:53.125,13.0,0,0.0,2024-10-30 09:22:00
2024-10-30 09:22:53.624,13.0,0,0.0,2024-10-30 09:22:00
2024-10-30 09:22:53.634,13.0,0,0.0,2024-10-30 09:22:00
2024-10-30 09:22:54.129,13.0,0,0.0,2024-10-30 09:22:00
2024-10-30 09:22:55.941,13.0,0,0.0,2024-10-30 09:22:00
2024-10-30 09:22:57.785,13.0,0,0.0,2024-10-30 09:22:00
2024-10-30 09:23:04.468,13.0,0,0.0,2024-10-30 09:23:00
2024-10-30 09:23:04.473,13.0,0,0.0,2024-10-30 09:23:00
2024-10-30 09:23:04.613,13.0,0,0.0,2024-10-30 09:23:00
2024-10-30 09:23:04.627,13.0,0,0.0,2024-10-30 09:23:00
2024-10-30 09:23:05.104,13.0,0,0.0,2024-10-30 09:23:00
2024-10-30 09:23:05.134,13.0,0,0.0,2024-10-30 09:23:00
2024-10-30 09:23:05.616,13.0,0,0.0,2024-10-30 09:23:00
2024-10-30 09:23:05.643,13.0,0,0.0,2024-10-30 09:23:00
2024-10-30 09:23:06.180,13.0,0,0.0,2024-10-30 09:23:00
2024-10-30 09:23:07.761,13.0,0,0.0,2024-10-30 09:23:00
2024-10-30 09:23:09.679,13.0,0,0.0,2024-10-30 09:23:00
2024-10-30 09:23:16.399,13.0,0,0.0,2024-10-30 09:23:00
2024-10-30 09:23:16.405,13.0,0,0.0,2024-10-30 09:23:00
2024-10-30 09:23:16.642,13.0,0,0.0,2024-10-30 09:23:00
2024-10-30 09:23:16.663,13.0,0,0.0,2024-10-30 09:23:00
2024-10-30 09:23:17.146,13.0,0,0.0,2024-10-30 09:23:00
2024-10-30 09:23:17.166,13.0,0,0.0,2024-10-30 09:23:00
2024-10-30 09:23:17.652,13.0,0,0.0,2024-10-30 09:23:00
2024-10-30 09:23:17.673,13.0,0,0.0,2024-10-30 09:23:00
2024-10-30 09:23:18.161,13.0,0,0.0,2024-10-30 09:23:00
2024-10-30 09:23:19.764,13.0,0,0.0,2024-10-30 09:23:00
2024-10-30 09:23:28.451,13.0,0,0.0,2024-10-30 09:23:00
2024-10-30 09:23:28.558,13.0,0,0.0,2024-10-30 09:23:00
2024-10-30 09:23:28.854,13.0,0,0.0,2024-10-30 09:23:00
2024-10-30 09:23:29.030,13.0,0,0.0,2024-10-30 09:23:00
2024-10-30 09:23:29.215,13.0,0,0.0,2024-10-30 09:23:00
2024-10-30 09:23:29.266,13.0,0,0.0,2024-10-30 09:23:00
2024-10-30 09:23:29.709,13.0,0,0.0,2024-10-30 09:23:00
2024-10-30 09:23:29.735,13.0,0,0.0,2024-10-30 09:23:00
2024-10-30 09:23:30.319,13.0,0,0.0,2024-10-30 09:23:00
2024-10-30 09:23:40.399,13.0,0,0.0,2024-10-30 09:23:00
2024-10-30 09:23:40.405,13.0,0,0.0,2024-10-30 09:23:00
2024-10-30 09:23:40.773,13.0,0,0.0,2024-10-30 09:23:00
2024-10-30 09:23:40.826,13.0,0,0.0,2024-10-30 09:23:00
2024-10-30 09:23:41.282,13.0,0,0.0,2024-10-30 09:23:00
2024-10-30 09:23:41.418,13.0,0,0.0,2024-10-30 09:23:00
2024-10-30 09:23:41.789,13.0,0,0.0,2024-10-30 09:23:00
2024-10-30 09:23:41.842,13.0,0,0.0,2024-10-30 09:23:00
2024-10-30 09:23:42.332,13.0,0,0.0,2024-10-30 09:23:00
2024-10-30 09:23:42.887,13.0,0,0.0,2024-10-30 09:23:00
2024-10-30 09:23:45.389,13.0,0,0.0,2024-10-30 09:23:00
2024-10-30 09:23:47.121,13.0,0,0.0,2024-10-30 09:23:00
2024-10-30 09:23:49.229,13.0,0,0.0,2024-10-30 09:23:00
2024-10-30 09:23:51.440,13.0,0,0.0,2024-10-30 09:23:00
2024-10-30 09:23:52.200,13.0,0,0.0,2024-10-30 09:23:00
2024-10-30 09:23:52.212,13.0,0,0.0,2024-10-30 09:23:00
2024-10-30 09:23:52.729,13.0,0,0.0,2024-10-30 09:23:00
2024-10-30 09:23:52.732,13.0,0,0.0,2024-10-30 09:23:00
2024-10-30 09:23:53.213,13.0,0,0.0,2024-10-30 09:23:00
2024-10-30 09:23:53.228,13.0,0,0.0,2024-10-30 09:23:00
2024-10-30 09:23:53.729,13.0,0,0.0,2024-10-30 09:23:00
2024-10-30 09:23:53.780,13.0,0,0.0,2024-10-30 09:23:00
2024-10-30 09:23:54.429,13.0,0,0.0,2024-10-30 09:23:00
2024-10-30 09:23:56.842,13.0,0,0.0,2024-10-30 09:23:00
2024-10-30 09:23:59.158,13.0,0,0.0,2024-10-30 09:23:00
2024-10-30 09:24:01.040,13.0,0,0.0,2024-10-30 09:24:00
2024-10-30 09:24:03.447,13.0,0,0.0,2024-10-30 09:24:00
2024-10-30 09:24:04.221,13.0,0,0.0,2024-10-30 09:24:00
2024-10-30 09:24:04.274,13.0,0,0.0,2024-10-30 09:24:00
2024-10-30 09:24:04.767,13.0,0,0.0,2024-10-30 09:24:00
2024-10-30 09:24:04.834,13.0,0,0.0,2024-10-30 09:24:00
2024-10-30 09:24:05.197,13.0,0,0.0,2024-10-30 09:24:00
2024-10-30 09:24:05.212,13.0,0,0.0,2024-10-30 09:24:00
2024-10-30 09:24:05.799,13.0,0,0.0,2024-10-30 09:24:00
2024-10-30 09:24:05.833,13.0,0,0.0,2024-10-30 09:24:00
2024-10-30 09:24:06.311,13.0,0,0.0,2024-10-30 09:24:00
2024-10-30 09:24:08.726,13.0,0,0.0,2024-10-30 09:24:00
2024-10-30 09:24:11.120,13.0,0,0.0,2024-10-30 09:24:00
2024-10-30 09:24:13.043,13.0,0,0.0,2024-10-30 09:24:00
2024-10-30 09:24:14.964,13.0,0,0.0,2024-10-30 09:24:00
2024-10-30 09:24:16.886,13.0,0,0.0,2024-10-30 09:24:00
2024-10-30 09:24:16.889,13.0,0,0.0,2024-10-30 09:24:00
2024-10-30 09:24:16.892,13.0,0,0.0,2024-10-30 09:24:00
2024-10-30 09:24:16.898,13.0,0,0.0,2024-10-30 09:24:00
2024-10-30 09:24:17.167,13.0,0,0.0,2024-10-30 09:24:00
2024-10-30 09:24:17.184,13.0,0,0.0,2024-10-30 09:24:00
2024-10-30 09:24:17.677,13.0,0,0.0,2024-10-30 09:24:00
2024-10-30 09:24:17.702,13.0,0,0.0,2024-10-30 09:24:00
2024-10-30 09:24:18.192,13.0,0,0.0,2024-10-30 09:24:00
2024-10-30 09:24:20.719,13.0,0,0.0,2024-10-30 09:24:00
2024-10-30 09:24:22.643,13.0,0,0.0,2024-10-30 09:24:00
2024-10-30 09:24:24.635,13.0,0,0.0,2024-10-30 09:24:00
2024-10-30 09:24:28.401,13.0,0,0.0,2024-10-30 09:24:00
2024-10-30 09:24:28.408,13.0,0,0.0,2024-10-30 09:24:00
2024-10-30 09:24:28.760,13.0,0,0.0,2024-10-30 09:24:00
2024-10-30 09:24:28.807,13.0,0,0.0,2024-10-30 09:24:00
2024-10-30 09:24:29.284,13.0,0,0.0,2024-10-30 09:24:00
2024-10-30 09:24:29.338,13.0,0,0.0,2024-10-30 09:24:00
2024-10-30 09:24:29.779,13.0,0,0.0,2024-10-30 09:24:00
2024-10-30 09:24:29.801,13.0,0,0.0,2024-10-30 09:24:00
2024-10-30 09:24:30.281,13.0,0,0.0,2024-10-30 09:24:00
2024-10-30 09:24:32.243,13.0,0,0.0,2024-10-30 09:24:00
2024-10-30 09:24:40.400,13.0,0,0.0,2024-10-30 09:24:00
2024-10-30 09:24:40.405,13.0,0,0.0,2024-10-30 09:24:00
2024-10-30 09:24:40.796,13.0,0,0.0,2024-10-30 09:24:00
2024-10-30 09:24:40.846,13.0,0,0.0,2024-10-30 09:24:00
2024-10-30 09:24:41.299,13.0,0,0.0,2024-10-30 09:24:00
2024-10-30 09:24:41.415,13.0,0,0.0,2024-10-30 09:24:00
2024-10-30 09:24:41.811,13.0,0,0.0,2024-10-30 09:24:00
2024-10-30 09:24:41.862,13.0,0,0.0,2024-10-30 09:24:00
2024-10-30 09:24:42.316,13.0,0,0.0,2024-10-30 09:24:00
2024-10-30 09:24:43.143,13.0,0,0.0,2024-10-30 09:24:00
2024-10-30 09:24:45.684,13.0,0,0.0,2024-10-30 09:24:00
2024-10-30 09:24:52.402,13.0,0,0.0,2024-10-30 09:24:00
2024-10-30 09:24:52.408,13.0,0,0.0,2024-10-30 09:24:00
2024-10-30 09:24:52.836,13.0,0,0.0,2024-10-30 09:24:00
2024-10-30 09:24:52.907,13.0,0,0.0,2024-10-30 09:24:00
2024-10-30 09:24:53.407,13.0,0,0.0,2024-10-30 09:24:00
2024-10-30 09:24:53.474,13.0,0,0.0,2024-10-30 09:24:00
2024-10-30 09:24:53.888,13.0,0,0.0,2024-10-30 09:24:00
2024-10-30 09:24:53.943,13.0,0,0.0,2024-10-30 09:24:00
2024-10-30 09:24:54.527,13.0,0,0.0,2024-10-30 09:24:00
2024-10-30 09:24:55.101,13.0,0,0.0,2024-10-30 09:24:00
2024-10-30 09:24:57.200,13.0,0,0.0,2024-10-30 09:24:00
2024-10-30 09:25:04.885,13.0,0,0.0,2024-10-30 09:25:00
2024-10-30 09:25:04.890,13.0,0,0.0,2024-10-30 09:25:00
2024-10-30 09:25:04.936,13.0,0,0.0,2024-10-30 09:25:00
2024-10-30 09:25:04.942,13.0,0,0.0,2024-10-30 09:25:00
2024-10-30 09:25:05.479,13.0,0,0.0,2024-10-30 09:25:00
2024-10-30 09:25:05.484,13.0,0,0.0,2024-10-30 09:25:00
2024-10-30 09:25:05.997,13.0,0,0.0,2024-10-30 09:25:00
2024-10-30 09:25:06.000,13.0,0,0.0,2024-10-30 09:25:00
2024-10-30 09:25:06.468,13.0,0,0.0,2024-10-30 09:25:00
2024-10-30 09:25:07.478,13.0,0,0.0,2024-10-30 09:25:00
2024-10-30 09:25:10.166,13.0,0,0.0,2024-10-30 09:25:00
2024-10-30 09:25:12.082,13.0,0,0.0,2024-10-30 09:25:00
2024-10-30 09:25:16.890,13.0,0,0.0,2024-10-30 09:25:00
2024-10-30 09:25:16.895,13.0,0,0.0,2024-10-30 09:25:00
2024-10-30 09:25:16.935,13.0,0,0.0,2024-10-30 09:25:00
2024-10-30 09:25:16.969,13.0,0,0.0,2024-10-30 09:25:00
2024-10-30 09:25:17.450,13.0,0,0.0,2024-10-30 09:25:00
2024-10-30 09:25:17.472,13.0,0,0.0,2024-10-30 09:25:00
2024-10-30 09:25:17.957,13.0,0,0.0,2024-10-30 09:25:00
2024-10-30 09:25:17.980,13.0,0,0.0,2024-10-30 09:25:00
2024-10-30 09:25:18.461,13.0,0,0.0,2024-10-30 09:25:00
2024-10-30 09:25:20.243,13.0,0,0.0,2024-10-30 09:25:00
2024-10-30 09:25:22.164,13.0,0,0.0,2024-10-30 09:25:00
2024-10-30 09:25:28.894,13.0,0,0.0,2024-10-30 09:25:00
2024-10-30 09:25:28.947,13.0,0,0.0,2024-10-30 09:25:00
2024-10-30 09:25:28.996,13.0,0,0.0,2024-10-30 09:25:00
2024-10-30 09:25:29.032,13.0,0,0.0,2024-10-30 09:25:00
2024-10-30 09:25:29.484,13.0,0,0.0,2024-10-30 09:25:00
2024-10-30 09:25:29.503,13.0,0,0.0,2024-10-30 09:25:00
2024-10-30 09:25:29.994,13.0,0,0.0,2024-10-30 09:25:00
2024-10-30 09:25:30.021,13.0,0,0.0,2024-10-30 09:25:00
2024-10-30 09:25:30.561,13.0,0,0.0,2024-10-30 09:25:00
2024-10-30 09:25:32.286,13.0,0,0.0,2024-10-30 09:25:00
2024-10-30 09:25:34.208,13.0,0,0.0,2024-10-30 09:25:00
2024-10-30 09:25:36.675,13.0,0,0.0,2024-10-30 09:25:00
2024-10-30 09:25:38.486,13.0,0,0.0,2024-10-30 09:25:00
2024-10-30 09:25:40.587,13.0,0,0.0,2024-10-30 09:25:00
2024-10-30 09:25:40.662,13.0,0,0.0,2024-10-30 09:25:00
2024-10-30 09:25:40.890,13.0,0,0.0,2024-10-30 09:25:00
2024-10-30 09:25:40.906,13.0,0,0.0,2024-10-30 09:25:00
2024-10-30 09:25:41.424,13.0,0,0.0,2024-10-30 09:25:00
2024-10-30 09:25:41.430,13.0,0,0.0,2024-10-30 09:25:00
2024-10-30 09:25:41.907,13.0,0,0.0,2024-10-30 09:25:00
2024-10-30 09:25:41.924,13.0,0,0.0,2024-10-30 09:25:00
2024-10-30 09:25:42.418,13.0,0,0.0,2024-10-30 09:25:00
2024-10-30 09:25:44.342,13.0,0,0.0,2024-10-30 09:25:00
2024-10-30 09:25:46.170,13.0,0,0.0,2024-10-30 09:25:00
2024-10-30 09:25:48.565,13.0,0,0.0,2024-10-30 09:25:00
2024-10-30 09:25:50.485,13.0,0,0.0,2024-10-30 09:25:00
2024-10-30 09:25:52.418,13.0,0,0.0,2024-10-30 09:25:00
2024-10-30 09:25:52.422,13.0,0,0.0,2024-10-30 09:25:00
2024-10-30 09:25:52.896,13.0,0,0.0,2024-10-30 09:25:00
2024-10-30 09:25:52.898,13.0,0,0.0,2024-10-30 09:25:00
2024-10-30 09:25:53.508,13.0,0,0.0,2024-10-30 09:25:00
2024-10-30 09:25:53.540,13.0,0,0.0,2024-10-30 09:25:00
2024-10-30 09:25:53.935,13.0,0,0.0,2024-10-30 09:25:00
2024-10-30 09:25:53.939,13.0,0,0.0,2024-10-30 09:25:00
2024-10-30 09:25:54.462,13.0,0,0.0,2024-10-30 09:25:00
2024-10-30 09:25:56.244,13.0,0,0.0,2024-10-30 09:25:00
2024-10-30 09:25:58.165,13.0,0,0.0,2024-10-30 09:25:00
2024-10-30 09:26:00.083,13.0,0,0.0,2024-10-30 09:26:00
2024-10-30 09:26:02.483,13.0,0,0.0,2024-10-30 09:26:00
2024-10-30 09:26:04.522,13.0,0,0.0,2024-10-30 09:26:00
2024-10-30 09:26:04.625,13.0,0,0.0,2024-10-30 09:26:00
2024-10-30 09:26:04.868,13.0,0,0.0,2024-10-30 09:26:00
2024-10-30 09:26:04.873,13.0,0,0.0,2024-10-30 09:26:00
2024-10-30 09:26:05.365,13.0,0,0.0,2024-10-30 09:26:00
2024-10-30 09:26:05.424,13.0,0,0.0,2024-10-30 09:26:00
2024-10-30 09:26:05.810,13.0,0,0.0,2024-10-30 09:26:00
2024-10-30 09:26:05.872,13.0,0,0.0,2024-10-30 09:26:00
2024-10-30 09:26:06.355,13.0,0,0.0,2024-10-30 09:26:00
2024-10-30 09:26:08.242,13.0,0,0.0,2024-10-30 09:26:00
2024-10-30 09:26:10.167,13.0,0,0.0,2024-10-30 09:26:00
2024-10-30 09:26:12.087,13.0,0,0.0,2024-10-30 09:26:00
2024-10-30 09:26:14.532,13.0,0,0.0,2024-10-30 09:26:00
2024-10-30 09:26:16.404,13.0,0,0.0,2024-10-30 09:26:00
2024-10-30 09:26:16.408,13.0,0,0.0,2024-10-30 09:26:00
2024-10-30 09:26:16.645,13.0,0,0.0,2024-10-30 09:26:00
2024-10-30 09:26:16.838,13.0,0,0.0,2024-10-30 09:26:00
2024-10-30 09:26:17.128,13.0,0,0.0,2024-10-30 09:26:00
2024-10-30 09:26:17.430,13.0,0,0.0,2024-10-30 09:26:00
2024-10-30 09:26:17.656,13.0,0,0.0,2024-10-30 09:26:00
2024-10-30 09:26:17.850,13.0,0,0.0,2024-10-30 09:26:00
2024-10-30 09:26:18.167,13.0,0,0.0,2024-10-30 09:26:00
2024-10-30 09:26:19.864,13.0,0,0.0,2024-10-30 09:26:00
2024-10-30 09:26:21.683,13.0,0,0.0,2024-10-30 09:26:00
2024-10-30 09:26:24.133,13.0,0,0.0,2024-10-30 09:26:00
2024-10-30 09:26:26.011,13.0,0,0.0,2024-10-30 09:26:00
2024-10-30 09:26:28.407,13.0,0,0.0,2024-10-30 09:26:00
2024-10-30 09:26:28.413,13.0,0,0.0,2024-10-30 09:26:00
2024-10-30 09:26:28.624,13.0,0,0.0,2024-10-30 09:26:00
2024-10-30 09:26:28.885,13.0,0,0.0,2024-10-30 09:26:00
2024-10-30 09:26:29.073,13.0,0,0.0,2024-10-30 09:26:00
2024-10-30 09:26:29.433,13.0,0,0.0,2024-10-30 09:26:00
2024-10-30 09:26:29.586,13.0,0,0.0,2024-10-30 09:26:00
2024-10-30 09:26:29.857,13.0,0,0.0,2024-10-30 09:26:00
2024-10-30 09:26:30.153,13.0,0,0.0,2024-10-30 09:26:00
2024-10-30 09:26:40.884,13.0,0,0.0,2024-10-30 09:26:00
2024-10-30 09:26:40.890,13.0,0,0.0,2024-10-30 09:26:00
2024-10-30 09:26:40.969,13.0,0,0.0,2024-10-30 09:26:00
2024-10-30 09:26:41.035,13.0,0,0.0,2024-10-30 09:26:00
2024-10-30 09:26:41.538,13.0,0,0.0,2024-10-30 09:26:00
2024-10-30 09:26:41.545,13.0,0,0.0,2024-10-30 09:26:00
2024-10-30 09:26:41.987,13.0,0,0.0,2024-10-30 09:26:00
2024-10-30 09:26:42.144,13.0,0,0.0,2024-10-30 09:26:00
2024-10-30 09:26:42.493,13.0,0,0.0,2024-10-30 09:26:00
2024-10-30 09:26:43.170,13.0,0,0.0,2024-10-30 09:26:00
2024-10-30 09:26:52.882,13.0,0,0.0,2024-10-30 09:26:00
2024-10-30 09:26:52.888,13.0,0,0.0,2024-10-30 09:26:00
2024-10-30 09:26:53.095,13.0,0,0.0,2024-10-30 09:26:00
2024-10-30 09:26:53.114,13.0,0,0.0,2024-10-30 09:26:00
2024-10-30 09:26:53.603,13.0,0,0.0,2024-10-30 09:26:00
2024-10-30 09:26:53.621,13.0,0,0.0,2024-10-30 09:26:00
2024-10-30 09:26:54.123,13.0,0,0.0,2024-10-30 09:26:00
2024-10-30 09:26:54.188,13.0,0,0.0,2024-10-30 09:26:00
2024-10-30 09:26:54.616,13.0,0,0.0,2024-10-30 09:26:00
2024-10-30 09:26:56.241,13.0,0,0.0,2024-10-30 09:26:00
2024-10-30 09:26:58.166,13.0,0,0.0,2024-10-30 09:26:00
2024-10-30 09:27:04.931,13.0,0,0.0,2024-10-30 09:27:00
2024-10-30 09:27:04.935,13.0,0,0.0,2024-10-30 09:27:00
2024-10-30 09:27:05.084,13.0,0,0.0,2024-10-30 09:27:00
2024-10-30 09:27:05.125,13.0,0,0.0,2024-10-30 09:27:00
2024-10-30 09:27:05.590,13.0,0,0.0,2024-10-30 09:27:00
2024-10-30 09:27:05.657,13.0,0,0.0,2024-10-30 09:27:00
2024-10-30 09:27:06.101,13.0,0,0.0,2024-10-30 09:27:00
2024-10-30 09:27:06.151,13.0,0,0.0,2024-10-30 09:27:00
2024-10-30 09:27:06.607,13.0,0,0.0,2024-10-30 09:27:00
2024-10-30 09:27:07.350,13.0,0,0.0,2024-10-30 09:27:00
2024-10-30 09:27:16.882,13.0,0,0.0,2024-10-30 09:27:00
2024-10-30 09:27:16.887,13.0,0,0.0,2024-10-30 09:27:00
2024-10-30 09:27:17.244,13.0,0,0.0,2024-10-30 09:27:00
2024-10-30 09:27:17.277,13.0,0,0.0,2024-10-30 09:27:00
2024-10-30 09:27:17.799,13.0,0,0.0,2024-10-30 09:27:00
2024-10-30 09:27:17.802,13.0,0,0.0,2024-10-30 09:27:00
2024-10-30 09:27:18.261,13.0,0,0.0,2024-10-30 09:27:00
2024-10-30 09:27:18.301,13.0,0,0.0,2024-10-30 09:27:00
2024-10-30 09:27:18.767,13.0,0,0.0,2024-10-30 09:27:00
2024-10-30 09:27:20.723,13.0,0,0.0,2024-10-30 09:27:00
2024-10-30 09:27:22.644,13.0,0,0.0,2024-10-30 09:27:00
2024-10-30 09:27:24.579,13.0,0,0.0,2024-10-30 09:27:00
2024-10-30 09:27:26.967,13.0,0,0.0,2024-10-30 09:27:00
2024-10-30 09:27:28.884,13.0,0,0.0,2024-10-30 09:27:00
2024-10-30 09:27:28.891,13.0,0,0.0,2024-10-30 09:27:00
2024-10-30 09:27:29.116,13.0,0,0.0,2024-10-30 09:27:00
2024-10-30 09:27:29.135,13.0,0,0.0,2024-10-30 09:27:00
2024-10-30 09:27:29.620,13.0,0,0.0,2024-10-30 09:27:00
2024-10-30 09:27:29.665,13.0,0,0.0,2024-10-30 09:27:00
2024-10-30 09:27:30.126,13.0,0,0.0,2024-10-30 09:27:00
2024-10-30 09:27:30.194,13.0,0,0.0,2024-10-30 09:27:00
2024-10-30 09:27:30.644,13.0,0,0.0,2024-10-30 09:27:00
2024-10-30 09:27:32.243,13.0,0,0.0,2024-10-30 09:27:00
2024-10-30 09:27:34.200,13.0,0,0.0,2024-10-30 09:27:00
2024-10-30 09:27:36.569,13.0,0,0.0,2024-10-30 09:27:00
2024-10-30 09:27:38.485,13.0,0,0.0,2024-10-30 09:27:00
2024-10-30 09:27:40.891,13.0,0,0.0,2024-10-30 09:27:00
2024-10-30 09:27:40.895,13.0,0,0.0,2024-10-30 09:27:00
2024-10-30 09:27:41.111,13.0,0,0.0,2024-10-30 09:27:00
2024-10-30 09:27:41.140,13.0,0,0.0,2024-10-30 09:27:00
2024-10-30 09:27:41.618,13.0,0,0.0,2024-10-30 09:27:00
2024-10-30 09:27:41.645,13.0,0,0.0,2024-10-30 09:27:00
2024-10-30 09:27:42.189,13.0,0,0.0,2024-10-30 09:27:00
2024-10-30 09:27:42.298,13.0,0,0.0,2024-10-30 09:27:00
2024-10-30 09:27:42.636,13.0,0,0.0,2024-10-30 09:27:00
2024-10-30 09:27:44.286,13.0,0,0.0,2024-10-30 09:27:00
2024-10-30 09:27:46.170,13.0,0,0.0,2024-10-30 09:27:00
2024-10-30 09:27:48.569,13.0,0,0.0,2024-10-30 09:27:00
2024-10-30 09:27:50.490,13.0,0,0.0,2024-10-30 09:27:00
2024-10-30 09:27:52.892,13.0,0,0.0,2024-10-30 09:27:00
2024-10-30 09:27:52.897,13.0,0,0.0,2024-10-30 09:27:00
2024-10-30 09:27:53.022,13.0,0,0.0,2024-10-30 09:27:00
2024-10-30 09:27:53.084,13.0,0,0.0,2024-10-30 09:27:00
2024-10-30 09:27:53.591,13.0,0,0.0,2024-10-30 09:27:00
2024-10-30 09:27:53.595,13.0,0,0.0,2024-10-30 09:27:00
2024-10-30 09:27:54.107,13.0,0,0.0,2024-10-30 09:27:00
2024-10-30 09:27:54.185,13.0,0,0.0,2024-10-30 09:27:00
2024-10-30 09:27:54.573,13.0,0,0.0,2024-10-30 09:27:00
2024-10-30 09:27:56.243,13.0,0,0.0,2024-10-30 09:27:00
2024-10-30 09:27:58.169,13.0,0,0.0,2024-10-30 09:27:00
2024-10-30 09:28:00.569,13.0,0,0.0,2024-10-30 09:28:00
2024-10-30 09:28:02.533,13.0,0,0.0,2024-10-30 09:28:00
2024-10-30 09:28:04.452,13.0,0,0.0,2024-10-30 09:28:00
2024-10-30 09:28:04.600,13.0,0,0.0,2024-10-30 09:28:00
2024-10-30 09:28:04.876,13.0,0,0.0,2024-10-30 09:28:00
2024-10-30 09:28:05.072,13.0,0,0.0,2024-10-30 09:28:00
2024-10-30 09:28:05.417,13.0,0,0.0,2024-10-30 09:28:00
2024-10-30 09:28:05.573,13.0,0,0.0,2024-10-30 09:28:00
2024-10-30 09:28:05.864,13.0,0,0.0,2024-10-30 09:28:00
2024-10-30 09:28:06.179,13.0,0,0.0,2024-10-30 09:28:00
2024-10-30 09:28:06.424,13.0,0,0.0,2024-10-30 09:28:00
2024-10-30 09:28:08.248,13.0,0,0.0,2024-10-30 09:28:00
2024-10-30 09:28:10.193,13.0,0,0.0,2024-10-30 09:28:00
2024-10-30 09:28:12.084,13.0,0,0.0,2024-10-30 09:28:00
2024-10-30 09:28:14.528,13.0,0,0.0,2024-10-30 09:28:00
2024-10-30 09:28:16.408,13.0,0,0.0,2024-10-30 09:28:00
2024-10-30 09:28:16.613,13.0,0,0.0,2024-10-30 09:28:00
2024-10-30 09:28:16.814,13.0,0,0.0,2024-10-30 09:28:00
2024-10-30 09:28:17.064,13.0,0,0.0,2024-10-30 09:28:00
2024-10-30 09:28:17.398,13.0,0,0.0,2024-10-30 09:28:00
2024-10-30 09:28:17.568,13.0,0,0.0,2024-10-30 09:28:00
2024-10-30 09:28:17.899,13.0,0,0.0,2024-10-30 09:28:00
2024-10-30 09:28:18.179,13.0,0,0.0,2024-10-30 09:28:00
2024-10-30 09:28:18.339,13.0,0,0.0,2024-10-30 09:28:00
2024-10-30 09:28:20.417,13.0,0,0.0,2024-10-30 09:28:00
2024-10-30 09:28:22.166,13.0,0,0.0,2024-10-30 09:28:00
2024-10-30 09:28:28.895,13.0,0,0.0,2024-10-30 09:28:00
2024-10-30 09:28:28.899,13.0,0,0.0,2024-10-30 09:28:00
2024-10-30 09:28:29.394,13.0,0,0.0,2024-10-30 09:28:00
2024-10-30 09:28:29.495,13.0,0,0.0,2024-10-30 09:28:00
2024-10-30 09:28:29.707,13.0,0,0.0,2024-10-30 09:28:00
2024-10-30 09:28:29.735,13.0,0,0.0,2024-10-30 09:28:00
2024-10-30 09:28:30.279,13.0,0,0.0,2024-10-30 09:28:00
2024-10-30 09:28:30.283,13.0,0,0.0,2024-10-30 09:28:00
2024-10-30 09:28:30.699,13.0,0,0.0,2024-10-30 09:28:00
2024-10-30 09:28:32.246,13.0,0,0.0,2024-10-30 09:28:00
2024-10-30 09:28:34.255,13.0,0,0.0,2024-10-30 09:28:00
2024-10-30 09:28:40.885,13.0,0,0.0,2024-10-30 09:28:00
2024-10-30 09:28:40.889,13.0,0,0.0,2024-10-30 09:28:00
2024-10-30 09:28:41.238,13.0,0,0.0,2024-10-30 09:28:00
2024-10-30 09:28:41.249,13.0,0,0.0,2024-10-30 09:28:00
2024-10-30 09:28:41.748,13.0,0,0.0,2024-10-30 09:28:00
2024-10-30 09:28:41.754,13.0,0,0.0,2024-10-30 09:28:00
2024-10-30 09:28:42.255,13.0,0,0.0,2024-10-30 09:28:00
2024-10-30 09:28:42.266,13.0,0,0.0,2024-10-30 09:28:00
2024-10-30 09:28:42.765,13.0,0,0.0,2024-10-30 09:28:00
2024-10-30 09:28:44.752,13.0,0,0.0,2024-10-30 09:28:00
2024-10-30 09:28:46.644,13.0,0,0.0,2024-10-30 09:28:00
2024-10-30 09:28:48.604,13.0,0,0.0,2024-10-30 09:28:00
2024-10-30 09:28:50.966,13.0,0,0.0,2024-10-30 09:28:00
2024-10-30 09:28:52.888,13.0,0,0.0,2024-10-30 09:28:00
2024-10-30 09:28:52.891,13.0,0,0.0,2024-10-30 09:28:00
2024-10-30 09:28:53.087,13.0,0,0.0,2024-10-30 09:28:00
2024-10-30 09:28:53.222,13.0,0,0.0,2024-10-30 09:28:00
2024-10-30 09:28:53.668,13.0,0,0.0,2024-10-30 09:28:00
2024-10-30 09:28:53.707,13.0,0,0.0,2024-10-30 09:28:00
2024-10-30 09:28:54.156,13.0,0,0.0,2024-10-30 09:28:00
2024-10-30 09:28:54.174,13.0,0,0.0,2024-10-30 09:28:00
2024-10-30 09:28:54.630,13.0,0,0.0,2024-10-30 09:28:00
2024-10-30 09:28:56.272,13.0,0,0.0,2024-10-30 09:28:00
2024-10-30 09:28:58.177,13.0,0,0.0,2024-10-30 09:28:00
2024-10-30 09:29:00.567,13.0,0,0.0,2024-10-30 09:29:00
2024-10-30 09:29:02.484,13.0,0,0.0,2024-10-30 09:29:00
2024-10-30 09:29:04.941,13.0,0,0.0,2024-10-30 09:29:00
2024-10-30 09:29:04.984,13.0,0,0.0,2024-10-30 09:29:00
2024-10-30 09:29:05.237,13.0,0,0.0,2024-10-30 09:29:00
2024-10-30 09:29:05.362,13.0,0,0.0,2024-10-30 09:29:00
2024-10-30 09:29:05.591,13.0,0,0.0,2024-10-30 09:29:00
2024-10-30 09:29:05.647,13.0,0,0.0,2024-10-30 09:29:00
2024-10-30 09:29:06.172,13.0,0,0.0,2024-10-30 09:29:00
2024-10-30 09:29:06.177,13.0,0,0.0,2024-10-30 09:29:00
2024-10-30 09:29:06.609,13.0,0,0.0,2024-10-30 09:29:00
2024-10-30 09:29:08.724,13.0,0,0.0,2024-10-30 09:29:00
2024-10-30 09:29:10.643,13.0,0,0.0,2024-10-30 09:29:00
2024-10-30 09:29:12.574,13.0,0,0.0,2024-10-30 09:29:00
2024-10-30 09:29:14.552,13.0,0,0.0,2024-10-30 09:29:00
2024-10-30 09:29:16.888,13.0,0,0.0,2024-10-30 09:29:00
2024-10-30 09:29:16.892,13.0,0,0.0,2024-10-30 09:29:00
2024-10-30 09:29:16.908,13.0,0,0.0,2024-10-30 09:29:00
2024-10-30 09:29:17.135,13.0,0,0.0,2024-10-30 09:29:00
2024-10-30 09:29:17.417,13.0,0,0.0,2024-10-30 09:29:00
2024-10-30 09:29:17.639,13.0,0,0.0,2024-10-30 09:29:00
2024-10-30 09:29:17.987,13.0,0,0.0,2024-10-30 09:29:00
2024-10-30 09:29:18.209,13.0,0,0.0,2024-10-30 09:29:00
2024-10-30 09:29:18.436,13.0,0,0.0,2024-10-30 09:29:00
2024-10-30 09:29:20.402,13.0,0,0.0,2024-10-30 09:29:00
2024-10-30 09:29:22.165,13.0,0,0.0,2024-10-30 09:29:00
2024-10-30 09:29:24.093,13.0,0,0.0,2024-10-30 09:29:00
2024-10-30 09:29:26.489,13.0,0,0.0,2024-10-30 09:29:00
2024-10-30 09:29:28.409,13.0,0,0.0,2024-10-30 09:29:00
2024-10-30 09:29:28.614,13.0,0,0.0,2024-10-30 09:29:00
2024-10-30 09:29:28.742,13.0,0,0.0,2024-10-30 09:29:00
2024-10-30 09:29:29.115,13.0,0,0.0,2024-10-30 09:29:00
2024-10-30 09:29:29.342,13.0,0,0.0,2024-10-30 09:29:00
2024-10-30 09:29:29.651,13.0,0,0.0,2024-10-30 09:29:00
2024-10-30 09:29:29.755,13.0,0,0.0,2024-10-30 09:29:00
2024-10-30 09:29:30.131,13.0,0,0.0,2024-10-30 09:29:00
2024-10-30 09:29:30.293,13.0,0,0.0,2024-10-30 09:29:00
2024-10-30 09:29:31.766,13.0,0,0.0,2024-10-30 09:29:00
2024-10-30 09:29:33.689,13.0,0,0.0,2024-10-30 09:29:00
2024-10-30 09:29:36.093,13.0,0,0.0,2024-10-30 09:29:00
2024-10-30 09:29:38.009,13.0,0,0.0,2024-10-30 09:29:00
2024-10-30 09:29:40.453,13.0,0,0.0,2024-10-30 09:29:00
2024-10-30 09:29:40.609,13.0,0,0.0,2024-10-30 09:29:00
2024-10-30 09:29:40.643,13.0,0,0.0,2024-10-30 09:29:00
2024-10-30 09:29:41.111,13.0,0,0.0,2024-10-30 09:29:00
2024-10-30 09:29:41.267,13.0,0,0.0,2024-10-30 09:29:00
2024-10-30 09:29:41.617,13.0,0,0.0,2024-10-30 09:29:00
2024-10-30 09:29:41.666,13.0,0,0.0,2024-10-30 09:29:00
2024-10-30 09:29:42.188,13.0,0,0.0,2024-10-30 09:29:00
2024-10-30 09:29:42.257,13.0,0,0.0,2024-10-30 09:29:00
2024-10-30 09:29:43.765,13.0,0,0.0,2024-10-30 09:29:00
2024-10-30 09:29:45.690,13.0,0,0.0,2024-10-30 09:29:00
2024-10-30 09:29:48.092,13.0,0,0.0,2024-10-30 09:29:00
2024-10-30 09:29:50.038,13.0,0,0.0,2024-10-30 09:29:00
2024-10-30 09:29:52.452,13.0,0,0.0,2024-10-30 09:29:00
2024-10-30 09:29:52.611,13.0,0,0.0,2024-10-30 09:29:00
2024-10-30 09:29:52.614,13.0,0,0.0,2024-10-30 09:29:00
2024-10-30 09:29:53.116,13.0,0,0.0,2024-10-30 09:29:00
2024-10-30 09:29:53.119,13.0,0,0.0,2024-10-30 09:29:00
2024-10-30 09:29:53.624,13.0,0,0.0,2024-10-30 09:29:00
2024-10-30 09:29:53.626,13.0,0,0.0,2024-10-30 09:29:00
2024-10-30 09:29:54.162,13.0,0,0.0,2024-10-30 09:29:00
2024-10-30 09:29:54.164,13.0,0,0.0,2024-10-30 09:29:00
2024-10-30 09:29:55.336,13.0,0,0.0,2024-10-30 09:29:00
2024-10-30 09:29:57.696,13.0,0,0.0,2024-10-30 09:29:00
2024-10-30 09:29:59.608,13.0,0,0.0,2024-10-30 09:29:00
2024-10-30 09:30:02.007,13.0,0,0.0,2024-10-30 09:30:00
2024-10-30 09:30:04.422,13.0,0,0.0,2024-10-30 09:30:00
2024-10-30 09:30:04.627,13.0,0,0.0,2024-10-30 09:30:00
2024-10-30 09:30:04.690,13.0,0,0.0,2024-10-30 09:30:00
2024-10-30 09:30:05.135,13.0,0,0.0,2024-10-30 09:30:00
2024-10-30 09:30:05.314,13.0,0,0.0,2024-10-30 09:30:00
2024-10-30 09:30:05.613,13.0,0,0.0,2024-10-30 09:30:00
2024-10-30 09:30:05.628,13.0,0,0.0,2024-10-30 09:30:00
2024-10-30 09:30:06.163,13.0,0,0.0,2024-10-30 09:30:00
2024-10-30 09:30:06.168,13.0,0,0.0,2024-10-30 09:30:00
2024-10-30 09:30:07.112,13.0,0,0.0,2024-10-30 09:30:00
2024-10-30 09:30:09.695,13.0,0,0.0,2024-10-30 09:30:00
2024-10-30 09:30:11.760,13.0,0,0.0,2024-10-30 09:30:00
2024-10-30 09:30:14.009,13.0,0,0.0,2024-10-30 09:30:00
2024-10-30 09:30:15.928,13.0,0,0.0,2024-10-30 09:30:00
2024-10-30 09:30:16.574,13.0,0,0.0,2024-10-30 09:30:00
2024-10-30 09:30:16.592,13.0,0,0.0,2024-10-30 09:30:00
2024-10-30 09:30:17.073,13.0,0,0.0,2024-10-30 09:30:00
2024-10-30 09:30:17.098,13.0,0,0.0,2024-10-30 09:30:00
2024-10-30 09:30:17.586,13.0,0,0.0,2024-10-30 09:30:00
2024-10-30 09:30:17.602,13.0,0,0.0,2024-10-30 09:30:00
2024-10-30 09:30:18.216,13.0,0,0.0,2024-10-30 09:30:00
2024-10-30 09:30:18.311,13.0,0,0.0,2024-10-30 09:30:00
2024-10-30 09:30:19.067,13.0,0,0.0,2024-10-30 09:30:00
2024-10-30 09:30:21.206,13.0,0,0.0,2024-10-30 09:30:00
2024-10-30 09:30:23.607,13.0,0,0.0,2024-10-30 09:30:00
2024-10-30 09:30:25.529,13.0,0,0.0,2024-10-30 09:30:00
2024-10-30 09:30:27.925,13.0,0,0.0,2024-10-30 09:30:00
2024-10-30 09:30:28.575,13.0,0,0.0,2024-10-30 09:30:00
2024-10-30 09:30:28.578,13.0,0,0.0,2024-10-30 09:30:00
2024-10-30 09:30:29.076,13.0,0,0.0,2024-10-30 09:30:00
2024-10-30 09:30:29.082,13.0,0,0.0,2024-10-30 09:30:00
2024-10-30 09:30:29.601,13.0,0,0.0,2024-10-30 09:30:00
2024-10-30 09:30:29.666,13.0,0,0.0,2024-10-30 09:30:00
2024-10-30 09:30:30.159,13.0,0,0.0,2024-10-30 09:30:00
2024-10-30 09:30:30.225,13.0,0,0.0,2024-10-30 09:30:00
2024-10-30 09:30:31.020,13.0,0,0.0,2024-10-30 09:30:00
2024-10-30 09:30:33.208,13.0,0,0.0,2024-10-30 09:30:00
2024-10-30 09:30:35.655,13.0,0,0.0,2024-10-30 09:30:00
2024-10-30 09:30:37.527,13.0,0,0.0,2024-10-30 09:30:00
2024-10-30 09:30:39.949,13.0,0,0.0,2024-10-30 09:30:00
2024-10-30 09:30:40.694,13.0,0,0.0,2024-10-30 09:30:00
2024-10-30 09:30:40.698,13.0,0,0.0,2024-10-30 09:30:00
2024-10-30 09:30:41.149,13.0,0,0.0,2024-10-30 09:30:00
2024-10-30 09:30:41.214,13.0,0,0.0,2024-10-30 09:30:00
2024-10-30 09:30:41.583,13.0,0,0.0,2024-10-30 09:30:00
2024-10-30 09:30:41.593,13.0,0,0.0,2024-10-30 09:30:00
2024-10-30 09:30:42.137,13.0,0,0.0,2024-10-30 09:30:00
2024-10-30 09:30:42.142,13.0,0,0.0,2024-10-30 09:30:00
2024-10-30 09:30:42.934,13.0,0,0.0,2024-10-30 09:30:00
2024-10-30 09:30:45.264,13.0,0,0.0,2024-10-30 09:30:00
2024-10-30 09:30:47.131,13.0,0,0.0,2024-10-30 09:30:00
2024-10-30 09:30:49.633,13.0,0,0.0,2024-10-30 09:30:00
2024-10-30 09:30:51.927,13.0,0,0.0,2024-10-30 09:30:00
2024-10-30 09:30:52.616,13.0,0,0.0,2024-10-30 09:30:00
2024-10-30 09:30:52.684,13.0,0,0.0,2024-10-30 09:30:00
2024-10-30 09:30:53.051,13.0,0,0.0,2024-10-30 09:30:00
2024-10-30 09:30:53.069,13.0,0,0.0,2024-10-30 09:30:00
2024-10-30 09:30:53.560,13.0,0,0.0,2024-10-30 09:30:00
2024-10-30 09:30:53.582,13.0,0,0.0,2024-10-30 09:30:00
2024-10-30 09:30:54.133,13.0,0,0.0,2024-10-30 09:30:00
2024-10-30 09:30:54.237,13.0,0,0.0,2024-10-30 09:30:00
2024-10-30 09:30:54.757,13.0,0,0.0,2024-10-30 09:30:00
2024-10-30 09:30:57.205,13.0,0,0.0,2024-10-30 09:30:00
2024-10-30 09:30:59.130,13.0,0,0.0,2024-10-30 09:30:00
2024-10-30 09:31:01.563,13.0,0,0.0,2024-10-30 09:31:00
2024-10-30 09:31:03.446,13.0,0,0.0,2024-10-30 09:31:00
2024-10-30 09:31:04.936,13.0,0,0.0,2024-10-30 09:31:00
2024-10-30 09:31:05.034,13.0,0,0.0,2024-10-30 09:31:00
2024-10-30 09:31:05.046,13.0,0,0.0,2024-10-30 09:31:00
2024-10-30 09:31:05.086,13.0,0,0.0,2024-10-30 09:31:00
2024-10-30 09:31:05.587,13.0,0,0.0,2024-10-30 09:31:00
2024-10-30 09:31:05.628,13.0,0,0.0,2024-10-30 09:31:00
2024-10-30 09:31:06.135,13.0,0,0.0,2024-10-30 09:31:00
2024-10-30 09:31:06.141,13.0,0,0.0,2024-10-30 09:31:00
2024-10-30 09:31:06.567,13.0,0,0.0,2024-10-30 09:31:00
2024-10-30 09:31:09.344,13.0,0,0.0,2024-10-30 09:31:00
2024-10-30 09:31:11.134,13.0,0,0.0,2024-10-30 09:31:00
2024-10-30 09:31:13.525,13.0,0,0.0,2024-10-30 09:31:00
2024-10-30 09:31:15.493,13.0,0,0.0,2024-10-30 09:31:00
2024-10-30 09:31:16.928,13.0,0,0.0,2024-10-30 09:31:00
2024-10-30 09:31:16.930,13.0,0,0.0,2024-10-30 09:31:00
2024-10-30 09:31:17.036,13.0,0,0.0,2024-10-30 09:31:00
2024-10-30 09:31:17.054,13.0,0,0.0,2024-10-30 09:31:00
2024-10-30 09:31:17.543,13.0,0,0.0,2024-10-30 09:31:00
2024-10-30 09:31:17.561,13.0,0,0.0,2024-10-30 09:31:00
2024-10-30 09:31:18.124,13.0,0,0.0,2024-10-30 09:31:00
2024-10-30 09:31:18.128,13.0,0,0.0,2024-10-30 09:31:00
2024-10-30 09:31:18.566,13.0,0,0.0,2024-10-30 09:31:00
2024-10-30 09:31:20.788,13.0,0,0.0,2024-10-30 09:31:00
2024-10-30 09:31:23.126,13.0,0,0.0,2024-10-30 09:31:00
2024-10-30 09:31:25.093,13.0,0,0.0,2024-10-30 09:31:00
2024-10-30 09:31:27.447,13.0,0,0.0,2024-10-30 09:31:00
2024-10-30 09:31:28.873,13.0,0,0.0,2024-10-30 09:31:00
2024-10-30 09:31:28.886,13.0,0,0.0,2024-10-30 09:31:00
2024-10-30 09:31:29.015,13.0,0,0.0,2024-10-30 09:31:00
2024-10-30 09:31:29.025,13.0,0,0.0,2024-10-30 09:31:00
2024-10-30 09:31:29.521,13.0,0,0.0,2024-10-30 09:31:00
2024-10-30 09:31:29.530,13.0,0,0.0,2024-10-30 09:31:00
2024-10-30 09:31:30.134,13.0,0,0.0,2024-10-30 09:31:00
2024-10-30 09:31:30.204,13.0,0,0.0,2024-10-30 09:31:00
2024-10-30 09:31:30.543,13.0,0,0.0,2024-10-30 09:31:00
2024-10-30 09:31:32.726,13.0,0,0.0,2024-10-30 09:31:00
2024-10-30 09:31:35.187,13.0,0,0.0,2024-10-30 09:31:00
2024-10-30 09:31:37.090,13.0,0,0.0,2024-10-30 09:31:00
2024-10-30 09:31:39.488,13.0,0,0.0,2024-10-30 09:31:00
2024-10-30 09:31:40.928,13.0,0,0.0,2024-10-30 09:31:00
2024-10-30 09:31:40.935,13.0,0,0.0,2024-10-30 09:31:00
2024-10-30 09:31:41.028,13.0,0,0.0,2024-10-30 09:31:00
2024-10-30 09:31:41.075,13.0,0,0.0,2024-10-30 09:31:00
2024-10-30 09:31:41.524,13.0,0,0.0,2024-10-30 09:31:00
2024-10-30 09:31:41.536,13.0,0,0.0,2024-10-30 09:31:00
2024-10-30 09:31:42.077,13.0,0,0.0,2024-10-30 09:31:00
2024-10-30 09:31:42.228,13.0,0,0.0,2024-10-30 09:31:00
2024-10-30 09:31:42.663,13.0,0,0.0,2024-10-30 09:31:00
2024-10-30 09:31:44.775,13.0,0,0.0,2024-10-30 09:31:00
2024-10-30 09:31:46.645,13.0,0,0.0,2024-10-30 09:31:00
2024-10-30 09:31:52.887,13.0,0,0.0,2024-10-30 09:31:00
2024-10-30 09:31:52.893,13.0,0,0.0,2024-10-30 09:31:00
2024-10-30 09:31:53.077,13.0,0,0.0,2024-10-30 09:31:00
2024-10-30 09:31:53.213,13.0,0,0.0,2024-10-30 09:31:00
2024-10-30 09:31:53.584,13.0,0,0.0,2024-10-30 09:31:00
2024-10-30 09:31:53.649,13.0,0,0.0,2024-10-30 09:31:00
2024-10-30 09:31:54.166,13.0,0,0.0,2024-10-30 09:31:00
2024-10-30 09:31:54.235,13.0,0,0.0,2024-10-30 09:31:00
2024-10-30 09:31:54.603,13.0,0,0.0,2024-10-30 09:31:00
2024-10-30 09:31:55.395,13.0,0,0.0,2024-10-30 09:31:00
2024-10-30 09:32:04.931,13.0,0,0.0,2024-10-30 09:32:00
2024-10-30 09:32:04.990,13.0,0,0.0,2024-10-30 09:32:00
2024-10-30 09:32:05.295,13.0,0,0.0,2024-10-30 09:32:00
2024-10-30 09:32:05.402,13.0,0,0.0,2024-10-30 09:32:00
2024-10-30 09:32:05.718,13.0,0,0.0,2024-10-30 09:32:00
2024-10-30 09:32:05.772,13.0,0,0.0,2024-10-30 09:32:00
2024-10-30 09:32:06.230,13.0,0,0.0,2024-10-30 09:32:00
2024-10-30 09:32:06.255,13.0,0,0.0,2024-10-30 09:32:00
2024-10-30 09:32:06.818,13.0,0,0.0,2024-10-30 09:32:00
2024-10-30 09:32:08.245,13.0,0,0.0,2024-10-30 09:32:00
2024-10-30 09:32:16.890,13.0,0,0.0,2024-10-30 09:32:00
2024-10-30 09:32:16.895,13.0,0,0.0,2024-10-30 09:32:00
2024-10-30 09:32:17.348,13.0,0,0.0,2024-10-30 09:32:00
2024-10-30 09:32:17.389,13.0,0,0.0,2024-10-30 09:32:00
2024-10-30 09:32:17.785,13.0,0,0.0,2024-10-30 09:32:00
2024-10-30 09:32:17.814,13.0,0,0.0,2024-10-30 09:32:00
2024-10-30 09:32:18.364,13.0,0,0.0,2024-10-30 09:32:00
2024-10-30 09:32:18.428,13.0,0,0.0,2024-10-30 09:32:00
2024-10-30 09:32:18.823,13.0,0,0.0,2024-10-30 09:32:00
2024-10-30 09:32:20.261,13.0,0,0.0,2024-10-30 09:32:00
2024-10-30 09:32:22.275,13.0,0,0.0,2024-10-30 09:32:00
2024-10-30 09:32:28.887,13.0,0,0.0,2024-10-30 09:32:00
2024-10-30 09:32:28.892,13.0,0,0.0,2024-10-30 09:32:00
2024-10-30 09:32:29.291,13.0,0,0.0,2024-10-30 09:32:00
2024-10-30 09:32:29.333,13.0,0,0.0,2024-10-30 09:32:00
2024-10-30 09:32:29.798,13.0,0,0.0,2024-10-30 09:32:00
2024-10-30 09:32:29.973,13.0,0,0.0,2024-10-30 09:32:00
2024-10-30 09:32:30.284,13.0,0,0.0,2024-10-30 09:32:00
2024-10-30 09:32:30.364,13.0,0,0.0,2024-10-30 09:32:00
2024-10-30 09:32:30.902,13.0,0,0.0,2024-10-30 09:32:00
2024-10-30 09:32:31.657,13.0,0,0.0,2024-10-30 09:32:00
2024-10-30 09:32:34.170,13.0,0,0.0,2024-10-30 09:32:00
2024-10-30 09:32:40.920,13.0,0,0.0,2024-10-30 09:32:00
2024-10-30 09:32:40.925,13.0,0,0.0,2024-10-30 09:32:00
2024-10-30 09:32:41.399,13.0,0,0.0,2024-10-30 09:32:00
2024-10-30 09:32:41.465,13.0,0,0.0,2024-10-30 09:32:00
2024-10-30 09:32:41.829,13.0,0,0.0,2024-10-30 09:32:00
2024-10-30 09:32:41.870,13.0,0,0.0,2024-10-30 09:32:00
2024-10-30 09:32:42.335,13.0,0,0.0,2024-10-30 09:32:00
2024-10-30 09:32:42.374,13.0,0,0.0,2024-10-30 09:32:00
2024-10-30 09:32:42.940,13.0,0,0.0,2024-10-30 09:32:00
2024-10-30 09:32:43.626,13.0,0,0.0,2024-10-30 09:32:00
2024-10-30 09:32:53.373,13.0,0,0.0,2024-10-30 09:32:00
2024-10-30 09:32:53.383,13.0,0,0.0,2024-10-30 09:32:00
2024-10-30 09:32:53.439,13.0,0,0.0,2024-10-30 09:32:00
2024-10-30 09:32:53.458,13.0,0,0.0,2024-10-30 09:32:00
2024-10-30 09:32:54.071,13.0,0,0.0,2024-10-30 09:32:00
2024-10-30 09:32:54.075,13.0,0,0.0,2024-10-30 09:32:00
2024-10-30 09:32:54.461,13.0,0,0.0,2024-10-30 09:32:00
2024-10-30 09:32:54.473,13.0,0,0.0,2024-10-30 09:32:00
2024-10-30 09:32:54.975,13.0,0,0.0,2024-10-30 09:32:00
2024-10-30 09:32:56.817,13.0,0,0.0,2024-10-30 09:32:00
2024-10-30 09:32:58.651,13.0,0,0.0,2024-10-30 09:32:00
2024-10-30 09:33:01.046,13.0,0,0.0,2024-10-30 09:33:00
2024-10-30 09:33:02.972,13.0,0,0.0,2024-10-30 09:33:00
2024-10-30 09:33:04.941,13.0,0,0.0,2024-10-30 09:33:00
2024-10-30 09:33:04.948,13.0,0,0.0,2024-10-30 09:33:00
2024-10-30 09:33:05.414,13.0,0,0.0,2024-10-30 09:33:00
2024-10-30 09:33:05.418,13.0,0,0.0,2024-10-30 09:33:00
2024-10-30 09:33:05.847,13.0,0,0.0,2024-10-30 09:33:00
2024-10-30 09:33:05.865,13.0,0,0.0,2024-10-30 09:33:00
2024-10-30 09:33:06.356,13.0,0,0.0,2024-10-30 09:33:00
2024-10-30 09:33:06.376,13.0,0,0.0,2024-10-30 09:33:00
2024-10-30 09:33:06.945,13.0,0,0.0,2024-10-30 09:33:00
2024-10-30 09:33:08.436,13.0,0,0.0,2024-10-30 09:33:00
2024-10-30 09:33:17.372,13.0,0,0.0,2024-10-30 09:33:00
2024-10-30 09:33:17.377,13.0,0,0.0,2024-10-30 09:33:00
2024-10-30 09:33:17.491,13.0,0,0.0,2024-10-30 09:33:00
2024-10-30 09:33:17.513,13.0,0,0.0,2024-10-30 09:33:00
2024-10-30 09:33:18.071,13.0,0,0.0,2024-10-30 09:33:00
2024-10-30 09:33:18.074,13.0,0,0.0,2024-10-30 09:33:00
2024-10-30 09:33:18.570,13.0,0,0.0,2024-10-30 09:33:00
2024-10-30 09:33:18.578,13.0,0,0.0,2024-10-30 09:33:00
2024-10-30 09:33:19.018,13.0,0,0.0,2024-10-30 09:33:00
2024-10-30 09:33:20.374,13.0,0,0.0,2024-10-30 09:33:00
2024-10-30 09:33:29.369,13.0,0,0.0,2024-10-30 09:33:00
2024-10-30 09:33:29.373,13.0,0,0.0,2024-10-30 09:33:00
2024-10-30 09:33:29.556,13.0,0,0.0,2024-10-30 09:33:00
2024-10-30 09:33:29.595,13.0,0,0.0,2024-10-30 09:33:00
2024-10-30 09:33:30.167,13.0,0,0.0,2024-10-30 09:33:00
2024-10-30 09:33:30.329,13.0,0,0.0,2024-10-30 09:33:00
2024-10-30 09:33:30.599,13.0,0,0.0,2024-10-30 09:33:00
2024-10-30 09:33:30.716,13.0,0,0.0,2024-10-30 09:33:00
2024-10-30 09:33:31.077,13.0,0,0.0,2024-10-30 09:33:00
2024-10-30 09:33:32.248,13.0,0,0.0,2024-10-30 09:33:00
2024-10-30 09:33:41.372,13.0,0,0.0,2024-10-30 09:33:00
2024-10-30 09:33:41.378,13.0,0,0.0,2024-10-30 09:33:00
2024-10-30 09:33:41.626,13.0,0,0.0,2024-10-30 09:33:00
2024-10-30 09:33:41.659,13.0,0,0.0,2024-10-30 09:33:00
2024-10-30 09:33:42.137,13.0,0,0.0,2024-10-30 09:33:00
2024-10-30 09:33:42.161,13.0,0,0.0,2024-10-30 09:33:00
2024-10-30 09:33:42.705,13.0,0,0.0,2024-10-30 09:33:00
2024-10-30 09:33:42.771,13.0,0,0.0,2024-10-30 09:33:00
2024-10-30 09:33:43.148,13.0,0,0.0,2024-10-30 09:33:00
2024-10-30 09:33:44.091,13.0,0,0.0,2024-10-30 09:33:00
2024-10-30 09:33:46.695,13.0,0,0.0,2024-10-30 09:33:00
2024-10-30 09:33:48.572,13.0,0,0.0,2024-10-30 09:33:00
2024-10-30 09:33:53.370,13.0,0,0.0,2024-10-30 09:33:00
2024-10-30 09:33:53.375,13.0,0,0.0,2024-10-30 09:33:00
2024-10-30 09:33:53.651,13.0,0,0.0,2024-10-30 09:33:00
2024-10-30 09:33:53.655,13.0,0,0.0,2024-10-30 09:33:00
2024-10-30 09:33:54.146,13.0,0,0.0,2024-10-30 09:33:00
2024-10-30 09:33:54.157,13.0,0,0.0,2024-10-30 09:33:00
2024-10-30 09:33:54.749,13.0,0,0.0,2024-10-30 09:33:00
2024-10-30 09:33:54.820,13.0,0,0.0,2024-10-30 09:33:00
2024-10-30 09:33:55.159,13.0,0,0.0,2024-10-30 09:33:00
2024-10-30 09:33:56.732,13.0,0,0.0,2024-10-30 09:33:00
2024-10-30 09:34:05.411,13.0,0,0.0,2024-10-30 09:34:00
2024-10-30 09:34:05.418,13.0,0,0.0,2024-10-30 09:34:00
2024-10-30 09:34:05.740,13.0,0,0.0,2024-10-30 09:34:00
2024-10-30 09:34:05.788,13.0,0,0.0,2024-10-30 09:34:00
2024-10-30 09:34:06.231,13.0,0,0.0,2024-10-30 09:34:00
2024-10-30 09:34:06.252,13.0,0,0.0,2024-10-30 09:34:00
2024-10-30 09:34:06.837,13.0,0,0.0,2024-10-30 09:34:00
2024-10-30 09:34:06.842,13.0,0,0.0,2024-10-30 09:34:00
2024-10-30 09:34:07.247,13.0,0,0.0,2024-10-30 09:34:00
2024-10-30 09:34:09.214,13.0,0,0.0,2024-10-30 09:34:00
2024-10-30 09:34:11.183,13.0,0,0.0,2024-10-30 09:34:00
2024-10-30 09:34:13.057,13.0,0,0.0,2024-10-30 09:34:00
2024-10-30 09:34:17.369,13.0,0,0.0,2024-10-30 09:34:00
2024-10-30 09:34:17.377,13.0,0,0.0,2024-10-30 09:34:00
2024-10-30 09:34:17.714,13.0,0,0.0,2024-10-30 09:34:00
2024-10-30 09:34:17.736,13.0,0,0.0,2024-10-30 09:34:00
2024-10-30 09:34:18.223,13.0,0,0.0,2024-10-30 09:34:00
2024-10-30 09:34:18.258,13.0,0,0.0,2024-10-30 09:34:00
2024-10-30 09:34:18.732,13.0,0,0.0,2024-10-30 09:34:00
2024-10-30 09:34:18.759,13.0,0,0.0,2024-10-30 09:34:00
2024-10-30 09:34:19.260,13.0,0,0.0,2024-10-30 09:34:00
2024-10-30 09:34:21.236,13.0,0,0.0,2024-10-30 09:34:00
2024-10-30 09:34:23.131,13.0,0,0.0,2024-10-30 09:34:00
2024-10-30 09:34:25.102,13.0,0,0.0,2024-10-30 09:34:00
2024-10-30 09:34:26.975,13.0,0,0.0,2024-10-30 09:34:00
2024-10-30 09:34:29.373,13.0,0,0.0,2024-10-30 09:34:00
2024-10-30 09:34:29.379,13.0,0,0.0,2024-10-30 09:34:00
2024-10-30 09:34:29.572,13.0,0,0.0,2024-10-30 09:34:00
2024-10-30 09:34:29.651,13.0,0,0.0,2024-10-30 09:34:00
2024-10-30 09:34:30.212,13.0,0,0.0,2024-10-30 09:34:00
2024-10-30 09:34:30.220,13.0,0,0.0,2024-10-30 09:34:00
2024-10-30 09:34:30.603,13.0,0,0.0,2024-10-30 09:34:00
2024-10-30 09:34:30.676,13.0,0,0.0,2024-10-30 09:34:00
2024-10-30 09:34:31.091,13.0,0,0.0,2024-10-30 09:34:00
2024-10-30 09:34:32.767,13.0,0,0.0,2024-10-30 09:34:00
2024-10-30 09:34:34.657,13.0,0,0.0,2024-10-30 09:34:00
2024-10-30 09:34:37.053,13.0,0,0.0,2024-10-30 09:34:00
2024-10-30 09:34:38.971,13.0,0,0.0,2024-10-30 09:34:00
2024-10-30 09:34:41.374,13.0,0,0.0,2024-10-30 09:34:00
2024-10-30 09:34:41.379,13.0,0,0.0,2024-10-30 09:34:00
2024-10-30 09:34:41.404,13.0,0,0.0,2024-10-30 09:34:00
2024-10-30 09:34:41.693,13.0,0,0.0,2024-10-30 09:34:00
2024-10-30 09:34:42.029,13.0,0,0.0,2024-10-30 09:34:00
2024-10-30 09:34:42.133,13.0,0,0.0,2024-10-30 09:34:00
2024-10-30 09:34:42.421,13.0,0,0.0,2024-10-30 09:34:00
2024-10-30 09:34:42.741,13.0,0,0.0,2024-10-30 09:34:00
2024-10-30 09:34:43.027,13.0,0,0.0,2024-10-30 09:34:00
2024-10-30 09:34:44.284,13.0,0,0.0,2024-10-30 09:34:00
2024-10-30 09:34:46.652,13.0,0,0.0,2024-10-30 09:34:00
2024-10-30 09:34:48.573,13.0,0,0.0,2024-10-30 09:34:00
2024-10-30 09:34:50.994,13.0,0,0.0,2024-10-30 09:34:00
2024-10-30 09:34:52.893,13.0,0,0.0,2024-10-30 09:34:00
2024-10-30 09:34:53.165,13.0,0,0.0,2024-10-30 09:34:00
2024-10-30 09:34:53.303,13.0,0,0.0,2024-10-30 09:34:00
2024-10-30 09:34:53.604,13.0,0,0.0,2024-10-30 09:34:00
2024-10-30 09:34:53.737,13.0,0,0.0,2024-10-30 09:34:00
2024-10-30 09:34:54.113,13.0,0,0.0,2024-10-30 09:34:00
2024-10-30 09:34:54.245,13.0,0,0.0,2024-10-30 09:34:00
2024-10-30 09:34:54.616,13.0,0,0.0,2024-10-30 09:34:00
2024-10-30 09:34:54.823,13.0,0,0.0,2024-10-30 09:34:00
2024-10-30 09:34:56.727,13.0,0,0.0,2024-10-30 09:34:00
2024-10-30 09:34:58.651,13.0,0,0.0,2024-10-30 09:34:00
2024-10-30 09:35:00.620,13.0,0,0.0,2024-10-30 09:35:00
2024-10-30 09:35:02.489,13.0,0,0.0,2024-10-30 09:35:00
2024-10-30 09:35:04.893,13.0,0,0.0,2024-10-30 09:35:00
2024-10-30 09:35:05.085,13.0,0,0.0,2024-10-30 09:35:00
2024-10-30 09:35:05.143,13.0,0,0.0,2024-10-30 09:35:00
2024-10-30 09:35:05.591,13.0,0,0.0,2024-10-30 09:35:00
2024-10-30 09:35:05.620,13.0,0,0.0,2024-10-30 09:35:00
2024-10-30 09:35:06.102,13.0,0,0.0,2024-10-30 09:35:00
2024-10-30 09:35:06.205,13.0,0,0.0,2024-10-30 09:35:00
2024-10-30 09:35:06.604,13.0,0,0.0,2024-10-30 09:35:00
2024-10-30 09:35:06.633,13.0,0,0.0,2024-10-30 09:35:00
2024-10-30 09:35:08.252,13.0,0,0.0,2024-10-30 09:35:00
2024-10-30 09:35:10.216,13.0,0,0.0,2024-10-30 09:35:00
2024-10-30 09:35:12.570,13.0,0,0.0,2024-10-30 09:35:00
2024-10-30 09:35:14.498,13.0,0,0.0,2024-10-30 09:35:00
2024-10-30 09:35:16.891,13.0,0,0.0,2024-10-30 09:35:00
2024-10-30 09:35:17.093,13.0,0,0.0,2024-10-30 09:35:00
2024-10-30 09:35:17.098,13.0,0,0.0,2024-10-30 09:35:00
2024-10-30 09:35:17.666,13.0,0,0.0,2024-10-30 09:35:00
2024-10-30 09:35:17.671,13.0,0,0.0,2024-10-30 09:35:00
2024-10-30 09:35:18.111,13.0,0,0.0,2024-10-30 09:35:00
2024-10-30 09:35:18.113,13.0,0,0.0,2024-10-30 09:35:00
2024-10-30 09:35:18.675,13.0,0,0.0,2024-10-30 09:35:00
2024-10-30 09:35:18.683,13.0,0,0.0,2024-10-30 09:35:00
2024-10-30 09:35:20.340,13.0,0,0.0,2024-10-30 09:35:00
2024-10-30 09:35:22.178,13.0,0,0.0,2024-10-30 09:35:00
2024-10-30 09:35:24.090,13.0,0,0.0,2024-10-30 09:35:00
2024-10-30 09:35:26.489,13.0,0,0.0,2024-10-30 09:35:00
2024-10-30 09:35:28.411,13.0,0,0.0,2024-10-30 09:35:00
2024-10-30 09:35:29.167,13.0,0,0.0,2024-10-30 09:35:00
2024-10-30 09:35:29.241,13.0,0,0.0,2024-10-30 09:35:00
2024-10-30 09:35:29.581,13.0,0,0.0,2024-10-30 09:35:00
2024-10-30 09:35:29.601,13.0,0,0.0,2024-10-30 09:35:00
2024-10-30 09:35:30.143,13.0,0,0.0,2024-10-30 09:35:00
2024-10-30 09:35:30.194,13.0,0,0.0,2024-10-30 09:35:00
2024-10-30 09:35:30.613,13.0,0,0.0,2024-10-30 09:35:00
2024-10-30 09:35:30.684,13.0,0,0.0,2024-10-30 09:35:00
2024-10-30 09:35:31.693,13.0,0,0.0,2024-10-30 09:35:00
2024-10-30 09:35:34.280,13.0,0,0.0,2024-10-30 09:35:00
2024-10-30 09:35:36.136,13.0,0,0.0,2024-10-30 09:35:00
2024-10-30 09:35:38.495,13.0,0,0.0,2024-10-30 09:35:00
2024-10-30 09:35:40.465,13.0,0,0.0,2024-10-30 09:35:00
2024-10-30 09:35:41.108,13.0,0,0.0,2024-10-30 09:35:00
2024-10-30 09:35:41.159,13.0,0,0.0,2024-10-30 09:35:00
2024-10-30 09:35:41.590,13.0,0,0.0,2024-10-30 09:35:00
2024-10-30 09:35:41.595,13.0,0,0.0,2024-10-30 09:35:00
2024-10-30 09:35:42.169,13.0,0,0.0,2024-10-30 09:35:00
2024-10-30 09:35:42.187,13.0,0,0.0,2024-10-30 09:35:00
2024-10-30 09:35:42.574,13.0,0,0.0,2024-10-30 09:35:00
2024-10-30 09:35:42.598,13.0,0,0.0,2024-10-30 09:35:00
2024-10-30 09:35:43.547,13.0,0,0.0,2024-10-30 09:35:00
2024-10-30 09:35:45.814,13.0,0,0.0,2024-10-30 09:35:00
2024-10-30 09:35:48.093,13.0,0,0.0,2024-10-30 09:35:00
2024-10-30 09:35:50.012,13.0,0,0.0,2024-10-30 09:35:00
2024-10-30 09:35:52.413,13.0,0,0.0,2024-10-30 09:35:00
2024-10-30 09:35:53.055,13.0,0,0.0,2024-10-30 09:35:00
2024-10-30 09:35:53.065,13.0,0,0.0,2024-10-30 09:35:00
2024-10-30 09:35:53.626,13.0,0,0.0,2024-10-30 09:35:00
2024-10-30 09:35:53.632,13.0,0,0.0,2024-10-30 09:35:00
2024-10-30 09:35:54.134,13.0,0,0.0,2024-10-30 09:35:00
2024-10-30 09:35:54.190,13.0,0,0.0,2024-10-30 09:35:00
2024-10-30 09:35:54.573,13.0,0,0.0,2024-10-30 09:35:00
2024-10-30 09:35:54.594,13.0,0,0.0,2024-10-30 09:35:00
2024-10-30 09:35:55.408,13.0,0,0.0,2024-10-30 09:35:00
2024-10-30 09:35:57.693,13.0,0,0.0,2024-10-30 09:35:00
2024-10-30 09:36:00.093,13.0,0,0.0,2024-10-30 09:36:00
2024-10-30 09:36:02.013,13.0,0,0.0,2024-10-30 09:36:00
2024-10-30 09:36:04.413,13.0,0,0.0,2024-10-30 09:36:00
2024-10-30 09:36:05.044,13.0,0,0.0,2024-10-30 09:36:00
2024-10-30 09:36:05.063,13.0,0,0.0,2024-10-30 09:36:00
2024-10-30 09:36:05.632,13.0,0,0.0,2024-10-30 09:36:00
2024-10-30 09:36:05.673,13.0,0,0.0,2024-10-30 09:36:00
2024-10-30 09:36:06.233,13.0,0,0.0,2024-10-30 09:36:00
2024-10-30 09:36:06.299,13.0,0,0.0,2024-10-30 09:36:00
2024-10-30 09:36:06.559,13.0,0,0.0,2024-10-30 09:36:00
2024-10-30 09:36:06.582,13.0,0,0.0,2024-10-30 09:36:00
2024-10-30 09:36:07.198,13.0,0,0.0,2024-10-30 09:36:00
2024-10-30 09:36:09.691,13.0,0,0.0,2024-10-30 09:36:00
2024-10-30 09:36:11.611,13.0,0,0.0,2024-10-30 09:36:00
2024-10-30 09:36:13.532,13.0,0,0.0,2024-10-30 09:36:00
2024-10-30 09:36:17.372,13.0,0,0.0,2024-10-30 09:36:00
2024-10-30 09:36:17.377,13.0,0,0.0,2024-10-30 09:36:00
2024-10-30 09:36:17.632,13.0,0,0.0,2024-10-30 09:36:00
2024-10-30 09:36:17.704,13.0,0,0.0,2024-10-30 09:36:00
2024-10-30 09:36:18.210,13.0,0,0.0,2024-10-30 09:36:00
2024-10-30 09:36:18.214,13.0,0,0.0,2024-10-30 09:36:00
2024-10-30 09:36:18.651,13.0,0,0.0,2024-10-30 09:36:00
2024-10-30 09:36:18.655,13.0,0,0.0,2024-10-30 09:36:00
2024-10-30 09:36:19.211,13.0,0,0.0,2024-10-30 09:36:00
2024-10-30 09:36:20.796,13.0,0,0.0,2024-10-30 09:36:00
2024-10-30 09:36:29.371,13.0,0,0.0,2024-10-30 09:36:00
2024-10-30 09:36:29.376,13.0,0,0.0,2024-10-30 09:36:00
2024-10-30 09:36:29.657,13.0,0,0.0,2024-10-30 09:36:00
2024-10-30 09:36:29.784,13.0,0,0.0,2024-10-30 09:36:00
2024-10-30 09:36:30.163,13.0,0,0.0,2024-10-30 09:36:00
2024-10-30 09:36:30.343,13.0,0,0.0,2024-10-30 09:36:00
2024-10-30 09:36:30.684,13.0,0,0.0,2024-10-30 09:36:00
2024-10-30 09:36:30.800,13.0,0,0.0,2024-10-30 09:36:00
2024-10-30 09:36:31.209,13.0,0,0.0,2024-10-30 09:36:00
2024-10-30 09:36:31.926,13.0,0,0.0,2024-10-30 09:36:00
2024-10-30 09:36:41.391,13.0,0,0.0,2024-10-30 09:36:00
2024-10-30 09:36:41.444,13.0,0,0.0,2024-10-30 09:36:00
2024-10-30 09:36:41.848,13.0,0,0.0,2024-10-30 09:36:00
2024-10-30 09:36:41.853,13.0,0,0.0,2024-10-30 09:36:00
2024-10-30 09:36:42.297,13.0,0,0.0,2024-10-30 09:36:00
2024-10-30 09:36:42.332,13.0,0,0.0,2024-10-30 09:36:00
2024-10-30 09:36:42.804,13.0,0,0.0,2024-10-30 09:36:00
2024-10-30 09:36:42.838,13.0,0,0.0,2024-10-30 09:36:00
2024-10-30 09:36:43.418,13.0,0,0.0,2024-10-30 09:36:00
2024-10-30 09:36:45.215,13.0,0,0.0,2024-10-30 09:36:00
2024-10-30 09:36:47.214,13.0,0,0.0,2024-10-30 09:36:00
2024-10-30 09:36:49.535,13.0,0,0.0,2024-10-30 09:36:00
2024-10-30 09:36:51.498,13.0,0,0.0,2024-10-30 09:36:00
2024-10-30 09:36:53.374,13.0,0,0.0,2024-10-30 09:36:00
2024-10-30 09:36:53.378,13.0,0,0.0,2024-10-30 09:36:00
2024-10-30 09:36:53.744,13.0,0,0.0,2024-10-30 09:36:00
2024-10-30 09:36:53.828,13.0,0,0.0,2024-10-30 09:36:00
2024-10-30 09:36:54.190,13.0,0,0.0,2024-10-30 09:36:00
2024-10-30 09:36:54.200,13.0,0,0.0,2024-10-30 09:36:00
2024-10-30 09:36:54.696,13.0,0,0.0,2024-10-30 09:36:00
2024-10-30 09:36:54.708,13.0,0,0.0,2024-10-30 09:36:00
2024-10-30 09:36:55.285,13.0,0,0.0,2024-10-30 09:36:00
2024-10-30 09:36:56.728,13.0,0,0.0,2024-10-30 09:36:00
2024-10-30 09:36:59.136,13.0,0,0.0,2024-10-30 09:36:00
2024-10-30 09:37:01.536,13.0,0,0.0,2024-10-30 09:37:00
2024-10-30 09:37:03.453,13.0,0,0.0,2024-10-30 09:37:00
2024-10-30 09:37:05.417,13.0,0,0.0,2024-10-30 09:37:00
2024-10-30 09:37:05.421,13.0,0,0.0,2024-10-30 09:37:00
2024-10-30 09:37:05.723,13.0,0,0.0,2024-10-30 09:37:00
2024-10-30 09:37:05.845,13.0,0,0.0,2024-10-30 09:37:00
2024-10-30 09:37:06.184,13.0,0,0.0,2024-10-30 09:37:00
2024-10-30 09:37:06.219,13.0,0,0.0,2024-10-30 09:37:00
2024-10-30 09:37:06.806,13.0,0,0.0,2024-10-30 09:37:00
2024-10-30 09:37:06.827,13.0,0,0.0,2024-10-30 09:37:00
2024-10-30 09:37:07.215,13.0,0,0.0,2024-10-30 09:37:00
2024-10-30 09:37:08.736,13.0,0,0.0,2024-10-30 09:37:00
2024-10-30 09:37:11.174,13.0,0,0.0,2024-10-30 09:37:00
2024-10-30 09:37:13.060,13.0,0,0.0,2024-10-30 09:37:00
2024-10-30 09:37:15.468,13.0,0,0.0,2024-10-30 09:37:00
2024-10-30 09:37:17.375,13.0,0,0.0,2024-10-30 09:37:00
2024-10-30 09:37:17.380,13.0,0,0.0,2024-10-30 09:37:00
2024-10-30 09:37:17.766,13.0,0,0.0,2024-10-30 09:37:00
2024-10-30 09:37:17.833,13.0,0,0.0,2024-10-30 09:37:00
2024-10-30 09:37:18.179,13.0,0,0.0,2024-10-30 09:37:00
2024-10-30 09:37:18.195,13.0,0,0.0,2024-10-30 09:37:00
2024-10-30 09:37:18.696,13.0,0,0.0,2024-10-30 09:37:00
2024-10-30 09:37:18.704,13.0,0,0.0,2024-10-30 09:37:00
2024-10-30 09:37:19.224,13.0,0,0.0,2024-10-30 09:37:00
2024-10-30 09:37:20.768,13.0,0,0.0,2024-10-30 09:37:00
2024-10-30 09:37:23.132,13.0,0,0.0,2024-10-30 09:37:00
2024-10-30 09:37:25.052,13.0,0,0.0,2024-10-30 09:37:00
2024-10-30 09:37:27.455,13.0,0,0.0,2024-10-30 09:37:00
2024-10-30 09:37:29.442,13.0,0,0.0,2024-10-30 09:37:00
2024-10-30 09:37:29.454,13.0,0,0.0,2024-10-30 09:37:00
2024-10-30 09:37:29.679,13.0,0,0.0,2024-10-30 09:37:00
2024-10-30 09:37:29.690,13.0,0,0.0,2024-10-30 09:37:00
2024-10-30 09:37:30.099,13.0,0,0.0,2024-10-30 09:37:00
2024-10-30 09:37:30.153,13.0,0,0.0,2024-10-30 09:37:00
2024-10-30 09:37:30.689,13.0,0,0.0,2024-10-30 09:37:00
2024-10-30 09:37:30.779,13.0,0,0.0,2024-10-30 09:37:00
2024-10-30 09:37:31.128,13.0,0,0.0,2024-10-30 09:37:00
2024-10-30 09:37:32.734,13.0,0,0.0,2024-10-30 09:37:00
2024-10-30 09:37:34.656,13.0,0,0.0,2024-10-30 09:37:00
2024-10-30 09:37:37.108,13.0,0,0.0,2024-10-30 09:37:00
2024-10-30 09:37:38.976,13.0,0,0.0,2024-10-30 09:37:00
2024-10-30 09:37:41.384,13.0,0,0.0,2024-10-30 09:37:00
2024-10-30 09:37:41.492,13.0,0,0.0,2024-10-30 09:37:00
2024-10-30 09:37:41.582,13.0,0,0.0,2024-10-30 09:37:00
2024-10-30 09:37:41.654,13.0,0,0.0,2024-10-30 09:37:00
2024-10-30 09:37:42.090,13.0,0,0.0,2024-10-30 09:37:00
2024-10-30 09:37:42.156,13.0,0,0.0,2024-10-30 09:37:00
2024-10-30 09:37:42.598,13.0,0,0.0,2024-10-30 09:37:00
2024-10-30 09:37:42.663,13.0,0,0.0,2024-10-30 09:37:00
2024-10-30 09:37:43.103,13.0,0,0.0,2024-10-30 09:37:00
2024-10-30 09:37:44.790,13.0,0,0.0,2024-10-30 09:37:00
2024-10-30 09:37:46.699,13.0,0,0.0,2024-10-30 09:37:00
2024-10-30 09:37:49.052,13.0,0,0.0,2024-10-30 09:37:00
2024-10-30 09:37:51.085,13.0,0,0.0,2024-10-30 09:37:00
2024-10-30 09:37:53.374,13.0,0,0.0,2024-10-30 09:37:00
2024-10-30 09:37:53.378,13.0,0,0.0,2024-10-30 09:37:00
2024-10-30 09:37:53.422,13.0,0,0.0,2024-10-30 09:37:00
2024-10-30 09:37:53.645,13.0,0,0.0,2024-10-30 09:37:00
2024-10-30 09:37:54.000,13.0,0,0.0,2024-10-30 09:37:00
2024-10-30 09:37:54.147,13.0,0,0.0,2024-10-30 09:37:00
2024-10-30 09:37:54.498,13.0,0,0.0,2024-10-30 09:37:00
2024-10-30 09:37:54.656,13.0,0,0.0,2024-10-30 09:37:00
2024-10-30 09:37:55.017,13.0,0,0.0,2024-10-30 09:37:00
2024-10-30 09:37:56.276,13.0,0,0.0,2024-10-30 09:37:00
2024-10-30 09:37:58.653,13.0,0,0.0,2024-10-30 09:37:00
2024-10-30 09:38:00.611,13.0,0,0.0,2024-10-30 09:38:00
2024-10-30 09:38:02.975,13.0,0,0.0,2024-10-30 09:38:00
2024-10-30 09:38:04.899,13.0,0,0.0,2024-10-30 09:38:00
2024-10-30 09:38:05.116,13.0,0,0.0,2024-10-30 09:38:00
2024-10-30 09:38:05.292,13.0,0,0.0,2024-10-30 09:38:00
2024-10-30 09:38:05.701,13.0,0,0.0,2024-10-30 09:38:00
2024-10-30 09:38:05.816,13.0,0,0.0,2024-10-30 09:38:00
2024-10-30 09:38:06.129,13.0,0,0.0,2024-10-30 09:38:00
2024-10-30 09:38:06.356,13.0,0,0.0,2024-10-30 09:38:00
2024-10-30 09:38:06.701,13.0,0,0.0,2024-10-30 09:38:00
2024-10-30 09:38:06.789,13.0,0,0.0,2024-10-30 09:38:00
2024-10-30 09:38:08.270,13.0,0,0.0,2024-10-30 09:38:00
2024-10-30 09:38:10.676,13.0,0,0.0,2024-10-30 09:38:00
2024-10-30 09:38:12.577,13.0,0,0.0,2024-10-30 09:38:00
2024-10-30 09:38:14.975,13.0,0,0.0,2024-10-30 09:38:00
2024-10-30 09:38:16.896,13.0,0,0.0,2024-10-30 09:38:00
2024-10-30 09:38:17.112,13.0,0,0.0,2024-10-30 09:38:00
2024-10-30 09:38:17.162,13.0,0,0.0,2024-10-30 09:38:00
2024-10-30 09:38:17.683,13.0,0,0.0,2024-10-30 09:38:00
2024-10-30 09:38:17.686,13.0,0,0.0,2024-10-30 09:38:00
2024-10-30 09:38:18.120,13.0,0,0.0,2024-10-30 09:38:00
2024-10-30 09:38:18.174,13.0,0,0.0,2024-10-30 09:38:00
2024-10-30 09:38:18.644,13.0,0,0.0,2024-10-30 09:38:00
2024-10-30 09:38:18.678,13.0,0,0.0,2024-10-30 09:38:00
2024-10-30 09:38:20.253,13.0,0,0.0,2024-10-30 09:38:00
2024-10-30 09:38:22.176,13.0,0,0.0,2024-10-30 09:38:00
2024-10-30 09:38:24.579,13.0,0,0.0,2024-10-30 09:38:00
2024-10-30 09:38:26.533,13.0,0,0.0,2024-10-30 09:38:00
2024-10-30 09:38:28.893,13.0,0,0.0,2024-10-30 09:38:00
2024-10-30 09:38:29.118,13.0,0,0.0,2024-10-30 09:38:00
2024-10-30 09:38:29.128,13.0,0,0.0,2024-10-30 09:38:00
2024-10-30 09:38:29.706,13.0,0,0.0,2024-10-30 09:38:00
2024-10-30 09:38:29.773,13.0,0,0.0,2024-10-30 09:38:00
2024-10-30 09:38:30.128,13.0,0,0.0,2024-10-30 09:38:00
2024-10-30 09:38:30.143,13.0,0,0.0,2024-10-30 09:38:00
2024-10-30 09:38:30.663,13.0,0,0.0,2024-10-30 09:38:00
2024-10-30 09:38:30.732,13.0,0,0.0,2024-10-30 09:38:00
2024-10-30 09:38:31.820,13.0,0,0.0,2024-10-30 09:38:00
2024-10-30 09:38:41.395,13.0,0,0.0,2024-10-30 09:38:00
2024-10-30 09:38:41.516,13.0,0,0.0,2024-10-30 09:38:00
2024-10-30 09:38:41.790,13.0,0,0.0,2024-10-30 09:38:00
2024-10-30 09:38:41.799,13.0,0,0.0,2024-10-30 09:38:00
2024-10-30 09:38:42.361,13.0,0,0.0,2024-10-30 09:38:00
2024-10-30 09:38:42.432,13.0,0,0.0,2024-10-30 09:38:00
2024-10-30 09:38:42.807,13.0,0,0.0,2024-10-30 09:38:00
2024-10-30 09:38:42.821,13.0,0,0.0,2024-10-30 09:38:00
2024-10-30 09:38:43.312,13.0,0,0.0,2024-10-30 09:38:00
2024-10-30 09:38:53.372,13.0,0,0.0,2024-10-30 09:38:00
2024-10-30 09:38:53.376,13.0,0,0.0,2024-10-30 09:38:00
2024-10-30 09:38:53.924,13.0,0,0.0,2024-10-30 09:38:00
2024-10-30 09:38:53.927,13.0,0,0.0,2024-10-30 09:38:00
2024-10-30 09:38:54.406,13.0,0,0.0,2024-10-30 09:38:00
2024-10-30 09:38:54.461,13.0,0,0.0,2024-10-30 09:38:00
2024-10-30 09:38:54.838,13.0,0,0.0,2024-10-30 09:38:00
2024-10-30 09:38:54.894,13.0,0,0.0,2024-10-30 09:38:00
2024-10-30 09:38:55.345,13.0,0,0.0,2024-10-30 09:38:00
2024-10-30 09:38:55.964,13.0,0,0.0,2024-10-30 09:38:00
2024-10-30 09:39:05.873,13.0,0,0.0,2024-10-30 09:39:00
2024-10-30 09:39:05.939,13.0,0,0.0,2024-10-30 09:39:00
2024-10-30 09:39:06.045,13.0,0,0.0,2024-10-30 09:39:00
2024-10-30 09:39:06.046,13.0,0,0.0,2024-10-30 09:39:00
2024-10-30 09:39:06.446,13.0,0,0.0,2024-10-30 09:39:00
2024-10-30 09:39:06.451,13.0,0,0.0,2024-10-30 09:39:00
2024-10-30 09:39:06.958,13.0,0,0.0,2024-10-30 09:39:00
2024-10-30 09:39:06.961,13.0,0,0.0,2024-10-30 09:39:00
2024-10-30 09:39:07.466,13.0,0,0.0,2024-10-30 09:39:00
2024-10-30 09:39:08.323,13.0,0,0.0,2024-10-30 09:39:00
2024-10-30 09:39:17.856,13.0,0,0.0,2024-10-30 09:39:00
2024-10-30 09:39:17.859,13.0,0,0.0,2024-10-30 09:39:00
2024-10-30 09:39:18.019,13.0,0,0.0,2024-10-30 09:39:00
2024-10-30 09:39:18.036,13.0,0,0.0,2024-10-30 09:39:00
2024-10-30 09:39:18.575,13.0,0,0.0,2024-10-30 09:39:00
2024-10-30 09:39:18.580,13.0,0,0.0,2024-10-30 09:39:00
2024-10-30 09:39:19.029,13.0,0,0.0,2024-10-30 09:39:00
2024-10-30 09:39:19.054,13.0,0,0.0,2024-10-30 09:39:00
2024-10-30 09:39:19.545,13.0,0,0.0,2024-10-30 09:39:00
2024-10-30 09:39:21.224,13.0,0,0.0,2024-10-30 09:39:00
2024-10-30 09:39:29.852,13.0,0,0.0,2024-10-30 09:39:00
2024-10-30 09:39:29.859,13.0,0,0.0,2024-10-30 09:39:00
2024-10-30 09:39:30.069,13.0,0,0.0,2024-10-30 09:39:00
2024-10-30 09:39:30.133,13.0,0,0.0,2024-10-30 09:39:00
2024-10-30 09:39:30.576,13.0,0,0.0,2024-10-30 09:39:00
2024-10-30 09:39:30.594,13.0,0,0.0,2024-10-30 09:39:00
2024-10-30 09:39:31.123,13.0,0,0.0,2024-10-30 09:39:00
2024-10-30 09:39:31.292,13.0,0,0.0,2024-10-30 09:39:00
2024-10-30 09:39:31.600,13.0,0,0.0,2024-10-30 09:39:00
2024-10-30 09:39:41.902,13.0,0,0.0,2024-10-30 09:39:00
2024-10-30 09:39:41.906,13.0,0,0.0,2024-10-30 09:39:00
2024-10-30 09:39:42.136,13.0,0,0.0,2024-10-30 09:39:00
2024-10-30 09:39:42.183,13.0,0,0.0,2024-10-30 09:39:00
2024-10-30 09:39:42.710,13.0,0,0.0,2024-10-30 09:39:00
2024-10-30 09:39:42.745,13.0,0,0.0,2024-10-30 09:39:00
2024-10-30 09:39:43.143,13.0,0,0.0,2024-10-30 09:39:00
2024-10-30 09:39:43.201,13.0,0,0.0,2024-10-30 09:39:00
2024-10-30 09:39:43.701,13.0,0,0.0,2024-10-30 09:39:00
2024-10-30 09:39:44.336,13.0,0,0.0,2024-10-30 09:39:00
2024-10-30 09:39:53.852,13.0,0,0.0,2024-10-30 09:39:00
2024-10-30 09:39:53.857,13.0,0,0.0,2024-10-30 09:39:00
2024-10-30 09:39:54.236,13.0,0,0.0,2024-10-30 09:39:00
2024-10-30 09:39:54.271,13.0,0,0.0,2024-10-30 09:39:00
2024-10-30 09:39:54.757,13.0,0,0.0,2024-10-30 09:39:00
2024-10-30 09:39:54.778,13.0,0,0.0,2024-10-30 09:39:00
2024-10-30 09:39:55.316,13.0,0,0.0,2024-10-30 09:39:00
2024-10-30 09:39:55.384,13.0,0,0.0,2024-10-30 09:39:00
2024-10-30 09:39:55.759,13.0,0,0.0,2024-10-30 09:39:00
2024-10-30 09:39:57.693,13.0,0,0.0,2024-10-30 09:39:00
2024-10-30 09:39:59.612,13.0,0,0.0,2024-10-30 09:39:00
2024-10-30 09:40:01.637,13.0,0,0.0,2024-10-30 09:40:00
2024-10-30 09:40:03.940,13.0,0,0.0,2024-10-30 09:40:00
2024-10-30 09:40:05.955,13.0,0,0.0,2024-10-30 09:40:00
2024-10-30 09:40:06.063,13.0,0,0.0,2024-10-30 09:40:00
2024-10-30 09:40:06.174,13.0,0,0.0,2024-10-30 09:40:00
2024-10-30 09:40:06.225,13.0,0,0.0,2024-10-30 09:40:00
2024-10-30 09:40:06.798,13.0,0,0.0,2024-10-30 09:40:00
2024-10-30 09:40:06.936,13.0,0,0.0,2024-10-30 09:40:00
2024-10-30 09:40:07.200,13.0,0,0.0,2024-10-30 09:40:00
2024-10-30 09:40:07.209,13.0,0,0.0,2024-10-30 09:40:00
2024-10-30 09:40:07.674,13.0,0,0.0,2024-10-30 09:40:00
2024-10-30 09:40:09.212,13.0,0,0.0,2024-10-30 09:40:00
2024-10-30 09:40:11.705,13.0,0,0.0,2024-10-30 09:40:00
2024-10-30 09:40:13.534,13.0,0,0.0,2024-10-30 09:40:00
2024-10-30 09:40:16.122,13.0,0,0.0,2024-10-30 09:40:00
2024-10-30 09:40:17.856,13.0,0,0.0,2024-10-30 09:40:00
2024-10-30 09:40:17.860,13.0,0,0.0,2024-10-30 09:40:00
2024-10-30 09:40:18.076,13.0,0,0.0,2024-10-30 09:40:00
2024-10-30 09:40:18.139,13.0,0,0.0,2024-10-30 09:40:00
2024-10-30 09:40:18.651,13.0,0,0.0,2024-10-30 09:40:00
2024-10-30 09:40:18.666,13.0,0,0.0,2024-10-30 09:40:00
2024-10-30 09:40:19.090,13.0,0,0.0,2024-10-30 09:40:00
2024-10-30 09:40:19.146,13.0,0,0.0,2024-10-30 09:40:00
2024-10-30 09:40:19.641,13.0,0,0.0,2024-10-30 09:40:00
2024-10-30 09:40:21.228,13.0,0,0.0,2024-10-30 09:40:00
2024-10-30 09:40:23.010,13.0,0,0.0,2024-10-30 09:40:00
2024-10-30 09:40:25.537,13.0,0,0.0,2024-10-30 09:40:00
2024-10-30 09:40:27.456,13.0,0,0.0,2024-10-30 09:40:00
2024-10-30 09:40:29.859,13.0,0,0.0,2024-10-30 09:40:00
2024-10-30 09:40:29.862,13.0,0,0.0,2024-10-30 09:40:00
2024-10-30 09:40:30.075,13.0,0,0.0,2024-10-30 09:40:00
2024-10-30 09:40:30.130,13.0,0,0.0,2024-10-30 09:40:00
2024-10-30 09:40:30.641,13.0,0,0.0,2024-10-30 09:40:00
2024-10-30 09:40:30.733,13.0,0,0.0,2024-10-30 09:40:00
2024-10-30 09:40:31.142,13.0,0,0.0,2024-10-30 09:40:00
2024-10-30 09:40:31.167,13.0,0,0.0,2024-10-30 09:40:00
2024-10-30 09:40:31.650,13.0,0,0.0,2024-10-30 09:40:00
2024-10-30 09:40:33.217,13.0,0,0.0,2024-10-30 09:40:00
2024-10-30 09:40:35.140,13.0,0,0.0,2024-10-30 09:40:00
2024-10-30 09:40:37.538,13.0,0,0.0,2024-10-30 09:40:00
2024-10-30 09:40:39.497,13.0,0,0.0,2024-10-30 09:40:00
2024-10-30 09:40:41.879,13.0,0,0.0,2024-10-30 09:40:00
2024-10-30 09:40:41.976,13.0,0,0.0,2024-10-30 09:40:00
2024-10-30 09:40:41.981,13.0,0,0.0,2024-10-30 09:40:00
2024-10-30 09:40:42.139,13.0,0,0.0,2024-10-30 09:40:00
2024-10-30 09:40:42.404,13.0,0,0.0,2024-10-30 09:40:00
2024-10-30 09:40:42.627,13.0,0,0.0,2024-10-30 09:40:00
2024-10-30 09:40:42.910,13.0,0,0.0,2024-10-30 09:40:00
2024-10-30 09:40:43.136,13.0,0,0.0,2024-10-30 09:40:00
2024-10-30 09:40:43.416,13.0,0,0.0,2024-10-30 09:40:00
2024-10-30 09:40:44.776,13.0,0,0.0,2024-10-30 09:40:00
2024-10-30 09:40:47.174,13.0,0,0.0,2024-10-30 09:40:00
2024-10-30 09:40:49.097,13.0,0,0.0,2024-10-30 09:40:00
2024-10-30 09:40:51.488,13.0,0,0.0,2024-10-30 09:40:00
2024-10-30 09:40:53.501,13.0,0,0.0,2024-10-30 09:40:00
2024-10-30 09:40:53.831,13.0,0,0.0,2024-10-30 09:40:00
2024-10-30 09:40:53.930,13.0,0,0.0,2024-10-30 09:40:00
2024-10-30 09:40:54.202,13.0,0,0.0,2024-10-30 09:40:00
2024-10-30 09:40:54.335,13.0,0,0.0,2024-10-30 09:40:00
2024-10-30 09:40:54.680,13.0,0,0.0,2024-10-30 09:40:00
2024-10-30 09:40:54.737,13.0,0,0.0,2024-10-30 09:40:00
2024-10-30 09:40:55.110,13.0,0,0.0,2024-10-30 09:40:00
2024-10-30 09:40:55.239,13.0,0,0.0,2024-10-30 09:40:00
2024-10-30 09:40:57.210,13.0,0,0.0,2024-10-30 09:40:00
2024-10-30 09:40:58.699,13.0,0,0.0,2024-10-30 09:40:00
2024-10-30 09:41:01.100,13.0,0,0.0,2024-10-30 09:41:00
2024-10-30 09:41:03.060,13.0,0,0.0,2024-10-30 09:41:00
2024-10-30 09:41:05.863,13.0,0,0.0,2024-10-30 09:41:00
2024-10-30 09:41:05.866,13.0,0,0.0,2024-10-30 09:41:00
2024-10-30 09:41:06.219,13.0,0,0.0,2024-10-30 09:41:00
2024-10-30 09:41:06.333,13.0,0,0.0,2024-10-30 09:41:00
2024-10-30 09:41:06.707,13.0,0,0.0,2024-10-30 09:41:00
2024-10-30 09:41:06.757,13.0,0,0.0,2024-10-30 09:41:00
2024-10-30 09:41:07.221,13.0,0,0.0,2024-10-30 09:41:00
2024-10-30 09:41:07.241,13.0,0,0.0,2024-10-30 09:41:00
2024-10-30 09:41:07.756,13.0,0,0.0,2024-10-30 09:41:00
2024-10-30 09:41:09.698,13.0,0,0.0,2024-10-30 09:41:00
2024-10-30 09:41:11.731,13.0,0,0.0,2024-10-30 09:41:00
2024-10-30 09:41:13.533,13.0,0,0.0,2024-10-30 09:41:00
2024-10-30 09:41:15.930,13.0,0,0.0,2024-10-30 09:41:00
2024-10-30 09:41:17.858,13.0,0,0.0,2024-10-30 09:41:00
2024-10-30 09:41:17.862,13.0,0,0.0,2024-10-30 09:41:00
2024-10-30 09:41:18.208,13.0,0,0.0,2024-10-30 09:41:00
2024-10-30 09:41:18.211,13.0,0,0.0,2024-10-30 09:41:00
2024-10-30 09:41:18.640,13.0,0,0.0,2024-10-30 09:41:00
2024-10-30 09:41:18.709,13.0,0,0.0,2024-10-30 09:41:00
2024-10-30 09:41:19.148,13.0,0,0.0,2024-10-30 09:41:00
2024-10-30 09:41:19.222,13.0,0,0.0,2024-10-30 09:41:00
2024-10-30 09:41:19.659,13.0,0,0.0,2024-10-30 09:41:00
2024-10-30 09:41:21.387,13.0,0,0.0,2024-10-30 09:41:00
2024-10-30 09:41:29.972,13.0,0,0.0,2024-10-30 09:41:00
2024-10-30 09:41:29.977,13.0,0,0.0,2024-10-30 09:41:00
2024-10-30 09:41:30.257,13.0,0,0.0,2024-10-30 09:41:00
2024-10-30 09:41:30.273,13.0,0,0.0,2024-10-30 09:41:00
2024-10-30 09:41:30.759,13.0,0,0.0,2024-10-30 09:41:00
2024-10-30 09:41:30.784,13.0,0,0.0,2024-10-30 09:41:00
2024-10-30 09:41:31.301,13.0,0,0.0,2024-10-30 09:41:00
2024-10-30 09:41:31.304,13.0,0,0.0,2024-10-30 09:41:00
2024-10-30 09:41:31.898,13.0,0,0.0,2024-10-30 09:41:00
2024-10-30 09:41:32.672,13.0,0,0.0,2024-10-30 09:41:00
2024-10-30 09:41:35.132,13.0,0,0.0,2024-10-30 09:41:00
2024-10-30 09:41:37.131,13.0,0,0.0,2024-10-30 09:41:00
2024-10-30 09:41:39.456,13.0,0,0.0,2024-10-30 09:41:00
2024-10-30 09:41:41.479,13.0,0,0.0,2024-10-30 09:41:00
2024-10-30 09:41:41.697,13.0,0,0.0,2024-10-30 09:41:00
2024-10-30 09:41:41.789,13.0,0,0.0,2024-10-30 09:41:00
2024-10-30 09:41:42.173,13.0,0,0.0,2024-10-30 09:41:00
2024-10-30 09:41:42.311,13.0,0,0.0,2024-10-30 09:41:00
2024-10-30 09:41:42.749,13.0,0,0.0,2024-10-30 09:41:00
2024-10-30 09:41:42.796,13.0,0,0.0,2024-10-30 09:41:00
2024-10-30 09:41:43.255,13.0,0,0.0,2024-10-30 09:41:00
2024-10-30 09:41:43.320,13.0,0,0.0,2024-10-30 09:41:00
2024-10-30 09:41:45.334,13.0,0,0.0,2024-10-30 09:41:00
2024-10-30 09:41:53.855,13.0,0,0.0,2024-10-30 09:41:00
2024-10-30 09:41:53.863,13.0,0,0.0,2024-10-30 09:41:00
2024-10-30 09:41:54.265,13.0,0,0.0,2024-10-30 09:41:00
2024-10-30 09:41:54.303,13.0,0,0.0,2024-10-30 09:41:00
2024-10-30 09:41:54.777,13.0,0,0.0,2024-10-30 09:41:00
2024-10-30 09:41:54.925,13.0,0,0.0,2024-10-30 09:41:00
2024-10-30 09:41:55.287,13.0,0,0.0,2024-10-30 09:41:00
2024-10-30 09:41:55.323,13.0,0,0.0,2024-10-30 09:41:00
2024-10-30 09:41:55.874,13.0,0,0.0,2024-10-30 09:41:00
2024-10-30 09:41:56.571,13.0,0,0.0,2024-10-30 09:41:00
2024-10-30 09:42:06.436,13.0,0,0.0,2024-10-30 09:42:00
2024-10-30 09:42:06.501,13.0,0,0.0,2024-10-30 09:42:00
2024-10-30 09:42:06.546,13.0,0,0.0,2024-10-30 09:42:00
2024-10-30 09:42:06.605,13.0,0,0.0,2024-10-30 09:42:00
2024-10-30 09:42:06.931,13.0,0,0.0,2024-10-30 09:42:00
2024-10-30 09:42:07.038,13.0,0,0.0,2024-10-30 09:42:00
2024-10-30 09:42:07.411,13.0,0,0.0,2024-10-30 09:42:00
2024-10-30 09:42:07.422,13.0,0,0.0,2024-10-30 09:42:00
2024-10-30 09:42:07.918,13.0,0,0.0,2024-10-30 09:42:00
2024-10-30 09:42:09.696,13.0,0,0.0,2024-10-30 09:42:00
2024-10-30 09:42:18.338,13.0,0,0.0,2024-10-30 09:42:00
2024-10-30 09:42:18.342,13.0,0,0.0,2024-10-30 09:42:00
2024-10-30 09:42:18.444,13.0,0,0.0,2024-10-30 09:42:00
2024-10-30 09:42:18.479,13.0,0,0.0,2024-10-30 09:42:00
2024-10-30 09:42:19.009,13.0,0,0.0,2024-10-30 09:42:00
2024-10-30 09:42:19.014,13.0,0,0.0,2024-10-30 09:42:00
2024-10-30 09:42:19.460,13.0,0,0.0,2024-10-30 09:42:00
2024-10-30 09:42:19.493,13.0,0,0.0,2024-10-30 09:42:00
2024-10-30 09:42:19.976,13.0,0,0.0,2024-10-30 09:42:00
2024-10-30 09:42:20.835,13.0,0,0.0,2024-10-30 09:42:00
2024-10-30 09:42:23.151,13.0,0,0.0,2024-10-30 09:42:00
2024-10-30 09:42:25.541,13.0,0,0.0,2024-10-30 09:42:00
2024-10-30 09:42:30.339,13.0,0,0.0,2024-10-30 09:42:00
2024-10-30 09:42:30.343,13.0,0,0.0,2024-10-30 09:42:00
2024-10-30 09:42:30.459,13.0,0,0.0,2024-10-30 09:42:00
2024-10-30 09:42:30.480,13.0,0,0.0,2024-10-30 09:42:00
2024-10-30 09:42:30.970,13.0,0,0.0,2024-10-30 09:42:00
2024-10-30 09:42:30.984,13.0,0,0.0,2024-10-30 09:42:00
2024-10-30 09:42:31.505,13.0,0,0.0,2024-10-30 09:42:00
2024-10-30 09:42:31.565,13.0,0,0.0,2024-10-30 09:42:00
2024-10-30 09:42:31.989,13.0,0,0.0,2024-10-30 09:42:00
2024-10-30 09:42:33.705,13.0,0,0.0,2024-10-30 09:42:00
2024-10-30 09:42:35.616,13.0,0,0.0,2024-10-30 09:42:00
2024-10-30 09:42:37.536,13.0,0,0.0,2024-10-30 09:42:00
2024-10-30 09:42:42.377,13.0,0,0.0,2024-10-30 09:42:00
2024-10-30 09:42:42.383,13.0,0,0.0,2024-10-30 09:42:00
2024-10-30 09:42:42.490,13.0,0,0.0,2024-10-30 09:42:00
2024-10-30 09:42:42.519,13.0,0,0.0,2024-10-30 09:42:00
2024-10-30 09:42:43.104,13.0,0,0.0,2024-10-30 09:42:00
2024-10-30 09:42:43.170,13.0,0,0.0,2024-10-30 09:42:00
2024-10-30 09:42:43.506,13.0,0,0.0,2024-10-30 09:42:00
2024-10-30 09:42:43.544,13.0,0,0.0,2024-10-30 09:42:00
2024-10-30 09:42:44.016,13.0,0,0.0,2024-10-30 09:42:00
2024-10-30 09:42:46.183,13.0,0,0.0,2024-10-30 09:42:00
2024-10-30 09:42:48.095,13.0,0,0.0,2024-10-30 09:42:00
2024-10-30 09:42:50.015,13.0,0,0.0,2024-10-30 09:42:00
2024-10-30 09:42:51.980,13.0,0,0.0,2024-10-30 09:42:00
2024-10-30 09:42:53.865,13.0,0,0.0,2024-10-30 09:42:00
2024-10-30 09:42:53.878,13.0,0,0.0,2024-10-30 09:42:00
2024-10-30 09:42:54.166,13.0,0,0.0,2024-10-30 09:42:00
2024-10-30 09:42:54.480,13.0,0,0.0,2024-10-30 09:42:00
2024-10-30 09:42:54.687,13.0,0,0.0,2024-10-30 09:42:00
2024-10-30 09:42:54.892,13.0,0,0.0,2024-10-30 09:42:00
2024-10-30 09:42:55.292,13.0,0,0.0,2024-10-30 09:42:00
2024-10-30 09:42:55.401,13.0,0,0.0,2024-10-30 09:42:00
2024-10-30 09:42:55.733,13.0,0,0.0,2024-10-30 09:42:00
2024-10-30 09:42:57.697,13.0,0,0.0,2024-10-30 09:42:00
2024-10-30 09:42:59.616,13.0,0,0.0,2024-10-30 09:42:00
2024-10-30 09:43:01.577,13.0,0,0.0,2024-10-30 09:43:00
2024-10-30 09:43:06.383,13.0,0,0.0,2024-10-30 09:43:00
2024-10-30 09:43:06.389,13.0,0,0.0,2024-10-30 09:43:00
2024-10-30 09:43:06.485,13.0,0,0.0,2024-10-30 09:43:00
2024-10-30 09:43:06.541,13.0,0,0.0,2024-10-30 09:43:00
2024-10-30 09:43:07.015,13.0,0,0.0,2024-10-30 09:43:00
2024-10-30 09:43:07.189,13.0,0,0.0,2024-10-30 09:43:00
2024-10-30 09:43:07.565,13.0,0,0.0,2024-10-30 09:43:00
2024-10-30 09:43:07.582,13.0,0,0.0,2024-10-30 09:43:00
2024-10-30 09:43:08.083,13.0,0,0.0,2024-10-30 09:43:00
2024-10-30 09:43:09.757,13.0,0,0.0,2024-10-30 09:43:00
2024-10-30 09:43:11.669,13.0,0,0.0,2024-10-30 09:43:00
2024-10-30 09:43:13.626,13.0,0,0.0,2024-10-30 09:43:00
2024-10-30 09:43:15.455,13.0,0,0.0,2024-10-30 09:43:00
2024-10-30 09:43:18.336,13.0,0,0.0,2024-10-30 09:43:00
2024-10-30 09:43:18.340,13.0,0,0.0,2024-10-30 09:43:00
2024-10-30 09:43:18.498,13.0,0,0.0,2024-10-30 09:43:00
2024-10-30 09:43:18.503,13.0,0,0.0,2024-10-30 09:43:00
2024-10-30 09:43:19.008,13.0,0,0.0,2024-10-30 09:43:00
2024-10-30 09:43:19.012,13.0,0,0.0,2024-10-30 09:43:00
2024-10-30 09:43:19.520,13.0,0,0.0,2024-10-30 09:43:00
2024-10-30 09:43:19.522,13.0,0,0.0,2024-10-30 09:43:00
2024-10-30 09:43:20.144,13.0,0,0.0,2024-10-30 09:43:00
2024-10-30 09:43:21.743,13.0,0,0.0,2024-10-30 09:43:00
2024-10-30 09:43:23.616,13.0,0,0.0,2024-10-30 09:43:00
2024-10-30 09:43:30.333,13.0,0,0.0,2024-10-30 09:43:00
2024-10-30 09:43:30.338,13.0,0,0.0,2024-10-30 09:43:00
2024-10-30 09:43:30.524,13.0,0,0.0,2024-10-30 09:43:00
2024-10-30 09:43:30.540,13.0,0,0.0,2024-10-30 09:43:00
2024-10-30 09:43:31.034,13.0,0,0.0,2024-10-30 09:43:00
2024-10-30 09:43:31.049,13.0,0,0.0,2024-10-30 09:43:00
2024-10-30 09:43:31.548,13.0,0,0.0,2024-10-30 09:43:00
2024-10-30 09:43:31.601,13.0,0,0.0,2024-10-30 09:43:00
2024-10-30 09:43:32.112,13.0,0,0.0,2024-10-30 09:43:00
2024-10-30 09:43:33.697,13.0,0,0.0,2024-10-30 09:43:00
2024-10-30 09:43:42.431,13.0,0,0.0,2024-10-30 09:43:00
2024-10-30 09:43:42.480,13.0,0,0.0,2024-10-30 09:43:00
2024-10-30 09:43:42.593,13.0,0,0.0,2024-10-30 09:43:00
2024-10-30 09:43:42.603,13.0,0,0.0,2024-10-30 09:43:00
2024-10-30 09:43:43.162,13.0,0,0.0,2024-10-30 09:43:00
2024-10-30 09:43:43.237,13.0,0,0.0,2024-10-30 09:43:00
2024-10-30 09:43:43.608,13.0,0,0.0,2024-10-30 09:43:00
2024-10-30 09:43:43.615,13.0,0,0.0,2024-10-30 09:43:00
2024-10-30 09:43:44.114,13.0,0,0.0,2024-10-30 09:43:00
2024-10-30 09:43:54.335,13.0,0,0.0,2024-10-30 09:43:00
2024-10-30 09:43:54.339,13.0,0,0.0,2024-10-30 09:43:00
2024-10-30 09:43:54.668,13.0,0,0.0,2024-10-30 09:43:00
2024-10-30 09:43:54.682,13.0,0,0.0,2024-10-30 09:43:00
2024-10-30 09:43:55.255,13.0,0,0.0,2024-10-30 09:43:00
2024-10-30 09:43:55.277,13.0,0,0.0,2024-10-30 09:43:00
2024-10-30 09:43:55.798,13.0,0,0.0,2024-10-30 09:43:00
2024-10-30 09:43:55.847,13.0,0,0.0,2024-10-30 09:43:00
2024-10-30 09:43:56.193,13.0,0,0.0,2024-10-30 09:43:00
2024-10-30 09:43:56.981,13.0,0,0.0,2024-10-30 09:43:00
2024-10-30 09:44:06.336,13.0,0,0.0,2024-10-30 09:44:00
2024-10-30 09:44:06.340,13.0,0,0.0,2024-10-30 09:44:00
2024-10-30 09:44:06.767,13.0,0,0.0,2024-10-30 09:44:00
2024-10-30 09:44:06.771,13.0,0,0.0,2024-10-30 09:44:00
2024-10-30 09:44:07.352,13.0,0,0.0,2024-10-30 09:44:00
2024-10-30 09:44:07.503,13.0,0,0.0,2024-10-30 09:44:00
2024-10-30 09:44:07.773,13.0,0,0.0,2024-10-30 09:44:00
2024-10-30 09:44:07.790,13.0,0,0.0,2024-10-30 09:44:00
2024-10-30 09:44:08.272,13.0,0,0.0,2024-10-30 09:44:00
2024-10-30 09:44:10.174,13.0,0,0.0,2024-10-30 09:44:00
2024-10-30 09:44:12.144,13.0,0,0.0,2024-10-30 09:44:00
2024-10-30 09:44:14.016,13.0,0,0.0,2024-10-30 09:44:00
2024-10-30 09:44:16.419,13.0,0,0.0,2024-10-30 09:44:00
2024-10-30 09:44:18.344,13.0,0,0.0,2024-10-30 09:44:00
2024-10-30 09:44:18.348,13.0,0,0.0,2024-10-30 09:44:00
2024-10-30 09:44:18.658,13.0,0,0.0,2024-10-30 09:44:00
2024-10-30 09:44:18.680,13.0,0,0.0,2024-10-30 09:44:00
2024-10-30 09:44:19.252,13.0,0,0.0,2024-10-30 09:44:00
2024-10-30 09:44:19.264,13.0,0,0.0,2024-10-30 09:44:00
2024-10-30 09:44:19.670,13.0,0,0.0,2024-10-30 09:44:00
2024-10-30 09:44:19.695,13.0,0,0.0,2024-10-30 09:44:00
2024-10-30 09:44:20.278,13.0,0,0.0,2024-10-30 09:44:00
2024-10-30 09:44:21.757,13.0,0,0.0,2024-10-30 09:44:00
2024-10-30 09:44:24.099,13.0,0,0.0,2024-10-30 09:44:00
2024-10-30 09:44:26.018,13.0,0,0.0,2024-10-30 09:44:00
2024-10-30 09:44:28.423,13.0,0,0.0,2024-10-30 09:44:00
2024-10-30 09:44:30.380,13.0,0,0.0,2024-10-30 09:44:00
2024-10-30 09:44:30.384,13.0,0,0.0,2024-10-30 09:44:00
2024-10-30 09:44:30.645,13.0,0,0.0,2024-10-30 09:44:00
2024-10-30 09:44:30.656,13.0,0,0.0,2024-10-30 09:44:00
2024-10-30 09:44:31.157,13.0,0,0.0,2024-10-30 09:44:00
2024-10-30 09:44:31.161,13.0,0,0.0,2024-10-30 09:44:00
2024-10-30 09:44:31.690,13.0,0,0.0,2024-10-30 09:44:00
2024-10-30 09:44:31.700,13.0,0,0.0,2024-10-30 09:44:00
2024-10-30 09:44:32.205,13.0,0,0.0,2024-10-30 09:44:00
2024-10-30 09:44:33.741,13.0,0,0.0,2024-10-30 09:44:00
2024-10-30 09:44:36.101,13.0,0,0.0,2024-10-30 09:44:00
2024-10-30 09:44:38.018,13.0,0,0.0,2024-10-30 09:44:00
2024-10-30 09:44:39.937,13.0,0,0.0,2024-10-30 09:44:00
2024-10-30 09:44:42.355,13.0,0,0.0,2024-10-30 09:44:00
2024-10-30 09:44:42.406,13.0,0,0.0,2024-10-30 09:44:00
2024-10-30 09:44:42.563,13.0,0,0.0,2024-10-30 09:44:00
2024-10-30 09:44:42.657,13.0,0,0.0,2024-10-30 09:44:00
2024-10-30 09:44:43.069,13.0,0,0.0,2024-10-30 09:44:00
2024-10-30 09:44:43.131,13.0,0,0.0,2024-10-30 09:44:00
2024-10-30 09:44:43.579,13.0,0,0.0,2024-10-30 09:44:00
2024-10-30 09:44:43.636,13.0,0,0.0,2024-10-30 09:44:00
2024-10-30 09:44:44.088,13.0,0,0.0,2024-10-30 09:44:00
2024-10-30 09:44:45.734,13.0,0,0.0,2024-10-30 09:44:00
2024-10-30 09:44:47.660,13.0,0,0.0,2024-10-30 09:44:00
2024-10-30 09:44:50.061,13.0,0,0.0,2024-10-30 09:44:00
2024-10-30 09:44:51.980,13.0,0,0.0,2024-10-30 09:44:00
2024-10-30 09:44:54.387,13.0,0,0.0,2024-10-30 09:44:00
2024-10-30 09:44:54.398,13.0,0,0.0,2024-10-30 09:44:00
2024-10-30 09:44:54.401,13.0,0,0.0,2024-10-30 09:44:00
2024-10-30 09:44:54.737,13.0,0,0.0,2024-10-30 09:44:00
2024-10-30 09:44:54.903,13.0,0,0.0,2024-10-30 09:44:00
2024-10-30 09:44:55.187,13.0,0,0.0,2024-10-30 09:44:00
2024-10-30 09:44:55.398,13.0,0,0.0,2024-10-30 09:44:00
2024-10-30 09:44:55.616,13.0,0,0.0,2024-10-30 09:44:00
2024-10-30 09:44:56.033,13.0,0,0.0,2024-10-30 09:44:00
2024-10-30 09:44:57.739,13.0,0,0.0,2024-10-30 09:44:00
2024-10-30 09:44:59.624,13.0,0,0.0,2024-10-30 09:44:00
2024-10-30 09:45:02.039,13.0,0,0.0,2024-10-30 09:45:00
2024-10-30 09:45:03.937,13.0,0,0.0,2024-10-30 09:45:00
2024-10-30 09:45:05.859,13.0,0,0.0,2024-10-30 09:45:00
2024-10-30 09:45:06.089,13.0,0,0.0,2024-10-30 09:45:00
2024-10-30 09:45:06.334,13.0,0,0.0,2024-10-30 09:45:00
2024-10-30 09:45:06.592,13.0,0,0.0,2024-10-30 09:45:00
2024-10-30 09:45:06.848,13.0,0,0.0,2024-10-30 09:45:00
2024-10-30 09:45:07.104,13.0,0,0.0,2024-10-30 09:45:00
2024-10-30 09:45:07.377,13.0,0,0.0,2024-10-30 09:45:00
2024-10-30 09:45:07.660,13.0,0,0.0,2024-10-30 09:45:00
2024-10-30 09:45:07.861,13.0,0,0.0,2024-10-30 09:45:00
2024-10-30 09:45:09.700,13.0,0,0.0,2024-10-30 09:45:00
2024-10-30 09:45:11.622,13.0,0,0.0,2024-10-30 09:45:00
2024-10-30 09:45:13.540,13.0,0,0.0,2024-10-30 09:45:00
2024-10-30 09:45:15.941,13.0,0,0.0,2024-10-30 09:45:00
2024-10-30 09:45:17.905,13.0,0,0.0,2024-10-30 09:45:00
2024-10-30 09:45:18.075,13.0,0,0.0,2024-10-30 09:45:00
2024-10-30 09:45:18.209,13.0,0,0.0,2024-10-30 09:45:00
2024-10-30 09:45:18.579,13.0,0,0.0,2024-10-30 09:45:00
2024-10-30 09:45:18.717,13.0,0,0.0,2024-10-30 09:45:00
2024-10-30 09:45:19.145,13.0,0,0.0,2024-10-30 09:45:00
2024-10-30 09:45:19.254,13.0,0,0.0,2024-10-30 09:45:00
2024-10-30 09:45:19.591,13.0,0,0.0,2024-10-30 09:45:00
2024-10-30 09:45:19.733,13.0,0,0.0,2024-10-30 09:45:00
2024-10-30 09:45:21.215,13.0,0,0.0,2024-10-30 09:45:00
2024-10-30 09:45:23.622,13.0,0,0.0,2024-10-30 09:45:00
2024-10-30 09:45:25.543,13.0,0,0.0,2024-10-30 09:45:00
2024-10-30 09:45:27.939,13.0,0,0.0,2024-10-30 09:45:00
2024-10-30 09:45:29.863,13.0,0,0.0,2024-10-30 09:45:00
2024-10-30 09:45:30.071,13.0,0,0.0,2024-10-30 09:45:00
2024-10-30 09:45:30.114,13.0,0,0.0,2024-10-30 09:45:00
2024-10-30 09:45:30.643,13.0,0,0.0,2024-10-30 09:45:00
2024-10-30 09:45:30.646,13.0,0,0.0,2024-10-30 09:45:00
2024-10-30 09:45:31.151,13.0,0,0.0,2024-10-30 09:45:00
2024-10-30 09:45:31.223,13.0,0,0.0,2024-10-30 09:45:00
2024-10-30 09:45:31.584,13.0,0,0.0,2024-10-30 09:45:00
2024-10-30 09:45:31.635,13.0,0,0.0,2024-10-30 09:45:00
2024-10-30 09:45:33.259,13.0,0,0.0,2024-10-30 09:45:00
2024-10-30 09:45:35.147,13.0,0,0.0,2024-10-30 09:45:00
2024-10-30 09:45:37.594,13.0,0,0.0,2024-10-30 09:45:00
2024-10-30 09:45:39.472,13.0,0,0.0,2024-10-30 09:45:00
2024-10-30 09:45:41.999,13.0,0,0.0,2024-10-30 09:45:00
2024-10-30 09:45:42.087,13.0,0,0.0,2024-10-30 09:45:00
2024-10-30 09:45:42.093,13.0,0,0.0,2024-10-30 09:45:00
2024-10-30 09:45:42.600,13.0,0,0.0,2024-10-30 09:45:00
2024-10-30 09:45:42.605,13.0,0,0.0,2024-10-30 09:45:00
2024-10-30 09:45:43.204,13.0,0,0.0,2024-10-30 09:45:00
2024-10-30 09:45:43.272,13.0,0,0.0,2024-10-30 09:45:00
2024-10-30 09:45:43.585,13.0,0,0.0,2024-10-30 09:45:00
2024-10-30 09:45:43.599,13.0,0,0.0,2024-10-30 09:45:00
2024-10-30 09:45:44.739,13.0,0,0.0,2024-10-30 09:45:00
2024-10-30 09:45:47.157,13.0,0,0.0,2024-10-30 09:45:00
2024-10-30 09:45:49.060,13.0,0,0.0,2024-10-30 09:45:00
2024-10-30 09:45:51.461,13.0,0,0.0,2024-10-30 09:45:00
2024-10-30 09:45:53.381,13.0,0,0.0,2024-10-30 09:45:00
2024-10-30 09:45:54.048,13.0,0,0.0,2024-10-30 09:45:00
2024-10-30 09:45:54.062,13.0,0,0.0,2024-10-30 09:45:00
2024-10-30 09:45:54.554,13.0,0,0.0,2024-10-30 09:45:00
2024-10-30 09:45:54.568,13.0,0,0.0,2024-10-30 09:45:00
2024-10-30 09:45:55.130,13.0,0,0.0,2024-10-30 09:45:00
2024-10-30 09:45:55.133,13.0,0,0.0,2024-10-30 09:45:00
2024-10-30 09:45:55.569,13.0,0,0.0,2024-10-30 09:45:00
2024-10-30 09:45:55.582,13.0,0,0.0,2024-10-30 09:45:00
2024-10-30 09:45:56.558,13.0,0,0.0,2024-10-30 09:45:00
2024-10-30 09:45:59.143,13.0,0,0.0,2024-10-30 09:45:00
2024-10-30 09:46:06.340,13.0,0,0.0,2024-10-30 09:46:00
2024-10-30 09:46:06.345,13.0,0,0.0,2024-10-30 09:46:00
2024-10-30 09:46:06.746,13.0,0,0.0,2024-10-30 09:46:00
2024-10-30 09:46:06.751,13.0,0,0.0,2024-10-30 09:46:00
2024-10-30 09:46:07.270,13.0,0,0.0,2024-10-30 09:46:00
2024-10-30 09:46:07.365,13.0,0,0.0,2024-10-30 09:46:00
2024-10-30 09:46:07.785,13.0,0,0.0,2024-10-30 09:46:00
2024-10-30 09:46:07.788,13.0,0,0.0,2024-10-30 09:46:00
2024-10-30 09:46:08.343,13.0,0,0.0,2024-10-30 09:46:00
2024-10-30 09:46:09.701,13.0,0,0.0,2024-10-30 09:46:00
2024-10-30 09:46:11.627,13.0,0,0.0,2024-10-30 09:46:00
2024-10-30 09:46:18.341,13.0,0,0.0,2024-10-30 09:46:00
2024-10-30 09:46:18.347,13.0,0,0.0,2024-10-30 09:46:00
2024-10-30 09:46:18.733,13.0,0,0.0,2024-10-30 09:46:00
2024-10-30 09:46:18.754,13.0,0,0.0,2024-10-30 09:46:00
2024-10-30 09:46:19.242,13.0,0,0.0,2024-10-30 09:46:00
2024-10-30 09:46:19.260,13.0,0,0.0,2024-10-30 09:46:00
2024-10-30 09:46:19.749,13.0,0,0.0,2024-10-30 09:46:00
2024-10-30 09:46:19.772,13.0,0,0.0,2024-10-30 09:46:00
2024-10-30 09:46:20.255,13.0,0,0.0,2024-10-30 09:46:00
2024-10-30 09:46:21.709,13.0,0,0.0,2024-10-30 09:46:00
2024-10-30 09:46:23.622,13.0,0,0.0,2024-10-30 09:46:00
2024-10-30 09:46:30.339,13.0,0,0.0,2024-10-30 09:46:00
2024-10-30 09:46:30.342,13.0,0,0.0,2024-10-30 09:46:00
2024-10-30 09:46:30.771,13.0,0,0.0,2024-10-30 09:46:00
2024-10-30 09:46:30.792,13.0,0,0.0,2024-10-30 09:46:00
2024-10-30 09:46:31.280,13.0,0,0.0,2024-10-30 09:46:00
2024-10-30 09:46:31.299,13.0,0,0.0,2024-10-30 09:46:00
2024-10-30 09:46:31.785,13.0,0,0.0,2024-10-30 09:46:00
2024-10-30 09:46:31.805,13.0,0,0.0,2024-10-30 09:46:00
2024-10-30 09:46:32.318,13.0,0,0.0,2024-10-30 09:46:00
2024-10-30 09:46:33.696,13.0,0,0.0,2024-10-30 09:46:00
2024-10-30 09:46:42.835,13.0,0,0.0,2024-10-30 09:46:00
2024-10-30 09:46:42.941,13.0,0,0.0,2024-10-30 09:46:00
2024-10-30 09:46:42.947,13.0,0,0.0,2024-10-30 09:46:00
2024-10-30 09:46:42.950,13.0,0,0.0,2024-10-30 09:46:00
2024-10-30 09:46:43.440,13.0,0,0.0,2024-10-30 09:46:00
2024-10-30 09:46:43.507,13.0,0,0.0,2024-10-30 09:46:00
2024-10-30 09:46:43.873,13.0,0,0.0,2024-10-30 09:46:00
2024-10-30 09:46:43.909,13.0,0,0.0,2024-10-30 09:46:00
2024-10-30 09:46:44.379,13.0,0,0.0,2024-10-30 09:46:00
2024-10-30 09:46:46.177,13.0,0,0.0,2024-10-30 09:46:00
2024-10-30 09:46:48.117,13.0,0,0.0,2024-10-30 09:46:00
2024-10-30 09:46:50.017,13.0,0,0.0,2024-10-30 09:46:00
2024-10-30 09:46:54.879,13.0,0,0.0,2024-10-30 09:46:00
2024-10-30 09:46:54.981,13.0,0,0.0,2024-10-30 09:46:00
2024-10-30 09:46:54.986,13.0,0,0.0,2024-10-30 09:46:00
2024-10-30 09:46:54.992,13.0,0,0.0,2024-10-30 09:46:00
2024-10-30 09:46:55.438,13.0,0,0.0,2024-10-30 09:46:00
2024-10-30 09:46:55.505,13.0,0,0.0,2024-10-30 09:46:00
2024-10-30 09:46:55.873,13.0,0,0.0,2024-10-30 09:46:00
2024-10-30 09:46:55.904,13.0,0,0.0,2024-10-30 09:46:00
2024-10-30 09:46:56.466,13.0,0,0.0,2024-10-30 09:46:00
2024-10-30 09:46:58.302,13.0,0,0.0,2024-10-30 09:46:00
2024-10-30 09:47:00.099,13.0,0,0.0,2024-10-30 09:47:00
2024-10-30 09:47:06.822,13.0,0,0.0,2024-10-30 09:47:00
2024-10-30 09:47:06.827,13.0,0,0.0,2024-10-30 09:47:00
2024-10-30 09:47:06.900,13.0,0,0.0,2024-10-30 09:47:00
2024-10-30 09:47:06.931,13.0,0,0.0,2024-10-30 09:47:00
2024-10-30 09:47:07.481,13.0,0,0.0,2024-10-30 09:47:00
2024-10-30 09:47:07.549,13.0,0,0.0,2024-10-30 09:47:00
2024-10-30 09:47:07.967,13.0,0,0.0,2024-10-30 09:47:00
2024-10-30 09:47:07.975,13.0,0,0.0,2024-10-30 09:47:00
2024-10-30 09:47:08.423,13.0,0,0.0,2024-10-30 09:47:00
2024-10-30 09:47:10.181,13.0,0,0.0,2024-10-30 09:47:00
2024-10-30 09:47:12.116,13.0,0,0.0,2024-10-30 09:47:00
2024-10-30 09:47:14.505,13.0,0,0.0,2024-10-30 09:47:00
2024-10-30 09:47:16.900,13.0,0,0.0,2024-10-30 09:47:00
2024-10-30 09:47:18.343,13.0,0,0.0,2024-10-30 09:47:00
2024-10-30 09:47:18.347,13.0,0,0.0,2024-10-30 09:47:00
2024-10-30 09:47:18.830,13.0,0,0.0,2024-10-30 09:47:00
2024-10-30 09:47:18.833,13.0,0,0.0,2024-10-30 09:47:00
2024-10-30 09:47:19.431,13.0,0,0.0,2024-10-30 09:47:00
2024-10-30 09:47:19.504,13.0,0,0.0,2024-10-30 09:47:00
2024-10-30 09:47:19.844,13.0,0,0.0,2024-10-30 09:47:00
2024-10-30 09:47:19.852,13.0,0,0.0,2024-10-30 09:47:00
2024-10-30 09:47:20.355,13.0,0,0.0,2024-10-30 09:47:00
2024-10-30 09:47:22.183,13.0,0,0.0,2024-10-30 09:47:00
2024-10-30 09:47:24.103,13.0,0,0.0,2024-10-30 09:47:00
2024-10-30 09:47:26.501,13.0,0,0.0,2024-10-30 09:47:00
2024-10-30 09:47:28.423,13.0,0,0.0,2024-10-30 09:47:00
2024-10-30 09:47:30.350,13.0,0,0.0,2024-10-30 09:47:00
2024-10-30 09:47:30.355,13.0,0,0.0,2024-10-30 09:47:00
2024-10-30 09:47:30.829,13.0,0,0.0,2024-10-30 09:47:00
2024-10-30 09:47:30.960,13.0,0,0.0,2024-10-30 09:47:00
2024-10-30 09:47:31.309,13.0,0,0.0,2024-10-30 09:47:00
2024-10-30 09:47:31.331,13.0,0,0.0,2024-10-30 09:47:00
2024-10-30 09:47:31.853,13.0,0,0.0,2024-10-30 09:47:00
2024-10-30 09:47:31.857,13.0,0,0.0,2024-10-30 09:47:00
2024-10-30 09:47:32.332,13.0,0,0.0,2024-10-30 09:47:00
2024-10-30 09:47:34.184,13.0,0,0.0,2024-10-30 09:47:00
2024-10-30 09:47:36.103,13.0,0,0.0,2024-10-30 09:47:00
2024-10-30 09:47:38.500,13.0,0,0.0,2024-10-30 09:47:00
2024-10-30 09:47:40.423,13.0,0,0.0,2024-10-30 09:47:00
2024-10-30 09:47:42.366,13.0,0,0.0,2024-10-30 09:47:00
2024-10-30 09:47:42.481,13.0,0,0.0,2024-10-30 09:47:00
2024-10-30 09:47:42.796,13.0,0,0.0,2024-10-30 09:47:00
2024-10-30 09:47:42.810,13.0,0,0.0,2024-10-30 09:47:00
2024-10-30 09:47:43.323,13.0,0,0.0,2024-10-30 09:47:00
2024-10-30 09:47:43.327,13.0,0,0.0,2024-10-30 09:47:00
2024-10-30 09:47:43.864,13.0,0,0.0,2024-10-30 09:47:00
2024-10-30 09:47:43.868,13.0,0,0.0,2024-10-30 09:47:00
2024-10-30 09:47:44.310,13.0,0,0.0,2024-10-30 09:47:00
2024-10-30 09:47:45.709,13.0,0,0.0,2024-10-30 09:47:00
2024-10-30 09:47:48.178,13.0,0,0.0,2024-10-30 09:47:00
2024-10-30 09:47:50.087,13.0,0,0.0,2024-10-30 09:47:00
2024-10-30 09:47:52.608,13.0,0,0.0,2024-10-30 09:47:00
2024-10-30 09:47:54.341,13.0,0,0.0,2024-10-30 09:47:00
2024-10-30 09:47:54.347,13.0,0,0.0,2024-10-30 09:47:00
2024-10-30 09:47:54.699,13.0,0,0.0,2024-10-30 09:47:00
2024-10-30 09:47:54.761,13.0,0,0.0,2024-10-30 09:47:00
2024-10-30 09:47:55.269,13.0,0,0.0,2024-10-30 09:47:00
2024-10-30 09:47:55.369,13.0,0,0.0,2024-10-30 09:47:00
2024-10-30 09:47:55.717,13.0,0,0.0,2024-10-30 09:47:00
2024-10-30 09:47:55.843,13.0,0,0.0,2024-10-30 09:47:00
2024-10-30 09:47:56.225,13.0,0,0.0,2024-10-30 09:47:00
2024-10-30 09:47:57.722,13.0,0,0.0,2024-10-30 09:47:00
2024-10-30 09:48:00.156,13.0,0,0.0,2024-10-30 09:48:00
2024-10-30 09:48:02.078,13.0,0,0.0,2024-10-30 09:48:00
2024-10-30 09:48:04.423,13.0,0,0.0,2024-10-30 09:48:00
2024-10-30 09:48:06.343,13.0,0,0.0,2024-10-30 09:48:00
2024-10-30 09:48:06.347,13.0,0,0.0,2024-10-30 09:48:00
2024-10-30 09:48:06.540,13.0,0,0.0,2024-10-30 09:48:00
2024-10-30 09:48:06.767,13.0,0,0.0,2024-10-30 09:48:00
2024-10-30 09:48:07.086,13.0,0,0.0,2024-10-30 09:48:00
2024-10-30 09:48:07.310,13.0,0,0.0,2024-10-30 09:48:00
2024-10-30 09:48:07.545,13.0,0,0.0,2024-10-30 09:48:00
2024-10-30 09:48:07.843,13.0,0,0.0,2024-10-30 09:48:00
2024-10-30 09:48:08.050,13.0,0,0.0,2024-10-30 09:48:00
2024-10-30 09:48:09.701,13.0,0,0.0,2024-10-30 09:48:00
2024-10-30 09:48:11.738,13.0,0,0.0,2024-10-30 09:48:00
2024-10-30 09:48:14.022,13.0,0,0.0,2024-10-30 09:48:00
2024-10-30 09:48:15.943,13.0,0,0.0,2024-10-30 09:48:00
2024-10-30 09:48:18.340,13.0,0,0.0,2024-10-30 09:48:00
2024-10-30 09:48:18.344,13.0,0,0.0,2024-10-30 09:48:00
2024-10-30 09:48:18.476,13.0,0,0.0,2024-10-30 09:48:00
2024-10-30 09:48:18.736,13.0,0,0.0,2024-10-30 09:48:00
2024-10-30 09:48:19.102,13.0,0,0.0,2024-10-30 09:48:00
2024-10-30 09:48:19.239,13.0,0,0.0,2024-10-30 09:48:00
2024-10-30 09:48:19.489,13.0,0,0.0,2024-10-30 09:48:00
2024-10-30 09:48:19.753,13.0,0,0.0,2024-10-30 09:48:00
2024-10-30 09:48:19.997,13.0,0,0.0,2024-10-30 09:48:00
2024-10-30 09:48:21.223,13.0,0,0.0,2024-10-30 09:48:00
2024-10-30 09:48:23.625,13.0,0,0.0,2024-10-30 09:48:00
2024-10-30 09:48:25.542,13.0,0,0.0,2024-10-30 09:48:00
2024-10-30 09:48:27.944,13.0,0,0.0,2024-10-30 09:48:00
2024-10-30 09:48:29.856,13.0,0,0.0,2024-10-30 09:48:00
2024-10-30 09:48:30.235,13.0,0,0.0,2024-10-30 09:48:00
2024-10-30 09:48:30.346,13.0,0,0.0,2024-10-30 09:48:00
2024-10-30 09:48:30.730,13.0,0,0.0,2024-10-30 09:48:00
2024-10-30 09:48:30.912,13.0,0,0.0,2024-10-30 09:48:00
2024-10-30 09:48:31.246,13.0,0,0.0,2024-10-30 09:48:00
2024-10-30 09:48:31.355,13.0,0,0.0,2024-10-30 09:48:00
2024-10-30 09:48:31.816,13.0,0,0.0,2024-10-30 09:48:00
2024-10-30 09:48:31.865,13.0,0,0.0,2024-10-30 09:48:00
2024-10-30 09:48:33.311,13.0,0,0.0,2024-10-30 09:48:00
2024-10-30 09:48:35.623,13.0,0,0.0,2024-10-30 09:48:00
2024-10-30 09:48:37.553,13.0,0,0.0,2024-10-30 09:48:00
2024-10-30 09:48:39.937,13.0,0,0.0,2024-10-30 09:48:00
2024-10-30 09:48:41.864,13.0,0,0.0,2024-10-30 09:48:00
2024-10-30 09:48:42.229,13.0,0,0.0,2024-10-30 09:48:00
2024-10-30 09:48:42.234,13.0,0,0.0,2024-10-30 09:48:00
2024-10-30 09:48:42.737,13.0,0,0.0,2024-10-30 09:48:00
2024-10-30 09:48:42.787,13.0,0,0.0,2024-10-30 09:48:00
2024-10-30 09:48:43.215,13.0,0,0.0,2024-10-30 09:48:00
2024-10-30 09:48:43.330,13.0,0,0.0,2024-10-30 09:48:00
2024-10-30 09:48:43.724,13.0,0,0.0,2024-10-30 09:48:00
2024-10-30 09:48:43.747,13.0,0,0.0,2024-10-30 09:48:00
2024-10-30 09:48:45.220,13.0,0,0.0,2024-10-30 09:48:00
2024-10-30 09:48:47.148,13.0,0,0.0,2024-10-30 09:48:00
2024-10-30 09:48:49.540,13.0,0,0.0,2024-10-30 09:48:00
2024-10-30 09:48:51.460,13.0,0,0.0,2024-10-30 09:48:00
2024-10-30 09:48:53.963,13.0,0,0.0,2024-10-30 09:48:00
2024-10-30 09:48:54.312,13.0,0,0.0,2024-10-30 09:48:00
2024-10-30 09:48:54.319,13.0,0,0.0,2024-10-30 09:48:00
2024-10-30 09:48:54.718,13.0,0,0.0,2024-10-30 09:48:00
2024-10-30 09:48:54.722,13.0,0,0.0,2024-10-30 09:48:00
2024-10-30 09:48:55.268,13.0,0,0.0,2024-10-30 09:48:00
2024-10-30 09:48:55.272,13.0,0,0.0,2024-10-30 09:48:00
2024-10-30 09:48:55.798,13.0,0,0.0,2024-10-30 09:48:00
2024-10-30 09:48:55.819,13.0,0,0.0,2024-10-30 09:48:00
2024-10-30 09:48:57.220,13.0,0,0.0,2024-10-30 09:48:00
2024-10-30 09:48:59.142,13.0,0,0.0,2024-10-30 09:48:00
2024-10-30 09:49:01.649,13.0,0,0.0,2024-10-30 09:49:00
2024-10-30 09:49:03.504,13.0,0,0.0,2024-10-30 09:49:00
2024-10-30 09:49:05.864,13.0,0,0.0,2024-10-30 09:49:00
2024-10-30 09:49:06.308,13.0,0,0.0,2024-10-30 09:49:00
2024-10-30 09:49:06.311,13.0,0,0.0,2024-10-30 09:49:00
2024-10-30 09:49:06.706,13.0,0,0.0,2024-10-30 09:49:00
2024-10-30 09:49:06.721,13.0,0,0.0,2024-10-30 09:49:00
2024-10-30 09:49:07.210,13.0,0,0.0,2024-10-30 09:49:00
2024-10-30 09:49:07.237,13.0,0,0.0,2024-10-30 09:49:00
2024-10-30 09:49:07.785,13.0,0,0.0,2024-10-30 09:49:00
2024-10-30 09:49:07.879,13.0,0,0.0,2024-10-30 09:49:00
2024-10-30 09:49:08.708,13.0,0,0.0,2024-10-30 09:49:00
2024-10-30 09:49:11.142,13.0,0,0.0,2024-10-30 09:49:00
2024-10-30 09:49:13.113,13.0,0,0.0,2024-10-30 09:49:00
2024-10-30 09:49:15.462,13.0,0,0.0,2024-10-30 09:49:00
2024-10-30 09:49:17.399,13.0,0,0.0,2024-10-30 09:49:00
2024-10-30 09:49:18.216,13.0,0,0.0,2024-10-30 09:49:00
2024-10-30 09:49:18.256,13.0,0,0.0,2024-10-30 09:49:00
2024-10-30 09:49:18.701,13.0,0,0.0,2024-10-30 09:49:00
2024-10-30 09:49:18.704,13.0,0,0.0,2024-10-30 09:49:00
2024-10-30 09:49:19.209,13.0,0,0.0,2024-10-30 09:49:00
2024-10-30 09:49:19.211,13.0,0,0.0,2024-10-30 09:49:00
2024-10-30 09:49:19.717,13.0,0,0.0,2024-10-30 09:49:00
2024-10-30 09:49:19.722,13.0,0,0.0,2024-10-30 09:49:00
2024-10-30 09:49:20.693,13.0,0,0.0,2024-10-30 09:49:00
2024-10-30 09:49:23.186,13.0,0,0.0,2024-10-30 09:49:00
2024-10-30 09:49:25.063,13.0,0,0.0,2024-10-30 09:49:00
2024-10-30 09:49:27.492,13.0,0,0.0,2024-10-30 09:49:00
2024-10-30 09:49:29.384,13.0,0,0.0,2024-10-30 09:49:00
2024-10-30 09:49:30.280,13.0,0,0.0,2024-10-30 09:49:00
2024-10-30 09:49:30.339,13.0,0,0.0,2024-10-30 09:49:00
2024-10-30 09:49:30.680,13.0,0,0.0,2024-10-30 09:49:00
2024-10-30 09:49:30.684,13.0,0,0.0,2024-10-30 09:49:00
2024-10-30 09:49:31.297,13.0,0,0.0,2024-10-30 09:49:00
2024-10-30 09:49:31.349,13.0,0,0.0,2024-10-30 09:49:00
2024-10-30 09:49:31.694,13.0,0,0.0,2024-10-30 09:49:00
2024-10-30 09:49:31.703,13.0,0,0.0,2024-10-30 09:49:00
2024-10-30 09:49:32.513,13.0,0,0.0,2024-10-30 09:49:00
2024-10-30 09:49:35.140,13.0,0,0.0,2024-10-30 09:49:00
2024-10-30 09:49:37.058,13.0,0,0.0,2024-10-30 09:49:00
2024-10-30 09:49:38.985,13.0,0,0.0,2024-10-30 09:49:00
2024-10-30 09:49:41.380,13.0,0,0.0,2024-10-30 09:49:00
2024-10-30 09:49:42.204,13.0,0,0.0,2024-10-30 09:49:00
2024-10-30 09:49:42.210,13.0,0,0.0,2024-10-30 09:49:00
2024-10-30 09:49:42.649,13.0,0,0.0,2024-10-30 09:49:00
2024-10-30 09:49:42.723,13.0,0,0.0,2024-10-30 09:49:00
2024-10-30 09:49:43.154,13.0,0,0.0,2024-10-30 09:49:00
2024-10-30 09:49:43.211,13.0,0,0.0,2024-10-30 09:49:00
2024-10-30 09:49:43.773,13.0,0,0.0,2024-10-30 09:49:00
2024-10-30 09:49:43.842,13.0,0,0.0,2024-10-30 09:49:00
2024-10-30 09:49:44.315,13.0,0,0.0,2024-10-30 09:49:00
2024-10-30 09:49:46.660,13.0,0,0.0,2024-10-30 09:49:00
2024-10-30 09:49:49.056,13.0,0,0.0,2024-10-30 09:49:00
2024-10-30 09:49:50.984,13.0,0,0.0,2024-10-30 09:49:00
2024-10-30 09:49:53.398,13.0,0,0.0,2024-10-30 09:49:00
2024-10-30 09:49:54.257,13.0,0,0.0,2024-10-30 09:49:00
2024-10-30 09:49:54.325,13.0,0,0.0,2024-10-30 09:49:00
2024-10-30 09:49:54.635,13.0,0,0.0,2024-10-30 09:49:00
2024-10-30 09:49:54.654,13.0,0,0.0,2024-10-30 09:49:00
2024-10-30 09:49:55.138,13.0,0,0.0,2024-10-30 09:49:00
2024-10-30 09:49:55.156,13.0,0,0.0,2024-10-30 09:49:00
2024-10-30 09:49:55.645,13.0,0,0.0,2024-10-30 09:49:00
2024-10-30 09:49:55.669,13.0,0,0.0,2024-10-30 09:49:00
2024-10-30 09:49:56.265,13.0,0,0.0,2024-10-30 09:49:00
2024-10-30 09:49:58.690,13.0,0,0.0,2024-10-30 09:49:00
2024-10-30 09:50:01.060,13.0,0,0.0,2024-10-30 09:50:00
2024-10-30 09:50:03.014,13.0,0,0.0,2024-10-30 09:50:00
2024-10-30 09:50:04.900,13.0,0,0.0,2024-10-30 09:50:00
2024-10-30 09:50:06.934,13.0,0,0.0,2024-10-30 09:50:00
2024-10-30 09:50:06.938,13.0,0,0.0,2024-10-30 09:50:00
2024-10-30 09:50:06.943,13.0,0,0.0,2024-10-30 09:50:00
2024-10-30 09:50:06.950,13.0,0,0.0,2024-10-30 09:50:00
2024-10-30 09:50:07.206,13.0,0,0.0,2024-10-30 09:50:00
2024-10-30 09:50:07.233,13.0,0,0.0,2024-10-30 09:50:00
2024-10-30 09:50:07.810,13.0,0,0.0,2024-10-30 09:50:00
2024-10-30 09:50:07.864,13.0,0,0.0,2024-10-30 09:50:00
2024-10-30 09:50:08.238,13.0,0,0.0,2024-10-30 09:50:00
2024-10-30 09:50:10.176,13.0,0,0.0,2024-10-30 09:50:00
2024-10-30 09:50:12.583,13.0,0,0.0,2024-10-30 09:50:00
2024-10-30 09:50:14.504,13.0,0,0.0,2024-10-30 09:50:00
2024-10-30 09:50:16.903,13.0,0,0.0,2024-10-30 09:50:00
2024-10-30 09:50:18.820,13.0,0,0.0,2024-10-30 09:50:00
2024-10-30 09:50:18.825,13.0,0,0.0,2024-10-30 09:50:00
2024-10-30 09:50:18.828,13.0,0,0.0,2024-10-30 09:50:00
2024-10-30 09:50:18.841,13.0,0,0.0,2024-10-30 09:50:00
2024-10-30 09:50:19.227,13.0,0,0.0,2024-10-30 09:50:00
2024-10-30 09:50:19.248,13.0,0,0.0,2024-10-30 09:50:00
2024-10-30 09:50:19.860,13.0,0,0.0,2024-10-30 09:50:00
2024-10-30 09:50:19.909,13.0,0,0.0,2024-10-30 09:50:00
2024-10-30 09:50:20.244,13.0,0,0.0,2024-10-30 09:50:00
2024-10-30 09:50:22.274,13.0,0,0.0,2024-10-30 09:50:00
2024-10-30 09:50:24.099,13.0,0,0.0,2024-10-30 09:50:00
2024-10-30 09:50:26.500,13.0,0,0.0,2024-10-30 09:50:00
2024-10-30 09:50:28.458,13.0,0,0.0,2024-10-30 09:50:00
2024-10-30 09:50:30.340,13.0,0,0.0,2024-10-30 09:50:00
2024-10-30 09:50:30.344,13.0,0,0.0,2024-10-30 09:50:00
2024-10-30 09:50:30.609,13.0,0,0.0,2024-10-30 09:50:00
2024-10-30 09:50:30.621,13.0,0,0.0,2024-10-30 09:50:00
2024-10-30 09:50:31.190,13.0,0,0.0,2024-10-30 09:50:00
2024-10-30 09:50:31.243,13.0,0,0.0,2024-10-30 09:50:00
2024-10-30 09:50:31.706,13.0,0,0.0,2024-10-30 09:50:00
2024-10-30 09:50:31.769,13.0,0,0.0,2024-10-30 09:50:00
2024-10-30 09:50:32.123,13.0,0,0.0,2024-10-30 09:50:00
2024-10-30 09:50:34.178,13.0,0,0.0,2024-10-30 09:50:00
2024-10-30 09:50:36.099,13.0,0,0.0,2024-10-30 09:50:00
2024-10-30 09:50:38.555,13.0,0,0.0,2024-10-30 09:50:00
2024-10-30 09:50:42.345,13.0,0,0.0,2024-10-30 09:50:00
2024-10-30 09:50:42.352,13.0,0,0.0,2024-10-30 09:50:00
2024-10-30 09:50:42.655,13.0,0,0.0,2024-10-30 09:50:00
2024-10-30 09:50:42.702,13.0,0,0.0,2024-10-30 09:50:00
2024-10-30 09:50:43.193,13.0,0,0.0,2024-10-30 09:50:00
2024-10-30 09:50:43.198,13.0,0,0.0,2024-10-30 09:50:00
2024-10-30 09:50:43.672,13.0,0,0.0,2024-10-30 09:50:00
2024-10-30 09:50:43.748,13.0,0,0.0,2024-10-30 09:50:00
2024-10-30 09:50:44.177,13.0,0,0.0,2024-10-30 09:50:00
2024-10-30 09:50:46.183,13.0,0,0.0,2024-10-30 09:50:00
2024-10-30 09:50:54.336,13.0,0,0.0,2024-10-30 09:50:00
2024-10-30 09:50:54.343,13.0,0,0.0,2024-10-30 09:50:00
2024-10-30 09:50:54.721,13.0,0,0.0,2024-10-30 09:50:00
2024-10-30 09:50:54.790,13.0,0,0.0,2024-10-30 09:50:00
2024-10-30 09:50:55.263,13.0,0,0.0,2024-10-30 09:50:00
2024-10-30 09:50:55.336,13.0,0,0.0,2024-10-30 09:50:00
2024-10-30 09:50:55.735,13.0,0,0.0,2024-10-30 09:50:00
2024-10-30 09:50:55.803,13.0,0,0.0,2024-10-30 09:50:00
2024-10-30 09:50:56.244,13.0,0,0.0,2024-10-30 09:50:00
2024-10-30 09:50:56.973,13.0,0,0.0,2024-10-30 09:50:00
2024-10-30 09:51:06.820,13.0,0,0.0,2024-10-30 09:51:00
2024-10-30 09:51:06.824,13.0,0,0.0,2024-10-30 09:51:00
2024-10-30 09:51:06.854,13.0,0,0.0,2024-10-30 09:51:00
2024-10-30 09:51:06.859,13.0,0,0.0,2024-10-30 09:51:00
2024-10-30 09:51:07.371,13.0,0,0.0,2024-10-30 09:51:00
2024-10-30 09:51:07.376,13.0,0,0.0,2024-10-30 09:51:00
2024-10-30 09:51:07.945,13.0,0,0.0,2024-10-30 09:51:00
2024-10-30 09:51:08.153,13.0,0,0.0,2024-10-30 09:51:00
2024-10-30 09:51:08.413,13.0,0,0.0,2024-10-30 09:51:00
2024-10-30 09:51:10.175,13.0,0,0.0,2024-10-30 09:51:00
2024-10-30 09:51:12.161,13.0,0,0.0,2024-10-30 09:51:00
2024-10-30 09:51:14.018,13.0,0,0.0,2024-10-30 09:51:00
2024-10-30 09:51:15.946,13.0,0,0.0,2024-10-30 09:51:00
2024-10-30 09:51:18.376,13.0,0,0.0,2024-10-30 09:51:00
2024-10-30 09:51:18.460,13.0,0,0.0,2024-10-30 09:51:00
2024-10-30 09:51:18.824,13.0,0,0.0,2024-10-30 09:51:00
2024-10-30 09:51:18.840,13.0,0,0.0,2024-10-30 09:51:00
2024-10-30 09:51:19.329,13.0,0,0.0,2024-10-30 09:51:00
2024-10-30 09:51:19.350,13.0,0,0.0,2024-10-30 09:51:00
2024-10-30 09:51:19.907,13.0,0,0.0,2024-10-30 09:51:00
2024-10-30 09:51:19.976,13.0,0,0.0,2024-10-30 09:51:00
2024-10-30 09:51:20.351,13.0,0,0.0,2024-10-30 09:51:00
2024-10-30 09:51:30.819,13.0,0,0.0,2024-10-30 09:51:00
2024-10-30 09:51:30.823,13.0,0,0.0,2024-10-30 09:51:00
2024-10-30 09:51:30.900,13.0,0,0.0,2024-10-30 09:51:00
2024-10-30 09:51:30.917,13.0,0,0.0,2024-10-30 09:51:00
2024-10-30 09:51:31.485,13.0,0,0.0,2024-10-30 09:51:00
2024-10-30 09:51:31.491,13.0,0,0.0,2024-10-30 09:51:00
2024-10-30 09:51:31.995,13.0,0,0.0,2024-10-30 09:51:00
2024-10-30 09:51:32.059,13.0,0,0.0,2024-10-30 09:51:00
2024-10-30 09:51:32.426,13.0,0,0.0,2024-10-30 09:51:00
2024-10-30 09:51:33.271,13.0,0,0.0,2024-10-30 09:51:00
2024-10-30 09:51:42.999,13.0,0,0.0,2024-10-30 09:51:00
2024-10-30 09:51:43.102,13.0,0,0.0,2024-10-30 09:51:00
2024-10-30 09:51:43.168,13.0,0,0.0,2024-10-30 09:51:00
2024-10-30 09:51:43.203,13.0,0,0.0,2024-10-30 09:51:00
2024-10-30 09:51:43.513,13.0,0,0.0,2024-10-30 09:51:00
2024-10-30 09:51:43.515,13.0,0,0.0,2024-10-30 09:51:00
2024-10-30 09:51:44.074,13.0,0,0.0,2024-10-30 09:51:00
2024-10-30 09:51:44.144,13.0,0,0.0,2024-10-30 09:51:00
2024-10-30 09:51:44.624,13.0,0,0.0,2024-10-30 09:51:00
2024-10-30 09:51:46.177,13.0,0,0.0,2024-10-30 09:51:00
2024-10-30 09:51:54.819,13.0,0,0.0,2024-10-30 09:51:00
2024-10-30 09:51:54.825,13.0,0,0.0,2024-10-30 09:51:00
2024-10-30 09:51:55.013,13.0,0,0.0,2024-10-30 09:51:00
2024-10-30 09:51:55.070,13.0,0,0.0,2024-10-30 09:51:00
2024-10-30 09:51:55.640,13.0,0,0.0,2024-10-30 09:51:00
2024-10-30 09:51:55.687,13.0,0,0.0,2024-10-30 09:51:00
2024-10-30 09:51:56.029,13.0,0,0.0,2024-10-30 09:51:00
2024-10-30 09:51:56.081,13.0,0,0.0,2024-10-30 09:51:00
2024-10-30 09:51:56.536,13.0,0,0.0,2024-10-30 09:51:00
2024-10-30 09:51:57.274,13.0,0,0.0,2024-10-30 09:51:00
2024-10-30 09:52:06.828,13.0,0,0.0,2024-10-30 09:52:00
2024-10-30 09:52:06.834,13.0,0,0.0,2024-10-30 09:52:00
2024-10-30 09:52:07.073,13.0,0,0.0,2024-10-30 09:52:00
2024-10-30 09:52:07.127,13.0,0,0.0,2024-10-30 09:52:00
2024-10-30 09:52:07.581,13.0,0,0.0,2024-10-30 09:52:00
2024-10-30 09:52:07.648,13.0,0,0.0,2024-10-30 09:52:00
2024-10-30 09:52:08.089,13.0,0,0.0,2024-10-30 09:52:00
2024-10-30 09:52:08.143,13.0,0,0.0,2024-10-30 09:52:00
2024-10-30 09:52:08.684,13.0,0,0.0,2024-10-30 09:52:00
2024-10-30 09:52:09.100,13.0,0,0.0,2024-10-30 09:52:00
2024-10-30 09:52:14.021,13.0,0,0.0,2024-10-30 09:52:00
2024-10-30 09:52:15.948,13.0,0,0.0,2024-10-30 09:52:00
2024-10-30 09:52:17.879,13.0,0,0.0,2024-10-30 09:52:00
2024-10-30 09:52:18.601,13.0,0,0.0,2024-10-30 09:52:00
2024-10-30 09:52:18.617,13.0,0,0.0,2024-10-30 09:52:00
2024-10-30 09:52:19.069,13.0,0,0.0,2024-10-30 09:52:00
2024-10-30 09:52:19.076,13.0,0,0.0,2024-10-30 09:52:00
2024-10-30 09:52:19.575,13.0,0,0.0,2024-10-30 09:52:00
2024-10-30 09:52:19.580,13.0,0,0.0,2024-10-30 09:52:00
2024-10-30 09:52:20.080,13.0,0,0.0,2024-10-30 09:52:00
2024-10-30 09:52:20.087,13.0,0,0.0,2024-10-30 09:52:00
2024-10-30 09:52:20.881,13.0,0,0.0,2024-10-30 09:52:00
2024-10-30 09:52:23.154,13.0,0,0.0,2024-10-30 09:52:00
2024-10-30 09:52:30.827,13.0,0,0.0,2024-10-30 09:52:00
2024-10-30 09:52:30.832,13.0,0,0.0,2024-10-30 09:52:00
2024-10-30 09:52:31.201,13.0,0,0.0,2024-10-30 09:52:00
2024-10-30 09:52:31.209,13.0,0,0.0,2024-10-30 09:52:00
2024-10-30 09:52:31.714,13.0,0,0.0,2024-10-30 09:52:00
2024-10-30 09:52:31.716,13.0,0,0.0,2024-10-30 09:52:00
2024-10-30 09:52:32.225,13.0,0,0.0,2024-10-30 09:52:00
2024-10-30 09:52:32.229,13.0,0,0.0,2024-10-30 09:52:00
2024-10-30 09:52:32.761,13.0,0,0.0,2024-10-30 09:52:00
2024-10-30 09:52:34.227,13.0,0,0.0,2024-10-30 09:52:00
2024-10-30 09:52:42.821,13.0,0,0.0,2024-10-30 09:52:00
2024-10-30 09:52:42.826,13.0,0,0.0,2024-10-30 09:52:00
2024-10-30 09:52:43.296,13.0,0,0.0,2024-10-30 09:52:00
2024-10-30 09:52:43.390,13.0,0,0.0,2024-10-30 09:52:00
2024-10-30 09:52:43.778,13.0,0,0.0,2024-10-30 09:52:00
2024-10-30 09:52:43.828,13.0,0,0.0,2024-10-30 09:52:00
2024-10-30 09:52:44.356,13.0,0,0.0,2024-10-30 09:52:00
2024-10-30 09:52:44.363,13.0,0,0.0,2024-10-30 09:52:00
2024-10-30 09:52:44.786,13.0,0,0.0,2024-10-30 09:52:00
2024-10-30 09:52:46.184,13.0,0,0.0,2024-10-30 09:52:00
2024-10-30 09:52:48.118,13.0,0,0.0,2024-10-30 09:52:00
2024-10-30 09:52:54.824,13.0,0,0.0,2024-10-30 09:52:00
2024-10-30 09:52:54.837,13.0,0,0.0,2024-10-30 09:52:00
2024-10-30 09:52:55.258,13.0,0,0.0,2024-10-30 09:52:00
2024-10-30 09:52:55.339,13.0,0,0.0,2024-10-30 09:52:00
2024-10-30 09:52:55.763,13.0,0,0.0,2024-10-30 09:52:00
2024-10-30 09:52:55.842,13.0,0,0.0,2024-10-30 09:52:00
2024-10-30 09:52:56.270,13.0,0,0.0,2024-10-30 09:52:00
2024-10-30 09:52:56.355,13.0,0,0.0,2024-10-30 09:52:00
2024-10-30 09:52:56.782,13.0,0,0.0,2024-10-30 09:52:00
2024-10-30 09:52:57.529,13.0,0,0.0,2024-10-30 09:52:00
2024-10-30 09:53:07.341,13.0,0,0.0,2024-10-30 09:53:00
2024-10-30 09:53:07.348,13.0,0,0.0,2024-10-30 09:53:00
2024-10-30 09:53:07.366,13.0,0,0.0,2024-10-30 09:53:00
2024-10-30 09:53:07.387,13.0,0,0.0,2024-10-30 09:53:00
2024-10-30 09:53:07.879,13.0,0,0.0,2024-10-30 09:53:00
2024-10-30 09:53:07.893,13.0,0,0.0,2024-10-30 09:53:00
2024-10-30 09:53:08.396,13.0,0,0.0,2024-10-30 09:53:00
2024-10-30 09:53:08.430,13.0,0,0.0,2024-10-30 09:53:00
2024-10-30 09:53:08.894,13.0,0,0.0,2024-10-30 09:53:00
2024-10-30 09:53:10.186,13.0,0,0.0,2024-10-30 09:53:00
2024-10-30 09:53:19.303,13.0,0,0.0,2024-10-30 09:53:00
2024-10-30 09:53:19.309,13.0,0,0.0,2024-10-30 09:53:00
2024-10-30 09:53:19.406,13.0,0,0.0,2024-10-30 09:53:00
2024-10-30 09:53:19.443,13.0,0,0.0,2024-10-30 09:53:00
2024-10-30 09:53:19.912,13.0,0,0.0,2024-10-30 09:53:00
2024-10-30 09:53:19.956,13.0,0,0.0,2024-10-30 09:53:00
2024-10-30 09:53:20.420,13.0,0,0.0,2024-10-30 09:53:00
2024-10-30 09:53:20.463,13.0,0,0.0,2024-10-30 09:53:00
2024-10-30 09:53:20.928,13.0,0,0.0,2024-10-30 09:53:00
2024-10-30 09:53:21.659,13.0,0,0.0,2024-10-30 09:53:00
2024-10-30 09:53:31.312,13.0,0,0.0,2024-10-30 09:53:00
2024-10-30 09:53:31.317,13.0,0,0.0,2024-10-30 09:53:00
2024-10-30 09:53:31.455,13.0,0,0.0,2024-10-30 09:53:00
2024-10-30 09:53:31.516,13.0,0,0.0,2024-10-30 09:53:00
2024-10-30 09:53:31.964,13.0,0,0.0,2024-10-30 09:53:00
2024-10-30 09:53:32.021,13.0,0,0.0,2024-10-30 09:53:00
2024-10-30 09:53:32.476,13.0,0,0.0,2024-10-30 09:53:00
2024-10-30 09:53:32.529,13.0,0,0.0,2024-10-30 09:53:00
2024-10-30 09:53:32.983,13.0,0,0.0,2024-10-30 09:53:00
2024-10-30 09:53:33.754,13.0,0,0.0,2024-10-30 09:53:00
2024-10-30 09:53:43.341,13.0,0,0.0,2024-10-30 09:53:00
2024-10-30 09:53:43.392,13.0,0,0.0,2024-10-30 09:53:00
2024-10-30 09:53:43.606,13.0,0,0.0,2024-10-30 09:53:00
2024-10-30 09:53:43.662,13.0,0,0.0,2024-10-30 09:53:00
2024-10-30 09:53:44.094,13.0,0,0.0,2024-10-30 09:53:00
2024-10-30 09:53:44.152,13.0,0,0.0,2024-10-30 09:53:00
2024-10-30 09:53:44.654,13.0,0,0.0,2024-10-30 09:53:00
2024-10-30 09:53:44.691,13.0,0,0.0,2024-10-30 09:53:00
2024-10-30 09:53:45.096,13.0,0,0.0,2024-10-30 09:53:00
2024-10-30 09:53:46.665,13.0,0,0.0,2024-10-30 09:53:00
2024-10-30 09:53:55.302,13.0,0,0.0,2024-10-30 09:53:00
2024-10-30 09:53:55.309,13.0,0,0.0,2024-10-30 09:53:00
2024-10-30 09:53:55.625,13.0,0,0.0,2024-10-30 09:53:00
2024-10-30 09:53:55.630,13.0,0,0.0,2024-10-30 09:53:00
2024-10-30 09:53:56.134,13.0,0,0.0,2024-10-30 09:53:00
2024-10-30 09:53:56.141,13.0,0,0.0,2024-10-30 09:53:00
2024-10-30 09:53:56.645,13.0,0,0.0,2024-10-30 09:53:00
2024-10-30 09:53:56.652,13.0,0,0.0,2024-10-30 09:53:00
2024-10-30 09:53:57.239,13.0,0,0.0,2024-10-30 09:53:00
2024-10-30 09:53:59.256,13.0,0,0.0,2024-10-30 09:53:00
2024-10-30 09:54:01.076,13.0,0,0.0,2024-10-30 09:54:00
2024-10-30 09:54:02.986,13.0,0,0.0,2024-10-30 09:54:00
2024-10-30 09:54:04.907,13.0,0,0.0,2024-10-30 09:54:00
2024-10-30 09:54:07.309,13.0,0,0.0,2024-10-30 09:54:00
2024-10-30 09:54:07.377,13.0,0,0.0,2024-10-30 09:54:00
2024-10-30 09:54:07.492,13.0,0,0.0,2024-10-30 09:54:00
2024-10-30 09:54:07.539,13.0,0,0.0,2024-10-30 09:54:00
2024-10-30 09:54:07.979,13.0,0,0.0,2024-10-30 09:54:00
2024-10-30 09:54:08.042,13.0,0,0.0,2024-10-30 09:54:00
2024-10-30 09:54:08.522,13.0,0,0.0,2024-10-30 09:54:00
2024-10-30 09:54:08.558,13.0,0,0.0,2024-10-30 09:54:00
2024-10-30 09:54:09.029,13.0,0,0.0,2024-10-30 09:54:00
2024-10-30 09:54:10.662,13.0,0,0.0,2024-10-30 09:54:00
2024-10-30 09:54:12.585,13.0,0,0.0,2024-10-30 09:54:00
2024-10-30 09:54:14.505,13.0,0,0.0,2024-10-30 09:54:00
2024-10-30 09:54:16.911,13.0,0,0.0,2024-10-30 09:54:00
2024-10-30 09:54:18.982,13.0,0,0.0,2024-10-30 09:54:00
2024-10-30 09:54:19.010,13.0,0,0.0,2024-10-30 09:54:00
2024-10-30 09:54:19.299,13.0,0,0.0,2024-10-30 09:54:00
2024-10-30 09:54:19.516,13.0,0,0.0,2024-10-30 09:54:00
2024-10-30 09:54:19.805,13.0,0,0.0,2024-10-30 09:54:00
2024-10-30 09:54:20.019,13.0,0,0.0,2024-10-30 09:54:00
2024-10-30 09:54:20.314,13.0,0,0.0,2024-10-30 09:54:00
2024-10-30 09:54:20.528,13.0,0,0.0,2024-10-30 09:54:00
2024-10-30 09:54:20.818,13.0,0,0.0,2024-10-30 09:54:00
2024-10-30 09:54:22.663,13.0,0,0.0,2024-10-30 09:54:00
2024-10-30 09:54:24.585,13.0,0,0.0,2024-10-30 09:54:00
2024-10-30 09:54:26.510,13.0,0,0.0,2024-10-30 09:54:00
2024-10-30 09:54:28.949,13.0,0,0.0,2024-10-30 09:54:00
2024-10-30 09:54:30.830,13.0,0,0.0,2024-10-30 09:54:00
2024-10-30 09:54:31.004,13.0,0,0.0,2024-10-30 09:54:00
2024-10-30 09:54:31.137,13.0,0,0.0,2024-10-30 09:54:00
2024-10-30 09:54:31.511,13.0,0,0.0,2024-10-30 09:54:00
2024-10-30 09:54:31.750,13.0,0,0.0,2024-10-30 09:54:00
2024-10-30 09:54:32.016,13.0,0,0.0,2024-10-30 09:54:00
2024-10-30 09:54:32.141,13.0,0,0.0,2024-10-30 09:54:00
2024-10-30 09:54:32.522,13.0,0,0.0,2024-10-30 09:54:00
2024-10-30 09:54:32.646,13.0,0,0.0,2024-10-30 09:54:00
2024-10-30 09:54:34.264,13.0,0,0.0,2024-10-30 09:54:00
2024-10-30 09:54:36.108,13.0,0,0.0,2024-10-30 09:54:00
2024-10-30 09:54:38.542,13.0,0,0.0,2024-10-30 09:54:00
2024-10-30 09:54:40.432,13.0,0,0.0,2024-10-30 09:54:00
2024-10-30 09:54:42.837,13.0,0,0.0,2024-10-30 09:54:00
2024-10-30 09:54:42.993,13.0,0,0.0,2024-10-30 09:54:00
2024-10-30 09:54:43.027,13.0,0,0.0,2024-10-30 09:54:00
2024-10-30 09:54:43.559,13.0,0,0.0,2024-10-30 09:54:00
2024-10-30 09:54:43.593,13.0,0,0.0,2024-10-30 09:54:00
2024-10-30 09:54:44.002,13.0,0,0.0,2024-10-30 09:54:00
2024-10-30 09:54:44.062,13.0,0,0.0,2024-10-30 09:54:00
2024-10-30 09:54:44.521,13.0,0,0.0,2024-10-30 09:54:00
2024-10-30 09:54:44.558,13.0,0,0.0,2024-10-30 09:54:00
2024-10-30 09:54:46.181,13.0,0,0.0,2024-10-30 09:54:00
2024-10-30 09:54:48.108,13.0,0,0.0,2024-10-30 09:54:00
2024-10-30 09:54:50.509,13.0,0,0.0,2024-10-30 09:54:00
2024-10-30 09:54:52.424,13.0,0,0.0,2024-10-30 09:54:00
2024-10-30 09:54:54.828,13.0,0,0.0,2024-10-30 09:54:00
2024-10-30 09:54:54.977,13.0,0,0.0,2024-10-30 09:54:00
2024-10-30 09:54:54.987,13.0,0,0.0,2024-10-30 09:54:00
2024-10-30 09:54:55.492,13.0,0,0.0,2024-10-30 09:54:00
2024-10-30 09:54:55.496,13.0,0,0.0,2024-10-30 09:54:00
2024-10-30 09:54:56.061,13.0,0,0.0,2024-10-30 09:54:00
2024-10-30 09:54:56.197,13.0,0,0.0,2024-10-30 09:54:00
2024-10-30 09:54:56.500,13.0,0,0.0,2024-10-30 09:54:00
2024-10-30 09:54:56.516,13.0,0,0.0,2024-10-30 09:54:00
2024-10-30 09:54:58.184,13.0,0,0.0,2024-10-30 09:54:00
2024-10-30 09:55:00.088,13.0,0,0.0,2024-10-30 09:55:00
2024-10-30 09:55:02.033,13.0,0,0.0,2024-10-30 09:55:00
2024-10-30 09:55:03.985,13.0,0,0.0,2024-10-30 09:55:00
2024-10-30 09:55:06.344,13.0,0,0.0,2024-10-30 09:55:00
2024-10-30 09:55:06.966,13.0,0,0.0,2024-10-30 09:55:00
2024-10-30 09:55:06.977,13.0,0,0.0,2024-10-30 09:55:00
2024-10-30 09:55:07.557,13.0,0,0.0,2024-10-30 09:55:00
2024-10-30 09:55:07.625,13.0,0,0.0,2024-10-30 09:55:00
2024-10-30 09:55:07.976,13.0,0,0.0,2024-10-30 09:55:00
2024-10-30 09:55:07.997,13.0,0,0.0,2024-10-30 09:55:00
2024-10-30 09:55:08.515,13.0,0,0.0,2024-10-30 09:55:00
2024-10-30 09:55:08.519,13.0,0,0.0,2024-10-30 09:55:00
2024-10-30 09:55:09.308,13.0,0,0.0,2024-10-30 09:55:00
2024-10-30 09:55:19.352,13.0,0,0.0,2024-10-30 09:55:00
2024-10-30 09:55:19.403,13.0,0,0.0,2024-10-30 09:55:00
2024-10-30 09:55:19.586,13.0,0,0.0,2024-10-30 09:55:00
2024-10-30 09:55:19.621,13.0,0,0.0,2024-10-30 09:55:00
2024-10-30 09:55:20.089,13.0,0,0.0,2024-10-30 09:55:00
2024-10-30 09:55:20.131,13.0,0,0.0,2024-10-30 09:55:00
2024-10-30 09:55:20.607,13.0,0,0.0,2024-10-30 09:55:00
2024-10-30 09:55:20.632,13.0,0,0.0,2024-10-30 09:55:00
2024-10-30 09:55:21.110,13.0,0,0.0,2024-10-30 09:55:00
2024-10-30 09:55:21.686,13.0,0,0.0,2024-10-30 09:55:00
2024-10-30 09:55:23.652,13.0,0,0.0,2024-10-30 09:55:00
2024-10-30 09:55:26.031,13.0,0,0.0,2024-10-30 09:55:00
2024-10-30 09:55:28.098,13.0,0,0.0,2024-10-30 09:55:00
2024-10-30 09:55:29.868,13.0,0,0.0,2024-10-30 09:55:00
2024-10-30 09:55:31.841,13.0,0,0.0,2024-10-30 09:55:00
2024-10-30 09:55:31.943,13.0,0,0.0,2024-10-30 09:55:00
2024-10-30 09:55:31.948,13.0,0,0.0,2024-10-30 09:55:00
2024-10-30 09:55:31.954,13.0,0,0.0,2024-10-30 09:55:00
2024-10-30 09:55:32.040,13.0,0,0.0,2024-10-30 09:55:00
2024-10-30 09:55:32.069,13.0,0,0.0,2024-10-30 09:55:00
2024-10-30 09:55:32.553,13.0,0,0.0,2024-10-30 09:55:00
2024-10-30 09:55:32.619,13.0,0,0.0,2024-10-30 09:55:00
2024-10-30 09:55:33.122,13.0,0,0.0,2024-10-30 09:55:00
2024-10-30 09:55:43.437,13.0,0,0.0,2024-10-30 09:55:00
2024-10-30 09:55:43.478,13.0,0,0.0,2024-10-30 09:55:00
2024-10-30 09:55:43.698,13.0,0,0.0,2024-10-30 09:55:00
2024-10-30 09:55:43.798,13.0,0,0.0,2024-10-30 09:55:00
2024-10-30 09:55:44.182,13.0,0,0.0,2024-10-30 09:55:00
2024-10-30 09:55:44.224,13.0,0,0.0,2024-10-30 09:55:00
2024-10-30 09:55:44.762,13.0,0,0.0,2024-10-30 09:55:00
2024-10-30 09:55:44.785,13.0,0,0.0,2024-10-30 09:55:00
2024-10-30 09:55:45.197,13.0,0,0.0,2024-10-30 09:55:00
2024-10-30 09:55:47.276,13.0,0,0.0,2024-10-30 09:55:00
2024-10-30 09:55:49.106,13.0,0,0.0,2024-10-30 09:55:00
2024-10-30 09:55:51.511,13.0,0,0.0,2024-10-30 09:55:00
2024-10-30 09:55:53.382,13.0,0,0.0,2024-10-30 09:55:00
2024-10-30 09:55:55.312,13.0,0,0.0,2024-10-30 09:55:00
2024-10-30 09:55:55.315,13.0,0,0.0,2024-10-30 09:55:00
2024-10-30 09:55:55.597,13.0,0,0.0,2024-10-30 09:55:00
2024-10-30 09:55:55.612,13.0,0,0.0,2024-10-30 09:55:00
2024-10-30 09:55:56.096,13.0,0,0.0,2024-10-30 09:55:00
2024-10-30 09:55:56.115,13.0,0,0.0,2024-10-30 09:55:00
2024-10-30 09:55:56.604,13.0,0,0.0,2024-10-30 09:55:00
2024-10-30 09:55:56.626,13.0,0,0.0,2024-10-30 09:55:00
2024-10-30 09:55:57.113,13.0,0,0.0,2024-10-30 09:55:00
2024-10-30 09:55:58.801,13.0,0,0.0,2024-10-30 09:55:00
2024-10-30 09:56:01.068,13.0,0,0.0,2024-10-30 09:56:00
2024-10-30 09:56:02.985,13.0,0,0.0,2024-10-30 09:56:00
2024-10-30 09:56:05.391,13.0,0,0.0,2024-10-30 09:56:00
2024-10-30 09:56:07.306,13.0,0,0.0,2024-10-30 09:56:00
2024-10-30 09:56:07.312,13.0,0,0.0,2024-10-30 09:56:00
2024-10-30 09:56:07.581,13.0,0,0.0,2024-10-30 09:56:00
2024-10-30 09:56:07.594,13.0,0,0.0,2024-10-30 09:56:00
2024-10-30 09:56:08.080,13.0,0,0.0,2024-10-30 09:56:00
2024-10-30 09:56:08.099,13.0,0,0.0,2024-10-30 09:56:00
2024-10-30 09:56:08.631,13.0,0,0.0,2024-10-30 09:56:00
2024-10-30 09:56:08.679,13.0,0,0.0,2024-10-30 09:56:00
2024-10-30 09:56:09.135,13.0,0,0.0,2024-10-30 09:56:00
2024-10-30 09:56:10.663,13.0,0,0.0,2024-10-30 09:56:00
2024-10-30 09:56:13.067,13.0,0,0.0,2024-10-30 09:56:00
2024-10-30 09:56:14.984,13.0,0,0.0,2024-10-30 09:56:00
2024-10-30 09:56:17.392,13.0,0,0.0,2024-10-30 09:56:00
2024-10-30 09:56:19.330,13.0,0,0.0,2024-10-30 09:56:00
2024-10-30 09:56:19.381,13.0,0,0.0,2024-10-30 09:56:00
2024-10-30 09:56:19.608,13.0,0,0.0,2024-10-30 09:56:00
2024-10-30 09:56:19.613,13.0,0,0.0,2024-10-30 09:56:00
2024-10-30 09:56:20.056,13.0,0,0.0,2024-10-30 09:56:00
2024-10-30 09:56:20.089,13.0,0,0.0,2024-10-30 09:56:00
2024-10-30 09:56:20.630,13.0,0,0.0,2024-10-30 09:56:00
2024-10-30 09:56:20.729,13.0,0,0.0,2024-10-30 09:56:00
2024-10-30 09:56:21.071,13.0,0,0.0,2024-10-30 09:56:00
2024-10-30 09:56:22.668,13.0,0,0.0,2024-10-30 09:56:00
2024-10-30 09:56:24.677,13.0,0,0.0,2024-10-30 09:56:00
2024-10-30 09:56:26.988,13.0,0,0.0,2024-10-30 09:56:00
2024-10-30 09:56:28.951,13.0,0,0.0,2024-10-30 09:56:00
2024-10-30 09:56:31.305,13.0,0,0.0,2024-10-30 09:56:00
2024-10-30 09:56:31.312,13.0,0,0.0,2024-10-30 09:56:00
2024-10-30 09:56:31.479,13.0,0,0.0,2024-10-30 09:56:00
2024-10-30 09:56:31.545,13.0,0,0.0,2024-10-30 09:56:00
2024-10-30 09:56:32.054,13.0,0,0.0,2024-10-30 09:56:00
2024-10-30 09:56:32.081,13.0,0,0.0,2024-10-30 09:56:00
2024-10-30 09:56:32.493,13.0,0,0.0,2024-10-30 09:56:00
2024-10-30 09:56:32.560,13.0,0,0.0,2024-10-30 09:56:00
2024-10-30 09:56:33.034,13.0,0,0.0,2024-10-30 09:56:00
2024-10-30 09:56:34.273,13.0,0,0.0,2024-10-30 09:56:00
2024-10-30 09:56:36.590,13.0,0,0.0,2024-10-30 09:56:00
2024-10-30 09:56:39.026,13.0,0,0.0,2024-10-30 09:56:00
2024-10-30 09:56:41.031,13.0,0,0.0,2024-10-30 09:56:00
2024-10-30 09:56:42.832,13.0,0,0.0,2024-10-30 09:56:00
2024-10-30 09:56:43.014,13.0,0,0.0,2024-10-30 09:56:00
2024-10-30 09:56:43.301,13.0,0,0.0,2024-10-30 09:56:00
2024-10-30 09:56:43.581,13.0,0,0.0,2024-10-30 09:56:00
2024-10-30 09:56:43.805,13.0,0,0.0,2024-10-30 09:56:00
2024-10-30 09:56:44.020,13.0,0,0.0,2024-10-30 09:56:00
2024-10-30 09:56:44.321,13.0,0,0.0,2024-10-30 09:56:00
2024-10-30 09:56:44.544,13.0,0,0.0,2024-10-30 09:56:00
2024-10-30 09:56:44.897,13.0,0,0.0,2024-10-30 09:56:00
2024-10-30 09:56:46.186,13.0,0,0.0,2024-10-30 09:56:00
2024-10-30 09:56:55.304,13.0,0,0.0,2024-10-30 09:56:00
2024-10-30 09:56:55.310,13.0,0,0.0,2024-10-30 09:56:00
2024-10-30 09:56:55.659,13.0,0,0.0,2024-10-30 09:56:00
2024-10-30 09:56:55.685,13.0,0,0.0,2024-10-30 09:56:00
2024-10-30 09:56:56.167,13.0,0,0.0,2024-10-30 09:56:00
2024-10-30 09:56:56.192,13.0,0,0.0,2024-10-30 09:56:00
2024-10-30 09:56:56.680,13.0,0,0.0,2024-10-30 09:56:00
2024-10-30 09:56:56.702,13.0,0,0.0,2024-10-30 09:56:00
2024-10-30 09:56:57.180,13.0,0,0.0,2024-10-30 09:56:00
2024-10-30 09:56:58.062,13.0,0,0.0,2024-10-30 09:56:00
2024-10-30 09:57:00.589,13.0,0,0.0,2024-10-30 09:57:00
2024-10-30 09:57:02.512,13.0,0,0.0,2024-10-30 09:57:00
2024-10-30 09:57:04.950,13.0,0,0.0,2024-10-30 09:57:00
2024-10-30 09:57:06.831,13.0,0,0.0,2024-10-30 09:57:00
2024-10-30 09:57:07.104,13.0,0,0.0,2024-10-30 09:57:00
2024-10-30 09:57:07.313,13.0,0,0.0,2024-10-30 09:57:00
2024-10-30 09:57:07.605,13.0,0,0.0,2024-10-30 09:57:00
2024-10-30 09:57:07.712,13.0,0,0.0,2024-10-30 09:57:00
2024-10-30 09:57:08.114,13.0,0,0.0,2024-10-30 09:57:00
2024-10-30 09:57:08.229,13.0,0,0.0,2024-10-30 09:57:00
2024-10-30 09:57:08.623,13.0,0,0.0,2024-10-30 09:57:00
2024-10-30 09:57:08.745,13.0,0,0.0,2024-10-30 09:57:00
2024-10-30 09:57:10.190,13.0,0,0.0,2024-10-30 09:57:00
2024-10-30 09:57:12.595,13.0,0,0.0,2024-10-30 09:57:00
2024-10-30 09:57:14.560,13.0,0,0.0,2024-10-30 09:57:00
2024-10-30 09:57:16.909,13.0,0,0.0,2024-10-30 09:57:00
2024-10-30 09:57:19.416,13.0,0,0.0,2024-10-30 09:57:00
2024-10-30 09:57:19.460,13.0,0,0.0,2024-10-30 09:57:00
2024-10-30 09:57:19.706,13.0,0,0.0,2024-10-30 09:57:00
2024-10-30 09:57:19.753,13.0,0,0.0,2024-10-30 09:57:00
2024-10-30 09:57:20.164,13.0,0,0.0,2024-10-30 09:57:00
2024-10-30 09:57:20.189,13.0,0,0.0,2024-10-30 09:57:00
2024-10-30 09:57:20.684,13.0,0,0.0,2024-10-30 09:57:00
2024-10-30 09:57:20.703,13.0,0,0.0,2024-10-30 09:57:00
2024-10-30 09:57:21.182,13.0,0,0.0,2024-10-30 09:57:00
2024-10-30 09:57:22.666,13.0,0,0.0,2024-10-30 09:57:00
2024-10-30 09:57:31.307,13.0,0,0.0,2024-10-30 09:57:00
2024-10-30 09:57:31.312,13.0,0,0.0,2024-10-30 09:57:00
2024-10-30 09:57:31.741,13.0,0,0.0,2024-10-30 09:57:00
2024-10-30 09:57:31.758,13.0,0,0.0,2024-10-30 09:57:00
2024-10-30 09:57:32.368,13.0,0,0.0,2024-10-30 09:57:00
2024-10-30 09:57:32.436,13.0,0,0.0,2024-10-30 09:57:00
2024-10-30 09:57:32.763,13.0,0,0.0,2024-10-30 09:57:00
2024-10-30 09:57:32.777,13.0,0,0.0,2024-10-30 09:57:00
2024-10-30 09:57:33.276,13.0,0,0.0,2024-10-30 09:57:00
2024-10-30 09:57:34.712,13.0,0,0.0,2024-10-30 09:57:00
2024-10-30 09:57:36.591,13.0,0,0.0,2024-10-30 09:57:00
2024-10-30 09:57:43.318,13.0,0,0.0,2024-10-30 09:57:00
2024-10-30 09:57:43.321,13.0,0,0.0,2024-10-30 09:57:00
2024-10-30 09:57:43.780,13.0,0,0.0,2024-10-30 09:57:00
2024-10-30 09:57:43.843,13.0,0,0.0,2024-10-30 09:57:00
2024-10-30 09:57:44.280,13.0,0,0.0,2024-10-30 09:57:00
2024-10-30 09:57:44.299,13.0,0,0.0,2024-10-30 09:57:00
2024-10-30 09:57:44.858,13.0,0,0.0,2024-10-30 09:57:00
2024-10-30 09:57:44.863,13.0,0,0.0,2024-10-30 09:57:00
2024-10-30 09:57:45.292,13.0,0,0.0,2024-10-30 09:57:00
2024-10-30 09:57:47.142,13.0,0,0.0,2024-10-30 09:57:00
2024-10-30 09:57:49.147,13.0,0,0.0,2024-10-30 09:57:00
2024-10-30 09:57:50.995,13.0,0,0.0,2024-10-30 09:57:00
2024-10-30 09:57:52.916,13.0,0,0.0,2024-10-30 09:57:00
2024-10-30 09:57:55.311,13.0,0,0.0,2024-10-30 09:57:00
2024-10-30 09:57:55.317,13.0,0,0.0,2024-10-30 09:57:00
2024-10-30 09:57:55.768,13.0,0,0.0,2024-10-30 09:57:00
2024-10-30 09:57:55.784,13.0,0,0.0,2024-10-30 09:57:00
2024-10-30 09:57:56.276,13.0,0,0.0,2024-10-30 09:57:00
2024-10-30 09:57:56.290,13.0,0,0.0,2024-10-30 09:57:00
2024-10-30 09:57:56.782,13.0,0,0.0,2024-10-30 09:57:00
2024-10-30 09:57:56.799,13.0,0,0.0,2024-10-30 09:57:00
2024-10-30 09:57:57.290,13.0,0,0.0,2024-10-30 09:57:00
2024-10-30 09:57:58.677,13.0,0,0.0,2024-10-30 09:57:00
2024-10-30 09:58:01.068,13.0,0,0.0,2024-10-30 09:58:00
2024-10-30 09:58:07.790,13.0,0,0.0,2024-10-30 09:58:00
2024-10-30 09:58:07.796,13.0,0,0.0,2024-10-30 09:58:00
2024-10-30 09:58:07.806,13.0,0,0.0,2024-10-30 09:58:00
2024-10-30 09:58:07.823,13.0,0,0.0,2024-10-30 09:58:00
2024-10-30 09:58:08.316,13.0,0,0.0,2024-10-30 09:58:00
2024-10-30 09:58:08.333,13.0,0,0.0,2024-10-30 09:58:00
2024-10-30 09:58:08.822,13.0,0,0.0,2024-10-30 09:58:00
2024-10-30 09:58:08.841,13.0,0,0.0,2024-10-30 09:58:00
2024-10-30 09:58:09.374,13.0,0,0.0,2024-10-30 09:58:00
2024-10-30 09:58:10.666,13.0,0,0.0,2024-10-30 09:58:00
2024-10-30 09:58:19.825,13.0,0,0.0,2024-10-30 09:58:00
2024-10-30 09:58:19.874,13.0,0,0.0,2024-10-30 09:58:00
2024-10-30 09:58:19.984,13.0,0,0.0,2024-10-30 09:58:00
2024-10-30 09:58:19.992,13.0,0,0.0,2024-10-30 09:58:00
2024-10-30 09:58:20.373,13.0,0,0.0,2024-10-30 09:58:00
2024-10-30 09:58:20.394,13.0,0,0.0,2024-10-30 09:58:00
2024-10-30 09:58:20.890,13.0,0,0.0,2024-10-30 09:58:00
2024-10-30 09:58:21.002,13.0,0,0.0,2024-10-30 09:58:00
2024-10-30 09:58:21.389,13.0,0,0.0,2024-10-30 09:58:00
2024-10-30 09:58:22.428,13.0,0,0.0,2024-10-30 09:58:00
2024-10-30 09:58:25.252,13.0,0,0.0,2024-10-30 09:58:00
2024-10-30 09:58:26.986,13.0,0,0.0,2024-10-30 09:58:00
2024-10-30 09:58:28.909,13.0,0,0.0,2024-10-30 09:58:00
2024-10-30 09:58:31.315,13.0,0,0.0,2024-10-30 09:58:00
2024-10-30 09:58:31.318,13.0,0,0.0,2024-10-30 09:58:00
2024-10-30 09:58:31.534,13.0,0,0.0,2024-10-30 09:58:00
2024-10-30 09:58:31.771,13.0,0,0.0,2024-10-30 09:58:00
2024-10-30 09:58:31.916,13.0,0,0.0,2024-10-30 09:58:00
2024-10-30 09:58:32.277,13.0,0,0.0,2024-10-30 09:58:00
2024-10-30 09:58:32.490,13.0,0,0.0,2024-10-30 09:58:00
2024-10-30 09:58:32.787,13.0,0,0.0,2024-10-30 09:58:00
2024-10-30 09:58:32.933,13.0,0,0.0,2024-10-30 09:58:00
2024-10-30 09:58:34.707,13.0,0,0.0,2024-10-30 09:58:00
2024-10-30 09:58:43.789,13.0,0,0.0,2024-10-30 09:58:00
2024-10-30 09:58:43.792,13.0,0,0.0,2024-10-30 09:58:00
2024-10-30 09:58:43.903,13.0,0,0.0,2024-10-30 09:58:00
2024-10-30 09:58:43.931,13.0,0,0.0,2024-10-30 09:58:00
2024-10-30 09:58:44.431,13.0,0,0.0,2024-10-30 09:58:00
2024-10-30 09:58:44.440,13.0,0,0.0,2024-10-30 09:58:00
2024-10-30 09:58:44.967,13.0,0,0.0,2024-10-30 09:58:00
2024-10-30 09:58:45.024,13.0,0,0.0,2024-10-30 09:58:00
2024-10-30 09:58:45.429,13.0,0,0.0,2024-10-30 09:58:00
2024-10-30 09:58:46.072,13.0,0,0.0,2024-10-30 09:58:00
2024-10-30 09:58:55.788,13.0,0,0.0,2024-10-30 09:58:00
2024-10-30 09:58:55.794,13.0,0,0.0,2024-10-30 09:58:00
2024-10-30 09:58:56.000,13.0,0,0.0,2024-10-30 09:58:00
2024-10-30 09:58:56.018,13.0,0,0.0,2024-10-30 09:58:00
2024-10-30 09:58:56.512,13.0,0,0.0,2024-10-30 09:58:00
2024-10-30 09:58:56.589,13.0,0,0.0,2024-10-30 09:58:00
2024-10-30 09:58:57.016,13.0,0,0.0,2024-10-30 09:58:00
2024-10-30 09:58:57.036,13.0,0,0.0,2024-10-30 09:58:00
2024-10-30 09:58:57.521,13.0,0,0.0,2024-10-30 09:58:00
2024-10-30 09:58:59.204,13.0,0,0.0,2024-10-30 09:58:00
2024-10-30 09:59:07.794,13.0,0,0.0,2024-10-30 09:59:00
2024-10-30 09:59:07.803,13.0,0,0.0,2024-10-30 09:59:00
2024-10-30 09:59:08.163,13.0,0,0.0,2024-10-30 09:59:00
2024-10-30 09:59:08.226,13.0,0,0.0,2024-10-30 09:59:00
2024-10-30 09:59:08.559,13.0,0,0.0,2024-10-30 09:59:00
2024-10-30 09:59:08.584,13.0,0,0.0,2024-10-30 09:59:00
2024-10-30 09:59:09.066,13.0,0,0.0,2024-10-30 09:59:00
2024-10-30 09:59:09.089,13.0,0,0.0,2024-10-30 09:59:00
2024-10-30 09:59:09.587,13.0,0,0.0,2024-10-30 09:59:00
2024-10-30 09:59:11.145,13.0,0,0.0,2024-10-30 09:59:00
2024-10-30 09:59:19.816,13.0,0,0.0,2024-10-30 09:59:00
2024-10-30 09:59:19.818,13.0,0,0.0,2024-10-30 09:59:00
2024-10-30 09:59:20.143,13.0,0,0.0,2024-10-30 09:59:00
2024-10-30 09:59:20.192,13.0,0,0.0,2024-10-30 09:59:00
2024-10-30 09:59:20.640,13.0,0,0.0,2024-10-30 09:59:00
2024-10-30 09:59:20.655,13.0,0,0.0,2024-10-30 09:59:00
2024-10-30 09:59:21.145,13.0,0,0.0,2024-10-30 09:59:00
2024-10-30 09:59:21.164,13.0,0,0.0,2024-10-30 09:59:00
2024-10-30 09:59:21.671,13.0,0,0.0,2024-10-30 09:59:00
2024-10-30 09:59:23.627,13.0,0,0.0,2024-10-30 09:59:00
2024-10-30 09:59:25.549,13.0,0,0.0,2024-10-30 09:59:00
2024-10-30 09:59:27.469,13.0,0,0.0,2024-10-30 09:59:00
2024-10-30 09:59:29.477,13.0,0,0.0,2024-10-30 09:59:00
2024-10-30 09:59:31.792,13.0,0,0.0,2024-10-30 09:59:00
2024-10-30 09:59:31.798,13.0,0,0.0,2024-10-30 09:59:00
2024-10-30 09:59:32.135,13.0,0,0.0,2024-10-30 09:59:00
2024-10-30 09:59:32.148,13.0,0,0.0,2024-10-30 09:59:00
2024-10-30 09:59:32.644,13.0,0,0.0,2024-10-30 09:59:00
2024-10-30 09:59:32.655,13.0,0,0.0,2024-10-30 09:59:00
2024-10-30 09:59:33.153,13.0,0,0.0,2024-10-30 09:59:00
2024-10-30 09:59:33.172,13.0,0,0.0,2024-10-30 09:59:00
2024-10-30 09:59:33.673,13.0,0,0.0,2024-10-30 09:59:00
2024-10-30 09:59:35.630,13.0,0,0.0,2024-10-30 09:59:00
2024-10-30 09:59:37.559,13.0,0,0.0,2024-10-30 09:59:00
2024-10-30 09:59:40.065,13.0,0,0.0,2024-10-30 09:59:00
2024-10-30 09:59:41.867,13.0,0,0.0,2024-10-30 09:59:00
2024-10-30 09:59:43.911,13.0,0,0.0,2024-10-30 09:59:00
2024-10-30 09:59:43.953,13.0,0,0.0,2024-10-30 09:59:00
2024-10-30 09:59:44.045,13.0,0,0.0,2024-10-30 09:59:00
2024-10-30 09:59:44.064,13.0,0,0.0,2024-10-30 09:59:00
2024-10-30 09:59:44.562,13.0,0,0.0,2024-10-30 09:59:00
2024-10-30 09:59:44.671,13.0,0,0.0,2024-10-30 09:59:00
2024-10-30 09:59:45.078,13.0,0,0.0,2024-10-30 09:59:00
2024-10-30 09:59:45.130,13.0,0,0.0,2024-10-30 09:59:00
2024-10-30 09:59:45.571,13.0,0,0.0,2024-10-30 09:59:00
2024-10-30 09:59:47.748,13.0,0,0.0,2024-10-30 09:59:00
2024-10-30 09:59:49.563,13.0,0,0.0,2024-10-30 09:59:00
2024-10-30 09:59:51.948,13.0,0,0.0,2024-10-30 09:59:00
2024-10-30 09:59:53.879,13.0,0,0.0,2024-10-30 09:59:00
2024-10-30 09:59:55.789,13.0,0,0.0,2024-10-30 09:59:00
2024-10-30 09:59:55.794,13.0,0,0.0,2024-10-30 09:59:00
2024-10-30 09:59:56.031,13.0,0,0.0,2024-10-30 09:59:00
2024-10-30 09:59:56.072,13.0,0,0.0,2024-10-30 09:59:00
2024-10-30 09:59:56.535,13.0,0,0.0,2024-10-30 09:59:00
2024-10-30 09:59:56.696,13.0,0,0.0,2024-10-30 09:59:00
2024-10-30 09:59:57.044,13.0,0,0.0,2024-10-30 09:59:00
2024-10-30 09:59:57.089,13.0,0,0.0,2024-10-30 09:59:00
2024-10-30 09:59:57.556,13.0,0,0.0,2024-10-30 09:59:00
2024-10-30 09:59:59.212,13.0,0,0.0,2024-10-30 09:59:00
2024-10-30 10:00:01.555,13.0,0,0.0,2024-10-30 10:00:00
2024-10-30 10:00:03.475,13.0,0,0.0,2024-10-30 10:00:00
2024-10-30 10:00:05.872,13.0,0,0.0,2024-10-30 10:00:00
2024-10-30 10:00:07.795,13.0,0,0.0,2024-10-30 10:00:00
2024-10-30 10:00:07.801,13.0,0,0.0,2024-10-30 10:00:00
2024-10-30 10:00:08.013,13.0,0,0.0,2024-10-30 10:00:00
2024-10-30 10:00:08.152,13.0,0,0.0,2024-10-30 10:00:00
2024-10-30 10:00:08.522,13.0,0,0.0,2024-10-30 10:00:00
2024-10-30 10:00:08.541,13.0,0,0.0,2024-10-30 10:00:00
2024-10-30 10:00:09.027,13.0,0,0.0,2024-10-30 10:00:00
2024-10-30 10:00:09.048,13.0,0,0.0,2024-10-30 10:00:00
2024-10-30 10:00:09.576,13.0,0,0.0,2024-10-30 10:00:00
2024-10-30 10:00:11.209,13.0,0,0.0,2024-10-30 10:00:00
2024-10-30 10:00:13.072,13.0,0,0.0,2024-10-30 10:00:00
2024-10-30 10:00:15.477,13.0,0,0.0,2024-10-30 10:00:00
2024-10-30 10:00:17.452,13.0,0,0.0,2024-10-30 10:00:00
2024-10-30 10:00:19.830,13.0,0,0.0,2024-10-30 10:00:00
2024-10-30 10:00:19.837,13.0,0,0.0,2024-10-30 10:00:00
2024-10-30 10:00:20.069,13.0,0,0.0,2024-10-30 10:00:00
2024-10-30 10:00:20.107,13.0,0,0.0,2024-10-30 10:00:00
2024-10-30 10:00:20.621,13.0,0,0.0,2024-10-30 10:00:00
2024-10-30 10:00:20.700,13.0,0,0.0,2024-10-30 10:00:00
2024-10-30 10:00:21.074,13.0,0,0.0,2024-10-30 10:00:00
2024-10-30 10:00:21.085,13.0,0,0.0,2024-10-30 10:00:00
2024-10-30 10:00:21.533,13.0,0,0.0,2024-10-30 10:00:00
2024-10-30 10:00:23.160,13.0,0,0.0,2024-10-30 10:00:00
2024-10-30 10:00:25.120,13.0,0,0.0,2024-10-30 10:00:00
2024-10-30 10:00:27.469,13.0,0,0.0,2024-10-30 10:00:00
2024-10-30 10:00:29.447,13.0,0,0.0,2024-10-30 10:00:00
2024-10-30 10:00:31.790,13.0,0,0.0,2024-10-30 10:00:00
2024-10-30 10:00:31.798,13.0,0,0.0,2024-10-30 10:00:00
2024-10-30 10:00:31.934,13.0,0,0.0,2024-10-30 10:00:00
2024-10-30 10:00:31.981,13.0,0,0.0,2024-10-30 10:00:00
2024-10-30 10:00:32.538,13.0,0,0.0,2024-10-30 10:00:00
2024-10-30 10:00:32.572,13.0,0,0.0,2024-10-30 10:00:00
2024-10-30 10:00:32.968,13.0,0,0.0,2024-10-30 10:00:00
2024-10-30 10:00:33.104,13.0,0,0.0,2024-10-30 10:00:00
2024-10-30 10:00:33.454,13.0,0,0.0,2024-10-30 10:00:00
2024-10-30 10:00:34.754,13.0,0,0.0,2024-10-30 10:00:00
2024-10-30 10:00:37.072,13.0,0,0.0,2024-10-30 10:00:00
2024-10-30 10:00:39.539,13.0,0,0.0,2024-10-30 10:00:00
2024-10-30 10:00:41.537,13.0,0,0.0,2024-10-30 10:00:00
2024-10-30 10:00:43.312,13.0,0,0.0,2024-10-30 10:00:00
2024-10-30 10:00:43.477,13.0,0,0.0,2024-10-30 10:00:00
2024-10-30 10:00:43.758,13.0,0,0.0,2024-10-30 10:00:00
2024-10-30 10:00:44.044,13.0,0,0.0,2024-10-30 10:00:00
2024-10-30 10:00:44.261,13.0,0,0.0,2024-10-30 10:00:00
2024-10-30 10:00:44.501,13.0,0,0.0,2024-10-30 10:00:00
2024-10-30 10:00:44.769,13.0,0,0.0,2024-10-30 10:00:00
2024-10-30 10:00:45.020,13.0,0,0.0,2024-10-30 10:00:00
2024-10-30 10:00:45.299,13.0,0,0.0,2024-10-30 10:00:00
2024-10-30 10:00:46.669,13.0,0,0.0,2024-10-30 10:00:00
2024-10-30 10:00:49.214,13.0,0,0.0,2024-10-30 10:00:00
2024-10-30 10:00:50.994,13.0,0,0.0,2024-10-30 10:00:00
2024-10-30 10:00:53.392,13.0,0,0.0,2024-10-30 10:00:00
2024-10-30 10:00:55.486,13.0,0,0.0,2024-10-30 10:00:00
2024-10-30 10:00:55.513,13.0,0,0.0,2024-10-30 10:00:00
2024-10-30 10:00:55.705,13.0,0,0.0,2024-10-30 10:00:00
2024-10-30 10:00:55.960,13.0,0,0.0,2024-10-30 10:00:00
2024-10-30 10:00:56.211,13.0,0,0.0,2024-10-30 10:00:00
2024-10-30 10:00:56.464,13.0,0,0.0,2024-10-30 10:00:00
2024-10-30 10:00:56.716,13.0,0,0.0,2024-10-30 10:00:00
2024-10-30 10:00:56.969,13.0,0,0.0,2024-10-30 10:00:00
2024-10-30 10:00:57.222,13.0,0,0.0,2024-10-30 10:00:00
2024-10-30 10:00:58.670,13.0,0,0.0,2024-10-30 10:00:00
2024-10-30 10:01:01.073,13.0,0,0.0,2024-10-30 10:01:00
2024-10-30 10:01:02.993,13.0,0,0.0,2024-10-30 10:01:00
2024-10-30 10:01:05.480,13.0,0,0.0,2024-10-30 10:01:00
2024-10-30 10:01:07.313,13.0,0,0.0,2024-10-30 10:01:00
2024-10-30 10:01:07.444,13.0,0,0.0,2024-10-30 10:01:00
2024-10-30 10:01:07.567,13.0,0,0.0,2024-10-30 10:01:00
2024-10-30 10:01:07.950,13.0,0,0.0,2024-10-30 10:01:00
2024-10-30 10:01:08.072,13.0,0,0.0,2024-10-30 10:01:00
2024-10-30 10:01:08.465,13.0,0,0.0,2024-10-30 10:01:00
2024-10-30 10:01:08.584,13.0,0,0.0,2024-10-30 10:01:00
2024-10-30 10:01:08.965,13.0,0,0.0,2024-10-30 10:01:00
2024-10-30 10:01:09.095,13.0,0,0.0,2024-10-30 10:01:00
2024-10-30 10:01:10.675,13.0,0,0.0,2024-10-30 10:01:00
2024-10-30 10:01:12.593,13.0,0,0.0,2024-10-30 10:01:00
2024-10-30 10:01:15.032,13.0,0,0.0,2024-10-30 10:01:00
2024-10-30 10:01:16.915,13.0,0,0.0,2024-10-30 10:01:00
2024-10-30 10:01:19.308,13.0,0,0.0,2024-10-30 10:01:00
2024-10-30 10:01:19.428,13.0,0,0.0,2024-10-30 10:01:00
2024-10-30 10:01:19.480,13.0,0,0.0,2024-10-30 10:01:00
2024-10-30 10:01:20.002,13.0,0,0.0,2024-10-30 10:01:00
2024-10-30 10:01:20.107,13.0,0,0.0,2024-10-30 10:01:00
2024-10-30 10:01:20.469,13.0,0,0.0,2024-10-30 10:01:00
2024-10-30 10:01:20.473,13.0,0,0.0,2024-10-30 10:01:00
2024-10-30 10:01:20.946,13.0,0,0.0,2024-10-30 10:01:00
2024-10-30 10:01:20.982,13.0,0,0.0,2024-10-30 10:01:00
2024-10-30 10:01:22.187,13.0,0,0.0,2024-10-30 10:01:00
2024-10-30 10:01:24.611,13.0,0,0.0,2024-10-30 10:01:00
2024-10-30 10:01:31.794,13.0,0,0.0,2024-10-30 10:01:00
2024-10-30 10:01:31.799,13.0,0,0.0,2024-10-30 10:01:00
2024-10-30 10:01:32.096,13.0,0,0.0,2024-10-30 10:01:00
2024-10-30 10:01:32.116,13.0,0,0.0,2024-10-30 10:01:00
2024-10-30 10:01:32.675,13.0,0,0.0,2024-10-30 10:01:00
2024-10-30 10:01:32.729,13.0,0,0.0,2024-10-30 10:01:00
2024-10-30 10:01:33.108,13.0,0,0.0,2024-10-30 10:01:00
2024-10-30 10:01:33.133,13.0,0,0.0,2024-10-30 10:01:00
2024-10-30 10:01:33.617,13.0,0,0.0,2024-10-30 10:01:00
2024-10-30 10:01:35.675,13.0,0,0.0,2024-10-30 10:01:00
2024-10-30 10:01:37.070,13.0,0,0.0,2024-10-30 10:01:00
2024-10-30 10:01:43.833,13.0,0,0.0,2024-10-30 10:01:00
2024-10-30 10:01:43.836,13.0,0,0.0,2024-10-30 10:01:00
2024-10-30 10:01:44.112,13.0,0,0.0,2024-10-30 10:01:00
2024-10-30 10:01:44.132,13.0,0,0.0,2024-10-30 10:01:00
2024-10-30 10:01:44.635,13.0,0,0.0,2024-10-30 10:01:00
2024-10-30 10:01:44.683,13.0,0,0.0,2024-10-30 10:01:00
2024-10-30 10:01:45.130,13.0,0,0.0,2024-10-30 10:01:00
2024-10-30 10:01:45.149,13.0,0,0.0,2024-10-30 10:01:00
2024-10-30 10:01:45.636,13.0,0,0.0,2024-10-30 10:01:00
2024-10-30 10:01:47.149,13.0,0,0.0,2024-10-30 10:01:00
2024-10-30 10:01:55.808,13.0,0,0.0,2024-10-30 10:01:00
2024-10-30 10:01:55.813,13.0,0,0.0,2024-10-30 10:01:00
2024-10-30 10:01:56.188,13.0,0,0.0,2024-10-30 10:01:00
2024-10-30 10:01:56.202,13.0,0,0.0,2024-10-30 10:01:00
2024-10-30 10:01:56.694,13.0,0,0.0,2024-10-30 10:01:00
2024-10-30 10:01:56.708,13.0,0,0.0,2024-10-30 10:01:00
2024-10-30 10:01:57.264,13.0,0,0.0,2024-10-30 10:01:00
2024-10-30 10:01:57.390,13.0,0,0.0,2024-10-30 10:01:00
2024-10-30 10:01:57.709,13.0,0,0.0,2024-10-30 10:01:00
2024-10-30 10:01:59.151,13.0,0,0.0,2024-10-30 10:01:00
2024-10-30 10:02:07.788,13.0,0,0.0,2024-10-30 10:02:00
2024-10-30 10:02:07.799,13.0,0,0.0,2024-10-30 10:02:00
2024-10-30 10:02:08.280,13.0,0,0.0,2024-10-30 10:02:00
2024-10-30 10:02:08.285,13.0,0,0.0,2024-10-30 10:02:00
2024-10-30 10:02:08.791,13.0,0,0.0,2024-10-30 10:02:00
2024-10-30 10:02:08.796,13.0,0,0.0,2024-10-30 10:02:00
2024-10-30 10:02:09.311,13.0,0,0.0,2024-10-30 10:02:00
2024-10-30 10:02:09.313,13.0,0,0.0,2024-10-30 10:02:00
2024-10-30 10:02:09.946,13.0,0,0.0,2024-10-30 10:02:00
2024-10-30 10:02:10.669,13.0,0,0.0,2024-10-30 10:02:00
2024-10-30 10:02:13.074,13.0,0,0.0,2024-10-30 10:02:00
2024-10-30 10:02:15.478,13.0,0,0.0,2024-10-30 10:02:00
2024-10-30 10:02:17.510,13.0,0,0.0,2024-10-30 10:02:00
2024-10-30 10:02:19.315,13.0,0,0.0,2024-10-30 10:02:00
2024-10-30 10:02:19.645,13.0,0,0.0,2024-10-30 10:02:00
2024-10-30 10:02:19.834,13.0,0,0.0,2024-10-30 10:02:00
2024-10-30 10:02:20.179,13.0,0,0.0,2024-10-30 10:02:00
2024-10-30 10:02:20.287,13.0,0,0.0,2024-10-30 10:02:00
2024-10-30 10:02:20.667,13.0,0,0.0,2024-10-30 10:02:00
2024-10-30 10:02:20.796,13.0,0,0.0,2024-10-30 10:02:00
2024-10-30 10:02:21.162,13.0,0,0.0,2024-10-30 10:02:00
2024-10-30 10:02:21.367,13.0,0,0.0,2024-10-30 10:02:00
2024-10-30 10:02:23.158,13.0,0,0.0,2024-10-30 10:02:00
2024-10-30 10:02:31.796,13.0,0,0.0,2024-10-30 10:02:00
2024-10-30 10:02:31.811,13.0,0,0.0,2024-10-30 10:02:00
2024-10-30 10:02:32.285,13.0,0,0.0,2024-10-30 10:02:00
2024-10-30 10:02:32.316,13.0,0,0.0,2024-10-30 10:02:00
2024-10-30 10:02:32.873,13.0,0,0.0,2024-10-30 10:02:00
2024-10-30 10:02:32.881,13.0,0,0.0,2024-10-30 10:02:00
2024-10-30 10:02:33.295,13.0,0,0.0,2024-10-30 10:02:00
2024-10-30 10:02:33.336,13.0,0,0.0,2024-10-30 10:02:00
2024-10-30 10:02:33.807,13.0,0,0.0,2024-10-30 10:02:00
2024-10-30 10:02:34.452,13.0,0,0.0,2024-10-30 10:02:00
2024-10-30 10:02:36.648,13.0,0,0.0,2024-10-30 10:02:00
2024-10-30 10:02:38.995,13.0,0,0.0,2024-10-30 10:02:00
2024-10-30 10:02:40.915,13.0,0,0.0,2024-10-30 10:02:00
2024-10-30 10:02:43.312,13.0,0,0.0,2024-10-30 10:02:00
2024-10-30 10:02:43.739,13.0,0,0.0,2024-10-30 10:02:00
2024-10-30 10:02:43.751,13.0,0,0.0,2024-10-30 10:02:00
2024-10-30 10:02:44.340,13.0,0,0.0,2024-10-30 10:02:00
2024-10-30 10:02:44.375,13.0,0,0.0,2024-10-30 10:02:00
2024-10-30 10:02:44.766,13.0,0,0.0,2024-10-30 10:02:00
2024-10-30 10:02:44.828,13.0,0,0.0,2024-10-30 10:02:00
2024-10-30 10:02:45.276,13.0,0,0.0,2024-10-30 10:02:00
2024-10-30 10:02:45.325,13.0,0,0.0,2024-10-30 10:02:00
2024-10-30 10:02:46.201,13.0,0,0.0,2024-10-30 10:02:00
2024-10-30 10:02:48.595,13.0,0,0.0,2024-10-30 10:02:00
2024-10-30 10:02:50.518,13.0,0,0.0,2024-10-30 10:02:00
2024-10-30 10:02:52.913,13.0,0,0.0,2024-10-30 10:02:00
2024-10-30 10:02:55.351,13.0,0,0.0,2024-10-30 10:02:00
2024-10-30 10:02:55.825,13.0,0,0.0,2024-10-30 10:02:00
2024-10-30 10:02:55.891,13.0,0,0.0,2024-10-30 10:02:00
2024-10-30 10:02:56.209,13.0,0,0.0,2024-10-30 10:02:00
2024-10-30 10:02:56.224,13.0,0,0.0,2024-10-30 10:02:00
2024-10-30 10:02:56.716,13.0,0,0.0,2024-10-30 10:02:00
2024-10-30 10:02:56.736,13.0,0,0.0,2024-10-30 10:02:00
2024-10-30 10:02:57.221,13.0,0,0.0,2024-10-30 10:02:00
2024-10-30 10:02:57.248,13.0,0,0.0,2024-10-30 10:02:00
2024-10-30 10:02:58.031,13.0,0,0.0,2024-10-30 10:02:00
2024-10-30 10:03:00.634,13.0,0,0.0,2024-10-30 10:03:00
2024-10-30 10:03:02.553,13.0,0,0.0,2024-10-30 10:03:00
2024-10-30 10:03:04.913,13.0,0,0.0,2024-10-30 10:03:00
2024-10-30 10:03:06.872,13.0,0,0.0,2024-10-30 10:03:00
2024-10-30 10:03:07.729,13.0,0,0.0,2024-10-30 10:03:00
2024-10-30 10:03:07.734,13.0,0,0.0,2024-10-30 10:03:00
2024-10-30 10:03:08.196,13.0,0,0.0,2024-10-30 10:03:00
2024-10-30 10:03:08.247,13.0,0,0.0,2024-10-30 10:03:00
2024-10-30 10:03:08.724,13.0,0,0.0,2024-10-30 10:03:00
2024-10-30 10:03:08.792,13.0,0,0.0,2024-10-30 10:03:00
2024-10-30 10:03:09.230,13.0,0,0.0,2024-10-30 10:03:00
2024-10-30 10:03:09.235,13.0,0,0.0,2024-10-30 10:03:00
2024-10-30 10:03:09.862,13.0,0,0.0,2024-10-30 10:03:00
2024-10-30 10:03:12.159,13.0,0,0.0,2024-10-30 10:03:00
2024-10-30 10:03:14.515,13.0,0,0.0,2024-10-30 10:03:00
2024-10-30 10:03:16.432,13.0,0,0.0,2024-10-30 10:03:00
2024-10-30 10:03:18.927,13.0,0,0.0,2024-10-30 10:03:00
2024-10-30 10:03:19.668,13.0,0,0.0,2024-10-30 10:03:00
2024-10-30 10:03:19.691,13.0,0,0.0,2024-10-30 10:03:00
2024-10-30 10:03:20.230,13.0,0,0.0,2024-10-30 10:03:00
2024-10-30 10:03:20.265,13.0,0,0.0,2024-10-30 10:03:00
2024-10-30 10:03:20.687,13.0,0,0.0,2024-10-30 10:03:00
2024-10-30 10:03:20.737,13.0,0,0.0,2024-10-30 10:03:00
2024-10-30 10:03:21.194,13.0,0,0.0,2024-10-30 10:03:00
2024-10-30 10:03:21.215,13.0,0,0.0,2024-10-30 10:03:00
2024-10-30 10:03:21.800,13.0,0,0.0,2024-10-30 10:03:00
2024-10-30 10:03:24.111,13.0,0,0.0,2024-10-30 10:03:00
2024-10-30 10:03:26.567,13.0,0,0.0,2024-10-30 10:03:00
2024-10-30 10:03:28.441,13.0,0,0.0,2024-10-30 10:03:00
2024-10-30 10:03:30.835,13.0,0,0.0,2024-10-30 10:03:00
2024-10-30 10:03:31.657,13.0,0,0.0,2024-10-30 10:03:00
2024-10-30 10:03:31.701,13.0,0,0.0,2024-10-30 10:03:00
2024-10-30 10:03:32.158,13.0,0,0.0,2024-10-30 10:03:00
2024-10-30 10:03:32.171,13.0,0,0.0,2024-10-30 10:03:00
2024-10-30 10:03:32.664,13.0,0,0.0,2024-10-30 10:03:00
2024-10-30 10:03:32.677,13.0,0,0.0,2024-10-30 10:03:00
2024-10-30 10:03:33.174,13.0,0,0.0,2024-10-30 10:03:00
2024-10-30 10:03:33.188,13.0,0,0.0,2024-10-30 10:03:00
2024-10-30 10:03:33.684,13.0,0,0.0,2024-10-30 10:03:00
2024-10-30 10:03:36.156,13.0,0,0.0,2024-10-30 10:03:00
2024-10-30 10:03:38.129,13.0,0,0.0,2024-10-30 10:03:00
2024-10-30 10:03:40.462,13.0,0,0.0,2024-10-30 10:03:00
2024-10-30 10:03:42.355,13.0,0,0.0,2024-10-30 10:03:00
2024-10-30 10:03:43.793,13.0,0,0.0,2024-10-30 10:03:00
2024-10-30 10:03:43.798,13.0,0,0.0,2024-10-30 10:03:00
2024-10-30 10:03:44.143,13.0,0,0.0,2024-10-30 10:03:00
2024-10-30 10:03:44.166,13.0,0,0.0,2024-10-30 10:03:00
2024-10-30 10:03:44.649,13.0,0,0.0,2024-10-30 10:03:00
2024-10-30 10:03:44.664,13.0,0,0.0,2024-10-30 10:03:00
2024-10-30 10:03:45.195,13.0,0,0.0,2024-10-30 10:03:00
2024-10-30 10:03:45.253,13.0,0,0.0,2024-10-30 10:03:00
2024-10-30 10:03:45.695,13.0,0,0.0,2024-10-30 10:03:00
2024-10-30 10:03:48.111,13.0,0,0.0,2024-10-30 10:03:00
2024-10-30 10:03:50.041,13.0,0,0.0,2024-10-30 10:03:00
2024-10-30 10:03:52.435,13.0,0,0.0,2024-10-30 10:03:00
2024-10-30 10:03:54.353,13.0,0,0.0,2024-10-30 10:03:00
2024-10-30 10:03:55.838,13.0,0,0.0,2024-10-30 10:03:00
2024-10-30 10:03:55.899,13.0,0,0.0,2024-10-30 10:03:00
2024-10-30 10:03:56.187,13.0,0,0.0,2024-10-30 10:03:00
2024-10-30 10:03:56.192,13.0,0,0.0,2024-10-30 10:03:00
2024-10-30 10:03:56.649,13.0,0,0.0,2024-10-30 10:03:00
2024-10-30 10:03:56.666,13.0,0,0.0,2024-10-30 10:03:00
2024-10-30 10:03:57.156,13.0,0,0.0,2024-10-30 10:03:00
2024-10-30 10:03:57.179,13.0,0,0.0,2024-10-30 10:03:00
2024-10-30 10:03:57.662,13.0,0,0.0,2024-10-30 10:03:00
2024-10-30 10:03:59.634,13.0,0,0.0,2024-10-30 10:03:00
2024-10-30 10:04:02.073,13.0,0,0.0,2024-10-30 10:04:00
2024-10-30 10:04:03.954,13.0,0,0.0,2024-10-30 10:04:00
2024-10-30 10:04:06.356,13.0,0,0.0,2024-10-30 10:04:00
2024-10-30 10:04:07.796,13.0,0,0.0,2024-10-30 10:04:00
2024-10-30 10:04:07.805,13.0,0,0.0,2024-10-30 10:04:00
2024-10-30 10:04:08.126,13.0,0,0.0,2024-10-30 10:04:00
2024-10-30 10:04:08.147,13.0,0,0.0,2024-10-30 10:04:00
2024-10-30 10:04:08.634,13.0,0,0.0,2024-10-30 10:04:00
2024-10-30 10:04:08.652,13.0,0,0.0,2024-10-30 10:04:00
2024-10-30 10:04:09.143,13.0,0,0.0,2024-10-30 10:04:00
2024-10-30 10:04:09.156,13.0,0,0.0,2024-10-30 10:04:00
2024-10-30 10:04:09.649,13.0,0,0.0,2024-10-30 10:04:00
2024-10-30 10:04:11.631,13.0,0,0.0,2024-10-30 10:04:00
2024-10-30 10:04:14.032,13.0,0,0.0,2024-10-30 10:04:00
2024-10-30 10:04:15.992,13.0,0,0.0,2024-10-30 10:04:00
2024-10-30 10:04:18.353,13.0,0,0.0,2024-10-30 10:04:00
2024-10-30 10:04:19.795,13.0,0,0.0,2024-10-30 10:04:00
2024-10-30 10:04:19.801,13.0,0,0.0,2024-10-30 10:04:00
2024-10-30 10:04:20.123,13.0,0,0.0,2024-10-30 10:04:00
2024-10-30 10:04:20.183,13.0,0,0.0,2024-10-30 10:04:00
2024-10-30 10:04:20.645,13.0,0,0.0,2024-10-30 10:04:00
2024-10-30 10:04:20.651,13.0,0,0.0,2024-10-30 10:04:00
2024-10-30 10:04:21.165,13.0,0,0.0,2024-10-30 10:04:00
2024-10-30 10:04:21.200,13.0,0,0.0,2024-10-30 10:04:00
2024-10-30 10:04:21.677,13.0,0,0.0,2024-10-30 10:04:00
2024-10-30 10:04:23.636,13.0,0,0.0,2024-10-30 10:04:00
2024-10-30 10:04:25.600,13.0,0,0.0,2024-10-30 10:04:00
2024-10-30 10:04:28.045,13.0,0,0.0,2024-10-30 10:04:00
2024-10-30 10:04:29.876,13.0,0,0.0,2024-10-30 10:04:00
2024-10-30 10:04:31.797,13.0,0,0.0,2024-10-30 10:04:00
2024-10-30 10:04:31.801,13.0,0,0.0,2024-10-30 10:04:00
2024-10-30 10:04:32.095,13.0,0,0.0,2024-10-30 10:04:00
2024-10-30 10:04:32.114,13.0,0,0.0,2024-10-30 10:04:00
2024-10-30 10:04:32.601,13.0,0,0.0,2024-10-30 10:04:00
2024-10-30 10:04:32.620,13.0,0,0.0,2024-10-30 10:04:00
2024-10-30 10:04:33.190,13.0,0,0.0,2024-10-30 10:04:00
2024-10-30 10:04:33.321,13.0,0,0.0,2024-10-30 10:04:00
2024-10-30 10:04:33.612,13.0,0,0.0,2024-10-30 10:04:00
2024-10-30 10:04:35.699,13.0,0,0.0,2024-10-30 10:04:00
2024-10-30 10:04:37.555,13.0,0,0.0,2024-10-30 10:04:00
2024-10-30 10:04:39.954,13.0,0,0.0,2024-10-30 10:04:00
2024-10-30 10:04:41.876,13.0,0,0.0,2024-10-30 10:04:00
2024-10-30 10:04:43.796,13.0,0,0.0,2024-10-30 10:04:00
2024-10-30 10:04:43.802,13.0,0,0.0,2024-10-30 10:04:00
2024-10-30 10:04:44.093,13.0,0,0.0,2024-10-30 10:04:00
2024-10-30 10:04:44.111,13.0,0,0.0,2024-10-30 10:04:00
2024-10-30 10:04:44.678,13.0,0,0.0,2024-10-30 10:04:00
2024-10-30 10:04:44.747,13.0,0,0.0,2024-10-30 10:04:00
2024-10-30 10:04:45.112,13.0,0,0.0,2024-10-30 10:04:00
2024-10-30 10:04:45.132,13.0,0,0.0,2024-10-30 10:04:00
2024-10-30 10:04:45.748,13.0,0,0.0,2024-10-30 10:04:00
2024-10-30 10:04:47.245,13.0,0,0.0,2024-10-30 10:04:00
2024-10-30 10:04:49.554,13.0,0,0.0,2024-10-30 10:04:00
2024-10-30 10:04:51.476,13.0,0,0.0,2024-10-30 10:04:00
2024-10-30 10:04:53.874,13.0,0,0.0,2024-10-30 10:04:00
2024-10-30 10:04:55.838,13.0,0,0.0,2024-10-30 10:04:00
2024-10-30 10:04:55.843,13.0,0,0.0,2024-10-30 10:04:00
2024-10-30 10:04:56.105,13.0,0,0.0,2024-10-30 10:04:00
2024-10-30 10:04:56.175,13.0,0,0.0,2024-10-30 10:04:00
2024-10-30 10:04:56.579,13.0,0,0.0,2024-10-30 10:04:00
2024-10-30 10:04:56.604,13.0,0,0.0,2024-10-30 10:04:00
2024-10-30 10:04:57.083,13.0,0,0.0,2024-10-30 10:04:00
2024-10-30 10:04:57.113,13.0,0,0.0,2024-10-30 10:04:00
2024-10-30 10:04:57.594,13.0,0,0.0,2024-10-30 10:04:00
2024-10-30 10:04:59.153,13.0,0,0.0,2024-10-30 10:04:00
2024-10-30 10:05:01.553,13.0,0,0.0,2024-10-30 10:05:00
2024-10-30 10:05:03.474,13.0,0,0.0,2024-10-30 10:05:00
2024-10-30 10:05:05.913,13.0,0,0.0,2024-10-30 10:05:00
2024-10-30 10:05:07.801,13.0,0,0.0,2024-10-30 10:05:00
2024-10-30 10:05:07.805,13.0,0,0.0,2024-10-30 10:05:00
2024-10-30 10:05:08.080,13.0,0,0.0,2024-10-30 10:05:00
2024-10-30 10:05:08.090,13.0,0,0.0,2024-10-30 10:05:00
2024-10-30 10:05:08.577,13.0,0,0.0,2024-10-30 10:05:00
2024-10-30 10:05:08.595,13.0,0,0.0,2024-10-30 10:05:00
2024-10-30 10:05:09.082,13.0,0,0.0,2024-10-30 10:05:00
2024-10-30 10:05:09.108,13.0,0,0.0,2024-10-30 10:05:00
2024-10-30 10:05:09.588,13.0,0,0.0,2024-10-30 10:05:00
2024-10-30 10:05:11.197,13.0,0,0.0,2024-10-30 10:05:00
2024-10-30 10:05:13.554,13.0,0,0.0,2024-10-30 10:05:00
2024-10-30 10:05:15.518,13.0,0,0.0,2024-10-30 10:05:00
2024-10-30 10:05:17.396,13.0,0,0.0,2024-10-30 10:05:00
2024-10-30 10:05:19.794,13.0,0,0.0,2024-10-30 10:05:00
2024-10-30 10:05:19.799,13.0,0,0.0,2024-10-30 10:05:00
2024-10-30 10:05:20.078,13.0,0,0.0,2024-10-30 10:05:00
2024-10-30 10:05:20.148,13.0,0,0.0,2024-10-30 10:05:00
2024-10-30 10:05:20.554,13.0,0,0.0,2024-10-30 10:05:00
2024-10-30 10:05:20.607,13.0,0,0.0,2024-10-30 10:05:00
2024-10-30 10:05:21.045,13.0,0,0.0,2024-10-30 10:05:00
2024-10-30 10:05:21.101,13.0,0,0.0,2024-10-30 10:05:00
2024-10-30 10:05:21.512,13.0,0,0.0,2024-10-30 10:05:00
2024-10-30 10:05:23.111,13.0,0,0.0,2024-10-30 10:05:00
2024-10-30 10:05:25.038,13.0,0,0.0,2024-10-30 10:05:00
2024-10-30 10:05:27.435,13.0,0,0.0,2024-10-30 10:05:00
2024-10-30 10:05:29.470,13.0,0,0.0,2024-10-30 10:05:00
2024-10-30 10:05:31.753,13.0,0,0.0,2024-10-30 10:05:00
2024-10-30 10:05:31.761,13.0,0,0.0,2024-10-30 10:05:00
2024-10-30 10:05:31.812,13.0,0,0.0,2024-10-30 10:05:00
2024-10-30 10:05:32.067,13.0,0,0.0,2024-10-30 10:05:00
2024-10-30 10:05:32.330,13.0,0,0.0,2024-10-30 10:05:00
2024-10-30 10:05:32.626,13.0,0,0.0,2024-10-30 10:05:00
2024-10-30 10:05:32.829,13.0,0,0.0,2024-10-30 10:05:00
2024-10-30 10:05:33.063,13.0,0,0.0,2024-10-30 10:05:00
2024-10-30 10:05:33.393,13.0,0,0.0,2024-10-30 10:05:00
2024-10-30 10:05:35.110,13.0,0,0.0,2024-10-30 10:05:00
2024-10-30 10:05:37.095,13.0,0,0.0,2024-10-30 10:05:00
2024-10-30 10:05:39.438,13.0,0,0.0,2024-10-30 10:05:00
2024-10-30 10:05:41.395,13.0,0,0.0,2024-10-30 10:05:00
2024-10-30 10:05:43.311,13.0,0,0.0,2024-10-30 10:05:00
2024-10-30 10:05:43.590,13.0,0,0.0,2024-10-30 10:05:00
2024-10-30 10:05:43.763,13.0,0,0.0,2024-10-30 10:05:00
2024-10-30 10:05:44.019,13.0,0,0.0,2024-10-30 10:05:00
2024-10-30 10:05:44.270,13.0,0,0.0,2024-10-30 10:05:00
2024-10-30 10:05:44.524,13.0,0,0.0,2024-10-30 10:05:00
2024-10-30 10:05:44.868,13.0,0,0.0,2024-10-30 10:05:00
2024-10-30 10:05:45.119,13.0,0,0.0,2024-10-30 10:05:00
2024-10-30 10:05:45.284,13.0,0,0.0,2024-10-30 10:05:00
2024-10-30 10:05:47.156,13.0,0,0.0,2024-10-30 10:05:00
2024-10-30 10:05:49.071,13.0,0,0.0,2024-10-30 10:05:00
2024-10-30 10:05:51.028,13.0,0,0.0,2024-10-30 10:05:00
2024-10-30 10:05:53.404,13.0,0,0.0,2024-10-30 10:05:00
2024-10-30 10:05:55.310,13.0,0,0.0,2024-10-30 10:05:00
2024-10-30 10:05:55.550,13.0,0,0.0,2024-10-30 10:05:00
2024-10-30 10:05:55.658,13.0,0,0.0,2024-10-30 10:05:00
2024-10-30 10:05:56.004,13.0,0,0.0,2024-10-30 10:05:00
2024-10-30 10:05:56.171,13.0,0,0.0,2024-10-30 10:05:00
2024-10-30 10:05:56.534,13.0,0,0.0,2024-10-30 10:05:00
2024-10-30 10:05:56.640,13.0,0,0.0,2024-10-30 10:05:00
2024-10-30 10:05:57.014,13.0,0,0.0,2024-10-30 10:05:00
2024-10-30 10:05:57.150,13.0,0,0.0,2024-10-30 10:05:00
2024-10-30 10:05:58.668,13.0,0,0.0,2024-10-30 10:05:00
2024-10-30 10:06:00.635,13.0,0,0.0,2024-10-30 10:06:00
2024-10-30 10:06:02.996,13.0,0,0.0,2024-10-30 10:06:00
2024-10-30 10:06:04.914,13.0,0,0.0,2024-10-30 10:06:00
2024-10-30 10:06:07.314,13.0,0,0.0,2024-10-30 10:06:00
2024-10-30 10:06:07.491,13.0,0,0.0,2024-10-30 10:06:00
2024-10-30 10:06:07.515,13.0,0,0.0,2024-10-30 10:06:00
2024-10-30 10:06:07.995,13.0,0,0.0,2024-10-30 10:06:00
2024-10-30 10:06:08.017,13.0,0,0.0,2024-10-30 10:06:00
2024-10-30 10:06:08.497,13.0,0,0.0,2024-10-30 10:06:00
2024-10-30 10:06:08.529,13.0,0,0.0,2024-10-30 10:06:00
2024-10-30 10:06:09.004,13.0,0,0.0,2024-10-30 10:06:00
2024-10-30 10:06:09.031,13.0,0,0.0,2024-10-30 10:06:00
2024-10-30 10:06:10.734,13.0,0,0.0,2024-10-30 10:06:00
2024-10-30 10:06:12.595,13.0,0,0.0,2024-10-30 10:06:00
2024-10-30 10:06:14.995,13.0,0,0.0,2024-10-30 10:06:00
2024-10-30 10:06:16.913,13.0,0,0.0,2024-10-30 10:06:00
2024-10-30 10:06:19.436,13.0,0,0.0,2024-10-30 10:06:00
2024-10-30 10:06:19.492,13.0,0,0.0,2024-10-30 10:06:00
2024-10-30 10:06:19.505,13.0,0,0.0,2024-10-30 10:06:00
2024-10-30 10:06:19.996,13.0,0,0.0,2024-10-30 10:06:00
2024-10-30 10:06:20.013,13.0,0,0.0,2024-10-30 10:06:00
2024-10-30 10:06:20.514,13.0,0,0.0,2024-10-30 10:06:00
2024-10-30 10:06:20.705,13.0,0,0.0,2024-10-30 10:06:00
2024-10-30 10:06:21.022,13.0,0,0.0,2024-10-30 10:06:00
2024-10-30 10:06:21.032,13.0,0,0.0,2024-10-30 10:06:00
2024-10-30 10:06:22.670,13.0,0,0.0,2024-10-30 10:06:00
2024-10-30 10:06:24.597,13.0,0,0.0,2024-10-30 10:06:00
2024-10-30 10:06:26.512,13.0,0,0.0,2024-10-30 10:06:00
2024-10-30 10:06:28.916,13.0,0,0.0,2024-10-30 10:06:00
2024-10-30 10:06:30.939,13.0,0,0.0,2024-10-30 10:06:00
2024-10-30 10:06:31.466,13.0,0,0.0,2024-10-30 10:06:00
2024-10-30 10:06:31.473,13.0,0,0.0,2024-10-30 10:06:00
2024-10-30 10:06:32.028,13.0,0,0.0,2024-10-30 10:06:00
2024-10-30 10:06:32.031,13.0,0,0.0,2024-10-30 10:06:00
2024-10-30 10:06:32.476,13.0,0,0.0,2024-10-30 10:06:00
2024-10-30 10:06:32.489,13.0,0,0.0,2024-10-30 10:06:00
2024-10-30 10:06:32.985,13.0,0,0.0,2024-10-30 10:06:00
2024-10-30 10:06:33.004,13.0,0,0.0,2024-10-30 10:06:00
2024-10-30 10:06:33.977,13.0,0,0.0,2024-10-30 10:06:00
2024-10-30 10:06:36.596,13.0,0,0.0,2024-10-30 10:06:00
2024-10-30 10:06:38.573,13.0,0,0.0,2024-10-30 10:06:00
2024-10-30 10:06:40.951,13.0,0,0.0,2024-10-30 10:06:00
2024-10-30 10:06:42.831,13.0,0,0.0,2024-10-30 10:06:00
2024-10-30 10:06:43.452,13.0,0,0.0,2024-10-30 10:06:00
2024-10-30 10:06:43.469,13.0,0,0.0,2024-10-30 10:06:00
2024-10-30 10:06:43.957,13.0,0,0.0,2024-10-30 10:06:00
2024-10-30 10:06:43.973,13.0,0,0.0,2024-10-30 10:06:00
2024-10-30 10:06:44.462,13.0,0,0.0,2024-10-30 10:06:00
2024-10-30 10:06:44.489,13.0,0,0.0,2024-10-30 10:06:00
2024-10-30 10:06:45.032,13.0,0,0.0,2024-10-30 10:06:00
2024-10-30 10:06:45.079,13.0,0,0.0,2024-10-30 10:06:00
2024-10-30 10:06:45.953,13.0,0,0.0,2024-10-30 10:06:00
2024-10-30 10:06:48.113,13.0,0,0.0,2024-10-30 10:06:00
2024-10-30 10:06:50.530,13.0,0,0.0,2024-10-30 10:06:00
2024-10-30 10:06:52.431,13.0,0,0.0,2024-10-30 10:06:00
2024-10-30 10:06:54.839,13.0,0,0.0,2024-10-30 10:06:00
2024-10-30 10:06:55.446,13.0,0,0.0,2024-10-30 10:06:00
2024-10-30 10:06:55.453,13.0,0,0.0,2024-10-30 10:06:00
2024-10-30 10:06:55.955,13.0,0,0.0,2024-10-30 10:06:00
2024-10-30 10:06:55.959,13.0,0,0.0,2024-10-30 10:06:00
2024-10-30 10:06:56.534,13.0,0,0.0,2024-10-30 10:06:00
2024-10-30 10:06:56.731,13.0,0,0.0,2024-10-30 10:06:00
2024-10-30 10:06:56.960,13.0,0,0.0,2024-10-30 10:06:00
2024-10-30 10:06:56.978,13.0,0,0.0,2024-10-30 10:06:00
2024-10-30 10:06:57.836,13.0,0,0.0,2024-10-30 10:06:00
2024-10-30 10:07:00.112,13.0,0,0.0,2024-10-30 10:07:00
2024-10-30 10:07:02.524,13.0,0,0.0,2024-10-30 10:07:00
2024-10-30 10:07:04.436,13.0,0,0.0,2024-10-30 10:07:00
2024-10-30 10:07:06.835,13.0,0,0.0,2024-10-30 10:07:00
2024-10-30 10:07:07.432,13.0,0,0.0,2024-10-30 10:07:00
2024-10-30 10:07:07.442,13.0,0,0.0,2024-10-30 10:07:00
2024-10-30 10:07:07.935,13.0,0,0.0,2024-10-30 10:07:00
2024-10-30 10:07:08.069,13.0,0,0.0,2024-10-30 10:07:00
2024-10-30 10:07:08.441,13.0,0,0.0,2024-10-30 10:07:00
2024-10-30 10:07:08.457,13.0,0,0.0,2024-10-30 10:07:00
2024-10-30 10:07:08.947,13.0,0,0.0,2024-10-30 10:07:00
2024-10-30 10:07:08.970,13.0,0,0.0,2024-10-30 10:07:00
2024-10-30 10:07:09.726,13.0,0,0.0,2024-10-30 10:07:00
2024-10-30 10:07:12.115,13.0,0,0.0,2024-10-30 10:07:00
2024-10-30 10:07:14.036,13.0,0,0.0,2024-10-30 10:07:00
2024-10-30 10:07:16.456,13.0,0,0.0,2024-10-30 10:07:00
2024-10-30 10:07:18.354,13.0,0,0.0,2024-10-30 10:07:00
2024-10-30 10:07:19.795,13.0,0,0.0,2024-10-30 10:07:00
2024-10-30 10:07:19.802,13.0,0,0.0,2024-10-30 10:07:00
2024-10-30 10:07:19.935,13.0,0,0.0,2024-10-30 10:07:00
2024-10-30 10:07:19.960,13.0,0,0.0,2024-10-30 10:07:00
2024-10-30 10:07:20.440,13.0,0,0.0,2024-10-30 10:07:00
2024-10-30 10:07:20.460,13.0,0,0.0,2024-10-30 10:07:00
2024-10-30 10:07:21.010,13.0,0,0.0,2024-10-30 10:07:00
2024-10-30 10:07:21.096,13.0,0,0.0,2024-10-30 10:07:00
2024-10-30 10:07:21.578,13.0,0,0.0,2024-10-30 10:07:00
2024-10-30 10:07:24.116,13.0,0,0.0,2024-10-30 10:07:00
2024-10-30 10:07:26.110,13.0,0,0.0,2024-10-30 10:07:00
2024-10-30 10:07:28.565,13.0,0,0.0,2024-10-30 10:07:00
2024-10-30 10:07:30.356,13.0,0,0.0,2024-10-30 10:07:00
2024-10-30 10:07:31.826,13.0,0,0.0,2024-10-30 10:07:00
2024-10-30 10:07:31.831,13.0,0,0.0,2024-10-30 10:07:00
2024-10-30 10:07:31.916,13.0,0,0.0,2024-10-30 10:07:00
2024-10-30 10:07:31.940,13.0,0,0.0,2024-10-30 10:07:00
2024-10-30 10:07:32.452,13.0,0,0.0,2024-10-30 10:07:00
2024-10-30 10:07:32.458,13.0,0,0.0,2024-10-30 10:07:00
2024-10-30 10:07:32.937,13.0,0,0.0,2024-10-30 10:07:00
2024-10-30 10:07:32.956,13.0,0,0.0,2024-10-30 10:07:00
2024-10-30 10:07:33.451,13.0,0,0.0,2024-10-30 10:07:00
2024-10-30 10:07:35.724,13.0,0,0.0,2024-10-30 10:07:00
2024-10-30 10:07:38.034,13.0,0,0.0,2024-10-30 10:07:00
2024-10-30 10:07:40.078,13.0,0,0.0,2024-10-30 10:07:00
2024-10-30 10:07:42.359,13.0,0,0.0,2024-10-30 10:07:00
2024-10-30 10:07:43.855,13.0,0,0.0,2024-10-30 10:07:00
2024-10-30 10:07:43.859,13.0,0,0.0,2024-10-30 10:07:00
2024-10-30 10:07:43.903,13.0,0,0.0,2024-10-30 10:07:00
2024-10-30 10:07:43.923,13.0,0,0.0,2024-10-30 10:07:00
2024-10-30 10:07:44.412,13.0,0,0.0,2024-10-30 10:07:00
2024-10-30 10:07:44.430,13.0,0,0.0,2024-10-30 10:07:00
2024-10-30 10:07:44.925,13.0,0,0.0,2024-10-30 10:07:00
2024-10-30 10:07:44.939,13.0,0,0.0,2024-10-30 10:07:00
2024-10-30 10:07:45.436,13.0,0,0.0,2024-10-30 10:07:00
2024-10-30 10:07:47.677,13.0,0,0.0,2024-10-30 10:07:00
2024-10-30 10:07:49.556,13.0,0,0.0,2024-10-30 10:07:00
2024-10-30 10:07:55.874,13.0,0,0.0,2024-10-30 10:07:00
2024-10-30 10:07:55.986,13.0,0,0.0,2024-10-30 10:07:00
2024-10-30 10:07:56.091,13.0,0,0.0,2024-10-30 10:07:00
2024-10-30 10:07:56.105,13.0,0,0.0,2024-10-30 10:07:00
2024-10-30 10:07:56.581,13.0,0,0.0,2024-10-30 10:07:00
2024-10-30 10:07:56.651,13.0,0,0.0,2024-10-30 10:07:00
2024-10-30 10:07:57.044,13.0,0,0.0,2024-10-30 10:07:00
2024-10-30 10:07:57.059,13.0,0,0.0,2024-10-30 10:07:00
2024-10-30 10:07:57.554,13.0,0,0.0,2024-10-30 10:07:00
2024-10-30 10:07:59.273,13.0,0,0.0,2024-10-30 10:07:00
2024-10-30 10:08:01.120,13.0,0,0.0,2024-10-30 10:08:00
2024-10-30 10:08:07.797,13.0,0,0.0,2024-10-30 10:08:00
2024-10-30 10:08:07.801,13.0,0,0.0,2024-10-30 10:08:00
2024-10-30 10:08:08.072,13.0,0,0.0,2024-10-30 10:08:00
2024-10-30 10:08:08.078,13.0,0,0.0,2024-10-30 10:08:00
2024-10-30 10:08:08.574,13.0,0,0.0,2024-10-30 10:08:00
2024-10-30 10:08:08.590,13.0,0,0.0,2024-10-30 10:08:00
2024-10-30 10:08:09.082,13.0,0,0.0,2024-10-30 10:08:00
2024-10-30 10:08:09.099,13.0,0,0.0,2024-10-30 10:08:00
2024-10-30 10:08:09.594,13.0,0,0.0,2024-10-30 10:08:00
2024-10-30 10:08:19.795,13.0,0,0.0,2024-10-30 10:08:00
2024-10-30 10:08:19.803,13.0,0,0.0,2024-10-30 10:08:00
2024-10-30 10:08:20.137,13.0,0,0.0,2024-10-30 10:08:00
2024-10-30 10:08:20.184,13.0,0,0.0,2024-10-30 10:08:00
2024-10-30 10:08:20.643,13.0,0,0.0,2024-10-30 10:08:00
2024-10-30 10:08:20.693,13.0,0,0.0,2024-10-30 10:08:00
2024-10-30 10:08:21.217,13.0,0,0.0,2024-10-30 10:08:00
2024-10-30 10:08:21.329,13.0,0,0.0,2024-10-30 10:08:00
2024-10-30 10:08:21.671,13.0,0,0.0,2024-10-30 10:08:00
2024-10-30 10:08:22.103,13.0,0,0.0,2024-10-30 10:08:00
2024-10-30 10:08:24.114,13.0,0,0.0,2024-10-30 10:08:00
2024-10-30 10:08:26.041,13.0,0,0.0,2024-10-30 10:08:00
2024-10-30 10:08:32.277,13.0,0,0.0,2024-10-30 10:08:00
2024-10-30 10:08:32.283,13.0,0,0.0,2024-10-30 10:08:00
2024-10-30 10:08:32.286,13.0,0,0.0,2024-10-30 10:08:00
2024-10-30 10:08:32.293,13.0,0,0.0,2024-10-30 10:08:00
2024-10-30 10:08:32.656,13.0,0,0.0,2024-10-30 10:08:00
2024-10-30 10:08:32.702,13.0,0,0.0,2024-10-30 10:08:00
2024-10-30 10:08:33.170,13.0,0,0.0,2024-10-30 10:08:00
2024-10-30 10:08:33.215,13.0,0,0.0,2024-10-30 10:08:00
2024-10-30 10:08:33.674,13.0,0,0.0,2024-10-30 10:08:00
2024-10-30 10:08:34.573,13.0,0,0.0,2024-10-30 10:08:00
2024-10-30 10:08:43.799,13.0,0,0.0,2024-10-30 10:08:00
2024-10-30 10:08:43.805,13.0,0,0.0,2024-10-30 10:08:00
2024-10-30 10:08:44.276,13.0,0,0.0,2024-10-30 10:08:00
2024-10-30 10:08:44.296,13.0,0,0.0,2024-10-30 10:08:00
2024-10-30 10:08:44.783,13.0,0,0.0,2024-10-30 10:08:00
2024-10-30 10:08:44.808,13.0,0,0.0,2024-10-30 10:08:00
2024-10-30 10:08:45.370,13.0,0,0.0,2024-10-30 10:08:00
2024-10-30 10:08:45.374,13.0,0,0.0,2024-10-30 10:08:00
2024-10-30 10:08:45.802,13.0,0,0.0,2024-10-30 10:08:00
2024-10-30 10:08:47.634,13.0,0,0.0,2024-10-30 10:08:00
2024-10-30 10:08:49.553,13.0,0,0.0,2024-10-30 10:08:00
2024-10-30 10:08:51.989,13.0,0,0.0,2024-10-30 10:08:00
2024-10-30 10:08:55.793,13.0,0,0.0,2024-10-30 10:08:00
2024-10-30 10:08:55.799,13.0,0,0.0,2024-10-30 10:08:00
2024-10-30 10:08:56.280,13.0,0,0.0,2024-10-30 10:08:00
2024-10-30 10:08:56.337,13.0,0,0.0,2024-10-30 10:08:00
2024-10-30 10:08:56.863,13.0,0,0.0,2024-10-30 10:08:00
2024-10-30 10:08:56.929,13.0,0,0.0,2024-10-30 10:08:00
2024-10-30 10:08:57.245,13.0,0,0.0,2024-10-30 10:08:00
2024-10-30 10:08:57.304,13.0,0,0.0,2024-10-30 10:08:00
2024-10-30 10:08:57.749,13.0,0,0.0,2024-10-30 10:08:00
2024-10-30 10:08:58.655,13.0,0,0.0,2024-10-30 10:08:00
2024-10-30 10:09:01.578,13.0,0,0.0,2024-10-30 10:09:00
2024-10-30 10:09:03.475,13.0,0,0.0,2024-10-30 10:09:00
2024-10-30 10:09:05.397,13.0,0,0.0,2024-10-30 10:09:00
2024-10-30 10:09:07.798,13.0,0,0.0,2024-10-30 10:09:00
2024-10-30 10:09:07.802,13.0,0,0.0,2024-10-30 10:09:00
2024-10-30 10:09:08.218,13.0,0,0.0,2024-10-30 10:09:00
2024-10-30 10:09:08.357,13.0,0,0.0,2024-10-30 10:09:00
2024-10-30 10:09:08.717,13.0,0,0.0,2024-10-30 10:09:00
2024-10-30 10:09:08.792,13.0,0,0.0,2024-10-30 10:09:00
2024-10-30 10:09:09.230,13.0,0,0.0,2024-10-30 10:09:00
2024-10-30 10:09:09.305,13.0,0,0.0,2024-10-30 10:09:00
2024-10-30 10:09:09.736,13.0,0,0.0,2024-10-30 10:09:00
2024-10-30 10:09:11.685,13.0,0,0.0,2024-10-30 10:09:00
2024-10-30 10:09:13.082,13.0,0,0.0,2024-10-30 10:09:00
2024-10-30 10:09:19.911,13.0,0,0.0,2024-10-30 10:09:00
2024-10-30 10:09:19.917,13.0,0,0.0,2024-10-30 10:09:00
2024-10-30 10:09:20.351,13.0,0,0.0,2024-10-30 10:09:00
2024-10-30 10:09:20.359,13.0,0,0.0,2024-10-30 10:09:00
2024-10-30 10:09:20.778,13.0,0,0.0,2024-10-30 10:09:00
2024-10-30 10:09:20.840,13.0,0,0.0,2024-10-30 10:09:00
2024-10-30 10:09:21.355,13.0,0,0.0,2024-10-30 10:09:00
2024-10-30 10:09:21.360,13.0,0,0.0,2024-10-30 10:09:00
2024-10-30 10:09:21.837,13.0,0,0.0,2024-10-30 10:09:00
2024-10-30 10:09:22.533,13.0,0,0.0,2024-10-30 10:09:00
2024-10-30 10:09:32.276,13.0,0,0.0,2024-10-30 10:09:00
2024-10-30 10:09:32.283,13.0,0,0.0,2024-10-30 10:09:00
2024-10-30 10:09:32.378,13.0,0,0.0,2024-10-30 10:09:00
2024-10-30 10:09:32.395,13.0,0,0.0,2024-10-30 10:09:00
2024-10-30 10:09:32.885,13.0,0,0.0,2024-10-30 10:09:00
2024-10-30 10:09:32.914,13.0,0,0.0,2024-10-30 10:09:00
2024-10-30 10:09:33.395,13.0,0,0.0,2024-10-30 10:09:00
2024-10-30 10:09:33.426,13.0,0,0.0,2024-10-30 10:09:00
2024-10-30 10:09:33.899,13.0,0,0.0,2024-10-30 10:09:00
2024-10-30 10:09:35.633,13.0,0,0.0,2024-10-30 10:09:00
2024-10-30 10:09:37.557,13.0,0,0.0,2024-10-30 10:09:00
2024-10-30 10:09:44.276,13.0,0,0.0,2024-10-30 10:09:00
2024-10-30 10:09:44.282,13.0,0,0.0,2024-10-30 10:09:00
2024-10-30 10:09:44.387,13.0,0,0.0,2024-10-30 10:09:00
2024-10-30 10:09:44.434,13.0,0,0.0,2024-10-30 10:09:00
2024-10-30 10:09:44.894,13.0,0,0.0,2024-10-30 10:09:00
2024-10-30 10:09:44.945,13.0,0,0.0,2024-10-30 10:09:00
2024-10-30 10:09:45.401,13.0,0,0.0,2024-10-30 10:09:00
2024-10-30 10:09:45.452,13.0,0,0.0,2024-10-30 10:09:00
2024-10-30 10:09:45.914,13.0,0,0.0,2024-10-30 10:09:00
2024-10-30 10:09:46.801,13.0,0,0.0,2024-10-30 10:09:00
2024-10-30 10:09:56.305,13.0,0,0.0,2024-10-30 10:09:00
2024-10-30 10:09:56.412,13.0,0,0.0,2024-10-30 10:09:00
2024-10-30 10:09:56.521,13.0,0,0.0,2024-10-30 10:09:00
2024-10-30 10:09:56.574,13.0,0,0.0,2024-10-30 10:09:00
2024-10-30 10:09:57.016,13.0,0,0.0,2024-10-30 10:09:00
2024-10-30 10:09:57.080,13.0,0,0.0,2024-10-30 10:09:00
2024-10-30 10:09:57.490,13.0,0,0.0,2024-10-30 10:09:00
2024-10-30 10:09:57.499,13.0,0,0.0,2024-10-30 10:09:00
2024-10-30 10:09:57.999,13.0,0,0.0,2024-10-30 10:09:00
2024-10-30 10:09:59.632,13.0,0,0.0,2024-10-30 10:09:00
2024-10-30 10:10:08.282,13.0,0,0.0,2024-10-30 10:10:00
2024-10-30 10:10:08.291,13.0,0,0.0,2024-10-30 10:10:00
2024-10-30 10:10:08.571,13.0,0,0.0,2024-10-30 10:10:00
2024-10-30 10:10:08.574,13.0,0,0.0,2024-10-30 10:10:00
2024-10-30 10:10:09.052,13.0,0,0.0,2024-10-30 10:10:00
2024-10-30 10:10:09.069,13.0,0,0.0,2024-10-30 10:10:00
2024-10-30 10:10:09.561,13.0,0,0.0,2024-10-30 10:10:00
2024-10-30 10:10:09.579,13.0,0,0.0,2024-10-30 10:10:00
2024-10-30 10:10:10.110,13.0,0,0.0,2024-10-30 10:10:00
2024-10-30 10:10:12.136,13.0,0,0.0,2024-10-30 10:10:00
2024-10-30 10:10:14.035,13.0,0,0.0,2024-10-30 10:10:00
2024-10-30 10:10:15.956,13.0,0,0.0,2024-10-30 10:10:00
2024-10-30 10:10:17.875,13.0,0,0.0,2024-10-30 10:10:00
2024-10-30 10:10:20.275,13.0,0,0.0,2024-10-30 10:10:00
2024-10-30 10:10:20.282,13.0,0,0.0,2024-10-30 10:10:00
2024-10-30 10:10:20.385,13.0,0,0.0,2024-10-30 10:10:00
2024-10-30 10:10:20.446,13.0,0,0.0,2024-10-30 10:10:00
2024-10-30 10:10:20.891,13.0,0,0.0,2024-10-30 10:10:00
2024-10-30 10:10:20.956,13.0,0,0.0,2024-10-30 10:10:00
2024-10-30 10:10:21.425,13.0,0,0.0,2024-10-30 10:10:00
2024-10-30 10:10:21.474,13.0,0,0.0,2024-10-30 10:10:00
2024-10-30 10:10:21.959,13.0,0,0.0,2024-10-30 10:10:00
2024-10-30 10:10:23.634,13.0,0,0.0,2024-10-30 10:10:00
2024-10-30 10:10:25.555,13.0,0,0.0,2024-10-30 10:10:00
2024-10-30 10:10:27.478,13.0,0,0.0,2024-10-30 10:10:00
2024-10-30 10:10:29.888,13.0,0,0.0,2024-10-30 10:10:00
2024-10-30 10:10:31.870,13.0,0,0.0,2024-10-30 10:10:00
2024-10-30 10:10:32.035,13.0,0,0.0,2024-10-30 10:10:00
2024-10-30 10:10:32.210,13.0,0,0.0,2024-10-30 10:10:00
2024-10-30 10:10:32.423,13.0,0,0.0,2024-10-30 10:10:00
2024-10-30 10:10:32.803,13.0,0,0.0,2024-10-30 10:10:00
2024-10-30 10:10:32.941,13.0,0,0.0,2024-10-30 10:10:00
2024-10-30 10:10:33.220,13.0,0,0.0,2024-10-30 10:10:00
2024-10-30 10:10:33.438,13.0,0,0.0,2024-10-30 10:10:00
2024-10-30 10:10:33.733,13.0,0,0.0,2024-10-30 10:10:00
2024-10-30 10:10:35.634,13.0,0,0.0,2024-10-30 10:10:00
2024-10-30 10:10:37.565,13.0,0,0.0,2024-10-30 10:10:00
2024-10-30 10:10:39.474,13.0,0,0.0,2024-10-30 10:10:00
2024-10-30 10:10:41.963,13.0,0,0.0,2024-10-30 10:10:00
2024-10-30 10:10:43.800,13.0,0,0.0,2024-10-30 10:10:00
2024-10-30 10:10:43.915,13.0,0,0.0,2024-10-30 10:10:00
2024-10-30 10:10:44.157,13.0,0,0.0,2024-10-30 10:10:00
2024-10-30 10:10:44.422,13.0,0,0.0,2024-10-30 10:10:00
2024-10-30 10:10:44.665,13.0,0,0.0,2024-10-30 10:10:00
2024-10-30 10:10:44.925,13.0,0,0.0,2024-10-30 10:10:00
2024-10-30 10:10:45.170,13.0,0,0.0,2024-10-30 10:10:00
2024-10-30 10:10:45.434,13.0,0,0.0,2024-10-30 10:10:00
2024-10-30 10:10:45.678,13.0,0,0.0,2024-10-30 10:10:00
2024-10-30 10:10:56.328,13.0,0,0.0,2024-10-30 10:10:00
2024-10-30 10:10:56.372,13.0,0,0.0,2024-10-30 10:10:00
2024-10-30 10:10:56.549,13.0,0,0.0,2024-10-30 10:10:00
2024-10-30 10:10:56.616,13.0,0,0.0,2024-10-30 10:10:00
2024-10-30 10:10:57.159,13.0,0,0.0,2024-10-30 10:10:00
2024-10-30 10:10:57.228,13.0,0,0.0,2024-10-30 10:10:00
2024-10-30 10:10:57.605,13.0,0,0.0,2024-10-30 10:10:00
2024-10-30 10:10:57.613,13.0,0,0.0,2024-10-30 10:10:00
2024-10-30 10:10:58.074,13.0,0,0.0,2024-10-30 10:10:00
2024-10-30 10:10:58.651,13.0,0,0.0,2024-10-30 10:10:00
2024-10-30 10:11:08.285,13.0,0,0.0,2024-10-30 10:11:00
2024-10-30 10:11:08.289,13.0,0,0.0,2024-10-30 10:11:00
2024-10-30 10:11:08.705,13.0,0,0.0,2024-10-30 10:11:00
2024-10-30 10:11:08.711,13.0,0,0.0,2024-10-30 10:11:00
2024-10-30 10:11:09.189,13.0,0,0.0,2024-10-30 10:11:00
2024-10-30 10:11:09.193,13.0,0,0.0,2024-10-30 10:11:00
2024-10-30 10:11:09.696,13.0,0,0.0,2024-10-30 10:11:00
2024-10-30 10:11:09.699,13.0,0,0.0,2024-10-30 10:11:00
2024-10-30 10:11:10.205,13.0,0,0.0,2024-10-30 10:11:00
2024-10-30 10:11:11.046,13.0,0,0.0,2024-10-30 10:11:00
2024-10-30 10:11:20.274,13.0,0,0.0,2024-10-30 10:11:00
2024-10-30 10:11:20.280,13.0,0,0.0,2024-10-30 10:11:00
2024-10-30 10:11:20.753,13.0,0,0.0,2024-10-30 10:11:00
2024-10-30 10:11:20.772,13.0,0,0.0,2024-10-30 10:11:00
2024-10-30 10:11:21.265,13.0,0,0.0,2024-10-30 10:11:00
2024-10-30 10:11:21.281,13.0,0,0.0,2024-10-30 10:11:00
2024-10-30 10:11:21.868,13.0,0,0.0,2024-10-30 10:11:00
2024-10-30 10:11:22.063,13.0,0,0.0,2024-10-30 10:11:00
2024-10-30 10:11:22.333,13.0,0,0.0,2024-10-30 10:11:00
2024-10-30 10:11:24.112,13.0,0,0.0,2024-10-30 10:11:00
2024-10-30 10:11:26.075,13.0,0,0.0,2024-10-30 10:11:00
2024-10-30 10:11:27.955,13.0,0,0.0,2024-10-30 10:11:00
2024-10-30 10:11:32.315,13.0,0,0.0,2024-10-30 10:11:00
2024-10-30 10:11:32.322,13.0,0,0.0,2024-10-30 10:11:00
2024-10-30 10:11:32.701,13.0,0,0.0,2024-10-30 10:11:00
2024-10-30 10:11:32.753,13.0,0,0.0,2024-10-30 10:11:00
2024-10-30 10:11:33.209,13.0,0,0.0,2024-10-30 10:11:00
2024-10-30 10:11:33.252,13.0,0,0.0,2024-10-30 10:11:00
2024-10-30 10:11:33.716,13.0,0,0.0,2024-10-30 10:11:00
2024-10-30 10:11:33.760,13.0,0,0.0,2024-10-30 10:11:00
2024-10-30 10:11:34.315,13.0,0,0.0,2024-10-30 10:11:00
2024-10-30 10:11:34.966,13.0,0,0.0,2024-10-30 10:11:00
2024-10-30 10:11:44.754,13.0,0,0.0,2024-10-30 10:11:00
2024-10-30 10:11:44.761,13.0,0,0.0,2024-10-30 10:11:00
2024-10-30 10:11:44.819,13.0,0,0.0,2024-10-30 10:11:00
2024-10-30 10:11:44.845,13.0,0,0.0,2024-10-30 10:11:00
2024-10-30 10:11:45.326,13.0,0,0.0,2024-10-30 10:11:00
2024-10-30 10:11:45.352,13.0,0,0.0,2024-10-30 10:11:00
2024-10-30 10:11:45.834,13.0,0,0.0,2024-10-30 10:11:00
2024-10-30 10:11:45.865,13.0,0,0.0,2024-10-30 10:11:00
2024-10-30 10:11:46.344,13.0,0,0.0,2024-10-30 10:11:00
2024-10-30 10:11:48.113,13.0,0,0.0,2024-10-30 10:11:00
2024-10-30 10:11:56.791,13.0,0,0.0,2024-10-30 10:11:00
2024-10-30 10:11:56.796,13.0,0,0.0,2024-10-30 10:11:00
2024-10-30 10:11:56.850,13.0,0,0.0,2024-10-30 10:11:00
2024-10-30 10:11:56.900,13.0,0,0.0,2024-10-30 10:11:00
2024-10-30 10:11:57.355,13.0,0,0.0,2024-10-30 10:11:00
2024-10-30 10:11:57.436,13.0,0,0.0,2024-10-30 10:11:00
2024-10-30 10:11:57.846,13.0,0,0.0,2024-10-30 10:11:00
2024-10-30 10:11:57.907,13.0,0,0.0,2024-10-30 10:11:00
2024-10-30 10:11:58.355,13.0,0,0.0,2024-10-30 10:11:00
2024-10-30 10:11:58.933,13.0,0,0.0,2024-10-30 10:11:00
2024-10-30 10:12:08.766,13.0,0,0.0,2024-10-30 10:12:00
2024-10-30 10:12:08.767,13.0,0,0.0,2024-10-30 10:12:00
2024-10-30 10:12:08.947,13.0,0,0.0,2024-10-30 10:12:00
2024-10-30 10:12:08.966,13.0,0,0.0,2024-10-30 10:12:00
2024-10-30 10:12:09.455,13.0,0,0.0,2024-10-30 10:12:00
2024-10-30 10:12:09.474,13.0,0,0.0,2024-10-30 10:12:00
2024-10-30 10:12:10.034,13.0,0,0.0,2024-10-30 10:12:00
2024-10-30 10:12:10.040,13.0,0,0.0,2024-10-30 10:12:00
2024-10-30 10:12:10.475,13.0,0,0.0,2024-10-30 10:12:00
2024-10-30 10:12:12.151,13.0,0,0.0,2024-10-30 10:12:00
2024-10-30 10:12:20.755,13.0,0,0.0,2024-10-30 10:12:00
2024-10-30 10:12:20.760,13.0,0,0.0,2024-10-30 10:12:00
2024-10-30 10:12:20.998,13.0,0,0.0,2024-10-30 10:12:00
2024-10-30 10:12:21.017,13.0,0,0.0,2024-10-30 10:12:00
2024-10-30 10:12:21.617,13.0,0,0.0,2024-10-30 10:12:00
2024-10-30 10:12:21.673,13.0,0,0.0,2024-10-30 10:12:00
2024-10-30 10:12:22.043,13.0,0,0.0,2024-10-30 10:12:00
2024-10-30 10:12:22.096,13.0,0,0.0,2024-10-30 10:12:00
2024-10-30 10:12:22.535,13.0,0,0.0,2024-10-30 10:12:00
2024-10-30 10:12:24.114,13.0,0,0.0,2024-10-30 10:12:00
2024-10-30 10:12:32.765,13.0,0,0.0,2024-10-30 10:12:00
2024-10-30 10:12:32.771,13.0,0,0.0,2024-10-30 10:12:00
2024-10-30 10:12:33.063,13.0,0,0.0,2024-10-30 10:12:00
2024-10-30 10:12:33.093,13.0,0,0.0,2024-10-30 10:12:00
2024-10-30 10:12:33.644,13.0,0,0.0,2024-10-30 10:12:00
2024-10-30 10:12:33.716,13.0,0,0.0,2024-10-30 10:12:00
2024-10-30 10:12:34.080,13.0,0,0.0,2024-10-30 10:12:00
2024-10-30 10:12:34.106,13.0,0,0.0,2024-10-30 10:12:00
2024-10-30 10:12:34.591,13.0,0,0.0,2024-10-30 10:12:00
2024-10-30 10:12:36.714,13.0,0,0.0,2024-10-30 10:12:00
2024-10-30 10:12:38.517,13.0,0,0.0,2024-10-30 10:12:00
2024-10-30 10:12:40.444,13.0,0,0.0,2024-10-30 10:12:00
2024-10-30 10:12:42.446,13.0,0,0.0,2024-10-30 10:12:00
2024-10-30 10:12:44.763,13.0,0,0.0,2024-10-30 10:12:00
2024-10-30 10:12:44.768,13.0,0,0.0,2024-10-30 10:12:00
2024-10-30 10:12:44.912,13.0,0,0.0,2024-10-30 10:12:00
2024-10-30 10:12:44.962,13.0,0,0.0,2024-10-30 10:12:00
2024-10-30 10:12:45.416,13.0,0,0.0,2024-10-30 10:12:00
2024-10-30 10:12:45.473,13.0,0,0.0,2024-10-30 10:12:00
2024-10-30 10:12:45.921,13.0,0,0.0,2024-10-30 10:12:00
2024-10-30 10:12:45.977,13.0,0,0.0,2024-10-30 10:12:00
2024-10-30 10:12:46.429,13.0,0,0.0,2024-10-30 10:12:00
2024-10-30 10:12:48.122,13.0,0,0.0,2024-10-30 10:12:00
2024-10-30 10:12:50.040,13.0,0,0.0,2024-10-30 10:12:00
2024-10-30 10:12:56.811,13.0,0,0.0,2024-10-30 10:12:00
2024-10-30 10:12:56.855,13.0,0,0.0,2024-10-30 10:12:00
2024-10-30 10:12:57.068,13.0,0,0.0,2024-10-30 10:12:00
2024-10-30 10:12:57.117,13.0,0,0.0,2024-10-30 10:12:00
2024-10-30 10:12:57.576,13.0,0,0.0,2024-10-30 10:12:00
2024-10-30 10:12:57.657,13.0,0,0.0,2024-10-30 10:12:00
2024-10-30 10:12:58.078,13.0,0,0.0,2024-10-30 10:12:00
2024-10-30 10:12:58.115,13.0,0,0.0,2024-10-30 10:12:00
2024-10-30 10:12:58.692,13.0,0,0.0,2024-10-30 10:12:00
2024-10-30 10:12:59.321,13.0,0,0.0,2024-10-30 10:12:00
2024-10-30 10:13:08.895,13.0,0,0.0,2024-10-30 10:13:00
2024-10-30 10:13:08.901,13.0,0,0.0,2024-10-30 10:13:00
2024-10-30 10:13:09.125,13.0,0,0.0,2024-10-30 10:13:00
2024-10-30 10:13:09.192,13.0,0,0.0,2024-10-30 10:13:00
2024-10-30 10:13:09.633,13.0,0,0.0,2024-10-30 10:13:00
2024-10-30 10:13:09.695,13.0,0,0.0,2024-10-30 10:13:00
2024-10-30 10:13:10.185,13.0,0,0.0,2024-10-30 10:13:00
2024-10-30 10:13:10.203,13.0,0,0.0,2024-10-30 10:13:00
2024-10-30 10:13:10.646,13.0,0,0.0,2024-10-30 10:13:00
2024-10-30 10:13:11.166,13.0,0,0.0,2024-10-30 10:13:00
2024-10-30 10:13:20.759,13.0,0,0.0,2024-10-30 10:13:00
2024-10-30 10:13:20.767,13.0,0,0.0,2024-10-30 10:13:00
2024-10-30 10:13:21.234,13.0,0,0.0,2024-10-30 10:13:00
2024-10-30 10:13:21.240,13.0,0,0.0,2024-10-30 10:13:00
2024-10-30 10:13:21.771,13.0,0,0.0,2024-10-30 10:13:00
2024-10-30 10:13:21.832,13.0,0,0.0,2024-10-30 10:13:00
2024-10-30 10:13:22.248,13.0,0,0.0,2024-10-30 10:13:00
2024-10-30 10:13:22.256,13.0,0,0.0,2024-10-30 10:13:00
2024-10-30 10:13:22.769,13.0,0,0.0,2024-10-30 10:13:00
2024-10-30 10:13:23.619,13.0,0,0.0,2024-10-30 10:13:00
2024-10-30 10:13:33.237,13.0,0,0.0,2024-10-30 10:13:00
2024-10-30 10:13:33.241,13.0,0,0.0,2024-10-30 10:13:00
2024-10-30 10:13:33.298,13.0,0,0.0,2024-10-30 10:13:00
2024-10-30 10:13:33.317,13.0,0,0.0,2024-10-30 10:13:00
2024-10-30 10:13:33.808,13.0,0,0.0,2024-10-30 10:13:00
2024-10-30 10:13:33.821,13.0,0,0.0,2024-10-30 10:13:00
2024-10-30 10:13:34.426,13.0,0,0.0,2024-10-30 10:13:00
2024-10-30 10:13:34.490,13.0,0,0.0,2024-10-30 10:13:00
2024-10-30 10:13:34.820,13.0,0,0.0,2024-10-30 10:13:00
2024-10-30 10:13:36.593,13.0,0,0.0,2024-10-30 10:13:00
2024-10-30 10:13:38.521,13.0,0,0.0,2024-10-30 10:13:00
2024-10-30 10:13:45.240,13.0,0,0.0,2024-10-30 10:13:00
2024-10-30 10:13:45.246,13.0,0,0.0,2024-10-30 10:13:00
2024-10-30 10:13:45.332,13.0,0,0.0,2024-10-30 10:13:00
2024-10-30 10:13:45.359,13.0,0,0.0,2024-10-30 10:13:00
2024-10-30 10:13:45.841,13.0,0,0.0,2024-10-30 10:13:00
2024-10-30 10:13:45.866,13.0,0,0.0,2024-10-30 10:13:00
2024-10-30 10:13:46.348,13.0,0,0.0,2024-10-30 10:13:00
2024-10-30 10:13:46.371,13.0,0,0.0,2024-10-30 10:13:00
2024-10-30 10:13:46.886,13.0,0,0.0,2024-10-30 10:13:00
2024-10-30 10:13:48.598,13.0,0,0.0,2024-10-30 10:13:00
2024-10-30 10:13:50.516,13.0,0,0.0,2024-10-30 10:13:00
2024-10-30 10:13:57.266,13.0,0,0.0,2024-10-30 10:13:00
2024-10-30 10:13:57.327,13.0,0,0.0,2024-10-30 10:13:00
2024-10-30 10:13:57.380,13.0,0,0.0,2024-10-30 10:13:00
2024-10-30 10:13:57.470,13.0,0,0.0,2024-10-30 10:13:00
2024-10-30 10:13:57.982,13.0,0,0.0,2024-10-30 10:13:00
2024-10-30 10:13:58.098,13.0,0,0.0,2024-10-30 10:13:00
2024-10-30 10:13:58.378,13.0,0,0.0,2024-10-30 10:13:00
2024-10-30 10:13:58.384,13.0,0,0.0,2024-10-30 10:13:00
2024-10-30 10:13:58.881,13.0,0,0.0,2024-10-30 10:13:00
2024-10-30 10:13:59.749,13.0,0,0.0,2024-10-30 10:13:00
2024-10-30 10:14:02.043,13.0,0,0.0,2024-10-30 10:14:00
2024-10-30 10:14:09.241,13.0,0,0.0,2024-10-30 10:14:00
2024-10-30 10:14:09.248,13.0,0,0.0,2024-10-30 10:14:00
2024-10-30 10:14:09.359,13.0,0,0.0,2024-10-30 10:14:00
2024-10-30 10:14:09.405,13.0,0,0.0,2024-10-30 10:14:00
2024-10-30 10:14:09.867,13.0,0,0.0,2024-10-30 10:14:00
2024-10-30 10:14:09.912,13.0,0,0.0,2024-10-30 10:14:00
2024-10-30 10:14:10.498,13.0,0,0.0,2024-10-30 10:14:00
2024-10-30 10:14:10.537,13.0,0,0.0,2024-10-30 10:14:00
2024-10-30 10:14:10.881,13.0,0,0.0,2024-10-30 10:14:00
2024-10-30 10:14:11.746,13.0,0,0.0,2024-10-30 10:14:00
2024-10-30 10:14:14.092,13.0,0,0.0,2024-10-30 10:14:00
2024-10-30 10:14:16.441,13.0,0,0.0,2024-10-30 10:14:00
2024-10-30 10:14:21.244,13.0,0,0.0,2024-10-30 10:14:00
2024-10-30 10:14:21.251,13.0,0,0.0,2024-10-30 10:14:00
2024-10-30 10:14:21.379,13.0,0,0.0,2024-10-30 10:14:00
2024-10-30 10:14:21.461,13.0,0,0.0,2024-10-30 10:14:00
2024-10-30 10:14:21.890,13.0,0,0.0,2024-10-30 10:14:00
2024-10-30 10:14:21.988,13.0,0,0.0,2024-10-30 10:14:00
2024-10-30 10:14:22.411,13.0,0,0.0,2024-10-30 10:14:00
2024-10-30 10:14:22.472,13.0,0,0.0,2024-10-30 10:14:00
2024-10-30 10:14:22.903,13.0,0,0.0,2024-10-30 10:14:00
2024-10-30 10:14:23.800,13.0,0,0.0,2024-10-30 10:14:00
2024-10-30 10:14:33.243,13.0,0,0.0,2024-10-30 10:14:00
2024-10-30 10:14:33.249,13.0,0,0.0,2024-10-30 10:14:00
2024-10-30 10:14:33.443,13.0,0,0.0,2024-10-30 10:14:00
2024-10-30 10:14:33.489,13.0,0,0.0,2024-10-30 10:14:00
2024-10-30 10:14:33.954,13.0,0,0.0,2024-10-30 10:14:00
2024-10-30 10:14:33.998,13.0,0,0.0,2024-10-30 10:14:00
2024-10-30 10:14:34.581,13.0,0,0.0,2024-10-30 10:14:00
2024-10-30 10:14:34.618,13.0,0,0.0,2024-10-30 10:14:00
2024-10-30 10:14:34.968,13.0,0,0.0,2024-10-30 10:14:00
2024-10-30 10:14:35.701,13.0,0,0.0,2024-10-30 10:14:00
2024-10-30 10:14:45.238,13.0,0,0.0,2024-10-30 10:14:00
2024-10-30 10:14:45.244,13.0,0,0.0,2024-10-30 10:14:00
2024-10-30 10:14:45.507,13.0,0,0.0,2024-10-30 10:14:00
2024-10-30 10:14:45.541,13.0,0,0.0,2024-10-30 10:14:00
2024-10-30 10:14:46.081,13.0,0,0.0,2024-10-30 10:14:00
2024-10-30 10:14:46.140,13.0,0,0.0,2024-10-30 10:14:00
2024-10-30 10:14:46.518,13.0,0,0.0,2024-10-30 10:14:00
2024-10-30 10:14:46.553,13.0,0,0.0,2024-10-30 10:14:00
2024-10-30 10:14:47.032,13.0,0,0.0,2024-10-30 10:14:00
2024-10-30 10:14:47.718,13.0,0,0.0,2024-10-30 10:14:00
2024-10-30 10:14:57.280,13.0,0,0.0,2024-10-30 10:14:00
2024-10-30 10:14:57.336,13.0,0,0.0,2024-10-30 10:14:00
2024-10-30 10:14:57.632,13.0,0,0.0,2024-10-30 10:14:00
2024-10-30 10:14:57.635,13.0,0,0.0,2024-10-30 10:14:00
2024-10-30 10:14:58.173,13.0,0,0.0,2024-10-30 10:14:00
2024-10-30 10:14:58.178,13.0,0,0.0,2024-10-30 10:14:00
2024-10-30 10:14:58.635,13.0,0,0.0,2024-10-30 10:14:00
2024-10-30 10:14:58.640,13.0,0,0.0,2024-10-30 10:14:00
2024-10-30 10:14:59.141,13.0,0,0.0,2024-10-30 10:14:00
2024-10-30 10:15:01.077,13.0,0,0.0,2024-10-30 10:15:00
2024-10-30 10:15:03.480,28.0,0,15.0,2024-10-30 10:15:00
2024-10-30 10:15:09.242,28.0,0,15.0,2024-10-30 10:15:00
2024-10-30 10:15:09.246,28.0,0,15.0,2024-10-30 10:15:00
2024-10-30 10:15:09.669,28.0,0,15.0,2024-10-30 10:15:00
2024-10-30 10:15:09.675,28.0,0,15.0,2024-10-30 10:15:00
2024-10-30 10:15:10.117,28.0,0,15.0,2024-10-30 10:15:00
2024-10-30 10:15:10.181,28.0,0,15.0,2024-10-30 10:15:00
2024-10-30 10:15:10.631,28.0,0,15.0,2024-10-30 10:15:00
2024-10-30 10:15:10.694,28.0,0,15.0,2024-10-30 10:15:00
2024-10-30 10:15:11.138,28.0,0,15.0,2024-10-30 10:15:00
2024-10-30 10:15:12.033,28.0,0,15.0,2024-10-30 10:15:00
2024-10-30 10:15:14.524,28.0,0,15.0,2024-10-30 10:15:00
2024-10-30 10:15:16.440,28.0,0,15.0,2024-10-30 10:15:00
2024-10-30 10:15:21.242,28.0,0,15.0,2024-10-30 10:15:00
2024-10-30 10:15:21.247,28.0,0,15.0,2024-10-30 10:15:00
2024-10-30 10:15:21.626,28.0,0,15.0,2024-10-30 10:15:00
2024-10-30 10:15:21.680,28.0,0,15.0,2024-10-30 10:15:00
2024-10-30 10:15:22.216,28.0,0,15.0,2024-10-30 10:15:00
2024-10-30 10:15:22.282,28.0,0,15.0,2024-10-30 10:15:00
2024-10-30 10:15:22.683,28.0,0,15.0,2024-10-30 10:15:00
2024-10-30 10:15:22.733,28.0,0,15.0,2024-10-30 10:15:00
2024-10-30 10:15:23.190,28.0,0,15.0,2024-10-30 10:15:00
2024-10-30 10:15:24.041,28.0,0,15.0,2024-10-30 10:15:00
2024-10-30 10:15:26.516,28.0,0,15.0,2024-10-30 10:15:00
2024-10-30 10:15:33.276,28.0,0,15.0,2024-10-30 10:15:00
2024-10-30 10:15:33.282,28.0,0,15.0,2024-10-30 10:15:00
2024-10-30 10:15:33.645,28.0,0,15.0,2024-10-30 10:15:00
2024-10-30 10:15:33.707,28.0,0,15.0,2024-10-30 10:15:00
2024-10-30 10:15:34.153,28.0,0,15.0,2024-10-30 10:15:00
2024-10-30 10:15:34.214,28.0,0,15.0,2024-10-30 10:15:00
2024-10-30 10:15:34.758,28.0,0,15.0,2024-10-30 10:15:00
2024-10-30 10:15:34.763,28.0,0,15.0,2024-10-30 10:15:00
2024-10-30 10:15:35.165,28.0,0,15.0,2024-10-30 10:15:00
2024-10-30 10:15:35.991,28.0,0,15.0,2024-10-30 10:15:00
2024-10-30 10:15:45.239,28.0,0,15.0,2024-10-30 10:15:00
2024-10-30 10:15:45.297,28.0,0,15.0,2024-10-30 10:15:00
2024-10-30 10:15:45.724,28.0,0,15.0,2024-10-30 10:15:00
2024-10-30 10:15:45.803,28.0,0,15.0,2024-10-30 10:15:00
2024-10-30 10:15:46.281,28.0,0,15.0,2024-10-30 10:15:00
2024-10-30 10:15:46.309,28.0,0,15.0,2024-10-30 10:15:00
2024-10-30 10:15:46.734,28.0,0,15.0,2024-10-30 10:15:00
2024-10-30 10:15:46.817,28.0,0,15.0,2024-10-30 10:15:00
2024-10-30 10:15:47.244,28.0,0,15.0,2024-10-30 10:15:00
2024-10-30 10:15:47.846,28.0,0,15.0,2024-10-30 10:15:00
2024-10-30 10:15:50.096,28.0,0,15.0,2024-10-30 10:15:00
2024-10-30 10:15:51.959,28.0,0,15.0,2024-10-30 10:15:00
2024-10-30 10:15:57.764,28.0,0,15.0,2024-10-30 10:15:00
2024-10-30 10:15:57.770,28.0,0,15.0,2024-10-30 10:15:00
2024-10-30 10:15:57.774,28.0,0,15.0,2024-10-30 10:15:00
2024-10-30 10:15:57.830,28.0,0,15.0,2024-10-30 10:15:00
2024-10-30 10:15:58.308,28.0,0,15.0,2024-10-30 10:15:00
2024-10-30 10:15:58.312,28.0,0,15.0,2024-10-30 10:15:00
2024-10-30 10:15:58.792,28.0,0,15.0,2024-10-30 10:15:00
2024-10-30 10:15:58.813,28.0,0,15.0,2024-10-30 10:15:00
2024-10-30 10:15:59.299,28.0,0,15.0,2024-10-30 10:15:00
2024-10-30 10:16:01.077,28.0,0,15.0,2024-10-30 10:16:00
2024-10-30 10:16:03.002,28.0,0,15.0,2024-10-30 10:16:00
2024-10-30 10:16:04.915,28.0,0,15.0,2024-10-30 10:16:00
2024-10-30 10:16:09.724,28.0,0,15.0,2024-10-30 10:16:00
2024-10-30 10:16:09.730,28.0,0,15.0,2024-10-30 10:16:00
2024-10-30 10:16:09.817,28.0,0,15.0,2024-10-30 10:16:00
2024-10-30 10:16:09.834,28.0,0,15.0,2024-10-30 10:16:00
2024-10-30 10:16:10.325,28.0,0,15.0,2024-10-30 10:16:00
2024-10-30 10:16:10.341,28.0,0,15.0,2024-10-30 10:16:00
2024-10-30 10:16:10.833,28.0,0,15.0,2024-10-30 10:16:00
2024-10-30 10:16:10.849,28.0,0,15.0,2024-10-30 10:16:00
2024-10-30 10:16:11.337,28.0,0,15.0,2024-10-30 10:16:00
2024-10-30 10:16:13.130,28.0,0,15.0,2024-10-30 10:16:00
2024-10-30 10:16:14.998,28.0,0,15.0,2024-10-30 10:16:00
2024-10-30 10:16:16.976,28.0,0,15.0,2024-10-30 10:16:00
2024-10-30 10:16:18.844,28.0,0,15.0,2024-10-30 10:16:00
2024-10-30 10:16:20.824,28.0,0,15.0,2024-10-30 10:16:00
2024-10-30 10:16:21.198,28.0,0,15.0,2024-10-30 10:16:00
2024-10-30 10:16:21.242,28.0,0,15.0,2024-10-30 10:16:00
2024-10-30 10:16:21.699,28.0,0,15.0,2024-10-30 10:16:00
2024-10-30 10:16:21.752,28.0,0,15.0,2024-10-30 10:16:00
2024-10-30 10:16:22.206,28.0,0,15.0,2024-10-30 10:16:00
2024-10-30 10:16:22.295,28.0,0,15.0,2024-10-30 10:16:00
2024-10-30 10:16:22.724,28.0,0,15.0,2024-10-30 10:16:00
2024-10-30 10:16:22.778,28.0,0,15.0,2024-10-30 10:16:00
2024-10-30 10:16:24.103,28.0,0,15.0,2024-10-30 10:16:00
2024-10-30 10:16:26.010,28.0,0,15.0,2024-10-30 10:16:00
2024-10-30 10:16:28.490,28.0,0,15.0,2024-10-30 10:16:00
2024-10-30 10:16:30.361,28.0,0,15.0,2024-10-30 10:16:00
2024-10-30 10:16:32.409,28.0,0,15.0,2024-10-30 10:16:00
2024-10-30 10:16:33.203,28.0,0,15.0,2024-10-30 10:16:00
2024-10-30 10:16:33.251,28.0,0,15.0,2024-10-30 10:16:00
2024-10-30 10:16:33.813,28.0,0,15.0,2024-10-30 10:16:00
2024-10-30 10:16:33.870,28.0,0,15.0,2024-10-30 10:16:00
2024-10-30 10:16:34.196,28.0,0,15.0,2024-10-30 10:16:00
2024-10-30 10:16:34.205,28.0,0,15.0,2024-10-30 10:16:00
2024-10-30 10:16:34.702,28.0,0,15.0,2024-10-30 10:16:00
2024-10-30 10:16:34.714,28.0,0,15.0,2024-10-30 10:16:00
2024-10-30 10:16:35.210,28.0,0,15.0,2024-10-30 10:16:00
2024-10-30 10:16:45.719,28.0,0,15.0,2024-10-30 10:16:00
2024-10-30 10:16:45.726,28.0,0,15.0,2024-10-30 10:16:00
2024-10-30 10:16:45.797,28.0,0,15.0,2024-10-30 10:16:00
2024-10-30 10:16:45.850,28.0,0,15.0,2024-10-30 10:16:00
2024-10-30 10:16:46.421,28.0,0,15.0,2024-10-30 10:16:00
2024-10-30 10:16:46.489,28.0,0,15.0,2024-10-30 10:16:00
2024-10-30 10:16:46.815,28.0,0,15.0,2024-10-30 10:16:00
2024-10-30 10:16:46.864,28.0,0,15.0,2024-10-30 10:16:00
2024-10-30 10:16:47.349,28.0,0,15.0,2024-10-30 10:16:00
2024-10-30 10:16:47.925,28.0,0,15.0,2024-10-30 10:16:00
2024-10-30 10:16:50.039,28.0,0,15.0,2024-10-30 10:16:00
2024-10-30 10:16:51.961,28.0,0,15.0,2024-10-30 10:16:00
2024-10-30 10:16:57.788,28.0,0,15.0,2024-10-30 10:16:00
2024-10-30 10:16:57.825,28.0,0,15.0,2024-10-30 10:16:00
2024-10-30 10:16:57.899,28.0,0,15.0,2024-10-30 10:16:00
2024-10-30 10:16:57.906,28.0,0,15.0,2024-10-30 10:16:00
2024-10-30 10:16:58.355,28.0,0,15.0,2024-10-30 10:16:00
2024-10-30 10:16:58.423,28.0,0,15.0,2024-10-30 10:16:00
2024-10-30 10:16:58.875,28.0,0,15.0,2024-10-30 10:16:00
2024-10-30 10:16:58.908,28.0,0,15.0,2024-10-30 10:16:00
2024-10-30 10:16:59.362,28.0,0,15.0,2024-10-30 10:16:00
2024-10-30 10:17:00.243,28.0,0,15.0,2024-10-30 10:17:00
2024-10-30 10:17:02.680,28.0,0,15.0,2024-10-30 10:17:00
2024-10-30 10:17:09.723,28.0,0,15.0,2024-10-30 10:17:00
2024-10-30 10:17:09.731,28.0,0,15.0,2024-10-30 10:17:00
2024-10-30 10:17:09.861,28.0,0,15.0,2024-10-30 10:17:00
2024-10-30 10:17:09.903,28.0,0,15.0,2024-10-30 10:17:00
2024-10-30 10:17:10.369,28.0,0,15.0,2024-10-30 10:17:00
2024-10-30 10:17:10.411,28.0,0,15.0,2024-10-30 10:17:00
2024-10-30 10:17:10.877,28.0,0,15.0,2024-10-30 10:17:00
2024-10-30 10:17:10.919,28.0,0,15.0,2024-10-30 10:17:00
2024-10-30 10:17:11.387,28.0,0,15.0,2024-10-30 10:17:00
2024-10-30 10:17:12.334,28.0,0,15.0,2024-10-30 10:17:00
2024-10-30 10:17:21.719,28.0,0,15.0,2024-10-30 10:17:00
2024-10-30 10:17:21.724,28.0,0,15.0,2024-10-30 10:17:00
2024-10-30 10:17:21.924,28.0,0,15.0,2024-10-30 10:17:00
2024-10-30 10:17:21.980,28.0,0,15.0,2024-10-30 10:17:00
2024-10-30 10:17:22.474,28.0,0,15.0,2024-10-30 10:17:00
2024-10-30 10:17:22.531,28.0,0,15.0,2024-10-30 10:17:00
2024-10-30 10:17:22.971,28.0,0,15.0,2024-10-30 10:17:00
2024-10-30 10:17:23.025,28.0,0,15.0,2024-10-30 10:17:00
2024-10-30 10:17:23.494,28.0,0,15.0,2024-10-30 10:17:00
2024-10-30 10:17:24.198,28.0,0,15.0,2024-10-30 10:17:00
2024-10-30 10:17:33.724,28.0,0,15.0,2024-10-30 10:17:00
2024-10-30 10:17:33.730,28.0,0,15.0,2024-10-30 10:17:00
2024-10-30 10:17:34.046,28.0,0,15.0,2024-10-30 10:17:00
2024-10-30 10:17:34.062,28.0,0,15.0,2024-10-30 10:17:00
2024-10-30 10:17:34.553,28.0,0,15.0,2024-10-30 10:17:00
2024-10-30 10:17:34.578,28.0,0,15.0,2024-10-30 10:17:00
2024-10-30 10:17:35.060,28.0,0,15.0,2024-10-30 10:17:00
2024-10-30 10:17:35.088,28.0,0,15.0,2024-10-30 10:17:00
2024-10-30 10:17:35.572,28.0,0,15.0,2024-10-30 10:17:00
2024-10-30 10:17:37.623,28.0,0,15.0,2024-10-30 10:17:00
2024-10-30 10:17:39.482,28.0,0,15.0,2024-10-30 10:17:00
2024-10-30 10:17:41.402,28.0,0,15.0,2024-10-30 10:17:00
2024-10-30 10:17:43.800,28.0,0,15.0,2024-10-30 10:17:00
2024-10-30 10:17:45.720,28.0,0,15.0,2024-10-30 10:17:00
2024-10-30 10:17:45.727,28.0,0,15.0,2024-10-30 10:17:00
2024-10-30 10:17:45.970,28.0,0,15.0,2024-10-30 10:17:00
2024-10-30 10:17:46.012,28.0,0,15.0,2024-10-30 10:17:00
2024-10-30 10:17:46.515,28.0,0,15.0,2024-10-30 10:17:00
2024-10-30 10:17:46.521,28.0,0,15.0,2024-10-30 10:17:00
2024-10-30 10:17:46.987,28.0,0,15.0,2024-10-30 10:17:00
2024-10-30 10:17:47.028,28.0,0,15.0,2024-10-30 10:17:00
2024-10-30 10:17:47.525,28.0,0,15.0,2024-10-30 10:17:00
2024-10-30 10:17:49.079,28.0,0,15.0,2024-10-30 10:17:00
2024-10-30 10:17:51.001,28.0,0,15.0,2024-10-30 10:17:00
2024-10-30 10:17:57.761,28.0,0,15.0,2024-10-30 10:17:00
2024-10-30 10:17:57.769,28.0,0,15.0,2024-10-30 10:17:00
2024-10-30 10:17:58.062,28.0,0,15.0,2024-10-30 10:17:00
2024-10-30 10:17:58.073,28.0,0,15.0,2024-10-30 10:17:00
2024-10-30 10:17:58.595,28.0,0,15.0,2024-10-30 10:17:00
2024-10-30 10:17:58.597,28.0,0,15.0,2024-10-30 10:17:00
2024-10-30 10:17:59.069,28.0,0,15.0,2024-10-30 10:17:00
2024-10-30 10:17:59.076,28.0,0,15.0,2024-10-30 10:17:00
2024-10-30 10:17:59.576,28.0,0,15.0,2024-10-30 10:17:00
2024-10-30 10:18:01.562,28.0,0,15.0,2024-10-30 10:18:00
2024-10-30 10:18:03.518,28.0,0,15.0,2024-10-30 10:18:00
2024-10-30 10:18:05.402,28.0,0,15.0,2024-10-30 10:18:00
2024-10-30 10:18:07.324,28.0,0,15.0,2024-10-30 10:18:00
2024-10-30 10:18:09.726,28.0,0,15.0,2024-10-30 10:18:00
2024-10-30 10:18:09.732,28.0,0,15.0,2024-10-30 10:18:00
2024-10-30 10:18:09.740,28.0,0,15.0,2024-10-30 10:18:00
2024-10-30 10:18:09.963,28.0,0,15.0,2024-10-30 10:18:00
2024-10-30 10:18:10.243,28.0,0,15.0,2024-10-30 10:18:00
2024-10-30 10:18:10.462,28.0,0,15.0,2024-10-30 10:18:00
2024-10-30 10:18:10.751,28.0,0,15.0,2024-10-30 10:18:00
2024-10-30 10:18:10.974,28.0,0,15.0,2024-10-30 10:18:00
2024-10-30 10:18:11.262,28.0,0,15.0,2024-10-30 10:18:00
2024-10-30 10:18:13.141,28.0,0,15.0,2024-10-30 10:18:00
2024-10-30 10:18:15.004,28.0,0,15.0,2024-10-30 10:18:00
2024-10-30 10:18:21.725,28.0,0,15.0,2024-10-30 10:18:00
2024-10-30 10:18:21.730,28.0,0,15.0,2024-10-30 10:18:00
2024-10-30 10:18:22.092,28.0,0,15.0,2024-10-30 10:18:00
2024-10-30 10:18:22.109,28.0,0,15.0,2024-10-30 10:18:00
2024-10-30 10:18:22.656,28.0,0,15.0,2024-10-30 10:18:00
2024-10-30 10:18:22.711,28.0,0,15.0,2024-10-30 10:18:00
2024-10-30 10:18:23.227,28.0,0,15.0,2024-10-30 10:18:00
2024-10-30 10:18:23.317,28.0,0,15.0,2024-10-30 10:18:00
2024-10-30 10:18:23.652,28.0,0,15.0,2024-10-30 10:18:00
2024-10-30 10:18:24.626,28.0,0,15.0,2024-10-30 10:18:00
2024-10-30 10:18:27.483,28.0,0,15.0,2024-10-30 10:18:00
2024-10-30 10:18:29.407,28.0,0,15.0,2024-10-30 10:18:00
2024-10-30 10:18:31.325,28.0,0,15.0,2024-10-30 10:18:00
2024-10-30 10:18:33.797,28.0,0,15.0,2024-10-30 10:18:00
2024-10-30 10:18:33.803,28.0,0,15.0,2024-10-30 10:18:00
2024-10-30 10:18:34.055,28.0,0,15.0,2024-10-30 10:18:00
2024-10-30 10:18:34.085,28.0,0,15.0,2024-10-30 10:18:00
2024-10-30 10:18:34.565,28.0,0,15.0,2024-10-30 10:18:00
2024-10-30 10:18:34.600,28.0,0,15.0,2024-10-30 10:18:00
2024-10-30 10:18:35.153,28.0,0,15.0,2024-10-30 10:18:00
2024-10-30 10:18:35.163,28.0,0,15.0,2024-10-30 10:18:00
2024-10-30 10:18:35.580,28.0,0,15.0,2024-10-30 10:18:00
2024-10-30 10:18:37.704,28.0,0,15.0,2024-10-30 10:18:00
2024-10-30 10:18:39.481,28.0,0,15.0,2024-10-30 10:18:00
2024-10-30 10:18:41.883,28.0,0,15.0,2024-10-30 10:18:00
2024-10-30 10:18:43.822,28.0,0,15.0,2024-10-30 10:18:00
2024-10-30 10:18:45.722,28.0,0,15.0,2024-10-30 10:18:00
2024-10-30 10:18:45.727,28.0,0,15.0,2024-10-30 10:18:00
2024-10-30 10:18:45.974,28.0,0,15.0,2024-10-30 10:18:00
2024-10-30 10:18:45.993,28.0,0,15.0,2024-10-30 10:18:00
2024-10-30 10:18:46.539,28.0,0,15.0,2024-10-30 10:18:00
2024-10-30 10:18:46.621,28.0,0,15.0,2024-10-30 10:18:00
2024-10-30 10:18:46.985,28.0,0,15.0,2024-10-30 10:18:00
2024-10-30 10:18:47.006,28.0,0,15.0,2024-10-30 10:18:00
2024-10-30 10:18:47.490,28.0,0,15.0,2024-10-30 10:18:00
2024-10-30 10:18:49.184,28.0,0,15.0,2024-10-30 10:18:00
2024-10-30 10:18:51.484,28.0,0,15.0,2024-10-30 10:18:00
2024-10-30 10:18:53.912,28.0,0,15.0,2024-10-30 10:18:00
2024-10-30 10:18:57.776,28.0,0,15.0,2024-10-30 10:18:00
2024-10-30 10:18:57.781,28.0,0,15.0,2024-10-30 10:18:00
2024-10-30 10:18:58.043,28.0,0,15.0,2024-10-30 10:18:00
2024-10-30 10:18:58.100,28.0,0,15.0,2024-10-30 10:18:00
2024-10-30 10:18:58.554,28.0,0,15.0,2024-10-30 10:18:00
2024-10-30 10:18:58.607,28.0,0,15.0,2024-10-30 10:18:00
2024-10-30 10:18:59.041,28.0,0,15.0,2024-10-30 10:18:00
2024-10-30 10:18:59.088,28.0,0,15.0,2024-10-30 10:18:00
2024-10-30 10:18:59.553,28.0,0,15.0,2024-10-30 10:18:00
2024-10-30 10:19:01.078,28.0,0,15.0,2024-10-30 10:19:00
2024-10-30 10:19:03.095,28.0,0,15.0,2024-10-30 10:19:00
2024-10-30 10:19:04.921,28.0,0,15.0,2024-10-30 10:19:00
2024-10-30 10:19:09.722,28.0,0,15.0,2024-10-30 10:19:00
2024-10-30 10:19:09.728,28.0,0,15.0,2024-10-30 10:19:00
2024-10-30 10:19:10.069,28.0,0,15.0,2024-10-30 10:19:00
2024-10-30 10:19:10.097,28.0,0,15.0,2024-10-30 10:19:00
2024-10-30 10:19:10.575,28.0,0,15.0,2024-10-30 10:19:00
2024-10-30 10:19:10.604,28.0,0,15.0,2024-10-30 10:19:00
2024-10-30 10:19:11.078,28.0,0,15.0,2024-10-30 10:19:00
2024-10-30 10:19:11.110,28.0,0,15.0,2024-10-30 10:19:00
2024-10-30 10:19:11.588,28.0,0,15.0,2024-10-30 10:19:00
2024-10-30 10:19:13.643,28.0,0,15.0,2024-10-30 10:19:00
2024-10-30 10:19:15.482,28.0,0,15.0,2024-10-30 10:19:00
2024-10-30 10:19:17.404,28.0,0,15.0,2024-10-30 10:19:00
2024-10-30 10:19:19.323,28.0,0,15.0,2024-10-30 10:19:00
2024-10-30 10:19:21.729,28.0,0,15.0,2024-10-30 10:19:00
2024-10-30 10:19:21.734,28.0,0,15.0,2024-10-30 10:19:00
2024-10-30 10:19:21.920,28.0,0,15.0,2024-10-30 10:19:00
2024-10-30 10:19:21.973,28.0,0,15.0,2024-10-30 10:19:00
2024-10-30 10:19:22.496,28.0,0,15.0,2024-10-30 10:19:00
2024-10-30 10:19:22.503,28.0,0,15.0,2024-10-30 10:19:00
2024-10-30 10:19:22.974,28.0,0,15.0,2024-10-30 10:19:00
2024-10-30 10:19:23.033,28.0,0,15.0,2024-10-30 10:19:00
2024-10-30 10:19:23.495,28.0,0,15.0,2024-10-30 10:19:00
2024-10-30 10:19:25.079,28.0,0,15.0,2024-10-30 10:19:00
2024-10-30 10:19:27.002,28.0,0,15.0,2024-10-30 10:19:00
2024-10-30 10:19:31.808,28.0,0,15.0,2024-10-30 10:19:00
2024-10-30 10:19:33.730,28.0,0,15.0,2024-10-30 10:19:00
2024-10-30 10:19:33.765,28.0,0,15.0,2024-10-30 10:19:00
2024-10-30 10:19:34.019,28.0,0,15.0,2024-10-30 10:19:00
2024-10-30 10:19:34.067,28.0,0,15.0,2024-10-30 10:19:00
2024-10-30 10:19:34.526,28.0,0,15.0,2024-10-30 10:19:00
2024-10-30 10:19:34.583,28.0,0,15.0,2024-10-30 10:19:00
2024-10-30 10:19:35.035,28.0,0,15.0,2024-10-30 10:19:00
2024-10-30 10:19:35.080,28.0,0,15.0,2024-10-30 10:19:00
2024-10-30 10:19:35.545,28.0,0,15.0,2024-10-30 10:19:00
2024-10-30 10:19:37.079,28.0,0,15.0,2024-10-30 10:19:00
2024-10-30 10:19:39.048,28.0,0,15.0,2024-10-30 10:19:00
2024-10-30 10:19:45.728,28.0,0,15.0,2024-10-30 10:19:00
2024-10-30 10:19:45.733,28.0,0,15.0,2024-10-30 10:19:00
2024-10-30 10:19:46.112,28.0,0,15.0,2024-10-30 10:19:00
2024-10-30 10:19:46.129,28.0,0,15.0,2024-10-30 10:19:00
2024-10-30 10:19:46.617,28.0,0,15.0,2024-10-30 10:19:00
2024-10-30 10:19:46.749,28.0,0,15.0,2024-10-30 10:19:00
2024-10-30 10:19:47.191,28.0,0,15.0,2024-10-30 10:19:00
2024-10-30 10:19:47.265,28.0,0,15.0,2024-10-30 10:19:00
2024-10-30 10:19:47.640,28.0,0,15.0,2024-10-30 10:19:00
2024-10-30 10:19:49.564,28.0,0,15.0,2024-10-30 10:19:00
2024-10-30 10:19:51.483,28.0,0,15.0,2024-10-30 10:19:00
2024-10-30 10:19:53.451,28.0,0,15.0,2024-10-30 10:19:00
2024-10-30 10:19:55.326,28.0,0,15.0,2024-10-30 10:19:00
2024-10-30 10:19:57.727,28.0,0,15.0,2024-10-30 10:19:00
2024-10-30 10:19:57.732,28.0,0,15.0,2024-10-30 10:19:00
2024-10-30 10:19:57.798,28.0,0,15.0,2024-10-30 10:19:00
2024-10-30 10:19:58.061,28.0,0,15.0,2024-10-30 10:19:00
2024-10-30 10:19:58.336,28.0,0,15.0,2024-10-30 10:19:00
2024-10-30 10:19:58.544,28.0,0,15.0,2024-10-30 10:19:00
2024-10-30 10:19:58.815,28.0,0,15.0,2024-10-30 10:19:00
2024-10-30 10:19:59.031,28.0,0,15.0,2024-10-30 10:19:00
2024-10-30 10:19:59.324,28.0,0,15.0,2024-10-30 10:19:00
2024-10-30 10:20:01.080,28.0,0,15.0,2024-10-30 10:20:00
2024-10-30 10:20:03.050,28.0,0,15.0,2024-10-30 10:20:00
2024-10-30 10:20:04.925,28.0,0,15.0,2024-10-30 10:20:00
2024-10-30 10:20:09.794,28.0,0,15.0,2024-10-30 10:20:00
2024-10-30 10:20:09.823,28.0,0,15.0,2024-10-30 10:20:00
2024-10-30 10:20:10.086,28.0,0,15.0,2024-10-30 10:20:00
2024-10-30 10:20:10.142,28.0,0,15.0,2024-10-30 10:20:00
2024-10-30 10:20:10.592,28.0,0,15.0,2024-10-30 10:20:00
2024-10-30 10:20:10.653,28.0,0,15.0,2024-10-30 10:20:00
2024-10-30 10:20:11.132,28.0,0,15.0,2024-10-30 10:20:00
2024-10-30 10:20:11.157,28.0,0,15.0,2024-10-30 10:20:00
2024-10-30 10:20:11.615,28.0,0,15.0,2024-10-30 10:20:00
2024-10-30 10:20:12.501,28.0,0,15.0,2024-10-30 10:20:00
2024-10-30 10:20:21.722,28.0,0,15.0,2024-10-30 10:20:00
2024-10-30 10:20:21.737,28.0,0,15.0,2024-10-30 10:20:00
2024-10-30 10:20:22.132,28.0,0,15.0,2024-10-30 10:20:00
2024-10-30 10:20:22.245,28.0,0,15.0,2024-10-30 10:20:00
2024-10-30 10:20:22.642,28.0,0,15.0,2024-10-30 10:20:00
2024-10-30 10:20:22.750,28.0,0,15.0,2024-10-30 10:20:00
2024-10-30 10:20:23.153,28.0,0,15.0,2024-10-30 10:20:00
2024-10-30 10:20:23.292,28.0,0,15.0,2024-10-30 10:20:00
2024-10-30 10:20:23.667,28.0,0,15.0,2024-10-30 10:20:00
2024-10-30 10:20:24.404,28.0,0,15.0,2024-10-30 10:20:00
2024-10-30 10:20:26.524,28.0,0,15.0,2024-10-30 10:20:00
2024-10-30 10:20:34.208,28.0,0,15.0,2024-10-30 10:20:00
2024-10-30 10:20:34.213,28.0,0,15.0,2024-10-30 10:20:00
2024-10-30 10:20:34.251,28.0,0,15.0,2024-10-30 10:20:00
2024-10-30 10:20:34.275,28.0,0,15.0,2024-10-30 10:20:00
2024-10-30 10:20:34.761,28.0,0,15.0,2024-10-30 10:20:00
2024-10-30 10:20:34.777,28.0,0,15.0,2024-10-30 10:20:00
2024-10-30 10:20:35.375,28.0,0,15.0,2024-10-30 10:20:00
2024-10-30 10:20:35.390,28.0,0,15.0,2024-10-30 10:20:00
2024-10-30 10:20:35.770,28.0,0,15.0,2024-10-30 10:20:00
2024-10-30 10:20:36.776,28.0,0,15.0,2024-10-30 10:20:00
2024-10-30 10:20:39.484,28.0,0,15.0,2024-10-30 10:20:00
2024-10-30 10:20:41.882,28.0,0,15.0,2024-10-30 10:20:00
2024-10-30 10:20:45.729,28.0,0,15.0,2024-10-30 10:20:00
2024-10-30 10:20:45.755,28.0,0,15.0,2024-10-30 10:20:00
2024-10-30 10:20:46.201,28.0,0,15.0,2024-10-30 10:20:00
2024-10-30 10:20:46.263,28.0,0,15.0,2024-10-30 10:20:00
2024-10-30 10:20:46.707,28.0,0,15.0,2024-10-30 10:20:00
2024-10-30 10:20:46.866,28.0,0,15.0,2024-10-30 10:20:00
2024-10-30 10:20:47.215,28.0,0,15.0,2024-10-30 10:20:00
2024-10-30 10:20:47.277,28.0,0,15.0,2024-10-30 10:20:00
2024-10-30 10:20:47.723,28.0,0,15.0,2024-10-30 10:20:00
2024-10-30 10:20:48.592,28.0,0,15.0,2024-10-30 10:20:00
2024-10-30 10:20:58.240,28.0,0,15.0,2024-10-30 10:20:00
2024-10-30 10:20:58.299,28.0,0,15.0,2024-10-30 10:20:00
2024-10-30 10:20:58.350,28.0,0,15.0,2024-10-30 10:20:00
2024-10-30 10:20:58.434,28.0,0,15.0,2024-10-30 10:20:00
2024-10-30 10:20:58.892,28.0,0,15.0,2024-10-30 10:20:00
2024-10-30 10:20:58.991,28.0,0,15.0,2024-10-30 10:20:00
2024-10-30 10:20:59.330,28.0,0,15.0,2024-10-30 10:20:00
2024-10-30 10:20:59.401,28.0,0,15.0,2024-10-30 10:20:00
2024-10-30 10:20:59.850,28.0,0,15.0,2024-10-30 10:20:00
2024-10-30 10:21:01.603,28.0,0,15.0,2024-10-30 10:21:00
2024-10-30 10:21:03.594,28.0,0,15.0,2024-10-30 10:21:00
2024-10-30 10:21:05.926,28.0,0,15.0,2024-10-30 10:21:00
2024-10-30 10:21:07.845,28.0,0,15.0,2024-10-30 10:21:00
2024-10-30 10:21:09.721,28.0,0,15.0,2024-10-30 10:21:00
2024-10-30 10:21:09.731,28.0,0,15.0,2024-10-30 10:21:00
2024-10-30 10:21:10.250,28.0,0,15.0,2024-10-30 10:21:00
2024-10-30 10:21:10.256,28.0,0,15.0,2024-10-30 10:21:00
2024-10-30 10:21:10.758,28.0,0,15.0,2024-10-30 10:21:00
2024-10-30 10:21:10.763,28.0,0,15.0,2024-10-30 10:21:00
2024-10-30 10:21:11.236,28.0,0,15.0,2024-10-30 10:21:00
2024-10-30 10:21:11.246,28.0,0,15.0,2024-10-30 10:21:00
2024-10-30 10:21:11.735,28.0,0,15.0,2024-10-30 10:21:00
2024-10-30 10:21:13.608,28.0,0,15.0,2024-10-30 10:21:00
2024-10-30 10:21:15.484,28.0,0,15.0,2024-10-30 10:21:00
2024-10-30 10:21:17.445,28.0,0,15.0,2024-10-30 10:21:00
2024-10-30 10:21:19.852,28.0,0,15.0,2024-10-30 10:21:00
2024-10-30 10:21:21.726,28.0,0,15.0,2024-10-30 10:21:00
2024-10-30 10:21:21.730,28.0,0,15.0,2024-10-30 10:21:00
2024-10-30 10:21:21.969,28.0,0,15.0,2024-10-30 10:21:00
2024-10-30 10:21:22.187,28.0,0,15.0,2024-10-30 10:21:00
2024-10-30 10:21:22.475,28.0,0,15.0,2024-10-30 10:21:00
2024-10-30 10:21:22.859,28.0,0,15.0,2024-10-30 10:21:00
2024-10-30 10:21:23.004,28.0,0,15.0,2024-10-30 10:21:00
2024-10-30 10:21:23.212,28.0,0,15.0,2024-10-30 10:21:00
2024-10-30 10:21:23.495,28.0,0,15.0,2024-10-30 10:21:00
2024-10-30 10:21:25.092,28.0,0,15.0,2024-10-30 10:21:00
2024-10-30 10:21:27.013,28.0,0,15.0,2024-10-30 10:21:00
2024-10-30 10:21:29.450,28.0,0,15.0,2024-10-30 10:21:00
2024-10-30 10:21:31.367,28.0,0,15.0,2024-10-30 10:21:00
2024-10-30 10:21:33.285,28.0,0,15.0,2024-10-30 10:21:00
2024-10-30 10:21:33.671,28.0,0,15.0,2024-10-30 10:21:00
2024-10-30 10:21:33.726,28.0,0,15.0,2024-10-30 10:21:00
2024-10-30 10:21:34.181,28.0,0,15.0,2024-10-30 10:21:00
2024-10-30 10:21:34.267,28.0,0,15.0,2024-10-30 10:21:00
2024-10-30 10:21:34.685,28.0,0,15.0,2024-10-30 10:21:00
2024-10-30 10:21:34.735,28.0,0,15.0,2024-10-30 10:21:00
2024-10-30 10:21:35.194,28.0,0,15.0,2024-10-30 10:21:00
2024-10-30 10:21:35.244,28.0,0,15.0,2024-10-30 10:21:00
2024-10-30 10:21:37.082,28.0,0,15.0,2024-10-30 10:21:00
2024-10-30 10:21:39.050,28.0,0,15.0,2024-10-30 10:21:00
2024-10-30 10:21:40.924,28.0,0,15.0,2024-10-30 10:21:00
2024-10-30 10:21:43.372,28.0,0,15.0,2024-10-30 10:21:00
2024-10-30 10:21:45.246,28.0,0,15.0,2024-10-30 10:21:00
2024-10-30 10:21:45.647,28.0,0,15.0,2024-10-30 10:21:00
2024-10-30 10:21:45.671,28.0,0,15.0,2024-10-30 10:21:00
2024-10-30 10:21:46.152,28.0,0,15.0,2024-10-30 10:21:00
2024-10-30 10:21:46.176,28.0,0,15.0,2024-10-30 10:21:00
2024-10-30 10:21:46.655,28.0,0,15.0,2024-10-30 10:21:00
2024-10-30 10:21:46.689,28.0,0,15.0,2024-10-30 10:21:00
2024-10-30 10:21:47.165,28.0,0,15.0,2024-10-30 10:21:00
2024-10-30 10:21:47.196,28.0,0,15.0,2024-10-30 10:21:00
2024-10-30 10:21:48.310,28.0,0,15.0,2024-10-30 10:21:00
2024-10-30 10:21:51.001,28.0,0,15.0,2024-10-30 10:21:00
2024-10-30 10:21:58.207,28.0,0,15.0,2024-10-30 10:21:00
2024-10-30 10:21:58.212,28.0,0,15.0,2024-10-30 10:21:00
2024-10-30 10:21:58.240,28.0,0,15.0,2024-10-30 10:21:00
2024-10-30 10:21:58.277,28.0,0,15.0,2024-10-30 10:21:00
2024-10-30 10:21:58.786,28.0,0,15.0,2024-10-30 10:21:00
2024-10-30 10:21:58.842,28.0,0,15.0,2024-10-30 10:21:00
2024-10-30 10:21:59.264,28.0,0,15.0,2024-10-30 10:21:00
2024-10-30 10:21:59.328,28.0,0,15.0,2024-10-30 10:21:00
2024-10-30 10:21:59.831,28.0,0,15.0,2024-10-30 10:21:00
2024-10-30 10:22:00.619,28.0,0,15.0,2024-10-30 10:22:00
2024-10-30 10:22:03.010,28.0,0,15.0,2024-10-30 10:22:00
2024-10-30 10:22:04.981,28.0,0,15.0,2024-10-30 10:22:00
2024-10-30 10:22:10.207,28.0,0,15.0,2024-10-30 10:22:00
2024-10-30 10:22:10.215,28.0,0,15.0,2024-10-30 10:22:00
2024-10-30 10:22:10.249,28.0,0,15.0,2024-10-30 10:22:00
2024-10-30 10:22:10.293,28.0,0,15.0,2024-10-30 10:22:00
2024-10-30 10:22:10.774,28.0,0,15.0,2024-10-30 10:22:00
2024-10-30 10:22:10.800,28.0,0,15.0,2024-10-30 10:22:00
2024-10-30 10:22:11.266,28.0,0,15.0,2024-10-30 10:22:00
2024-10-30 10:22:11.315,28.0,0,15.0,2024-10-30 10:22:00
2024-10-30 10:22:11.803,28.0,0,15.0,2024-10-30 10:22:00
2024-10-30 10:22:13.625,28.0,0,15.0,2024-10-30 10:22:00
2024-10-30 10:22:15.486,28.0,0,15.0,2024-10-30 10:22:00
2024-10-30 10:22:17.405,28.0,0,15.0,2024-10-30 10:22:00
2024-10-30 10:22:22.205,28.0,0,15.0,2024-10-30 10:22:00
2024-10-30 10:22:22.212,28.0,0,15.0,2024-10-30 10:22:00
2024-10-30 10:22:22.297,28.0,0,15.0,2024-10-30 10:22:00
2024-10-30 10:22:22.331,28.0,0,15.0,2024-10-30 10:22:00
2024-10-30 10:22:22.916,28.0,0,15.0,2024-10-30 10:22:00
2024-10-30 10:22:22.920,28.0,0,15.0,2024-10-30 10:22:00
2024-10-30 10:22:23.315,28.0,0,15.0,2024-10-30 10:22:00
2024-10-30 10:22:23.351,28.0,0,15.0,2024-10-30 10:22:00
2024-10-30 10:22:23.823,28.0,0,15.0,2024-10-30 10:22:00
2024-10-30 10:22:34.251,28.0,0,15.0,2024-10-30 10:22:00
2024-10-30 10:22:34.256,28.0,0,15.0,2024-10-30 10:22:00
2024-10-30 10:22:34.386,28.0,0,15.0,2024-10-30 10:22:00
2024-10-30 10:22:34.439,28.0,0,15.0,2024-10-30 10:22:00
2024-10-30 10:22:34.860,28.0,0,15.0,2024-10-30 10:22:00
2024-10-30 10:22:34.914,28.0,0,15.0,2024-10-30 10:22:00
2024-10-30 10:22:35.368,28.0,0,15.0,2024-10-30 10:22:00
2024-10-30 10:22:35.423,28.0,0,15.0,2024-10-30 10:22:00
2024-10-30 10:22:35.880,28.0,0,15.0,2024-10-30 10:22:00
2024-10-30 10:22:36.459,28.0,0,15.0,2024-10-30 10:22:00
2024-10-30 10:22:46.203,28.0,0,15.0,2024-10-30 10:22:00
2024-10-30 10:22:46.211,28.0,0,15.0,2024-10-30 10:22:00
2024-10-30 10:22:46.467,28.0,0,15.0,2024-10-30 10:22:00
2024-10-30 10:22:46.492,28.0,0,15.0,2024-10-30 10:22:00
2024-10-30 10:22:46.973,28.0,0,15.0,2024-10-30 10:22:00
2024-10-30 10:22:47.000,28.0,0,15.0,2024-10-30 10:22:00
2024-10-30 10:22:47.480,28.0,0,15.0,2024-10-30 10:22:00
2024-10-30 10:22:47.509,28.0,0,15.0,2024-10-30 10:22:00
2024-10-30 10:22:48.090,28.0,0,15.0,2024-10-30 10:22:00
2024-10-30 10:22:49.676,28.0,0,15.0,2024-10-30 10:22:00
2024-10-30 10:22:58.205,28.0,0,15.0,2024-10-30 10:22:00
2024-10-30 10:22:58.210,28.0,0,15.0,2024-10-30 10:22:00
2024-10-30 10:22:58.493,28.0,0,15.0,2024-10-30 10:22:00
2024-10-30 10:22:58.528,28.0,0,15.0,2024-10-30 10:22:00
2024-10-30 10:22:58.996,28.0,0,15.0,2024-10-30 10:22:00
2024-10-30 10:22:59.050,28.0,0,15.0,2024-10-30 10:22:00
2024-10-30 10:22:59.555,28.0,0,15.0,2024-10-30 10:22:00
2024-10-30 10:22:59.650,28.0,0,15.0,2024-10-30 10:22:00
2024-10-30 10:23:00.015,28.0,0,15.0,2024-10-30 10:23:00
2024-10-30 10:23:00.555,28.0,0,15.0,2024-10-30 10:23:00
2024-10-30 10:23:10.359,28.0,0,15.0,2024-10-30 10:23:00
2024-10-30 10:23:10.366,28.0,0,15.0,2024-10-30 10:23:00
2024-10-30 10:23:10.603,28.0,0,15.0,2024-10-30 10:23:00
2024-10-30 10:23:10.627,28.0,0,15.0,2024-10-30 10:23:00
2024-10-30 10:23:11.112,28.0,0,15.0,2024-10-30 10:23:00
2024-10-30 10:23:11.136,28.0,0,15.0,2024-10-30 10:23:00
2024-10-30 10:23:11.666,28.0,0,15.0,2024-10-30 10:23:00
2024-10-30 10:23:11.668,28.0,0,15.0,2024-10-30 10:23:00
2024-10-30 10:23:12.130,28.0,0,15.0,2024-10-30 10:23:00
2024-10-30 10:23:14.071,28.0,0,15.0,2024-10-30 10:23:00
2024-10-30 10:23:15.965,28.0,0,15.0,2024-10-30 10:23:00
2024-10-30 10:23:18.037,28.0,0,15.0,2024-10-30 10:23:00
2024-10-30 10:23:19.809,28.0,0,15.0,2024-10-30 10:23:00
2024-10-30 10:23:22.212,28.0,0,15.0,2024-10-30 10:23:00
2024-10-30 10:23:22.216,28.0,0,15.0,2024-10-30 10:23:00
2024-10-30 10:23:22.236,28.0,0,15.0,2024-10-30 10:23:00
2024-10-30 10:23:22.508,28.0,0,15.0,2024-10-30 10:23:00
2024-10-30 10:23:22.740,28.0,0,15.0,2024-10-30 10:23:00
2024-10-30 10:23:23.106,28.0,0,15.0,2024-10-30 10:23:00
2024-10-30 10:23:23.280,28.0,0,15.0,2024-10-30 10:23:00
2024-10-30 10:23:23.500,28.0,0,15.0,2024-10-30 10:23:00
2024-10-30 10:23:23.758,28.0,0,15.0,2024-10-30 10:23:00
2024-10-30 10:23:34.250,28.0,0,15.0,2024-10-30 10:23:00
2024-10-30 10:23:34.254,28.0,0,15.0,2024-10-30 10:23:00
2024-10-30 10:23:34.663,28.0,0,15.0,2024-10-30 10:23:00
2024-10-30 10:23:34.694,28.0,0,15.0,2024-10-30 10:23:00
2024-10-30 10:23:35.152,28.0,0,15.0,2024-10-30 10:23:00
2024-10-30 10:23:35.194,28.0,0,15.0,2024-10-30 10:23:00
2024-10-30 10:23:35.660,28.0,0,15.0,2024-10-30 10:23:00
2024-10-30 10:23:35.699,28.0,0,15.0,2024-10-30 10:23:00
2024-10-30 10:23:36.165,28.0,0,15.0,2024-10-30 10:23:00
2024-10-30 10:23:36.736,28.0,0,15.0,2024-10-30 10:23:00
2024-10-30 10:23:46.684,28.0,0,15.0,2024-10-30 10:23:00
2024-10-30 10:23:46.693,28.0,0,15.0,2024-10-30 10:23:00
2024-10-30 10:23:46.732,28.0,0,15.0,2024-10-30 10:23:00
2024-10-30 10:23:46.750,28.0,0,15.0,2024-10-30 10:23:00
2024-10-30 10:23:47.242,28.0,0,15.0,2024-10-30 10:23:00
2024-10-30 10:23:47.377,28.0,0,15.0,2024-10-30 10:23:00
2024-10-30 10:23:47.749,28.0,0,15.0,2024-10-30 10:23:00
2024-10-30 10:23:47.767,28.0,0,15.0,2024-10-30 10:23:00
2024-10-30 10:23:48.254,28.0,0,15.0,2024-10-30 10:23:00
2024-10-30 10:23:50.045,28.0,0,15.0,2024-10-30 10:23:00
2024-10-30 10:23:51.964,28.0,0,15.0,2024-10-30 10:23:00
2024-10-30 10:23:54.435,28.0,0,15.0,2024-10-30 10:23:00
2024-10-30 10:23:56.763,28.0,0,15.0,2024-10-30 10:23:00
2024-10-30 10:23:58.684,28.0,0,15.0,2024-10-30 10:23:00
2024-10-30 10:23:58.691,28.0,0,15.0,2024-10-30 10:23:00
2024-10-30 10:23:58.700,28.0,0,15.0,2024-10-30 10:23:00
2024-10-30 10:23:58.708,28.0,0,15.0,2024-10-30 10:23:00
2024-10-30 10:23:59.162,28.0,0,15.0,2024-10-30 10:23:00
2024-10-30 10:23:59.214,28.0,0,15.0,2024-10-30 10:23:00
2024-10-30 10:23:59.711,28.0,0,15.0,2024-10-30 10:23:00
2024-10-30 10:23:59.815,28.0,0,15.0,2024-10-30 10:23:00
2024-10-30 10:24:00.193,28.0,0,15.0,2024-10-30 10:24:00
2024-10-30 10:24:02.045,28.0,0,15.0,2024-10-30 10:24:00
2024-10-30 10:24:04.045,28.0,0,15.0,2024-10-30 10:24:00
2024-10-30 10:24:06.367,28.0,0,15.0,2024-10-30 10:24:00
2024-10-30 10:24:08.286,28.0,0,15.0,2024-10-30 10:24:00
2024-10-30 10:24:10.214,28.0,0,15.0,2024-10-30 10:24:00
2024-10-30 10:24:10.219,28.0,0,15.0,2024-10-30 10:24:00
2024-10-30 10:24:10.635,28.0,0,15.0,2024-10-30 10:24:00
2024-10-30 10:24:10.656,28.0,0,15.0,2024-10-30 10:24:00
2024-10-30 10:24:11.140,28.0,0,15.0,2024-10-30 10:24:00
2024-10-30 10:24:11.160,28.0,0,15.0,2024-10-30 10:24:00
2024-10-30 10:24:11.646,28.0,0,15.0,2024-10-30 10:24:00
2024-10-30 10:24:11.673,28.0,0,15.0,2024-10-30 10:24:00
2024-10-30 10:24:12.163,28.0,0,15.0,2024-10-30 10:24:00
2024-10-30 10:24:14.094,28.0,0,15.0,2024-10-30 10:24:00
2024-10-30 10:24:15.966,28.0,0,15.0,2024-10-30 10:24:00
2024-10-30 10:24:17.895,28.0,0,15.0,2024-10-30 10:24:00
2024-10-30 10:24:20.294,28.0,0,15.0,2024-10-30 10:24:00
2024-10-30 10:24:22.204,28.0,0,15.0,2024-10-30 10:24:00
2024-10-30 10:24:22.210,28.0,0,15.0,2024-10-30 10:24:00
2024-10-30 10:24:22.620,28.0,0,15.0,2024-10-30 10:24:00
2024-10-30 10:24:22.638,28.0,0,15.0,2024-10-30 10:24:00
2024-10-30 10:24:23.196,28.0,0,15.0,2024-10-30 10:24:00
2024-10-30 10:24:23.263,28.0,0,15.0,2024-10-30 10:24:00
2024-10-30 10:24:23.644,28.0,0,15.0,2024-10-30 10:24:00
2024-10-30 10:24:23.652,28.0,0,15.0,2024-10-30 10:24:00
2024-10-30 10:24:24.263,28.0,0,15.0,2024-10-30 10:24:00
2024-10-30 10:24:26.087,28.0,0,15.0,2024-10-30 10:24:00
2024-10-30 10:24:27.965,28.0,0,15.0,2024-10-30 10:24:00
2024-10-30 10:24:29.933,28.0,0,15.0,2024-10-30 10:24:00
2024-10-30 10:24:32.296,28.0,0,15.0,2024-10-30 10:24:00
2024-10-30 10:24:34.260,28.0,0,15.0,2024-10-30 10:24:00
2024-10-30 10:24:34.312,28.0,0,15.0,2024-10-30 10:24:00
2024-10-30 10:24:34.572,28.0,0,15.0,2024-10-30 10:24:00
2024-10-30 10:24:34.619,28.0,0,15.0,2024-10-30 10:24:00
2024-10-30 10:24:35.090,28.0,0,15.0,2024-10-30 10:24:00
2024-10-30 10:24:35.101,28.0,0,15.0,2024-10-30 10:24:00
2024-10-30 10:24:35.558,28.0,0,15.0,2024-10-30 10:24:00
2024-10-30 10:24:35.607,28.0,0,15.0,2024-10-30 10:24:00
2024-10-30 10:24:36.075,28.0,0,15.0,2024-10-30 10:24:00
2024-10-30 10:24:38.047,28.0,0,15.0,2024-10-30 10:24:00
2024-10-30 10:24:40.007,28.0,0,15.0,2024-10-30 10:24:00
2024-10-30 10:24:41.886,28.0,0,15.0,2024-10-30 10:24:00
2024-10-30 10:24:43.811,28.0,0,15.0,2024-10-30 10:24:00
2024-10-30 10:24:46.338,28.0,0,15.0,2024-10-30 10:24:00
2024-10-30 10:24:46.344,28.0,0,15.0,2024-10-30 10:24:00
2024-10-30 10:24:46.376,28.0,0,15.0,2024-10-30 10:24:00
2024-10-30 10:24:46.685,28.0,0,15.0,2024-10-30 10:24:00
2024-10-30 10:24:46.875,28.0,0,15.0,2024-10-30 10:24:00
2024-10-30 10:24:47.095,28.0,0,15.0,2024-10-30 10:24:00
2024-10-30 10:24:47.384,28.0,0,15.0,2024-10-30 10:24:00
2024-10-30 10:24:47.653,28.0,0,15.0,2024-10-30 10:24:00
2024-10-30 10:24:47.893,28.0,0,15.0,2024-10-30 10:24:00
2024-10-30 10:24:49.735,28.0,0,15.0,2024-10-30 10:24:00
2024-10-30 10:24:58.688,28.0,0,15.0,2024-10-30 10:24:00
2024-10-30 10:24:58.696,28.0,0,15.0,2024-10-30 10:24:00
2024-10-30 10:24:58.733,28.0,0,15.0,2024-10-30 10:24:00
2024-10-30 10:24:58.752,28.0,0,15.0,2024-10-30 10:24:00
2024-10-30 10:24:59.325,28.0,0,15.0,2024-10-30 10:24:00
2024-10-30 10:24:59.443,28.0,0,15.0,2024-10-30 10:24:00
2024-10-30 10:24:59.761,28.0,0,15.0,2024-10-30 10:24:00
2024-10-30 10:24:59.778,28.0,0,15.0,2024-10-30 10:24:00
2024-10-30 10:25:00.343,28.0,0,15.0,2024-10-30 10:25:00
2024-10-30 10:25:01.085,28.0,0,15.0,2024-10-30 10:25:00
2024-10-30 10:25:10.688,28.0,0,15.0,2024-10-30 10:25:00
2024-10-30 10:25:10.697,28.0,0,15.0,2024-10-30 10:25:00
2024-10-30 10:25:10.766,28.0,0,15.0,2024-10-30 10:25:00
2024-10-30 10:25:10.815,28.0,0,15.0,2024-10-30 10:25:00
2024-10-30 10:25:11.276,28.0,0,15.0,2024-10-30 10:25:00
2024-10-30 10:25:11.320,28.0,0,15.0,2024-10-30 10:25:00
2024-10-30 10:25:11.855,28.0,0,15.0,2024-10-30 10:25:00
2024-10-30 10:25:11.931,28.0,0,15.0,2024-10-30 10:25:00
2024-10-30 10:25:12.290,28.0,0,15.0,2024-10-30 10:25:00
2024-10-30 10:25:12.878,28.0,0,15.0,2024-10-30 10:25:00
2024-10-30 10:25:22.686,28.0,0,15.0,2024-10-30 10:25:00
2024-10-30 10:25:22.692,28.0,0,15.0,2024-10-30 10:25:00
2024-10-30 10:25:22.901,28.0,0,15.0,2024-10-30 10:25:00
2024-10-30 10:25:22.922,28.0,0,15.0,2024-10-30 10:25:00
2024-10-30 10:25:23.474,28.0,0,15.0,2024-10-30 10:25:00
2024-10-30 10:25:23.491,28.0,0,15.0,2024-10-30 10:25:00
2024-10-30 10:25:23.980,28.0,0,15.0,2024-10-30 10:25:00
2024-10-30 10:25:24.109,28.0,0,15.0,2024-10-30 10:25:00
2024-10-30 10:25:24.446,28.0,0,15.0,2024-10-30 10:25:00
2024-10-30 10:25:26.048,28.0,0,15.0,2024-10-30 10:25:00
2024-10-30 10:25:34.730,28.0,0,15.0,2024-10-30 10:25:00
2024-10-30 10:25:34.734,28.0,0,15.0,2024-10-30 10:25:00
2024-10-30 10:25:34.941,28.0,0,15.0,2024-10-30 10:25:00
2024-10-30 10:25:35.012,28.0,0,15.0,2024-10-30 10:25:00
2024-10-30 10:25:35.424,28.0,0,15.0,2024-10-30 10:25:00
2024-10-30 10:25:35.486,28.0,0,15.0,2024-10-30 10:25:00
2024-10-30 10:25:35.933,28.0,0,15.0,2024-10-30 10:25:00
2024-10-30 10:25:35.989,28.0,0,15.0,2024-10-30 10:25:00
2024-10-30 10:25:36.452,28.0,0,15.0,2024-10-30 10:25:00
2024-10-30 10:25:37.026,28.0,0,15.0,2024-10-30 10:25:00
2024-10-30 10:25:46.687,28.0,0,15.0,2024-10-30 10:25:00
2024-10-30 10:25:46.698,28.0,0,15.0,2024-10-30 10:25:00
2024-10-30 10:25:47.082,28.0,0,15.0,2024-10-30 10:25:00
2024-10-30 10:25:47.102,28.0,0,15.0,2024-10-30 10:25:00
2024-10-30 10:25:47.653,28.0,0,15.0,2024-10-30 10:25:00
2024-10-30 10:25:47.693,28.0,0,15.0,2024-10-30 10:25:00
2024-10-30 10:25:48.105,28.0,0,15.0,2024-10-30 10:25:00
2024-10-30 10:25:48.115,28.0,0,15.0,2024-10-30 10:25:00
2024-10-30 10:25:48.604,28.0,0,15.0,2024-10-30 10:25:00
2024-10-30 10:25:50.527,28.0,0,15.0,2024-10-30 10:25:00
2024-10-30 10:25:52.447,28.0,0,15.0,2024-10-30 10:25:00
2024-10-30 10:25:54.418,28.0,0,15.0,2024-10-30 10:25:00
2024-10-30 10:25:56.767,28.0,0,15.0,2024-10-30 10:25:00
2024-10-30 10:25:58.694,28.0,0,15.0,2024-10-30 10:25:00
2024-10-30 10:25:58.701,28.0,0,15.0,2024-10-30 10:25:00
2024-10-30 10:25:58.941,28.0,0,15.0,2024-10-30 10:25:00
2024-10-30 10:25:58.953,28.0,0,15.0,2024-10-30 10:25:00
2024-10-30 10:25:59.493,28.0,0,15.0,2024-10-30 10:25:00
2024-10-30 10:25:59.534,28.0,0,15.0,2024-10-30 10:25:00
2024-10-30 10:25:59.979,28.0,0,15.0,2024-10-30 10:25:00
2024-10-30 10:26:00.035,28.0,0,15.0,2024-10-30 10:26:00
2024-10-30 10:26:00.460,28.0,0,15.0,2024-10-30 10:26:00
2024-10-30 10:26:02.047,28.0,0,15.0,2024-10-30 10:26:00
2024-10-30 10:26:04.576,28.0,0,15.0,2024-10-30 10:26:00
2024-10-30 10:26:06.374,28.0,0,15.0,2024-10-30 10:26:00
2024-10-30 10:26:08.774,28.0,0,15.0,2024-10-30 10:26:00
2024-10-30 10:26:10.874,28.0,0,15.0,2024-10-30 10:26:00
2024-10-30 10:26:10.941,28.0,0,15.0,2024-10-30 10:26:00
2024-10-30 10:26:10.993,28.0,0,15.0,2024-10-30 10:26:00
2024-10-30 10:26:10.998,28.0,0,15.0,2024-10-30 10:26:00
2024-10-30 10:26:11.207,28.0,0,15.0,2024-10-30 10:26:00
2024-10-30 10:26:11.433,28.0,0,15.0,2024-10-30 10:26:00
2024-10-30 10:26:11.715,28.0,0,15.0,2024-10-30 10:26:00
2024-10-30 10:26:12.027,28.0,0,15.0,2024-10-30 10:26:00
2024-10-30 10:26:12.225,28.0,0,15.0,2024-10-30 10:26:00
2024-10-30 10:26:14.045,28.0,0,15.0,2024-10-30 10:26:00
2024-10-30 10:26:15.971,28.0,0,15.0,2024-10-30 10:26:00
2024-10-30 10:26:22.695,28.0,0,15.0,2024-10-30 10:26:00
2024-10-30 10:26:22.698,28.0,0,15.0,2024-10-30 10:26:00
2024-10-30 10:26:23.045,28.0,0,15.0,2024-10-30 10:26:00
2024-10-30 10:26:23.051,28.0,0,15.0,2024-10-30 10:26:00
2024-10-30 10:26:23.601,28.0,0,15.0,2024-10-30 10:26:00
2024-10-30 10:26:23.604,28.0,0,15.0,2024-10-30 10:26:00
2024-10-30 10:26:24.066,28.0,0,15.0,2024-10-30 10:26:00
2024-10-30 10:26:24.070,28.0,0,15.0,2024-10-30 10:26:00
2024-10-30 10:26:24.630,28.0,0,15.0,2024-10-30 10:26:00
2024-10-30 10:26:26.528,28.0,0,15.0,2024-10-30 10:26:00
2024-10-30 10:26:27.529,28.0,0,15.0,2024-10-30 10:26:00
2024-10-30 10:26:30.419,28.0,0,15.0,2024-10-30 10:26:00
2024-10-30 10:26:32.285,28.0,0,15.0,2024-10-30 10:26:00
2024-10-30 10:26:34.215,28.0,0,15.0,2024-10-30 10:26:00
2024-10-30 10:26:34.466,28.0,0,15.0,2024-10-30 10:26:00
2024-10-30 10:26:34.531,28.0,0,15.0,2024-10-30 10:26:00
2024-10-30 10:26:35.051,28.0,0,15.0,2024-10-30 10:26:00
2024-10-30 10:26:35.169,28.0,0,15.0,2024-10-30 10:26:00
2024-10-30 10:26:35.517,28.0,0,15.0,2024-10-30 10:26:00
2024-10-30 10:26:35.522,28.0,0,15.0,2024-10-30 10:26:00
2024-10-30 10:26:35.969,28.0,0,15.0,2024-10-30 10:26:00
2024-10-30 10:26:36.017,28.0,0,15.0,2024-10-30 10:26:00
2024-10-30 10:26:37.668,28.0,0,15.0,2024-10-30 10:26:00
2024-10-30 10:26:39.530,28.0,0,15.0,2024-10-30 10:26:00
2024-10-30 10:26:41.895,28.0,0,15.0,2024-10-30 10:26:00
2024-10-30 10:26:43.811,28.0,0,15.0,2024-10-30 10:26:00
2024-10-30 10:26:46.214,28.0,0,15.0,2024-10-30 10:26:00
2024-10-30 10:26:46.455,28.0,0,15.0,2024-10-30 10:26:00
2024-10-30 10:26:46.483,28.0,0,15.0,2024-10-30 10:26:00
2024-10-30 10:26:46.963,28.0,0,15.0,2024-10-30 10:26:00
2024-10-30 10:26:46.977,28.0,0,15.0,2024-10-30 10:26:00
2024-10-30 10:26:47.469,28.0,0,15.0,2024-10-30 10:26:00
2024-10-30 10:26:47.485,28.0,0,15.0,2024-10-30 10:26:00
2024-10-30 10:26:47.974,28.0,0,15.0,2024-10-30 10:26:00
2024-10-30 10:26:47.992,28.0,0,15.0,2024-10-30 10:26:00
2024-10-30 10:26:48.949,28.0,0,15.0,2024-10-30 10:26:00
2024-10-30 10:26:51.010,28.0,0,15.0,2024-10-30 10:26:00
2024-10-30 10:26:58.696,28.0,0,15.0,2024-10-30 10:26:00
2024-10-30 10:26:58.701,28.0,0,15.0,2024-10-30 10:26:00
2024-10-30 10:26:59.076,28.0,0,15.0,2024-10-30 10:26:00
2024-10-30 10:26:59.101,28.0,0,15.0,2024-10-30 10:26:00
2024-10-30 10:26:59.599,28.0,0,15.0,2024-10-30 10:26:00
2024-10-30 10:26:59.657,28.0,0,15.0,2024-10-30 10:26:00
2024-10-30 10:27:00.107,28.0,0,15.0,2024-10-30 10:27:00
2024-10-30 10:27:00.117,28.0,0,15.0,2024-10-30 10:27:00
2024-10-30 10:27:00.597,28.0,0,15.0,2024-10-30 10:27:00
2024-10-30 10:27:02.533,28.0,0,15.0,2024-10-30 10:27:00
2024-10-30 10:27:10.734,28.0,0,15.0,2024-10-30 10:27:00
2024-10-30 10:27:10.740,28.0,0,15.0,2024-10-30 10:27:00
2024-10-30 10:27:11.152,28.0,0,15.0,2024-10-30 10:27:00
2024-10-30 10:27:11.174,28.0,0,15.0,2024-10-30 10:27:00
2024-10-30 10:27:11.657,28.0,0,15.0,2024-10-30 10:27:00
2024-10-30 10:27:11.674,28.0,0,15.0,2024-10-30 10:27:00
2024-10-30 10:27:12.240,28.0,0,15.0,2024-10-30 10:27:00
2024-10-30 10:27:12.245,28.0,0,15.0,2024-10-30 10:27:00
2024-10-30 10:27:12.667,28.0,0,15.0,2024-10-30 10:27:00
2024-10-30 10:27:13.535,28.0,0,15.0,2024-10-30 10:27:00
2024-10-30 10:27:16.053,28.0,0,15.0,2024-10-30 10:27:00
2024-10-30 10:27:17.889,28.0,0,15.0,2024-10-30 10:27:00
2024-10-30 10:27:19.894,28.0,0,15.0,2024-10-30 10:27:00
2024-10-30 10:27:21.729,28.0,0,15.0,2024-10-30 10:27:00
2024-10-30 10:27:22.648,28.0,0,15.0,2024-10-30 10:27:00
2024-10-30 10:27:22.652,28.0,0,15.0,2024-10-30 10:27:00
2024-10-30 10:27:23.055,28.0,0,15.0,2024-10-30 10:27:00
2024-10-30 10:27:23.066,28.0,0,15.0,2024-10-30 10:27:00
2024-10-30 10:27:23.564,28.0,0,15.0,2024-10-30 10:27:00
2024-10-30 10:27:23.694,28.0,0,15.0,2024-10-30 10:27:00
2024-10-30 10:27:24.069,28.0,0,15.0,2024-10-30 10:27:00
2024-10-30 10:27:24.086,28.0,0,15.0,2024-10-30 10:27:00
2024-10-30 10:27:24.946,28.0,0,15.0,2024-10-30 10:27:00
2024-10-30 10:27:34.722,28.0,0,15.0,2024-10-30 10:27:00
2024-10-30 10:27:34.826,28.0,0,15.0,2024-10-30 10:27:00
2024-10-30 10:27:35.240,28.0,0,15.0,2024-10-30 10:27:00
2024-10-30 10:27:35.343,28.0,0,15.0,2024-10-30 10:27:00
2024-10-30 10:27:35.733,28.0,0,15.0,2024-10-30 10:27:00
2024-10-30 10:27:35.740,28.0,0,15.0,2024-10-30 10:27:00
2024-10-30 10:27:36.192,28.0,0,15.0,2024-10-30 10:27:00
2024-10-30 10:27:36.236,28.0,0,15.0,2024-10-30 10:27:00
2024-10-30 10:27:36.699,28.0,0,15.0,2024-10-30 10:27:00
2024-10-30 10:27:37.438,28.0,0,15.0,2024-10-30 10:27:00
2024-10-30 10:27:47.166,28.0,0,15.0,2024-10-30 10:27:00
2024-10-30 10:27:47.172,28.0,0,15.0,2024-10-30 10:27:00
2024-10-30 10:27:47.286,28.0,0,15.0,2024-10-30 10:27:00
2024-10-30 10:27:47.308,28.0,0,15.0,2024-10-30 10:27:00
2024-10-30 10:27:47.797,28.0,0,15.0,2024-10-30 10:27:00
2024-10-30 10:27:47.808,28.0,0,15.0,2024-10-30 10:27:00
2024-10-30 10:27:48.300,28.0,0,15.0,2024-10-30 10:27:00
2024-10-30 10:27:48.318,28.0,0,15.0,2024-10-30 10:27:00
2024-10-30 10:27:48.812,28.0,0,15.0,2024-10-30 10:27:00
2024-10-30 10:27:50.540,28.0,0,15.0,2024-10-30 10:27:00
2024-10-30 10:27:52.452,28.0,0,15.0,2024-10-30 10:27:00
2024-10-30 10:27:59.173,28.0,0,15.0,2024-10-30 10:27:00
2024-10-30 10:27:59.176,28.0,0,15.0,2024-10-30 10:27:00
2024-10-30 10:27:59.316,28.0,0,15.0,2024-10-30 10:27:00
2024-10-30 10:27:59.321,28.0,0,15.0,2024-10-30 10:27:00
2024-10-30 10:27:59.821,28.0,0,15.0,2024-10-30 10:27:00
2024-10-30 10:27:59.885,28.0,0,15.0,2024-10-30 10:27:00
2024-10-30 10:28:00.348,28.0,0,15.0,2024-10-30 10:28:00
2024-10-30 10:28:00.396,28.0,0,15.0,2024-10-30 10:28:00
2024-10-30 10:28:00.843,28.0,0,15.0,2024-10-30 10:28:00
2024-10-30 10:28:11.166,28.0,0,15.0,2024-10-30 10:28:00
2024-10-30 10:28:11.173,28.0,0,15.0,2024-10-30 10:28:00
2024-10-30 10:28:11.418,28.0,0,15.0,2024-10-30 10:28:00
2024-10-30 10:28:11.439,28.0,0,15.0,2024-10-30 10:28:00
2024-10-30 10:28:11.925,28.0,0,15.0,2024-10-30 10:28:00
2024-10-30 10:28:11.945,28.0,0,15.0,2024-10-30 10:28:00
2024-10-30 10:28:12.559,28.0,0,15.0,2024-10-30 10:28:00
2024-10-30 10:28:12.599,28.0,0,15.0,2024-10-30 10:28:00
2024-10-30 10:28:12.948,28.0,0,15.0,2024-10-30 10:28:00
2024-10-30 10:28:13.761,28.0,0,15.0,2024-10-30 10:28:00
2024-10-30 10:28:23.165,28.0,0,15.0,2024-10-30 10:28:00
2024-10-30 10:28:23.173,28.0,0,15.0,2024-10-30 10:28:00
2024-10-30 10:28:23.457,28.0,0,15.0,2024-10-30 10:28:00
2024-10-30 10:28:23.497,28.0,0,15.0,2024-10-30 10:28:00
2024-10-30 10:28:23.960,28.0,0,15.0,2024-10-30 10:28:00
2024-10-30 10:28:24.003,28.0,0,15.0,2024-10-30 10:28:00
2024-10-30 10:28:24.467,28.0,0,15.0,2024-10-30 10:28:00
2024-10-30 10:28:24.516,28.0,0,15.0,2024-10-30 10:28:00
2024-10-30 10:28:25.074,28.0,0,15.0,2024-10-30 10:28:00
2024-10-30 10:28:25.454,28.0,0,15.0,2024-10-30 10:28:00
2024-10-30 10:28:35.209,28.0,0,15.0,2024-10-30 10:28:00
2024-10-30 10:28:35.265,28.0,0,15.0,2024-10-30 10:28:00
2024-10-30 10:28:35.562,28.0,0,15.0,2024-10-30 10:28:00
2024-10-30 10:28:35.609,28.0,0,15.0,2024-10-30 10:28:00
2024-10-30 10:28:36.067,28.0,0,15.0,2024-10-30 10:28:00
2024-10-30 10:28:36.101,28.0,0,15.0,2024-10-30 10:28:00
2024-10-30 10:28:36.581,28.0,0,15.0,2024-10-30 10:28:00
2024-10-30 10:28:36.610,28.0,0,15.0,2024-10-30 10:28:00
2024-10-30 10:28:37.086,28.0,0,15.0,2024-10-30 10:28:00
2024-10-30 10:28:37.946,28.0,0,15.0,2024-10-30 10:28:00
2024-10-30 10:28:47.170,28.0,0,15.0,2024-10-30 10:28:00
2024-10-30 10:28:47.177,28.0,0,15.0,2024-10-30 10:28:00
2024-10-30 10:28:47.590,28.0,0,15.0,2024-10-30 10:28:00
2024-10-30 10:28:47.650,28.0,0,15.0,2024-10-30 10:28:00
2024-10-30 10:28:48.152,28.0,0,15.0,2024-10-30 10:28:00
2024-10-30 10:28:48.158,28.0,0,15.0,2024-10-30 10:28:00
2024-10-30 10:28:48.602,28.0,0,15.0,2024-10-30 10:28:00
2024-10-30 10:28:48.661,28.0,0,15.0,2024-10-30 10:28:00
2024-10-30 10:28:49.109,28.0,0,15.0,2024-10-30 10:28:00
2024-10-30 10:28:49.707,28.0,0,15.0,2024-10-30 10:28:00
2024-10-30 10:28:59.649,28.0,0,15.0,2024-10-30 10:28:00
2024-10-30 10:28:59.655,28.0,0,15.0,2024-10-30 10:28:00
2024-10-30 10:28:59.700,28.0,0,15.0,2024-10-30 10:28:00
2024-10-30 10:28:59.821,28.0,0,15.0,2024-10-30 10:28:00
2024-10-30 10:29:00.213,28.0,0,15.0,2024-10-30 10:29:00
2024-10-30 10:29:00.218,28.0,0,15.0,2024-10-30 10:29:00
2024-10-30 10:29:00.716,28.0,0,15.0,2024-10-30 10:29:00
2024-10-30 10:29:00.722,28.0,0,15.0,2024-10-30 10:29:00
2024-10-30 10:29:01.228,28.0,0,15.0,2024-10-30 10:29:00
2024-10-30 10:29:02.151,28.0,0,15.0,2024-10-30 10:29:00
2024-10-30 10:29:11.652,28.0,0,15.0,2024-10-30 10:29:00
2024-10-30 10:29:11.658,28.0,0,15.0,2024-10-30 10:29:00
2024-10-30 10:29:11.717,28.0,0,15.0,2024-10-30 10:29:00
2024-10-30 10:29:11.768,28.0,0,15.0,2024-10-30 10:29:00
2024-10-30 10:29:12.225,28.0,0,15.0,2024-10-30 10:29:00
2024-10-30 10:29:12.275,28.0,0,15.0,2024-10-30 10:29:00
2024-10-30 10:29:12.733,28.0,0,15.0,2024-10-30 10:29:00
2024-10-30 10:29:12.778,28.0,0,15.0,2024-10-30 10:29:00
2024-10-30 10:29:13.242,28.0,0,15.0,2024-10-30 10:29:00
2024-10-30 10:29:13.990,28.0,0,15.0,2024-10-30 10:29:00
2024-10-30 10:29:16.117,28.0,0,15.0,2024-10-30 10:29:00
2024-10-30 10:29:18.374,28.0,0,15.0,2024-10-30 10:29:00
2024-10-30 10:29:20.329,28.0,0,15.0,2024-10-30 10:29:00
2024-10-30 10:29:22.693,28.0,0,15.0,2024-10-30 10:29:00
2024-10-30 10:29:23.166,28.0,0,15.0,2024-10-30 10:29:00
2024-10-30 10:29:23.177,28.0,0,15.0,2024-10-30 10:29:00
2024-10-30 10:29:23.671,28.0,0,15.0,2024-10-30 10:29:00
2024-10-30 10:29:23.685,28.0,0,15.0,2024-10-30 10:29:00
2024-10-30 10:29:24.284,28.0,0,15.0,2024-10-30 10:29:00
2024-10-30 10:29:24.290,28.0,0,15.0,2024-10-30 10:29:00
2024-10-30 10:29:24.685,28.0,0,15.0,2024-10-30 10:29:00
2024-10-30 10:29:24.704,28.0,0,15.0,2024-10-30 10:29:00
2024-10-30 10:29:25.338,28.0,0,15.0,2024-10-30 10:29:00
2024-10-30 10:29:35.696,28.0,0,15.0,2024-10-30 10:29:00
2024-10-30 10:29:35.701,28.0,0,15.0,2024-10-30 10:29:00
2024-10-30 10:29:35.863,28.0,0,15.0,2024-10-30 10:29:00
2024-10-30 10:29:35.868,28.0,0,15.0,2024-10-30 10:29:00
2024-10-30 10:29:36.331,28.0,0,15.0,2024-10-30 10:29:00
2024-10-30 10:29:36.363,28.0,0,15.0,2024-10-30 10:29:00
2024-10-30 10:29:36.911,28.0,0,15.0,2024-10-30 10:29:00
2024-10-30 10:29:36.952,28.0,0,15.0,2024-10-30 10:29:00
2024-10-30 10:29:37.346,28.0,0,15.0,2024-10-30 10:29:00
2024-10-30 10:29:39.017,28.0,0,15.0,2024-10-30 10:29:00
2024-10-30 10:29:47.648,28.0,0,15.0,2024-10-30 10:29:00
2024-10-30 10:29:47.653,28.0,0,15.0,2024-10-30 10:29:00
2024-10-30 10:29:47.855,28.0,0,15.0,2024-10-30 10:29:00
2024-10-30 10:29:47.904,28.0,0,15.0,2024-10-30 10:29:00
2024-10-30 10:29:48.362,28.0,0,15.0,2024-10-30 10:29:00
2024-10-30 10:29:48.411,28.0,0,15.0,2024-10-30 10:29:00
2024-10-30 10:29:48.872,28.0,0,15.0,2024-10-30 10:29:00
2024-10-30 10:29:48.919,28.0,0,15.0,2024-10-30 10:29:00
2024-10-30 10:29:49.411,28.0,0,15.0,2024-10-30 10:29:00
2024-10-30 10:29:49.993,28.0,0,15.0,2024-10-30 10:29:00
2024-10-30 10:29:59.771,28.0,0,15.0,2024-10-30 10:29:00
2024-10-30 10:29:59.778,28.0,0,15.0,2024-10-30 10:29:00
2024-10-30 10:29:59.989,28.0,0,15.0,2024-10-30 10:29:00
2024-10-30 10:29:59.993,28.0,0,15.0,2024-10-30 10:29:00
2024-10-30 10:30:00.474,28.0,0,15.0,2024-10-30 10:30:00
2024-10-30 10:30:00.478,28.0,0,15.0,2024-10-30 10:30:00
2024-10-30 10:30:01.103,28.0,0,15.0,2024-10-30 10:30:00
2024-10-30 10:30:01.160,28.0,0,15.0,2024-10-30 10:30:00
2024-10-30 10:30:01.466,28.0,0,15.0,2024-10-30 10:30:00
2024-10-30 10:30:02.370,28.0,0,15.0,2024-10-30 10:30:00
2024-10-30 10:30:11.655,28.0,0,15.0,2024-10-30 10:30:00
2024-10-30 10:30:11.664,28.0,0,15.0,2024-10-30 10:30:00
2024-10-30 10:30:11.986,28.0,0,15.0,2024-10-30 10:30:00
2024-10-30 10:30:12.081,28.0,0,15.0,2024-10-30 10:30:00
2024-10-30 10:30:12.597,28.0,0,15.0,2024-10-30 10:30:00
2024-10-30 10:30:12.604,28.0,0,15.0,2024-10-30 10:30:00
2024-10-30 10:30:13.004,28.0,0,15.0,2024-10-30 10:30:00
2024-10-30 10:30:13.097,28.0,0,15.0,2024-10-30 10:30:00
2024-10-30 10:30:13.513,28.0,0,15.0,2024-10-30 10:30:00
2024-10-30 10:30:14.326,28.0,0,15.0,2024-10-30 10:30:00
2024-10-30 10:30:23.649,28.0,0,15.0,2024-10-30 10:30:00
2024-10-30 10:30:23.671,28.0,0,15.0,2024-10-30 10:30:00
2024-10-30 10:30:24.112,28.0,0,15.0,2024-10-30 10:30:00
2024-10-30 10:30:24.138,28.0,0,15.0,2024-10-30 10:30:00
2024-10-30 10:30:24.618,28.0,0,15.0,2024-10-30 10:30:00
2024-10-30 10:30:24.644,28.0,0,15.0,2024-10-30 10:30:00
2024-10-30 10:30:25.136,28.0,0,15.0,2024-10-30 10:30:00
2024-10-30 10:30:25.368,28.0,0,15.0,2024-10-30 10:30:00
2024-10-30 10:30:25.658,28.0,0,15.0,2024-10-30 10:30:00
2024-10-30 10:30:27.488,28.0,0,15.0,2024-10-30 10:30:00
2024-10-30 10:30:29.412,28.0,0,15.0,2024-10-30 10:30:00
2024-10-30 10:30:31.329,28.0,0,15.0,2024-10-30 10:30:00
2024-10-30 10:30:33.291,28.0,0,15.0,2024-10-30 10:30:00
2024-10-30 10:30:35.693,28.0,0,15.0,2024-10-30 10:30:00
2024-10-30 10:30:35.703,28.0,0,15.0,2024-10-30 10:30:00
2024-10-30 10:30:35.979,28.0,0,15.0,2024-10-30 10:30:00
2024-10-30 10:30:36.001,28.0,0,15.0,2024-10-30 10:30:00
2024-10-30 10:30:36.456,28.0,0,15.0,2024-10-30 10:30:00
2024-10-30 10:30:36.509,28.0,0,15.0,2024-10-30 10:30:00
2024-10-30 10:30:36.960,28.0,0,15.0,2024-10-30 10:30:00
2024-10-30 10:30:37.015,28.0,0,15.0,2024-10-30 10:30:00
2024-10-30 10:30:37.466,28.0,0,15.0,2024-10-30 10:30:00
2024-10-30 10:30:39.010,28.0,0,15.0,2024-10-30 10:30:00
2024-10-30 10:30:40.986,28.0,0,15.0,2024-10-30 10:30:00
2024-10-30 10:30:43.332,28.0,0,15.0,2024-10-30 10:30:00
2024-10-30 10:30:45.326,28.0,0,15.0,2024-10-30 10:30:00
2024-10-30 10:30:47.655,28.0,0,15.0,2024-10-30 10:30:00
2024-10-30 10:30:47.661,28.0,0,15.0,2024-10-30 10:30:00
2024-10-30 10:30:47.768,28.0,0,15.0,2024-10-30 10:30:00
2024-10-30 10:30:47.987,28.0,0,15.0,2024-10-30 10:30:00
2024-10-30 10:30:48.356,28.0,0,15.0,2024-10-30 10:30:00
2024-10-30 10:30:48.578,28.0,0,15.0,2024-10-30 10:30:00
2024-10-30 10:30:48.793,28.0,0,15.0,2024-10-30 10:30:00
2024-10-30 10:30:49.001,28.0,0,15.0,2024-10-30 10:30:00
2024-10-30 10:30:49.293,28.0,0,15.0,2024-10-30 10:30:00
2024-10-30 10:30:51.083,28.0,0,15.0,2024-10-30 10:30:00
2024-10-30 10:30:52.931,28.0,0,15.0,2024-10-30 10:30:00
2024-10-30 10:30:54.853,28.0,0,15.0,2024-10-30 10:30:00
2024-10-30 10:30:57.339,28.0,0,15.0,2024-10-30 10:30:00
2024-10-30 10:30:59.172,28.0,0,15.0,2024-10-30 10:30:00
2024-10-30 10:30:59.468,28.0,0,15.0,2024-10-30 10:30:00
2024-10-30 10:30:59.600,28.0,0,15.0,2024-10-30 10:30:00
2024-10-30 10:30:59.972,28.0,0,15.0,2024-10-30 10:30:00
2024-10-30 10:31:00.108,28.0,0,15.0,2024-10-30 10:31:00
2024-10-30 10:31:00.549,28.0,0,15.0,2024-10-30 10:31:00
2024-10-30 10:31:00.656,28.0,0,15.0,2024-10-30 10:31:00
2024-10-30 10:31:01.015,28.0,0,15.0,2024-10-30 10:31:00
2024-10-30 10:31:01.123,28.0,0,15.0,2024-10-30 10:31:00
2024-10-30 10:31:03.011,28.0,0,15.0,2024-10-30 10:31:00
2024-10-30 10:31:05.043,28.0,0,15.0,2024-10-30 10:31:00
2024-10-30 10:31:06.854,28.0,0,15.0,2024-10-30 10:31:00
2024-10-30 10:31:09.256,28.0,0,15.0,2024-10-30 10:31:00
2024-10-30 10:31:11.220,28.0,0,15.0,2024-10-30 10:31:00
2024-10-30 10:31:11.469,28.0,0,15.0,2024-10-30 10:31:00
2024-10-30 10:31:11.499,28.0,0,15.0,2024-10-30 10:31:00
2024-10-30 10:31:11.958,28.0,0,15.0,2024-10-30 10:31:00
2024-10-30 10:31:12.001,28.0,0,15.0,2024-10-30 10:31:00
2024-10-30 10:31:12.464,28.0,0,15.0,2024-10-30 10:31:00
2024-10-30 10:31:12.513,28.0,0,15.0,2024-10-30 10:31:00
2024-10-30 10:31:12.969,28.0,0,15.0,2024-10-30 10:31:00
2024-10-30 10:31:13.023,28.0,0,15.0,2024-10-30 10:31:00
2024-10-30 10:31:15.012,28.0,0,15.0,2024-10-30 10:31:00
2024-10-30 10:31:16.934,28.0,0,15.0,2024-10-30 10:31:00
2024-10-30 10:31:18.861,28.0,0,15.0,2024-10-30 10:31:00
2024-10-30 10:31:21.299,28.0,0,15.0,2024-10-30 10:31:00
2024-10-30 10:31:23.172,28.0,0,15.0,2024-10-30 10:31:00
2024-10-30 10:31:23.460,28.0,0,15.0,2024-10-30 10:31:00
2024-10-30 10:31:23.477,28.0,0,15.0,2024-10-30 10:31:00
2024-10-30 10:31:23.962,28.0,0,15.0,2024-10-30 10:31:00
2024-10-30 10:31:23.989,28.0,0,15.0,2024-10-30 10:31:00
2024-10-30 10:31:24.464,28.0,0,15.0,2024-10-30 10:31:00
2024-10-30 10:31:24.491,28.0,0,15.0,2024-10-30 10:31:00
2024-10-30 10:31:24.975,28.0,0,15.0,2024-10-30 10:31:00
2024-10-30 10:31:24.997,28.0,0,15.0,2024-10-30 10:31:00
2024-10-30 10:31:27.013,28.0,0,15.0,2024-10-30 10:31:00
2024-10-30 10:31:28.934,28.0,0,15.0,2024-10-30 10:31:00
2024-10-30 10:31:30.894,28.0,0,15.0,2024-10-30 10:31:00
2024-10-30 10:31:32.774,28.0,0,15.0,2024-10-30 10:31:00
2024-10-30 10:31:34.693,28.0,0,15.0,2024-10-30 10:31:00
2024-10-30 10:31:35.461,28.0,0,15.0,2024-10-30 10:31:00
2024-10-30 10:31:35.530,28.0,0,15.0,2024-10-30 10:31:00
2024-10-30 10:31:35.988,28.0,0,15.0,2024-10-30 10:31:00
2024-10-30 10:31:36.087,28.0,0,15.0,2024-10-30 10:31:00
2024-10-30 10:31:36.453,28.0,0,15.0,2024-10-30 10:31:00
2024-10-30 10:31:36.474,28.0,0,15.0,2024-10-30 10:31:00
2024-10-30 10:31:37.032,28.0,0,15.0,2024-10-30 10:31:00
2024-10-30 10:31:37.036,28.0,0,15.0,2024-10-30 10:31:00
2024-10-30 10:31:37.770,28.0,0,15.0,2024-10-30 10:31:00
2024-10-30 10:31:39.976,28.0,0,15.0,2024-10-30 10:31:00
2024-10-30 10:31:47.656,28.0,0,15.0,2024-10-30 10:31:00
2024-10-30 10:31:47.661,28.0,0,15.0,2024-10-30 10:31:00
2024-10-30 10:31:48.020,28.0,0,15.0,2024-10-30 10:31:00
2024-10-30 10:31:48.067,28.0,0,15.0,2024-10-30 10:31:00
2024-10-30 10:31:48.530,28.0,0,15.0,2024-10-30 10:31:00
2024-10-30 10:31:48.576,28.0,0,15.0,2024-10-30 10:31:00
2024-10-30 10:31:49.040,28.0,0,15.0,2024-10-30 10:31:00
2024-10-30 10:31:49.084,28.0,0,15.0,2024-10-30 10:31:00
2024-10-30 10:31:49.545,28.0,0,15.0,2024-10-30 10:31:00
2024-10-30 10:31:50.312,28.0,0,15.0,2024-10-30 10:31:00
2024-10-30 10:31:52.453,28.0,0,15.0,2024-10-30 10:31:00
2024-10-30 10:31:54.377,28.0,0,15.0,2024-10-30 10:31:00
2024-10-30 10:31:56.779,28.0,0,15.0,2024-10-30 10:31:00
2024-10-30 10:31:58.791,28.0,0,15.0,2024-10-30 10:31:00
2024-10-30 10:31:59.481,28.0,0,15.0,2024-10-30 10:31:00
2024-10-30 10:31:59.492,28.0,0,15.0,2024-10-30 10:31:00
2024-10-30 10:32:00.096,28.0,0,15.0,2024-10-30 10:32:00
2024-10-30 10:32:00.165,28.0,0,15.0,2024-10-30 10:32:00
2024-10-30 10:32:00.520,28.0,0,15.0,2024-10-30 10:32:00
2024-10-30 10:32:00.586,28.0,0,15.0,2024-10-30 10:32:00
2024-10-30 10:32:01.053,28.0,0,15.0,2024-10-30 10:32:00
2024-10-30 10:32:01.057,28.0,0,15.0,2024-10-30 10:32:00
2024-10-30 10:32:01.967,28.0,0,15.0,2024-10-30 10:32:00
2024-10-30 10:32:04.457,28.0,0,15.0,2024-10-30 10:32:00
2024-10-30 10:32:06.476,28.0,0,15.0,2024-10-30 10:32:00
2024-10-30 10:32:08.780,28.0,0,15.0,2024-10-30 10:32:00
2024-10-30 10:32:10.730,28.0,0,15.0,2024-10-30 10:32:00
2024-10-30 10:32:11.534,28.0,0,15.0,2024-10-30 10:32:00
2024-10-30 10:32:11.590,28.0,0,15.0,2024-10-30 10:32:00
2024-10-30 10:32:11.971,28.0,0,15.0,2024-10-30 10:32:00
2024-10-30 10:32:11.992,28.0,0,15.0,2024-10-30 10:32:00
2024-10-30 10:32:12.481,28.0,0,15.0,2024-10-30 10:32:00
2024-10-30 10:32:12.493,28.0,0,15.0,2024-10-30 10:32:00
2024-10-30 10:32:12.986,28.0,0,15.0,2024-10-30 10:32:00
2024-10-30 10:32:12.999,28.0,0,15.0,2024-10-30 10:32:00
2024-10-30 10:32:13.793,28.0,0,15.0,2024-10-30 10:32:00
2024-10-30 10:32:16.456,28.0,0,15.0,2024-10-30 10:32:00
2024-10-30 10:32:18.372,28.0,0,15.0,2024-10-30 10:32:00
2024-10-30 10:32:20.292,28.0,0,15.0,2024-10-30 10:32:00
2024-10-30 10:32:22.698,28.0,0,15.0,2024-10-30 10:32:00
2024-10-30 10:32:23.453,28.0,0,15.0,2024-10-30 10:32:00
2024-10-30 10:32:23.473,28.0,0,15.0,2024-10-30 10:32:00
2024-10-30 10:32:23.956,28.0,0,15.0,2024-10-30 10:32:00
2024-10-30 10:32:23.980,28.0,0,15.0,2024-10-30 10:32:00
2024-10-30 10:32:24.461,28.0,0,15.0,2024-10-30 10:32:00
2024-10-30 10:32:24.483,28.0,0,15.0,2024-10-30 10:32:00
2024-10-30 10:32:24.976,28.0,0,15.0,2024-10-30 10:32:00
2024-10-30 10:32:25.112,28.0,0,15.0,2024-10-30 10:32:00
2024-10-30 10:32:25.711,28.0,0,15.0,2024-10-30 10:32:00
2024-10-30 10:32:27.976,28.0,0,15.0,2024-10-30 10:32:00
2024-10-30 10:32:30.378,28.0,0,15.0,2024-10-30 10:32:00
2024-10-30 10:32:32.300,28.0,0,15.0,2024-10-30 10:32:00
2024-10-30 10:32:34.698,28.0,0,15.0,2024-10-30 10:32:00
2024-10-30 10:32:35.478,28.0,0,15.0,2024-10-30 10:32:00
2024-10-30 10:32:35.485,28.0,0,15.0,2024-10-30 10:32:00
2024-10-30 10:32:35.965,28.0,0,15.0,2024-10-30 10:32:00
2024-10-30 10:32:35.970,28.0,0,15.0,2024-10-30 10:32:00
2024-10-30 10:32:36.465,28.0,0,15.0,2024-10-30 10:32:00
2024-10-30 10:32:36.584,28.0,0,15.0,2024-10-30 10:32:00
2024-10-30 10:32:36.959,28.0,0,15.0,2024-10-30 10:32:00
2024-10-30 10:32:36.983,28.0,0,15.0,2024-10-30 10:32:00
2024-10-30 10:32:37.663,28.0,0,15.0,2024-10-30 10:32:00
2024-10-30 10:32:39.980,28.0,0,15.0,2024-10-30 10:32:00
2024-10-30 10:32:42.378,28.0,0,15.0,2024-10-30 10:32:00
2024-10-30 10:32:44.298,28.0,0,15.0,2024-10-30 10:32:00
2024-10-30 10:32:46.257,28.0,0,15.0,2024-10-30 10:32:00
2024-10-30 10:32:48.131,28.0,0,15.0,2024-10-30 10:32:00
2024-10-30 10:32:48.137,28.0,0,15.0,2024-10-30 10:32:00
2024-10-30 10:32:48.143,28.0,0,15.0,2024-10-30 10:32:00
2024-10-30 10:32:48.149,28.0,0,15.0,2024-10-30 10:32:00
2024-10-30 10:32:48.440,28.0,0,15.0,2024-10-30 10:32:00
2024-10-30 10:32:48.460,28.0,0,15.0,2024-10-30 10:32:00
2024-10-30 10:32:48.954,28.0,0,15.0,2024-10-30 10:32:00
2024-10-30 10:32:48.967,28.0,0,15.0,2024-10-30 10:32:00
2024-10-30 10:32:49.460,28.0,0,15.0,2024-10-30 10:32:00
2024-10-30 10:32:59.651,28.0,0,15.0,2024-10-30 10:32:00
2024-10-30 10:32:59.658,28.0,0,15.0,2024-10-30 10:32:00
2024-10-30 10:33:00.131,28.0,0,15.0,2024-10-30 10:33:00
2024-10-30 10:33:00.206,28.0,0,15.0,2024-10-30 10:33:00
2024-10-30 10:33:00.591,28.0,0,15.0,2024-10-30 10:33:00
2024-10-30 10:33:00.709,28.0,0,15.0,2024-10-30 10:33:00
2024-10-30 10:33:01.086,28.0,0,15.0,2024-10-30 10:33:00
2024-10-30 10:33:01.141,28.0,0,15.0,2024-10-30 10:33:00
2024-10-30 10:33:01.577,28.0,0,15.0,2024-10-30 10:33:00
2024-10-30 10:33:02.311,28.0,0,15.0,2024-10-30 10:33:00
2024-10-30 10:33:12.133,28.0,0,15.0,2024-10-30 10:33:00
2024-10-30 10:33:12.138,28.0,0,15.0,2024-10-30 10:33:00
2024-10-30 10:33:12.153,28.0,0,15.0,2024-10-30 10:33:00
2024-10-30 10:33:12.175,28.0,0,15.0,2024-10-30 10:33:00
2024-10-30 10:33:12.663,28.0,0,15.0,2024-10-30 10:33:00
2024-10-30 10:33:12.682,28.0,0,15.0,2024-10-30 10:33:00
2024-10-30 10:33:13.173,28.0,0,15.0,2024-10-30 10:33:00
2024-10-30 10:33:13.186,28.0,0,15.0,2024-10-30 10:33:00
2024-10-30 10:33:13.685,28.0,0,15.0,2024-10-30 10:33:00
2024-10-30 10:33:15.496,28.0,0,15.0,2024-10-30 10:33:00
2024-10-30 10:33:17.414,28.0,0,15.0,2024-10-30 10:33:00
2024-10-30 10:33:19.336,28.0,0,15.0,2024-10-30 10:33:00
2024-10-30 10:33:24.137,28.0,0,15.0,2024-10-30 10:33:00
2024-10-30 10:33:24.142,28.0,0,15.0,2024-10-30 10:33:00
2024-10-30 10:33:24.178,28.0,0,15.0,2024-10-30 10:33:00
2024-10-30 10:33:24.197,28.0,0,15.0,2024-10-30 10:33:00
2024-10-30 10:33:24.704,28.0,0,15.0,2024-10-30 10:33:00
2024-10-30 10:33:24.710,28.0,0,15.0,2024-10-30 10:33:00
2024-10-30 10:33:25.197,28.0,0,15.0,2024-10-30 10:33:00
2024-10-30 10:33:25.211,28.0,0,15.0,2024-10-30 10:33:00
2024-10-30 10:33:25.711,28.0,0,15.0,2024-10-30 10:33:00
2024-10-30 10:33:27.496,28.0,0,15.0,2024-10-30 10:33:00
2024-10-30 10:33:29.422,28.0,0,15.0,2024-10-30 10:33:00
2024-10-30 10:33:31.424,28.0,0,15.0,2024-10-30 10:33:00
2024-10-30 10:33:36.162,28.0,0,15.0,2024-10-30 10:33:00
2024-10-30 10:33:36.217,28.0,0,15.0,2024-10-30 10:33:00
2024-10-30 10:33:36.277,28.0,0,15.0,2024-10-30 10:33:00
2024-10-30 10:33:36.330,28.0,0,15.0,2024-10-30 10:33:00
2024-10-30 10:33:36.734,28.0,0,15.0,2024-10-30 10:33:00
2024-10-30 10:33:36.738,28.0,0,15.0,2024-10-30 10:33:00
2024-10-30 10:33:37.212,28.0,0,15.0,2024-10-30 10:33:00
2024-10-30 10:33:37.217,28.0,0,15.0,2024-10-30 10:33:00
2024-10-30 10:33:37.721,28.0,0,15.0,2024-10-30 10:33:00
2024-10-30 10:33:39.494,28.0,0,15.0,2024-10-30 10:33:00
2024-10-30 10:33:41.502,28.0,0,15.0,2024-10-30 10:33:00
2024-10-30 10:33:48.133,28.0,0,15.0,2024-10-30 10:33:00
2024-10-30 10:33:48.137,28.0,0,15.0,2024-10-30 10:33:00
2024-10-30 10:33:48.236,28.0,0,15.0,2024-10-30 10:33:00
2024-10-30 10:33:48.254,28.0,0,15.0,2024-10-30 10:33:00
2024-10-30 10:33:48.871,28.0,0,15.0,2024-10-30 10:33:00
2024-10-30 10:33:48.877,28.0,0,15.0,2024-10-30 10:33:00
2024-10-30 10:33:49.317,28.0,0,15.0,2024-10-30 10:33:00
2024-10-30 10:33:49.392,28.0,0,15.0,2024-10-30 10:33:00
2024-10-30 10:33:49.769,28.0,0,15.0,2024-10-30 10:33:00
2024-10-30 10:33:51.567,28.0,0,15.0,2024-10-30 10:33:00
2024-10-30 10:33:53.411,28.0,0,15.0,2024-10-30 10:33:00
2024-10-30 10:33:55.340,28.0,0,15.0,2024-10-30 10:33:00
2024-10-30 10:34:00.141,28.0,0,15.0,2024-10-30 10:34:00
2024-10-30 10:34:00.148,28.0,0,15.0,2024-10-30 10:34:00
2024-10-30 10:34:00.235,28.0,0,15.0,2024-10-30 10:34:00
2024-10-30 10:34:00.256,28.0,0,15.0,2024-10-30 10:34:00
2024-10-30 10:34:00.757,28.0,0,15.0,2024-10-30 10:34:00
2024-10-30 10:34:00.770,28.0,0,15.0,2024-10-30 10:34:00
2024-10-30 10:34:01.280,28.0,0,15.0,2024-10-30 10:34:00
2024-10-30 10:34:01.284,28.0,0,15.0,2024-10-30 10:34:00
2024-10-30 10:34:01.764,28.0,0,15.0,2024-10-30 10:34:00
2024-10-30 10:34:03.492,28.0,0,15.0,2024-10-30 10:34:00
2024-10-30 10:34:05.477,28.0,0,15.0,2024-10-30 10:34:00
2024-10-30 10:34:07.334,28.0,0,15.0,2024-10-30 10:34:00
2024-10-30 10:34:12.137,28.0,0,15.0,2024-10-30 10:34:00
2024-10-30 10:34:12.142,28.0,0,15.0,2024-10-30 10:34:00
2024-10-30 10:34:12.271,28.0,0,15.0,2024-10-30 10:34:00
2024-10-30 10:34:12.307,28.0,0,15.0,2024-10-30 10:34:00
2024-10-30 10:34:12.780,28.0,0,15.0,2024-10-30 10:34:00
2024-10-30 10:34:12.821,28.0,0,15.0,2024-10-30 10:34:00
2024-10-30 10:34:13.287,28.0,0,15.0,2024-10-30 10:34:00
2024-10-30 10:34:13.332,28.0,0,15.0,2024-10-30 10:34:00
2024-10-30 10:34:13.795,28.0,0,15.0,2024-10-30 10:34:00
2024-10-30 10:34:15.492,28.0,0,15.0,2024-10-30 10:34:00
2024-10-30 10:34:24.135,28.0,0,15.0,2024-10-30 10:34:00
2024-10-30 10:34:24.140,28.0,0,15.0,2024-10-30 10:34:00
2024-10-30 10:34:24.346,28.0,0,15.0,2024-10-30 10:34:00
2024-10-30 10:34:24.351,28.0,0,15.0,2024-10-30 10:34:00
2024-10-30 10:34:24.854,28.0,0,15.0,2024-10-30 10:34:00
2024-10-30 10:34:24.861,28.0,0,15.0,2024-10-30 10:34:00
2024-10-30 10:34:25.361,28.0,0,15.0,2024-10-30 10:34:00
2024-10-30 10:34:25.372,28.0,0,15.0,2024-10-30 10:34:00
2024-10-30 10:34:25.867,28.0,0,15.0,2024-10-30 10:34:00
2024-10-30 10:34:27.496,28.0,0,15.0,2024-10-30 10:34:00
2024-10-30 10:34:36.217,28.0,0,15.0,2024-10-30 10:34:00
2024-10-30 10:34:36.272,28.0,0,15.0,2024-10-30 10:34:00
2024-10-30 10:34:36.435,28.0,0,15.0,2024-10-30 10:34:00
2024-10-30 10:34:36.485,28.0,0,15.0,2024-10-30 10:34:00
2024-10-30 10:34:36.893,28.0,0,15.0,2024-10-30 10:34:00
2024-10-30 10:34:36.901,28.0,0,15.0,2024-10-30 10:34:00
2024-10-30 10:34:37.400,28.0,0,15.0,2024-10-30 10:34:00
2024-10-30 10:34:37.412,28.0,0,15.0,2024-10-30 10:34:00
2024-10-30 10:34:37.909,28.0,0,15.0,2024-10-30 10:34:00
2024-10-30 10:34:39.501,28.0,0,15.0,2024-10-30 10:34:00
2024-10-30 10:34:48.134,28.0,0,15.0,2024-10-30 10:34:00
2024-10-30 10:34:48.140,28.0,0,15.0,2024-10-30 10:34:00
2024-10-30 10:34:48.456,28.0,0,15.0,2024-10-30 10:34:00
2024-10-30 10:34:48.485,28.0,0,15.0,2024-10-30 10:34:00
2024-10-30 10:34:48.966,28.0,0,15.0,2024-10-30 10:34:00
2024-10-30 10:34:48.993,28.0,0,15.0,2024-10-30 10:34:00
2024-10-30 10:34:49.472,28.0,0,15.0,2024-10-30 10:34:00
2024-10-30 10:34:49.493,28.0,0,15.0,2024-10-30 10:34:00
2024-10-30 10:34:49.983,28.0,0,15.0,2024-10-30 10:34:00
2024-10-30 10:34:59.655,28.0,0,15.0,2024-10-30 10:34:00
2024-10-30 10:34:59.976,28.0,0,15.0,2024-10-30 10:34:00
2024-10-30 10:34:59.980,28.0,0,15.0,2024-10-30 10:34:00
2024-10-30 10:35:00.559,73.0,0,60.0,2024-10-30 10:35:00
2024-10-30 10:35:00.695,73.0,0,60.0,2024-10-30 10:35:00
2024-10-30 10:35:01.059,73.0,0,60.0,2024-10-30 10:35:00
2024-10-30 10:35:01.129,73.0,0,60.0,2024-10-30 10:35:00
2024-10-30 10:35:01.500,73.0,0,60.0,2024-10-30 10:35:00
2024-10-30 10:35:01.555,73.0,0,60.0,2024-10-30 10:35:00
2024-10-30 10:35:02.006,73.0,0,60.0,2024-10-30 10:35:00
2024-10-30 10:35:03.980,73.0,0,60.0,2024-10-30 10:35:00
2024-10-30 10:35:12.134,73.0,0,60.0,2024-10-30 10:35:00
2024-10-30 10:35:12.140,73.0,0,60.0,2024-10-30 10:35:00
2024-10-30 10:35:12.592,73.0,0,60.0,2024-10-30 10:35:00
2024-10-30 10:35:12.623,73.0,0,60.0,2024-10-30 10:35:00
2024-10-30 10:35:13.092,73.0,0,60.0,2024-10-30 10:35:00
2024-10-30 10:35:13.135,73.0,0,60.0,2024-10-30 10:35:00
2024-10-30 10:35:13.642,73.0,0,60.0,2024-10-30 10:35:00
2024-10-30 10:35:13.648,73.0,0,60.0,2024-10-30 10:35:00
2024-10-30 10:35:14.115,73.0,0,60.0,2024-10-30 10:35:00
2024-10-30 10:35:15.500,73.0,0,60.0,2024-10-30 10:35:00
2024-10-30 10:35:17.421,73.0,0,60.0,2024-10-30 10:35:00
2024-10-30 10:35:19.820,73.0,0,60.0,2024-10-30 10:35:00
2024-10-30 10:35:24.142,73.0,0,60.0,2024-10-30 10:35:00
2024-10-30 10:35:24.149,73.0,0,60.0,2024-10-30 10:35:00
2024-10-30 10:35:24.618,73.0,0,60.0,2024-10-30 10:35:00
2024-10-30 10:35:24.632,73.0,0,60.0,2024-10-30 10:35:00
2024-10-30 10:35:25.131,73.0,0,60.0,2024-10-30 10:35:00
2024-10-30 10:35:25.139,73.0,0,60.0,2024-10-30 10:35:00
2024-10-30 10:35:25.632,73.0,0,60.0,2024-10-30 10:35:00
2024-10-30 10:35:25.654,73.0,0,60.0,2024-10-30 10:35:00
2024-10-30 10:35:26.148,73.0,0,60.0,2024-10-30 10:35:00
2024-10-30 10:35:36.659,73.0,0,60.0,2024-10-30 10:35:00
2024-10-30 10:35:36.708,73.0,0,60.0,2024-10-30 10:35:00
2024-10-30 10:35:36.715,73.0,0,60.0,2024-10-30 10:35:00
2024-10-30 10:35:36.766,73.0,0,60.0,2024-10-30 10:35:00
2024-10-30 10:35:37.201,73.0,0,60.0,2024-10-30 10:35:00
2024-10-30 10:35:37.236,73.0,0,60.0,2024-10-30 10:35:00
2024-10-30 10:35:37.705,73.0,0,60.0,2024-10-30 10:35:00
2024-10-30 10:35:37.735,73.0,0,60.0,2024-10-30 10:35:00
2024-10-30 10:35:38.214,73.0,0,60.0,2024-10-30 10:35:00
2024-10-30 10:35:39.054,73.0,0,60.0,2024-10-30 10:35:00
2024-10-30 10:35:48.618,73.0,0,60.0,2024-10-30 10:35:00
2024-10-30 10:35:48.624,73.0,0,60.0,2024-10-30 10:35:00
2024-10-30 10:35:48.767,73.0,0,60.0,2024-10-30 10:35:00
2024-10-30 10:35:48.786,73.0,0,60.0,2024-10-30 10:35:00
2024-10-30 10:35:49.273,73.0,0,60.0,2024-10-30 10:35:00
2024-10-30 10:35:49.292,73.0,0,60.0,2024-10-30 10:35:00
2024-10-30 10:35:49.789,73.0,0,60.0,2024-10-30 10:35:00
2024-10-30 10:35:49.800,73.0,0,60.0,2024-10-30 10:35:00
2024-10-30 10:35:50.295,73.0,0,60.0,2024-10-30 10:35:00
2024-10-30 10:35:52.072,73.0,0,60.0,2024-10-30 10:35:00
2024-10-30 10:35:53.909,73.0,0,60.0,2024-10-30 10:35:00
2024-10-30 10:35:55.823,73.0,0,60.0,2024-10-30 10:35:00
2024-10-30 10:36:00.673,73.0,0,60.0,2024-10-30 10:36:00
2024-10-30 10:36:00.677,73.0,0,60.0,2024-10-30 10:36:00
2024-10-30 10:36:00.757,73.0,0,60.0,2024-10-30 10:36:00
2024-10-30 10:36:00.813,73.0,0,60.0,2024-10-30 10:36:00
2024-10-30 10:36:01.283,73.0,0,60.0,2024-10-30 10:36:00
2024-10-30 10:36:01.338,73.0,0,60.0,2024-10-30 10:36:00
2024-10-30 10:36:01.810,73.0,0,60.0,2024-10-30 10:36:00
2024-10-30 10:36:01.822,73.0,0,60.0,2024-10-30 10:36:00
2024-10-30 10:36:02.309,73.0,0,60.0,2024-10-30 10:36:00
2024-10-30 10:36:03.182,73.0,0,60.0,2024-10-30 10:36:00
2024-10-30 10:36:12.622,73.0,0,60.0,2024-10-30 10:36:00
2024-10-30 10:36:12.630,73.0,0,60.0,2024-10-30 10:36:00
2024-10-30 10:36:12.938,73.0,0,60.0,2024-10-30 10:36:00
2024-10-30 10:36:12.953,73.0,0,60.0,2024-10-30 10:36:00
2024-10-30 10:36:13.492,73.0,0,60.0,2024-10-30 10:36:00
2024-10-30 10:36:13.499,73.0,0,60.0,2024-10-30 10:36:00
2024-10-30 10:36:13.959,73.0,0,60.0,2024-10-30 10:36:00
2024-10-30 10:36:13.973,73.0,0,60.0,2024-10-30 10:36:00
2024-10-30 10:36:14.477,73.0,0,60.0,2024-10-30 10:36:00
2024-10-30 10:36:16.005,73.0,0,60.0,2024-10-30 10:36:00
2024-10-30 10:36:24.623,73.0,0,60.0,2024-10-30 10:36:00
2024-10-30 10:36:24.630,73.0,0,60.0,2024-10-30 10:36:00
2024-10-30 10:36:24.991,73.0,0,60.0,2024-10-30 10:36:00
2024-10-30 10:36:24.995,73.0,0,60.0,2024-10-30 10:36:00
2024-10-30 10:36:25.488,73.0,0,60.0,2024-10-30 10:36:00
2024-10-30 10:36:25.495,73.0,0,60.0,2024-10-30 10:36:00
2024-10-30 10:36:25.941,73.0,0,60.0,2024-10-30 10:36:00
2024-10-30 10:36:25.973,73.0,0,60.0,2024-10-30 10:36:00
2024-10-30 10:36:26.461,73.0,0,60.0,2024-10-30 10:36:00
2024-10-30 10:36:28.456,73.0,0,60.0,2024-10-30 10:36:00
2024-10-30 10:36:30.379,73.0,0,60.0,2024-10-30 10:36:00
2024-10-30 10:36:32.395,73.0,0,60.0,2024-10-30 10:36:00
2024-10-30 10:36:33.741,73.0,0,60.0,2024-10-30 10:36:00
2024-10-30 10:36:36.670,73.0,0,60.0,2024-10-30 10:36:00
2024-10-30 10:36:36.771,73.0,0,60.0,2024-10-30 10:36:00
2024-10-30 10:36:36.949,73.0,0,60.0,2024-10-30 10:36:00
2024-10-30 10:36:37.016,73.0,0,60.0,2024-10-30 10:36:00
2024-10-30 10:36:37.472,73.0,0,60.0,2024-10-30 10:36:00
2024-10-30 10:36:37.476,73.0,0,60.0,2024-10-30 10:36:00
2024-10-30 10:36:38.043,73.0,0,60.0,2024-10-30 10:36:00
2024-10-30 10:36:38.055,73.0,0,60.0,2024-10-30 10:36:00
2024-10-30 10:36:38.462,73.0,0,60.0,2024-10-30 10:36:00
2024-10-30 10:36:40.467,73.0,0,60.0,2024-10-30 10:36:00
2024-10-30 10:36:41.980,73.0,0,60.0,2024-10-30 10:36:00
2024-10-30 10:36:48.624,73.0,0,60.0,2024-10-30 10:36:00
2024-10-30 10:36:48.630,73.0,0,60.0,2024-10-30 10:36:00
2024-10-30 10:36:48.956,73.0,0,60.0,2024-10-30 10:36:00
2024-10-30 10:36:48.978,73.0,0,60.0,2024-10-30 10:36:00
2024-10-30 10:36:49.466,73.0,0,60.0,2024-10-30 10:36:00
2024-10-30 10:36:49.488,73.0,0,60.0,2024-10-30 10:36:00
2024-10-30 10:36:49.977,73.0,0,60.0,2024-10-30 10:36:00
2024-10-30 10:36:50.001,73.0,0,60.0,2024-10-30 10:36:00
2024-10-30 10:36:50.593,73.0,0,60.0,2024-10-30 10:36:00
2024-10-30 10:36:52.011,73.0,0,60.0,2024-10-30 10:36:00
2024-10-30 10:37:00.615,73.0,0,60.0,2024-10-30 10:37:00
2024-10-30 10:37:00.621,73.0,0,60.0,2024-10-30 10:37:00
2024-10-30 10:37:00.996,73.0,0,60.0,2024-10-30 10:37:00
2024-10-30 10:37:01.040,73.0,0,60.0,2024-10-30 10:37:00
2024-10-30 10:37:01.504,73.0,0,60.0,2024-10-30 10:37:00
2024-10-30 10:37:01.583,73.0,0,60.0,2024-10-30 10:37:00
2024-10-30 10:37:02.028,73.0,0,60.0,2024-10-30 10:37:00
2024-10-30 10:37:02.097,73.0,0,60.0,2024-10-30 10:37:00
2024-10-30 10:37:02.532,73.0,0,60.0,2024-10-30 10:37:00
2024-10-30 10:37:03.104,73.0,0,60.0,2024-10-30 10:37:00
2024-10-30 10:37:13.095,73.0,0,60.0,2024-10-30 10:37:00
2024-10-30 10:37:13.100,73.0,0,60.0,2024-10-30 10:37:00
2024-10-30 10:37:13.112,73.0,0,60.0,2024-10-30 10:37:00
2024-10-30 10:37:13.130,73.0,0,60.0,2024-10-30 10:37:00
2024-10-30 10:37:13.655,73.0,0,60.0,2024-10-30 10:37:00
2024-10-30 10:37:13.660,73.0,0,60.0,2024-10-30 10:37:00
2024-10-30 10:37:14.128,73.0,0,60.0,2024-10-30 10:37:00
2024-10-30 10:37:14.144,73.0,0,60.0,2024-10-30 10:37:00
2024-10-30 10:37:14.643,73.0,0,60.0,2024-10-30 10:37:00
2024-10-30 10:37:16.502,73.0,0,60.0,2024-10-30 10:37:00
2024-10-30 10:37:18.383,73.0,0,60.0,2024-10-30 10:37:00
2024-10-30 10:37:20.300,73.0,0,60.0,2024-10-30 10:37:00
2024-10-30 10:37:25.104,73.0,0,60.0,2024-10-30 10:37:00
2024-10-30 10:37:25.108,73.0,0,60.0,2024-10-30 10:37:00
2024-10-30 10:37:25.131,73.0,0,60.0,2024-10-30 10:37:00
2024-10-30 10:37:25.144,73.0,0,60.0,2024-10-30 10:37:00
2024-10-30 10:37:25.639,73.0,0,60.0,2024-10-30 10:37:00
2024-10-30 10:37:25.653,73.0,0,60.0,2024-10-30 10:37:00
2024-10-30 10:37:26.142,73.0,0,60.0,2024-10-30 10:37:00
2024-10-30 10:37:26.163,73.0,0,60.0,2024-10-30 10:37:00
2024-10-30 10:37:26.676,73.0,0,60.0,2024-10-30 10:37:00
2024-10-30 10:37:27.727,73.0,0,60.0,2024-10-30 10:37:00
2024-10-30 10:37:30.379,73.0,0,60.0,2024-10-30 10:37:00
2024-10-30 10:37:32.342,73.0,0,60.0,2024-10-30 10:37:00
2024-10-30 10:37:34.217,73.0,0,60.0,2024-10-30 10:37:00
2024-10-30 10:37:37.149,73.0,0,60.0,2024-10-30 10:37:00
2024-10-30 10:37:37.247,73.0,0,60.0,2024-10-30 10:37:00
2024-10-30 10:37:37.363,73.0,0,60.0,2024-10-30 10:37:00
2024-10-30 10:37:37.422,73.0,0,60.0,2024-10-30 10:37:00
2024-10-30 10:37:37.626,73.0,0,60.0,2024-10-30 10:37:00
2024-10-30 10:37:37.667,73.0,0,60.0,2024-10-30 10:37:00
2024-10-30 10:37:38.132,73.0,0,60.0,2024-10-30 10:37:00
2024-10-30 10:37:38.171,73.0,0,60.0,2024-10-30 10:37:00
2024-10-30 10:37:38.638,73.0,0,60.0,2024-10-30 10:37:00
2024-10-30 10:37:40.461,73.0,0,60.0,2024-10-30 10:37:00
2024-10-30 10:37:42.423,73.0,0,60.0,2024-10-30 10:37:00
2024-10-30 10:37:44.306,73.0,0,60.0,2024-10-30 10:37:00
2024-10-30 10:37:49.098,73.0,0,60.0,2024-10-30 10:37:00
2024-10-30 10:37:49.104,73.0,0,60.0,2024-10-30 10:37:00
2024-10-30 10:37:49.139,73.0,0,60.0,2024-10-30 10:37:00
2024-10-30 10:37:49.157,73.0,0,60.0,2024-10-30 10:37:00
2024-10-30 10:37:49.710,73.0,0,60.0,2024-10-30 10:37:00
2024-10-30 10:37:49.712,73.0,0,60.0,2024-10-30 10:37:00
2024-10-30 10:37:50.158,73.0,0,60.0,2024-10-30 10:37:00
2024-10-30 10:37:50.175,73.0,0,60.0,2024-10-30 10:37:00
2024-10-30 10:37:50.700,73.0,0,60.0,2024-10-30 10:37:00
2024-10-30 10:37:52.696,73.0,0,60.0,2024-10-30 10:37:00
2024-10-30 10:38:01.095,73.0,0,60.0,2024-10-30 10:38:00
2024-10-30 10:38:01.101,73.0,0,60.0,2024-10-30 10:38:00
2024-10-30 10:38:01.150,73.0,0,60.0,2024-10-30 10:38:00
2024-10-30 10:38:01.210,73.0,0,60.0,2024-10-30 10:38:00
2024-10-30 10:38:01.707,73.0,0,60.0,2024-10-30 10:38:00
2024-10-30 10:38:01.766,73.0,0,60.0,2024-10-30 10:38:00
2024-10-30 10:38:02.226,73.0,0,60.0,2024-10-30 10:38:00
2024-10-30 10:38:02.232,73.0,0,60.0,2024-10-30 10:38:00
2024-10-30 10:38:02.677,73.0,0,60.0,2024-10-30 10:38:00
2024-10-30 10:38:03.347,73.0,0,60.0,2024-10-30 10:38:00
2024-10-30 10:38:05.424,73.0,0,60.0,2024-10-30 10:38:00
2024-10-30 10:38:07.440,73.0,0,60.0,2024-10-30 10:38:00
2024-10-30 10:38:13.100,73.0,0,60.0,2024-10-30 10:38:00
2024-10-30 10:38:13.106,73.0,0,60.0,2024-10-30 10:38:00
2024-10-30 10:38:13.230,73.0,0,60.0,2024-10-30 10:38:00
2024-10-30 10:38:13.276,73.0,0,60.0,2024-10-30 10:38:00
2024-10-30 10:38:13.783,73.0,0,60.0,2024-10-30 10:38:00
2024-10-30 10:38:13.787,73.0,0,60.0,2024-10-30 10:38:00
2024-10-30 10:38:14.249,73.0,0,60.0,2024-10-30 10:38:00
2024-10-30 10:38:14.296,73.0,0,60.0,2024-10-30 10:38:00
2024-10-30 10:38:14.755,73.0,0,60.0,2024-10-30 10:38:00
2024-10-30 10:38:16.535,73.0,0,60.0,2024-10-30 10:38:00
2024-10-30 10:38:25.094,73.0,0,60.0,2024-10-30 10:38:00
2024-10-30 10:38:25.170,73.0,0,60.0,2024-10-30 10:38:00
2024-10-30 10:38:25.277,73.0,0,60.0,2024-10-30 10:38:00
2024-10-30 10:38:25.293,73.0,0,60.0,2024-10-30 10:38:00
2024-10-30 10:38:25.783,73.0,0,60.0,2024-10-30 10:38:00
2024-10-30 10:38:25.821,73.0,0,60.0,2024-10-30 10:38:00
2024-10-30 10:38:26.292,73.0,0,60.0,2024-10-30 10:38:00
2024-10-30 10:38:26.328,73.0,0,60.0,2024-10-30 10:38:00
2024-10-30 10:38:26.890,73.0,0,60.0,2024-10-30 10:38:00
2024-10-30 10:38:28.457,73.0,0,60.0,2024-10-30 10:38:00
2024-10-30 10:38:30.386,73.0,0,60.0,2024-10-30 10:38:00
2024-10-30 10:38:37.126,73.0,0,60.0,2024-10-30 10:38:00
2024-10-30 10:38:37.187,73.0,0,60.0,2024-10-30 10:38:00
2024-10-30 10:38:37.339,73.0,0,60.0,2024-10-30 10:38:00
2024-10-30 10:38:37.387,73.0,0,60.0,2024-10-30 10:38:00
2024-10-30 10:38:37.838,73.0,0,60.0,2024-10-30 10:38:00
2024-10-30 10:38:37.843,73.0,0,60.0,2024-10-30 10:38:00
2024-10-30 10:38:38.344,73.0,0,60.0,2024-10-30 10:38:00
2024-10-30 10:38:38.352,73.0,0,60.0,2024-10-30 10:38:00
2024-10-30 10:38:38.851,73.0,0,60.0,2024-10-30 10:38:00
2024-10-30 10:38:40.520,73.0,0,60.0,2024-10-30 10:38:00
2024-10-30 10:38:42.481,73.0,0,60.0,2024-10-30 10:38:00
2024-10-30 10:38:49.103,73.0,0,60.0,2024-10-30 10:38:00
2024-10-30 10:38:49.109,73.0,0,60.0,2024-10-30 10:38:00
2024-10-30 10:38:49.351,73.0,0,60.0,2024-10-30 10:38:00
2024-10-30 10:38:49.372,73.0,0,60.0,2024-10-30 10:38:00
2024-10-30 10:38:49.859,73.0,0,60.0,2024-10-30 10:38:00
2024-10-30 10:38:49.882,73.0,0,60.0,2024-10-30 10:38:00
2024-10-30 10:38:50.364,73.0,0,60.0,2024-10-30 10:38:00
2024-10-30 10:38:50.393,73.0,0,60.0,2024-10-30 10:38:00
2024-10-30 10:38:50.877,73.0,0,60.0,2024-10-30 10:38:00
2024-10-30 10:38:52.502,73.0,0,60.0,2024-10-30 10:38:00
2024-10-30 10:39:01.102,73.0,0,60.0,2024-10-30 10:39:00
2024-10-30 10:39:01.108,73.0,0,60.0,2024-10-30 10:39:00
2024-10-30 10:39:01.378,73.0,0,60.0,2024-10-30 10:39:00
2024-10-30 10:39:01.433,73.0,0,60.0,2024-10-30 10:39:00
2024-10-30 10:39:01.934,73.0,0,60.0,2024-10-30 10:39:00
2024-10-30 10:39:01.948,73.0,0,60.0,2024-10-30 10:39:00
2024-10-30 10:39:02.391,73.0,0,60.0,2024-10-30 10:39:00
2024-10-30 10:39:02.461,73.0,0,60.0,2024-10-30 10:39:00
2024-10-30 10:39:02.923,73.0,0,60.0,2024-10-30 10:39:00
2024-10-30 10:39:03.597,73.0,0,60.0,2024-10-30 10:39:00
2024-10-30 10:39:13.095,73.0,0,60.0,2024-10-30 10:39:00
2024-10-30 10:39:13.102,73.0,0,60.0,2024-10-30 10:39:00
2024-10-30 10:39:13.497,73.0,0,60.0,2024-10-30 10:39:00
2024-10-30 10:39:13.514,73.0,0,60.0,2024-10-30 10:39:00
2024-10-30 10:39:14.000,73.0,0,60.0,2024-10-30 10:39:00
2024-10-30 10:39:14.018,73.0,0,60.0,2024-10-30 10:39:00
2024-10-30 10:39:14.507,73.0,0,60.0,2024-10-30 10:39:00
2024-10-30 10:39:14.529,73.0,0,60.0,2024-10-30 10:39:00
2024-10-30 10:39:15.019,73.0,0,60.0,2024-10-30 10:39:00
2024-10-30 10:39:16.998,73.0,0,60.0,2024-10-30 10:39:00
2024-10-30 10:39:19.005,73.0,0,60.0,2024-10-30 10:39:00
2024-10-30 10:39:21.269,73.0,0,60.0,2024-10-30 10:39:00
2024-10-30 10:39:23.181,73.0,0,60.0,2024-10-30 10:39:00
2024-10-30 10:39:25.101,73.0,0,60.0,2024-10-30 10:39:00
2024-10-30 10:39:25.106,73.0,0,60.0,2024-10-30 10:39:00
2024-10-30 10:39:25.441,73.0,0,60.0,2024-10-30 10:39:00
2024-10-30 10:39:25.489,73.0,0,60.0,2024-10-30 10:39:00
2024-10-30 10:39:25.949,73.0,0,60.0,2024-10-30 10:39:00
2024-10-30 10:39:25.998,73.0,0,60.0,2024-10-30 10:39:00
2024-10-30 10:39:26.455,73.0,0,60.0,2024-10-30 10:39:00
2024-10-30 10:39:26.502,73.0,0,60.0,2024-10-30 10:39:00
2024-10-30 10:39:27.016,73.0,0,60.0,2024-10-30 10:39:00
2024-10-30 10:39:28.940,73.0,0,60.0,2024-10-30 10:39:00
2024-10-30 10:39:30.861,73.0,0,60.0,2024-10-30 10:39:00
2024-10-30 10:39:32.859,73.0,0,60.0,2024-10-30 10:39:00
2024-10-30 10:39:37.142,73.0,0,60.0,2024-10-30 10:39:00
2024-10-30 10:39:37.146,73.0,0,60.0,2024-10-30 10:39:00
2024-10-30 10:39:37.515,73.0,0,60.0,2024-10-30 10:39:00
2024-10-30 10:39:37.545,73.0,0,60.0,2024-10-30 10:39:00
2024-10-30 10:39:38.026,73.0,0,60.0,2024-10-30 10:39:00
2024-10-30 10:39:38.044,73.0,0,60.0,2024-10-30 10:39:00
2024-10-30 10:39:38.530,73.0,0,60.0,2024-10-30 10:39:00
2024-10-30 10:39:38.554,73.0,0,60.0,2024-10-30 10:39:00
2024-10-30 10:39:39.037,73.0,0,60.0,2024-10-30 10:39:00
2024-10-30 10:39:40.938,73.0,0,60.0,2024-10-30 10:39:00
2024-10-30 10:39:42.904,73.0,0,60.0,2024-10-30 10:39:00
2024-10-30 10:39:44.784,73.0,0,60.0,2024-10-30 10:39:00
2024-10-30 10:39:47.221,73.0,0,60.0,2024-10-30 10:39:00
2024-10-30 10:39:49.097,73.0,0,60.0,2024-10-30 10:39:00
2024-10-30 10:39:49.103,73.0,0,60.0,2024-10-30 10:39:00
2024-10-30 10:39:49.446,73.0,0,60.0,2024-10-30 10:39:00
2024-10-30 10:39:49.502,73.0,0,60.0,2024-10-30 10:39:00
2024-10-30 10:39:49.957,73.0,0,60.0,2024-10-30 10:39:00
2024-10-30 10:39:50.014,73.0,0,60.0,2024-10-30 10:39:00
2024-10-30 10:39:50.464,73.0,0,60.0,2024-10-30 10:39:00
2024-10-30 10:39:50.522,73.0,0,60.0,2024-10-30 10:39:00
2024-10-30 10:39:50.986,73.0,0,60.0,2024-10-30 10:39:00
2024-10-30 10:39:52.981,73.0,0,60.0,2024-10-30 10:39:00
2024-10-30 10:39:54.864,73.0,0,60.0,2024-10-30 10:39:00
2024-10-30 10:39:56.780,73.0,0,60.0,2024-10-30 10:39:00
2024-10-30 10:39:58.700,73.0,0,60.0,2024-10-30 10:39:00
2024-10-30 10:40:01.229,73.0,0,60.0,2024-10-30 10:40:00
2024-10-30 10:40:01.235,73.0,0,60.0,2024-10-30 10:40:00
2024-10-30 10:40:01.495,73.0,0,60.0,2024-10-30 10:40:00
2024-10-30 10:40:01.501,73.0,0,60.0,2024-10-30 10:40:00
2024-10-30 10:40:02.004,73.0,0,60.0,2024-10-30 10:40:00
2024-10-30 10:40:02.032,73.0,0,60.0,2024-10-30 10:40:00
2024-10-30 10:40:02.528,73.0,0,60.0,2024-10-30 10:40:00
2024-10-30 10:40:02.552,73.0,0,60.0,2024-10-30 10:40:00
2024-10-30 10:40:03.032,73.0,0,60.0,2024-10-30 10:40:00
2024-10-30 10:40:13.099,73.0,0,60.0,2024-10-30 10:40:00
2024-10-30 10:40:13.105,73.0,0,60.0,2024-10-30 10:40:00
2024-10-30 10:40:13.593,73.0,0,60.0,2024-10-30 10:40:00
2024-10-30 10:40:13.600,73.0,0,60.0,2024-10-30 10:40:00
2024-10-30 10:40:14.095,73.0,0,60.0,2024-10-30 10:40:00
2024-10-30 10:40:14.110,73.0,0,60.0,2024-10-30 10:40:00
2024-10-30 10:40:14.605,73.0,0,60.0,2024-10-30 10:40:00
2024-10-30 10:40:14.614,73.0,0,60.0,2024-10-30 10:40:00
2024-10-30 10:40:15.124,73.0,0,60.0,2024-10-30 10:40:00
2024-10-30 10:40:16.088,73.0,0,60.0,2024-10-30 10:40:00
2024-10-30 10:40:18.387,73.0,0,60.0,2024-10-30 10:40:00
2024-10-30 10:40:20.424,73.0,0,60.0,2024-10-30 10:40:00
2024-10-30 10:40:22.716,73.0,0,60.0,2024-10-30 10:40:00
2024-10-30 10:40:24.617,73.0,0,60.0,2024-10-30 10:40:00
2024-10-30 10:40:24.975,73.0,0,60.0,2024-10-30 10:40:00
2024-10-30 10:40:25.110,73.0,0,60.0,2024-10-30 10:40:00
2024-10-30 10:40:25.586,73.0,0,60.0,2024-10-30 10:40:00
2024-10-30 10:40:25.679,73.0,0,60.0,2024-10-30 10:40:00
2024-10-30 10:40:25.999,73.0,0,60.0,2024-10-30 10:40:00
2024-10-30 10:40:26.149,73.0,0,60.0,2024-10-30 10:40:00
2024-10-30 10:40:26.487,73.0,0,60.0,2024-10-30 10:40:00
2024-10-30 10:40:26.621,73.0,0,60.0,2024-10-30 10:40:00
2024-10-30 10:40:28.463,73.0,0,60.0,2024-10-30 10:40:00
2024-10-30 10:40:30.393,73.0,0,60.0,2024-10-30 10:40:00
2024-10-30 10:40:32.380,73.0,0,60.0,2024-10-30 10:40:00
2024-10-30 10:40:34.701,73.0,0,60.0,2024-10-30 10:40:00
2024-10-30 10:40:36.630,73.0,0,60.0,2024-10-30 10:40:00
2024-10-30 10:40:36.970,73.0,0,60.0,2024-10-30 10:40:00
2024-10-30 10:40:37.056,73.0,0,60.0,2024-10-30 10:40:00
2024-10-30 10:40:37.473,73.0,0,60.0,2024-10-30 10:40:00
2024-10-30 10:40:37.498,73.0,0,60.0,2024-10-30 10:40:00
2024-10-30 10:40:38.030,73.0,0,60.0,2024-10-30 10:40:00
2024-10-30 10:40:38.127,73.0,0,60.0,2024-10-30 10:40:00
2024-10-30 10:40:38.477,73.0,0,60.0,2024-10-30 10:40:00
2024-10-30 10:40:38.512,73.0,0,60.0,2024-10-30 10:40:00
2024-10-30 10:40:39.983,73.0,0,60.0,2024-10-30 10:40:00
2024-10-30 10:40:41.903,73.0,0,60.0,2024-10-30 10:40:00
2024-10-30 10:40:44.303,73.0,0,60.0,2024-10-30 10:40:00
2024-10-30 10:40:46.227,73.0,0,60.0,2024-10-30 10:40:00
2024-10-30 10:40:48.627,73.0,0,60.0,2024-10-30 10:40:00
2024-10-30 10:40:48.980,73.0,0,60.0,2024-10-30 10:40:00
2024-10-30 10:40:48.983,73.0,0,60.0,2024-10-30 10:40:00
2024-10-30 10:40:49.486,73.0,0,60.0,2024-10-30 10:40:00
2024-10-30 10:40:49.492,73.0,0,60.0,2024-10-30 10:40:00
2024-10-30 10:40:49.989,73.0,0,60.0,2024-10-30 10:40:00
2024-10-30 10:40:49.996,73.0,0,60.0,2024-10-30 10:40:00
2024-10-30 10:40:50.503,73.0,0,60.0,2024-10-30 10:40:00
2024-10-30 10:40:50.509,73.0,0,60.0,2024-10-30 10:40:00
2024-10-30 10:40:52.028,73.0,0,60.0,2024-10-30 10:40:00
2024-10-30 10:40:53.909,73.0,0,60.0,2024-10-30 10:40:00
2024-10-30 10:40:56.308,73.0,0,60.0,2024-10-30 10:40:00
2024-10-30 10:40:58.265,73.0,0,60.0,2024-10-30 10:40:00
2024-10-30 10:41:00.621,73.0,0,60.0,2024-10-30 10:41:00
2024-10-30 10:41:00.949,73.0,0,60.0,2024-10-30 10:41:00
2024-10-30 10:41:00.960,73.0,0,60.0,2024-10-30 10:41:00
2024-10-30 10:41:01.457,73.0,0,60.0,2024-10-30 10:41:00
2024-10-30 10:41:01.471,73.0,0,60.0,2024-10-30 10:41:00
2024-10-30 10:41:01.959,73.0,0,60.0,2024-10-30 10:41:00
2024-10-30 10:41:02.040,73.0,0,60.0,2024-10-30 10:41:00
2024-10-30 10:41:02.475,73.0,0,60.0,2024-10-30 10:41:00
2024-10-30 10:41:02.649,73.0,0,60.0,2024-10-30 10:41:00
2024-10-30 10:41:03.462,73.0,0,60.0,2024-10-30 10:41:00
2024-10-30 10:41:05.906,73.0,0,60.0,2024-10-30 10:41:00
2024-10-30 10:41:07.865,73.0,0,60.0,2024-10-30 10:41:00
2024-10-30 10:41:10.334,73.0,0,60.0,2024-10-30 10:41:00
2024-10-30 10:41:12.184,73.0,0,60.0,2024-10-30 10:41:00
2024-10-30 10:41:12.944,73.0,0,60.0,2024-10-30 10:41:00
2024-10-30 10:41:12.977,73.0,0,60.0,2024-10-30 10:41:00
2024-10-30 10:41:13.440,73.0,0,60.0,2024-10-30 10:41:00
2024-10-30 10:41:13.446,73.0,0,60.0,2024-10-30 10:41:00
2024-10-30 10:41:13.945,73.0,0,60.0,2024-10-30 10:41:00
2024-10-30 10:41:13.950,73.0,0,60.0,2024-10-30 10:41:00
2024-10-30 10:41:14.453,73.0,0,60.0,2024-10-30 10:41:00
2024-10-30 10:41:14.464,73.0,0,60.0,2024-10-30 10:41:00
2024-10-30 10:41:15.578,73.0,0,60.0,2024-10-30 10:41:00
2024-10-30 10:41:18.002,73.0,0,60.0,2024-10-30 10:41:00
2024-10-30 10:41:19.821,73.0,0,60.0,2024-10-30 10:41:00
2024-10-30 10:41:22.268,73.0,0,60.0,2024-10-30 10:41:00
2024-10-30 10:41:24.155,73.0,0,60.0,2024-10-30 10:41:00
2024-10-30 10:41:24.937,73.0,0,60.0,2024-10-30 10:41:00
2024-10-30 10:41:24.958,73.0,0,60.0,2024-10-30 10:41:00
2024-10-30 10:41:25.441,73.0,0,60.0,2024-10-30 10:41:00
2024-10-30 10:41:25.459,73.0,0,60.0,2024-10-30 10:41:00
2024-10-30 10:41:25.977,73.0,0,60.0,2024-10-30 10:41:00
2024-10-30 10:41:25.982,73.0,0,60.0,2024-10-30 10:41:00
2024-10-30 10:41:26.453,73.0,0,60.0,2024-10-30 10:41:00
2024-10-30 10:41:26.475,73.0,0,60.0,2024-10-30 10:41:00
2024-10-30 10:41:27.280,73.0,0,60.0,2024-10-30 10:41:00
2024-10-30 10:41:29.905,73.0,0,60.0,2024-10-30 10:41:00
2024-10-30 10:41:31.828,73.0,0,60.0,2024-10-30 10:41:00
2024-10-30 10:41:33.749,73.0,0,60.0,2024-10-30 10:41:00
2024-10-30 10:41:36.144,73.0,0,60.0,2024-10-30 10:41:00
2024-10-30 10:41:36.920,73.0,0,60.0,2024-10-30 10:41:00
2024-10-30 10:41:36.926,73.0,0,60.0,2024-10-30 10:41:00
2024-10-30 10:41:37.439,73.0,0,60.0,2024-10-30 10:41:00
2024-10-30 10:41:37.573,73.0,0,60.0,2024-10-30 10:41:00
2024-10-30 10:41:37.928,73.0,0,60.0,2024-10-30 10:41:00
2024-10-30 10:41:37.984,73.0,0,60.0,2024-10-30 10:41:00
2024-10-30 10:41:38.521,73.0,0,60.0,2024-10-30 10:41:00
2024-10-30 10:41:38.531,73.0,0,60.0,2024-10-30 10:41:00
2024-10-30 10:41:39.081,73.0,0,60.0,2024-10-30 10:41:00
2024-10-30 10:41:41.424,73.0,0,60.0,2024-10-30 10:41:00
2024-10-30 10:41:43.827,73.0,0,60.0,2024-10-30 10:41:00
2024-10-30 10:41:45.748,73.0,0,60.0,2024-10-30 10:41:00
2024-10-30 10:41:48.166,73.0,0,60.0,2024-10-30 10:41:00
2024-10-30 10:41:48.907,73.0,0,60.0,2024-10-30 10:41:00
2024-10-30 10:41:48.920,73.0,0,60.0,2024-10-30 10:41:00
2024-10-30 10:41:49.409,73.0,0,60.0,2024-10-30 10:41:00
2024-10-30 10:41:49.425,73.0,0,60.0,2024-10-30 10:41:00
2024-10-30 10:41:49.908,73.0,0,60.0,2024-10-30 10:41:00
2024-10-30 10:41:49.926,73.0,0,60.0,2024-10-30 10:41:00
2024-10-30 10:41:50.422,73.0,0,60.0,2024-10-30 10:41:00
2024-10-30 10:41:50.438,73.0,0,60.0,2024-10-30 10:41:00
2024-10-30 10:41:51.028,73.0,0,60.0,2024-10-30 10:41:00
2024-10-30 10:41:53.463,73.0,0,60.0,2024-10-30 10:41:00
2024-10-30 10:41:55.823,73.0,0,60.0,2024-10-30 10:41:00
2024-10-30 10:41:56.016,73.0,0,60.0,2024-10-30 10:41:00
2024-10-30 10:41:56.340,73.0,0,60.0,2024-10-30 10:41:00
2024-10-30 10:41:56.712,73.0,0,60.0,2024-10-30 10:41:00
2024-10-30 10:41:57.333,73.0,0,60.0,2024-10-30 10:41:00
2024-10-30 10:41:59.184,73.0,0,60.0,2024-10-30 10:41:00
2024-10-30 10:42:00.621,73.0,0,60.0,2024-10-30 10:42:00
2024-10-30 10:42:00.957,73.0,0,60.0,2024-10-30 10:42:00
2024-10-30 10:42:01.014,73.0,0,60.0,2024-10-30 10:42:00
2024-10-30 10:42:01.470,73.0,0,60.0,2024-10-30 10:42:00
2024-10-30 10:42:01.518,73.0,0,60.0,2024-10-30 10:42:00
2024-10-30 10:42:01.984,73.0,0,60.0,2024-10-30 10:42:00
2024-10-30 10:42:02.028,73.0,0,60.0,2024-10-30 10:42:00
2024-10-30 10:42:02.520,73.0,0,60.0,2024-10-30 10:42:00
2024-10-30 10:42:02.585,73.0,0,60.0,2024-10-30 10:42:00
2024-10-30 10:42:03.018,73.0,0,60.0,2024-10-30 10:42:00
2024-10-30 10:42:04.943,73.0,0,60.0,2024-10-30 10:42:00
2024-10-30 10:42:06.384,73.0,0,60.0,2024-10-30 10:42:00
2024-10-30 10:42:07.925,73.0,0,60.0,2024-10-30 10:42:00
2024-10-30 10:42:09.747,73.0,0,60.0,2024-10-30 10:42:00
2024-10-30 10:42:11.183,73.0,0,60.0,2024-10-30 10:42:00
2024-10-30 10:42:13.136,73.0,0,60.0,2024-10-30 10:42:00
2024-10-30 10:42:13.246,73.0,0,60.0,2024-10-30 10:42:00
2024-10-30 10:42:13.252,73.0,0,60.0,2024-10-30 10:42:00
2024-10-30 10:42:13.393,73.0,0,60.0,2024-10-30 10:42:00
2024-10-30 10:42:13.623,73.0,0,60.0,2024-10-30 10:42:00
2024-10-30 10:42:13.880,73.0,0,60.0,2024-10-30 10:42:00
2024-10-30 10:42:14.135,73.0,0,60.0,2024-10-30 10:42:00
2024-10-30 10:42:14.392,73.0,0,60.0,2024-10-30 10:42:00
2024-10-30 10:42:14.640,73.0,0,60.0,2024-10-30 10:42:00
2024-10-30 10:42:15.052,73.0,0,60.0,2024-10-30 10:42:00
2024-10-30 10:42:16.946,73.0,0,60.0,2024-10-30 10:42:00
2024-10-30 10:42:18.388,73.0,0,60.0,2024-10-30 10:42:00
2024-10-30 10:42:20.313,73.0,0,60.0,2024-10-30 10:42:00
2024-10-30 10:42:21.743,73.0,0,60.0,2024-10-30 10:42:00
2024-10-30 10:42:23.292,73.0,0,60.0,2024-10-30 10:42:00
2024-10-30 10:42:25.103,73.0,0,60.0,2024-10-30 10:42:00
2024-10-30 10:42:25.109,73.0,0,60.0,2024-10-30 10:42:00
2024-10-30 10:42:25.151,73.0,0,60.0,2024-10-30 10:42:00
2024-10-30 10:42:25.373,73.0,0,60.0,2024-10-30 10:42:00
2024-10-30 10:42:25.656,73.0,0,60.0,2024-10-30 10:42:00
2024-10-30 10:42:25.894,73.0,0,60.0,2024-10-30 10:42:00
2024-10-30 10:42:26.163,73.0,0,60.0,2024-10-30 10:42:00
2024-10-30 10:42:26.379,73.0,0,60.0,2024-10-30 10:42:00
2024-10-30 10:42:26.671,73.0,0,60.0,2024-10-30 10:42:00
2024-10-30 10:42:27.312,73.0,0,60.0,2024-10-30 10:42:00
2024-10-30 10:42:28.948,73.0,0,60.0,2024-10-30 10:42:00
2024-10-30 10:42:30.963,73.0,0,60.0,2024-10-30 10:42:00
2024-10-30 10:42:32.347,73.0,0,60.0,2024-10-30 10:42:00
2024-10-30 10:42:33.747,73.0,0,60.0,2024-10-30 10:42:00
2024-10-30 10:42:35.666,73.0,0,60.0,2024-10-30 10:42:00
2024-10-30 10:42:37.101,73.0,0,60.0,2024-10-30 10:42:00
2024-10-30 10:42:37.107,73.0,0,60.0,2024-10-30 10:42:00
2024-10-30 10:42:37.331,73.0,0,60.0,2024-10-30 10:42:00
2024-10-30 10:42:37.414,73.0,0,60.0,2024-10-30 10:42:00
2024-10-30 10:42:37.861,73.0,0,60.0,2024-10-30 10:42:00
2024-10-30 10:42:37.958,73.0,0,60.0,2024-10-30 10:42:00
2024-10-30 10:42:38.347,73.0,0,60.0,2024-10-30 10:42:00
2024-10-30 10:42:38.399,73.0,0,60.0,2024-10-30 10:42:00
2024-10-30 10:42:38.825,73.0,0,60.0,2024-10-30 10:42:00
2024-10-30 10:42:39.193,73.0,0,60.0,2024-10-30 10:42:00
2024-10-30 10:42:40.949,73.0,0,60.0,2024-10-30 10:42:00
2024-10-30 10:42:42.910,73.0,0,60.0,2024-10-30 10:42:00
2024-10-30 10:42:44.305,73.0,0,60.0,2024-10-30 10:42:00
2024-10-30 10:42:46.279,73.0,0,60.0,2024-10-30 10:42:00
2024-10-30 10:42:48.184,73.0,0,60.0,2024-10-30 10:42:00
2024-10-30 10:42:48.947,73.0,0,60.0,2024-10-30 10:42:00
2024-10-30 10:42:49.023,73.0,0,60.0,2024-10-30 10:42:00
2024-10-30 10:42:49.365,73.0,0,60.0,2024-10-30 10:42:00
2024-10-30 10:42:49.389,73.0,0,60.0,2024-10-30 10:42:00
2024-10-30 10:42:49.870,73.0,0,60.0,2024-10-30 10:42:00
2024-10-30 10:42:49.898,73.0,0,60.0,2024-10-30 10:42:00
2024-10-30 10:42:50.378,73.0,0,60.0,2024-10-30 10:42:00
2024-10-30 10:42:50.400,73.0,0,60.0,2024-10-30 10:42:00
2024-10-30 10:42:50.889,73.0,0,60.0,2024-10-30 10:42:00
2024-10-30 10:42:51.360,73.0,0,60.0,2024-10-30 10:42:00
2024-10-30 10:42:53.463,73.0,0,60.0,2024-10-30 10:42:00
2024-10-30 10:42:55.347,73.0,0,60.0,2024-10-30 10:42:00
2024-10-30 10:42:56.185,73.0,0,60.0,2024-10-30 10:42:00
2024-10-30 10:42:58.254,73.0,0,60.0,2024-10-30 10:42:00
2024-10-30 10:43:00.137,73.0,0,60.0,2024-10-30 10:43:00
2024-10-30 10:43:00.852,73.0,0,60.0,2024-10-30 10:43:00
2024-10-30 10:43:00.858,73.0,0,60.0,2024-10-30 10:43:00
2024-10-30 10:43:01.423,73.0,0,60.0,2024-10-30 10:43:00
2024-10-30 10:43:01.478,73.0,0,60.0,2024-10-30 10:43:00
2024-10-30 10:43:01.862,73.0,0,60.0,2024-10-30 10:43:00
2024-10-30 10:43:01.869,73.0,0,60.0,2024-10-30 10:43:00
2024-10-30 10:43:02.373,73.0,0,60.0,2024-10-30 10:43:00
2024-10-30 10:43:02.472,73.0,0,60.0,2024-10-30 10:43:00
2024-10-30 10:43:03.381,73.0,0,60.0,2024-10-30 10:43:00
2024-10-30 10:43:03.516,73.0,0,60.0,2024-10-30 10:43:00
2024-10-30 10:43:05.478,73.0,0,60.0,2024-10-30 10:43:00
2024-10-30 10:43:07.439,73.0,0,60.0,2024-10-30 10:43:00
2024-10-30 10:43:08.313,73.0,0,60.0,2024-10-30 10:43:00
2024-10-30 10:43:10.262,73.0,0,60.0,2024-10-30 10:43:00
2024-10-30 10:43:12.181,73.0,0,60.0,2024-10-30 10:43:00
2024-10-30 10:43:12.847,73.0,0,60.0,2024-10-30 10:43:00
2024-10-30 10:43:12.868,73.0,0,60.0,2024-10-30 10:43:00
2024-10-30 10:43:13.368,73.0,0,60.0,2024-10-30 10:43:00
2024-10-30 10:43:13.373,73.0,0,60.0,2024-10-30 10:43:00
2024-10-30 10:43:14.002,73.0,0,60.0,2024-10-30 10:43:00
2024-10-30 10:43:14.086,73.0,0,60.0,2024-10-30 10:43:00
2024-10-30 10:43:14.427,73.0,0,60.0,2024-10-30 10:43:00
2024-10-30 10:43:14.549,73.0,0,60.0,2024-10-30 10:43:00
2024-10-30 10:43:14.874,73.0,0,60.0,2024-10-30 10:43:00
2024-10-30 10:43:15.573,73.0,0,60.0,2024-10-30 10:43:00
2024-10-30 10:43:25.152,73.0,0,60.0,2024-10-30 10:43:00
2024-10-30 10:43:25.155,73.0,0,60.0,2024-10-30 10:43:00
2024-10-30 10:43:25.515,73.0,0,60.0,2024-10-30 10:43:00
2024-10-30 10:43:25.528,73.0,0,60.0,2024-10-30 10:43:00
2024-10-30 10:43:25.979,73.0,0,60.0,2024-10-30 10:43:00
2024-10-30 10:43:26.037,73.0,0,60.0,2024-10-30 10:43:00
2024-10-30 10:43:26.486,73.0,0,60.0,2024-10-30 10:43:00
2024-10-30 10:43:26.556,73.0,0,60.0,2024-10-30 10:43:00
2024-10-30 10:43:27.069,73.0,0,60.0,2024-10-30 10:43:00
2024-10-30 10:43:27.103,73.0,0,60.0,2024-10-30 10:43:00
2024-10-30 10:43:28.983,73.0,0,60.0,2024-10-30 10:43:00
2024-10-30 10:43:30.035,73.0,0,60.0,2024-10-30 10:43:00
2024-10-30 10:43:31.864,73.0,0,60.0,2024-10-30 10:43:00
2024-10-30 10:43:33.791,73.0,0,60.0,2024-10-30 10:43:00
2024-10-30 10:43:34.797,73.0,0,60.0,2024-10-30 10:43:00
2024-10-30 10:43:37.140,73.0,0,60.0,2024-10-30 10:43:00
2024-10-30 10:43:37.148,73.0,0,60.0,2024-10-30 10:43:00
2024-10-30 10:43:37.498,73.0,0,60.0,2024-10-30 10:43:00
2024-10-30 10:43:37.566,73.0,0,60.0,2024-10-30 10:43:00
2024-10-30 10:43:38.005,73.0,0,60.0,2024-10-30 10:43:00
2024-10-30 10:43:38.031,73.0,0,60.0,2024-10-30 10:43:00
2024-10-30 10:43:38.516,73.0,0,60.0,2024-10-30 10:43:00
2024-10-30 10:43:38.541,73.0,0,60.0,2024-10-30 10:43:00
2024-10-30 10:43:39.027,73.0,0,60.0,2024-10-30 10:43:00
2024-10-30 10:43:39.412,73.0,0,60.0,2024-10-30 10:43:00
2024-10-30 10:43:41.419,73.0,0,60.0,2024-10-30 10:43:00
2024-10-30 10:43:43.383,73.0,0,60.0,2024-10-30 10:43:00
2024-10-30 10:43:44.049,73.0,0,60.0,2024-10-30 10:43:00
2024-10-30 10:43:45.780,73.0,0,60.0,2024-10-30 10:43:00
2024-10-30 10:43:47.749,73.0,0,60.0,2024-10-30 10:43:00
2024-10-30 10:43:48.698,73.0,0,60.0,2024-10-30 10:43:00
2024-10-30 10:43:48.972,73.0,0,60.0,2024-10-30 10:43:00
2024-10-30 10:43:49.248,73.0,0,60.0,2024-10-30 10:43:00
2024-10-30 10:43:49.411,73.0,0,60.0,2024-10-30 10:43:00
2024-10-30 10:43:49.732,73.0,0,60.0,2024-10-30 10:43:00
2024-10-30 10:43:49.933,73.0,0,60.0,2024-10-30 10:43:00
2024-10-30 10:43:50.288,73.0,0,60.0,2024-10-30 10:43:00
2024-10-30 10:43:50.457,73.0,0,60.0,2024-10-30 10:43:00
2024-10-30 10:43:50.715,73.0,0,60.0,2024-10-30 10:43:00
2024-10-30 10:43:51.399,73.0,0,60.0,2024-10-30 10:43:00
2024-10-30 10:43:52.987,73.0,0,60.0,2024-10-30 10:43:00
2024-10-30 10:43:54.908,73.0,0,60.0,2024-10-30 10:43:00
2024-10-30 10:43:56.876,73.0,0,60.0,2024-10-30 10:43:00
2024-10-30 10:43:57.729,73.0,0,60.0,2024-10-30 10:43:00
2024-10-30 10:43:59.704,73.0,0,60.0,2024-10-30 10:43:00
2024-10-30 10:44:00.740,73.0,0,60.0,2024-10-30 10:44:00
2024-10-30 10:44:00.892,73.0,0,60.0,2024-10-30 10:44:00
2024-10-30 10:44:01.182,73.0,0,60.0,2024-10-30 10:44:00
2024-10-30 10:44:01.398,73.0,0,60.0,2024-10-30 10:44:00
2024-10-30 10:44:01.847,73.0,0,60.0,2024-10-30 10:44:00
2024-10-30 10:44:01.941,73.0,0,60.0,2024-10-30 10:44:00
2024-10-30 10:44:02.209,73.0,0,60.0,2024-10-30 10:44:00
2024-10-30 10:44:02.415,73.0,0,60.0,2024-10-30 10:44:00
2024-10-30 10:44:02.703,73.0,0,60.0,2024-10-30 10:44:00
2024-10-30 10:44:03.135,73.0,0,60.0,2024-10-30 10:44:00
2024-10-30 10:44:04.936,73.0,0,60.0,2024-10-30 10:44:00
2024-10-30 10:44:06.969,73.0,0,60.0,2024-10-30 10:44:00
2024-10-30 10:44:09.007,73.0,0,60.0,2024-10-30 10:44:00
2024-10-30 10:44:09.641,73.0,0,60.0,2024-10-30 10:44:00
2024-10-30 10:44:11.704,73.0,0,60.0,2024-10-30 10:44:00
2024-10-30 10:44:13.625,73.0,0,60.0,2024-10-30 10:44:00
2024-10-30 10:44:13.633,73.0,0,60.0,2024-10-30 10:44:00
2024-10-30 10:44:13.645,73.0,0,60.0,2024-10-30 10:44:00
2024-10-30 10:44:13.695,73.0,0,60.0,2024-10-30 10:44:00
2024-10-30 10:44:13.900,73.0,0,60.0,2024-10-30 10:44:00
2024-10-30 10:44:13.906,73.0,0,60.0,2024-10-30 10:44:00
2024-10-30 10:44:14.354,73.0,0,60.0,2024-10-30 10:44:00
2024-10-30 10:44:14.423,73.0,0,60.0,2024-10-30 10:44:00
2024-10-30 10:44:14.877,73.0,0,60.0,2024-10-30 10:44:00
2024-10-30 10:44:15.238,73.0,0,60.0,2024-10-30 10:44:00
2024-10-30 10:44:16.980,73.0,0,60.0,2024-10-30 10:44:00
2024-10-30 10:44:18.908,73.0,0,60.0,2024-10-30 10:44:00
2024-10-30 10:44:20.838,73.0,0,60.0,2024-10-30 10:44:00
2024-10-30 10:44:21.648,73.0,0,60.0,2024-10-30 10:44:00
2024-10-30 10:44:25.145,73.0,0,60.0,2024-10-30 10:44:00
2024-10-30 10:44:25.152,73.0,0,60.0,2024-10-30 10:44:00
2024-10-30 10:44:25.520,73.0,0,60.0,2024-10-30 10:44:00
2024-10-30 10:44:25.569,73.0,0,60.0,2024-10-30 10:44:00
2024-10-30 10:44:26.039,73.0,0,60.0,2024-10-30 10:44:00
2024-10-30 10:44:26.080,73.0,0,60.0,2024-10-30 10:44:00
2024-10-30 10:44:26.575,73.0,0,60.0,2024-10-30 10:44:00
2024-10-30 10:44:26.580,73.0,0,60.0,2024-10-30 10:44:00
2024-10-30 10:44:27.126,73.0,0,60.0,2024-10-30 10:44:00
2024-10-30 10:44:27.603,73.0,0,60.0,2024-10-30 10:44:00
2024-10-30 10:44:29.466,73.0,0,60.0,2024-10-30 10:44:00
2024-10-30 10:44:31.387,73.0,0,60.0,2024-10-30 10:44:00
2024-10-30 10:44:32.257,73.0,0,60.0,2024-10-30 10:44:00
2024-10-30 10:44:37.145,73.0,0,60.0,2024-10-30 10:44:00
2024-10-30 10:44:37.152,73.0,0,60.0,2024-10-30 10:44:00
2024-10-30 10:44:37.495,73.0,0,60.0,2024-10-30 10:44:00
2024-10-30 10:44:37.568,73.0,0,60.0,2024-10-30 10:44:00
2024-10-30 10:44:38.002,73.0,0,60.0,2024-10-30 10:44:00
2024-10-30 10:44:38.048,73.0,0,60.0,2024-10-30 10:44:00
2024-10-30 10:44:38.539,73.0,0,60.0,2024-10-30 10:44:00
2024-10-30 10:44:38.558,73.0,0,60.0,2024-10-30 10:44:00
2024-10-30 10:44:39.030,73.0,0,60.0,2024-10-30 10:44:00
2024-10-30 10:44:39.136,73.0,0,60.0,2024-10-30 10:44:00
2024-10-30 10:44:41.015,73.0,0,60.0,2024-10-30 10:44:00
2024-10-30 10:44:42.911,73.0,0,60.0,2024-10-30 10:44:00
2024-10-30 10:44:43.956,73.0,0,60.0,2024-10-30 10:44:00
2024-10-30 10:44:45.566,73.0,0,60.0,2024-10-30 10:44:00
2024-10-30 10:44:47.235,73.0,0,60.0,2024-10-30 10:44:00
2024-10-30 10:44:49.199,73.0,0,60.0,2024-10-30 10:44:00
2024-10-30 10:44:49.233,73.0,0,60.0,2024-10-30 10:44:00
2024-10-30 10:44:49.243,73.0,0,60.0,2024-10-30 10:44:00
2024-10-30 10:44:49.445,73.0,0,60.0,2024-10-30 10:44:00
2024-10-30 10:44:49.596,73.0,0,60.0,2024-10-30 10:44:00
2024-10-30 10:44:49.971,73.0,0,60.0,2024-10-30 10:44:00
2024-10-30 10:44:50.127,73.0,0,60.0,2024-10-30 10:44:00
2024-10-30 10:44:50.551,73.0,0,60.0,2024-10-30 10:44:00
2024-10-30 10:44:50.679,73.0,0,60.0,2024-10-30 10:44:00
2024-10-30 10:44:51.078,73.0,0,60.0,2024-10-30 10:44:00
2024-10-30 10:44:52.990,73.0,0,60.0,2024-10-30 10:44:00
2024-10-30 10:44:54.906,73.0,0,60.0,2024-10-30 10:44:00
2024-10-30 10:44:55.921,73.0,0,60.0,2024-10-30 10:44:00
2024-10-30 10:44:57.551,73.0,0,60.0,2024-10-30 10:44:00
2024-10-30 10:45:01.149,73.0,0,60.0,2024-10-30 10:45:00
2024-10-30 10:45:01.156,73.0,0,60.0,2024-10-30 10:45:00
2024-10-30 10:45:01.567,73.0,0,60.0,2024-10-30 10:45:00
2024-10-30 10:45:01.647,73.0,0,60.0,2024-10-30 10:45:00
2024-10-30 10:45:02.082,73.0,0,60.0,2024-10-30 10:45:00
2024-10-30 10:45:02.159,73.0,0,60.0,2024-10-30 10:45:00
2024-10-30 10:45:02.593,73.0,0,60.0,2024-10-30 10:45:00
2024-10-30 10:45:02.677,73.0,0,60.0,2024-10-30 10:45:00
2024-10-30 10:45:03.090,73.0,0,60.0,2024-10-30 10:45:00
2024-10-30 10:45:03.458,73.0,0,60.0,2024-10-30 10:45:00
2024-10-30 10:45:05.469,73.0,0,60.0,2024-10-30 10:45:00
2024-10-30 10:45:07.391,73.0,0,60.0,2024-10-30 10:45:00
2024-10-30 10:45:07.812,73.0,0,60.0,2024-10-30 10:45:00
2024-10-30 10:45:13.160,73.0,0,60.0,2024-10-30 10:45:00
2024-10-30 10:45:13.165,73.0,0,60.0,2024-10-30 10:45:00
2024-10-30 10:45:13.534,73.0,0,60.0,2024-10-30 10:45:00
2024-10-30 10:45:13.598,73.0,0,60.0,2024-10-30 10:45:00
2024-10-30 10:45:14.060,73.0,0,60.0,2024-10-30 10:45:00
2024-10-30 10:45:14.093,73.0,0,60.0,2024-10-30 10:45:00
2024-10-30 10:45:14.555,73.0,0,60.0,2024-10-30 10:45:00
2024-10-30 10:45:14.639,73.0,0,60.0,2024-10-30 10:45:00
2024-10-30 10:45:15.059,73.0,0,60.0,2024-10-30 10:45:00
2024-10-30 10:45:15.195,73.0,0,60.0,2024-10-30 10:45:00
2024-10-30 10:45:16.992,73.0,0,60.0,2024-10-30 10:45:00
2024-10-30 10:45:18.908,73.0,0,60.0,2024-10-30 10:45:00
2024-10-30 10:45:20.824,73.0,0,60.0,2024-10-30 10:45:00
2024-10-30 10:45:21.796,73.0,0,60.0,2024-10-30 10:45:00
2024-10-30 10:45:23.730,73.0,0,60.0,2024-10-30 10:45:00
2024-10-30 10:45:24.595,73.0,0,60.0,2024-10-30 10:45:00
2024-10-30 10:45:24.974,73.0,0,60.0,2024-10-30 10:45:00
2024-10-30 10:45:25.109,73.0,0,60.0,2024-10-30 10:45:00
2024-10-30 10:45:25.503,73.0,0,60.0,2024-10-30 10:45:00
2024-10-30 10:45:25.633,73.0,0,60.0,2024-10-30 10:45:00
2024-10-30 10:45:25.998,73.0,0,60.0,2024-10-30 10:45:00
2024-10-30 10:45:26.142,73.0,0,60.0,2024-10-30 10:45:00
2024-10-30 10:45:26.517,73.0,0,60.0,2024-10-30 10:45:00
2024-10-30 10:45:26.662,73.0,0,60.0,2024-10-30 10:45:00
2024-10-30 10:45:27.108,73.0,0,60.0,2024-10-30 10:45:00
2024-10-30 10:45:28.990,73.0,0,60.0,2024-10-30 10:45:00
2024-10-30 10:45:30.902,73.0,0,60.0,2024-10-30 10:45:00
2024-10-30 10:45:31.626,73.0,0,60.0,2024-10-30 10:45:00
2024-10-30 10:45:33.258,73.0,0,60.0,2024-10-30 10:45:00
2024-10-30 10:45:35.245,73.0,0,60.0,2024-10-30 10:45:00
2024-10-30 10:45:37.099,73.0,0,60.0,2024-10-30 10:45:00
2024-10-30 10:45:37.106,73.0,0,60.0,2024-10-30 10:45:00
2024-10-30 10:45:37.112,73.0,0,60.0,2024-10-30 10:45:00
2024-10-30 10:45:37.488,73.0,0,60.0,2024-10-30 10:45:00
2024-10-30 10:45:37.501,73.0,0,60.0,2024-10-30 10:45:00
2024-10-30 10:45:37.978,73.0,0,60.0,2024-10-30 10:45:00
2024-10-30 10:45:37.985,73.0,0,60.0,2024-10-30 10:45:00
2024-10-30 10:45:38.497,73.0,0,60.0,2024-10-30 10:45:00
2024-10-30 10:45:38.504,73.0,0,60.0,2024-10-30 10:45:00
2024-10-30 10:45:39.072,73.0,0,60.0,2024-10-30 10:45:00
2024-10-30 10:45:40.983,73.0,0,60.0,2024-10-30 10:45:00
2024-10-30 10:45:41.904,73.0,0,60.0,2024-10-30 10:45:00
2024-10-30 10:45:43.862,73.0,0,60.0,2024-10-30 10:45:00
2024-10-30 10:45:45.785,73.0,0,60.0,2024-10-30 10:45:00
2024-10-30 10:45:46.726,73.0,0,60.0,2024-10-30 10:45:00
2024-10-30 10:45:48.802,73.0,0,60.0,2024-10-30 10:45:00
2024-10-30 10:45:48.957,73.0,0,60.0,2024-10-30 10:45:00
2024-10-30 10:45:49.015,73.0,0,60.0,2024-10-30 10:45:00
2024-10-30 10:45:49.464,73.0,0,60.0,2024-10-30 10:45:00
2024-10-30 10:45:49.533,73.0,0,60.0,2024-10-30 10:45:00
2024-10-30 10:45:50.019,73.0,0,60.0,2024-10-30 10:45:00
2024-10-30 10:45:50.066,73.0,0,60.0,2024-10-30 10:45:00
2024-10-30 10:45:50.570,73.0,0,60.0,2024-10-30 10:45:00
2024-10-30 10:45:50.643,73.0,0,60.0,2024-10-30 10:45:00
2024-10-30 10:45:51.020,73.0,0,60.0,2024-10-30 10:45:00
2024-10-30 10:45:52.949,73.0,0,60.0,2024-10-30 10:45:00
2024-10-30 10:45:53.692,73.0,0,60.0,2024-10-30 10:45:00
2024-10-30 10:45:57.075,73.0,0,60.0,2024-10-30 10:45:00
2024-10-30 10:45:59.264,73.0,0,60.0,2024-10-30 10:45:00
2024-10-30 10:46:01.144,73.0,0,60.0,2024-10-30 10:46:00
2024-10-30 10:46:01.151,73.0,0,60.0,2024-10-30 10:46:00
2024-10-30 10:46:01.156,73.0,0,60.0,2024-10-30 10:46:00
2024-10-30 10:46:01.488,73.0,0,60.0,2024-10-30 10:46:00
2024-10-30 10:46:01.492,73.0,0,60.0,2024-10-30 10:46:00
2024-10-30 10:46:01.996,73.0,0,60.0,2024-10-30 10:46:00
2024-10-30 10:46:02.066,73.0,0,60.0,2024-10-30 10:46:00
2024-10-30 10:46:02.519,73.0,0,60.0,2024-10-30 10:46:00
2024-10-30 10:46:02.525,73.0,0,60.0,2024-10-30 10:46:00
2024-10-30 10:46:03.002,73.0,0,60.0,2024-10-30 10:46:00
2024-10-30 10:46:05.011,73.0,0,60.0,2024-10-30 10:46:00
2024-10-30 10:46:05.864,73.0,0,60.0,2024-10-30 10:46:00
2024-10-30 10:46:07.995,73.0,0,60.0,2024-10-30 10:46:00
2024-10-30 10:46:09.846,73.0,0,60.0,2024-10-30 10:46:00
2024-10-30 10:46:10.685,73.0,0,60.0,2024-10-30 10:46:00
2024-10-30 10:46:13.143,73.0,0,60.0,2024-10-30 10:46:00
2024-10-30 10:46:13.150,73.0,0,60.0,2024-10-30 10:46:00
2024-10-30 10:46:13.735,73.0,0,60.0,2024-10-30 10:46:00
2024-10-30 10:46:13.809,73.0,0,60.0,2024-10-30 10:46:00
2024-10-30 10:46:14.048,73.0,0,60.0,2024-10-30 10:46:00
2024-10-30 10:46:14.059,73.0,0,60.0,2024-10-30 10:46:00
2024-10-30 10:46:14.544,73.0,0,60.0,2024-10-30 10:46:00
2024-10-30 10:46:14.612,73.0,0,60.0,2024-10-30 10:46:00
2024-10-30 10:46:15.153,73.0,0,60.0,2024-10-30 10:46:00
2024-10-30 10:46:15.353,73.0,0,60.0,2024-10-30 10:46:00
2024-10-30 10:46:25.636,73.0,0,60.0,2024-10-30 10:46:00
2024-10-30 10:46:25.642,73.0,0,60.0,2024-10-30 10:46:00
2024-10-30 10:46:25.645,73.0,0,60.0,2024-10-30 10:46:00
2024-10-30 10:46:25.655,73.0,0,60.0,2024-10-30 10:46:00
2024-10-30 10:46:26.196,73.0,0,60.0,2024-10-30 10:46:00
2024-10-30 10:46:26.199,73.0,0,60.0,2024-10-30 10:46:00
2024-10-30 10:46:26.652,73.0,0,60.0,2024-10-30 10:46:00
2024-10-30 10:46:26.684,73.0,0,60.0,2024-10-30 10:46:00
2024-10-30 10:46:27.159,73.0,0,60.0,2024-10-30 10:46:00
2024-10-30 10:46:27.233,73.0,0,60.0,2024-10-30 10:46:00
2024-10-30 10:46:29.047,73.0,0,60.0,2024-10-30 10:46:00
2024-10-30 10:46:30.907,73.0,0,60.0,2024-10-30 10:46:00
2024-10-30 10:46:31.811,73.0,0,60.0,2024-10-30 10:46:00
2024-10-30 10:46:37.635,73.0,0,60.0,2024-10-30 10:46:00
2024-10-30 10:46:37.639,73.0,0,60.0,2024-10-30 10:46:00
2024-10-30 10:46:37.693,73.0,0,60.0,2024-10-30 10:46:00
2024-10-30 10:46:37.701,73.0,0,60.0,2024-10-30 10:46:00
2024-10-30 10:46:38.175,73.0,0,60.0,2024-10-30 10:46:00
2024-10-30 10:46:38.236,73.0,0,60.0,2024-10-30 10:46:00
2024-10-30 10:46:38.717,73.0,0,60.0,2024-10-30 10:46:00
2024-10-30 10:46:38.721,73.0,0,60.0,2024-10-30 10:46:00
2024-10-30 10:46:39.194,73.0,0,60.0,2024-10-30 10:46:00
2024-10-30 10:46:39.795,73.0,0,60.0,2024-10-30 10:46:00
2024-10-30 10:46:49.627,73.0,0,60.0,2024-10-30 10:46:00
2024-10-30 10:46:49.633,73.0,0,60.0,2024-10-30 10:46:00
2024-10-30 10:46:49.771,73.0,0,60.0,2024-10-30 10:46:00
2024-10-30 10:46:49.777,73.0,0,60.0,2024-10-30 10:46:00
2024-10-30 10:46:50.278,73.0,0,60.0,2024-10-30 10:46:00
2024-10-30 10:46:50.285,73.0,0,60.0,2024-10-30 10:46:00
2024-10-30 10:46:50.825,73.0,0,60.0,2024-10-30 10:46:00
2024-10-30 10:46:50.829,73.0,0,60.0,2024-10-30 10:46:00
2024-10-30 10:46:51.288,73.0,0,60.0,2024-10-30 10:46:00
2024-10-30 10:46:51.365,73.0,0,60.0,2024-10-30 10:46:00
2024-10-30 10:46:53.466,73.0,0,60.0,2024-10-30 10:46:00
2024-10-30 10:46:55.391,73.0,0,60.0,2024-10-30 10:46:00
2024-10-30 10:46:56.183,73.0,0,60.0,2024-10-30 10:46:00
2024-10-30 10:46:58.263,73.0,0,60.0,2024-10-30 10:46:00
2024-10-30 10:47:00.193,73.0,0,60.0,2024-10-30 10:47:00
2024-10-30 10:47:01.035,73.0,0,60.0,2024-10-30 10:47:00
2024-10-30 10:47:01.196,73.0,0,60.0,2024-10-30 10:47:00
2024-10-30 10:47:01.403,73.0,0,60.0,2024-10-30 10:47:00
2024-10-30 10:47:01.760,73.0,0,60.0,2024-10-30 10:47:00
2024-10-30 10:47:01.929,73.0,0,60.0,2024-10-30 10:47:00
2024-10-30 10:47:02.206,73.0,0,60.0,2024-10-30 10:47:00
2024-10-30 10:47:02.415,73.0,0,60.0,2024-10-30 10:47:00
2024-10-30 10:47:02.696,73.0,0,60.0,2024-10-30 10:47:00
2024-10-30 10:47:02.934,73.0,0,60.0,2024-10-30 10:47:00
2024-10-30 10:47:03.340,73.0,0,60.0,2024-10-30 10:47:00
2024-10-30 10:47:05.464,73.0,0,60.0,2024-10-30 10:47:00
2024-10-30 10:47:07.355,73.0,0,60.0,2024-10-30 10:47:00
2024-10-30 10:47:08.132,73.0,0,60.0,2024-10-30 10:47:00
2024-10-30 10:47:09.787,73.0,0,60.0,2024-10-30 10:47:00
2024-10-30 10:47:11.708,73.0,0,60.0,2024-10-30 10:47:00
2024-10-30 10:47:13.847,73.0,0,60.0,2024-10-30 10:47:00
2024-10-30 10:47:13.853,73.0,0,60.0,2024-10-30 10:47:00
2024-10-30 10:47:13.917,73.0,0,60.0,2024-10-30 10:47:00
2024-10-30 10:47:13.922,73.0,0,60.0,2024-10-30 10:47:00
2024-10-30 10:47:14.238,73.0,0,60.0,2024-10-30 10:47:00
2024-10-30 10:47:14.293,73.0,0,60.0,2024-10-30 10:47:00
2024-10-30 10:47:14.729,73.0,0,60.0,2024-10-30 10:47:00
2024-10-30 10:47:14.798,73.0,0,60.0,2024-10-30 10:47:00
2024-10-30 10:47:15.246,73.0,0,60.0,2024-10-30 10:47:00
2024-10-30 10:47:15.329,73.0,0,60.0,2024-10-30 10:47:00
2024-10-30 10:47:16.992,73.0,0,60.0,2024-10-30 10:47:00
2024-10-30 10:47:18.910,73.0,0,60.0,2024-10-30 10:47:00
2024-10-30 10:47:25.627,73.0,0,60.0,2024-10-30 10:47:00
2024-10-30 10:47:25.634,73.0,0,60.0,2024-10-30 10:47:00
2024-10-30 10:47:25.775,73.0,0,60.0,2024-10-30 10:47:00
2024-10-30 10:47:25.791,73.0,0,60.0,2024-10-30 10:47:00
2024-10-30 10:47:26.264,73.0,0,60.0,2024-10-30 10:47:00
2024-10-30 10:47:26.334,73.0,0,60.0,2024-10-30 10:47:00
2024-10-30 10:47:26.847,73.0,0,60.0,2024-10-30 10:47:00
2024-10-30 10:47:26.913,73.0,0,60.0,2024-10-30 10:47:00
2024-10-30 10:47:27.278,73.0,0,60.0,2024-10-30 10:47:00
2024-10-30 10:47:27.413,73.0,0,60.0,2024-10-30 10:47:00
2024-10-30 10:47:29.471,73.0,0,60.0,2024-10-30 10:47:00
2024-10-30 10:47:30.911,73.0,0,60.0,2024-10-30 10:47:00
2024-10-30 10:47:32.351,73.0,0,60.0,2024-10-30 10:47:00
2024-10-30 10:47:34.315,73.0,0,60.0,2024-10-30 10:47:00
2024-10-30 10:47:35.715,73.0,0,60.0,2024-10-30 10:47:00
2024-10-30 10:47:37.150,73.0,0,60.0,2024-10-30 10:47:00
2024-10-30 10:47:37.218,73.0,0,60.0,2024-10-30 10:47:00
2024-10-30 10:47:37.495,73.0,0,60.0,2024-10-30 10:47:00
2024-10-30 10:47:37.703,73.0,0,60.0,2024-10-30 10:47:00
2024-10-30 10:47:38.008,73.0,0,60.0,2024-10-30 10:47:00
2024-10-30 10:47:38.240,73.0,0,60.0,2024-10-30 10:47:00
2024-10-30 10:47:38.508,73.0,0,60.0,2024-10-30 10:47:00
2024-10-30 10:47:38.716,73.0,0,60.0,2024-10-30 10:47:00
2024-10-30 10:47:38.996,73.0,0,60.0,2024-10-30 10:47:00
2024-10-30 10:47:39.401,73.0,0,60.0,2024-10-30 10:47:00
2024-10-30 10:47:41.467,73.0,0,60.0,2024-10-30 10:47:00
2024-10-30 10:47:42.911,73.0,0,60.0,2024-10-30 10:47:00
2024-10-30 10:47:44.559,73.0,0,60.0,2024-10-30 10:47:00
2024-10-30 10:47:46.259,73.0,0,60.0,2024-10-30 10:47:00
2024-10-30 10:47:47.704,73.0,0,60.0,2024-10-30 10:47:00
2024-10-30 10:47:49.626,73.0,0,60.0,2024-10-30 10:47:00
2024-10-30 10:47:49.631,73.0,0,60.0,2024-10-30 10:47:00
2024-10-30 10:47:49.758,73.0,0,60.0,2024-10-30 10:47:00
2024-10-30 10:47:49.791,73.0,0,60.0,2024-10-30 10:47:00
2024-10-30 10:47:50.268,73.0,0,60.0,2024-10-30 10:47:00
2024-10-30 10:47:50.296,73.0,0,60.0,2024-10-30 10:47:00
2024-10-30 10:47:50.859,73.0,0,60.0,2024-10-30 10:47:00
2024-10-30 10:47:50.960,73.0,0,60.0,2024-10-30 10:47:00
2024-10-30 10:47:51.283,73.0,0,60.0,2024-10-30 10:47:00
2024-10-30 10:47:51.367,73.0,0,60.0,2024-10-30 10:47:00
2024-10-30 10:47:53.503,73.0,0,60.0,2024-10-30 10:47:00
2024-10-30 10:47:54.861,73.0,0,60.0,2024-10-30 10:47:00
2024-10-30 10:47:56.308,73.0,0,60.0,2024-10-30 10:47:00
2024-10-30 10:47:58.223,73.0,0,60.0,2024-10-30 10:47:00
2024-10-30 10:47:59.681,73.0,0,60.0,2024-10-30 10:47:00
2024-10-30 10:48:01.176,73.0,0,60.0,2024-10-30 10:48:00
2024-10-30 10:48:01.183,73.0,0,60.0,2024-10-30 10:48:00
2024-10-30 10:48:01.483,73.0,0,60.0,2024-10-30 10:48:00
2024-10-30 10:48:01.698,73.0,0,60.0,2024-10-30 10:48:00
2024-10-30 10:48:02.093,73.0,0,60.0,2024-10-30 10:48:00
2024-10-30 10:48:02.194,73.0,0,60.0,2024-10-30 10:48:00
2024-10-30 10:48:02.490,73.0,0,60.0,2024-10-30 10:48:00
2024-10-30 10:48:02.693,73.0,0,60.0,2024-10-30 10:48:00
2024-10-30 10:48:03.020,73.0,0,60.0,2024-10-30 10:48:00
2024-10-30 10:48:03.519,73.0,0,60.0,2024-10-30 10:48:00
2024-10-30 10:48:05.425,73.0,0,60.0,2024-10-30 10:48:00
2024-10-30 10:48:06.721,73.0,0,60.0,2024-10-30 10:48:00
2024-10-30 10:48:08.384,83.0,0,70.0,2024-10-30 10:48:00
2024-10-30 10:48:10.266,83.0,0,70.0,2024-10-30 10:48:00
2024-10-30 10:48:11.704,83.0,0,70.0,2024-10-30 10:48:00
2024-10-30 10:48:13.580,83.0,0,70.0,2024-10-30 10:48:00
2024-10-30 10:48:13.587,83.0,0,70.0,2024-10-30 10:48:00
2024-10-30 10:48:13.626,83.0,0,70.0,2024-10-30 10:48:00
2024-10-30 10:48:13.679,83.0,0,70.0,2024-10-30 10:48:00
2024-10-30 10:48:14.127,83.0,0,70.0,2024-10-30 10:48:00
2024-10-30 10:48:14.184,83.0,0,70.0,2024-10-30 10:48:00
2024-10-30 10:48:14.635,83.0,0,70.0,2024-10-30 10:48:00
2024-10-30 10:48:14.693,83.0,0,70.0,2024-10-30 10:48:00
2024-10-30 10:48:15.204,83.0,0,70.0,2024-10-30 10:48:00
2024-10-30 10:48:15.515,83.0,0,70.0,2024-10-30 10:48:00
2024-10-30 10:48:17.428,83.0,0,70.0,2024-10-30 10:48:00
2024-10-30 10:48:18.868,83.0,0,70.0,2024-10-30 10:48:00
2024-10-30 10:48:20.784,83.0,0,70.0,2024-10-30 10:48:00
2024-10-30 10:48:22.076,83.0,0,70.0,2024-10-30 10:48:00
2024-10-30 10:48:23.675,83.0,0,70.0,2024-10-30 10:48:00
2024-10-30 10:48:25.588,83.0,0,70.0,2024-10-30 10:48:00
2024-10-30 10:48:25.593,83.0,0,70.0,2024-10-30 10:48:00
2024-10-30 10:48:25.681,83.0,0,70.0,2024-10-30 10:48:00
2024-10-30 10:48:25.763,83.0,0,70.0,2024-10-30 10:48:00
2024-10-30 10:48:26.196,83.0,0,70.0,2024-10-30 10:48:00
2024-10-30 10:48:26.207,83.0,0,70.0,2024-10-30 10:48:00
2024-10-30 10:48:26.766,83.0,0,70.0,2024-10-30 10:48:00
2024-10-30 10:48:26.769,83.0,0,70.0,2024-10-30 10:48:00
2024-10-30 10:48:27.202,83.0,0,70.0,2024-10-30 10:48:00
2024-10-30 10:48:27.671,83.0,0,70.0,2024-10-30 10:48:00
2024-10-30 10:48:29.424,83.0,0,70.0,2024-10-30 10:48:00
2024-10-30 10:48:31.348,83.0,0,70.0,2024-10-30 10:48:00
2024-10-30 10:48:32.785,83.0,0,70.0,2024-10-30 10:48:00
2024-10-30 10:48:34.224,83.0,0,70.0,2024-10-30 10:48:00
2024-10-30 10:48:36.148,83.0,0,70.0,2024-10-30 10:48:00
2024-10-30 10:48:37.584,83.0,0,70.0,2024-10-30 10:48:00
2024-10-30 10:48:37.588,83.0,0,70.0,2024-10-30 10:48:00
2024-10-30 10:48:37.679,83.0,0,70.0,2024-10-30 10:48:00
2024-10-30 10:48:37.698,83.0,0,70.0,2024-10-30 10:48:00
2024-10-30 10:48:38.303,83.0,0,70.0,2024-10-30 10:48:00
2024-10-30 10:48:38.439,83.0,0,70.0,2024-10-30 10:48:00
2024-10-30 10:48:38.697,83.0,0,70.0,2024-10-30 10:48:00
2024-10-30 10:48:38.716,83.0,0,70.0,2024-10-30 10:48:00
2024-10-30 10:48:39.202,83.0,0,70.0,2024-10-30 10:48:00
2024-10-30 10:48:39.828,83.0,0,70.0,2024-10-30 10:48:00
2024-10-30 10:48:42.104,83.0,0,70.0,2024-10-30 10:48:00
2024-10-30 10:48:43.371,83.0,0,70.0,2024-10-30 10:48:00
2024-10-30 10:48:44.785,83.0,0,70.0,2024-10-30 10:48:00
2024-10-30 10:48:46.705,83.0,0,70.0,2024-10-30 10:48:00
2024-10-30 10:48:48.147,83.0,0,70.0,2024-10-30 10:48:00
2024-10-30 10:48:49.597,83.0,0,70.0,2024-10-30 10:48:00
2024-10-30 10:48:49.598,83.0,0,70.0,2024-10-30 10:48:00
2024-10-30 10:48:49.778,83.0,0,70.0,2024-10-30 10:48:00
2024-10-30 10:48:49.793,83.0,0,70.0,2024-10-30 10:48:00
2024-10-30 10:48:50.184,83.0,0,70.0,2024-10-30 10:48:00
2024-10-30 10:48:50.201,83.0,0,70.0,2024-10-30 10:48:00
2024-10-30 10:48:50.787,83.0,0,70.0,2024-10-30 10:48:00
2024-10-30 10:48:50.874,83.0,0,70.0,2024-10-30 10:48:00
2024-10-30 10:48:51.200,83.0,0,70.0,2024-10-30 10:48:00
2024-10-30 10:48:51.898,83.0,0,70.0,2024-10-30 10:48:00
2024-10-30 10:48:53.906,83.0,0,70.0,2024-10-30 10:48:00
2024-10-30 10:48:55.347,83.0,0,70.0,2024-10-30 10:48:00
2024-10-30 10:48:57.274,83.0,0,70.0,2024-10-30 10:48:00
2024-10-30 10:48:58.726,83.0,0,70.0,2024-10-30 10:48:00
2024-10-30 10:49:00.149,83.0,0,70.0,2024-10-30 10:49:00
2024-10-30 10:49:01.564,83.0,0,70.0,2024-10-30 10:49:00
2024-10-30 10:49:01.581,83.0,0,70.0,2024-10-30 10:49:00
2024-10-30 10:49:01.670,83.0,0,70.0,2024-10-30 10:49:00
2024-10-30 10:49:01.680,83.0,0,70.0,2024-10-30 10:49:00
2024-10-30 10:49:02.188,83.0,0,70.0,2024-10-30 10:49:00
2024-10-30 10:49:02.193,83.0,0,70.0,2024-10-30 10:49:00
2024-10-30 10:49:02.736,83.0,0,70.0,2024-10-30 10:49:00
2024-10-30 10:49:02.798,83.0,0,70.0,2024-10-30 10:49:00
2024-10-30 10:49:03.273,83.0,0,70.0,2024-10-30 10:49:00
2024-10-30 10:49:04.019,83.0,0,70.0,2024-10-30 10:49:00
2024-10-30 10:49:05.909,83.0,0,70.0,2024-10-30 10:49:00
2024-10-30 10:49:07.346,83.0,0,70.0,2024-10-30 10:49:00
2024-10-30 10:49:09.270,83.0,0,70.0,2024-10-30 10:49:00
2024-10-30 10:49:10.694,83.0,0,70.0,2024-10-30 10:49:00
2024-10-30 10:49:12.635,83.0,0,70.0,2024-10-30 10:49:00
2024-10-30 10:49:13.158,83.0,0,70.0,2024-10-30 10:49:00
2024-10-30 10:49:13.189,83.0,0,70.0,2024-10-30 10:49:00
2024-10-30 10:49:13.661,83.0,0,70.0,2024-10-30 10:49:00
2024-10-30 10:49:13.677,83.0,0,70.0,2024-10-30 10:49:00
2024-10-30 10:49:14.166,83.0,0,70.0,2024-10-30 10:49:00
2024-10-30 10:49:14.184,83.0,0,70.0,2024-10-30 10:49:00
2024-10-30 10:49:14.669,83.0,0,70.0,2024-10-30 10:49:00
2024-10-30 10:49:14.689,83.0,0,70.0,2024-10-30 10:49:00
2024-10-30 10:49:15.182,83.0,0,70.0,2024-10-30 10:49:00
2024-10-30 10:49:16.131,83.0,0,70.0,2024-10-30 10:49:00
2024-10-30 10:49:17.932,83.0,0,70.0,2024-10-30 10:49:00
2024-10-30 10:49:19.821,83.0,0,70.0,2024-10-30 10:49:00
2024-10-30 10:49:21.769,83.0,0,70.0,2024-10-30 10:49:00
2024-10-30 10:49:22.671,83.0,0,70.0,2024-10-30 10:49:00
2024-10-30 10:49:24.623,83.0,0,70.0,2024-10-30 10:49:00
2024-10-30 10:49:25.214,83.0,0,70.0,2024-10-30 10:49:00
2024-10-30 10:49:25.220,83.0,0,70.0,2024-10-30 10:49:00
2024-10-30 10:49:25.662,83.0,0,70.0,2024-10-30 10:49:00
2024-10-30 10:49:25.689,83.0,0,70.0,2024-10-30 10:49:00
2024-10-30 10:49:26.168,83.0,0,70.0,2024-10-30 10:49:00
2024-10-30 10:49:26.189,83.0,0,70.0,2024-10-30 10:49:00
2024-10-30 10:49:26.673,83.0,0,70.0,2024-10-30 10:49:00
2024-10-30 10:49:26.713,83.0,0,70.0,2024-10-30 10:49:00
2024-10-30 10:49:27.182,83.0,0,70.0,2024-10-30 10:49:00
2024-10-30 10:49:28.940,83.0,0,70.0,2024-10-30 10:49:00
2024-10-30 10:49:29.891,83.0,0,70.0,2024-10-30 10:49:00
2024-10-30 10:49:31.821,83.0,0,70.0,2024-10-30 10:49:00
2024-10-30 10:49:33.742,83.0,0,70.0,2024-10-30 10:49:00
2024-10-30 10:49:34.812,83.0,0,70.0,2024-10-30 10:49:00
2024-10-30 10:49:36.621,83.0,0,70.0,2024-10-30 10:49:00
2024-10-30 10:49:37.175,83.0,0,70.0,2024-10-30 10:49:00
2024-10-30 10:49:37.180,83.0,0,70.0,2024-10-30 10:49:00
2024-10-30 10:49:37.667,83.0,0,70.0,2024-10-30 10:49:00
2024-10-30 10:49:37.673,83.0,0,70.0,2024-10-30 10:49:00
2024-10-30 10:49:38.161,83.0,0,70.0,2024-10-30 10:49:00
2024-10-30 10:49:38.168,83.0,0,70.0,2024-10-30 10:49:00
2024-10-30 10:49:38.668,83.0,0,70.0,2024-10-30 10:49:00
2024-10-30 10:49:38.683,83.0,0,70.0,2024-10-30 10:49:00
2024-10-30 10:49:39.182,83.0,0,70.0,2024-10-30 10:49:00
2024-10-30 10:49:40.958,83.0,0,70.0,2024-10-30 10:49:00
2024-10-30 10:49:42.861,83.0,0,70.0,2024-10-30 10:49:00
2024-10-30 10:49:43.648,83.0,0,70.0,2024-10-30 10:49:00
2024-10-30 10:49:45.741,83.0,0,70.0,2024-10-30 10:49:00
2024-10-30 10:49:47.662,83.0,0,70.0,2024-10-30 10:49:00
2024-10-30 10:49:48.445,83.0,0,70.0,2024-10-30 10:49:00
2024-10-30 10:49:49.150,83.0,0,70.0,2024-10-30 10:49:00
2024-10-30 10:49:49.155,83.0,0,70.0,2024-10-30 10:49:00
2024-10-30 10:49:49.655,83.0,0,70.0,2024-10-30 10:49:00
2024-10-30 10:49:49.658,83.0,0,70.0,2024-10-30 10:49:00
2024-10-30 10:49:50.161,83.0,0,70.0,2024-10-30 10:49:00
2024-10-30 10:49:50.168,83.0,0,70.0,2024-10-30 10:49:00
2024-10-30 10:49:50.704,83.0,0,70.0,2024-10-30 10:49:00
2024-10-30 10:49:50.834,83.0,0,70.0,2024-10-30 10:49:00
2024-10-30 10:49:51.181,83.0,0,70.0,2024-10-30 10:49:00
2024-10-30 10:49:52.939,83.0,0,70.0,2024-10-30 10:49:00
2024-10-30 10:49:54.862,83.0,0,70.0,2024-10-30 10:49:00
2024-10-30 10:49:55.695,83.0,0,70.0,2024-10-30 10:49:00
2024-10-30 10:49:57.738,83.0,0,70.0,2024-10-30 10:49:00
2024-10-30 10:49:59.662,83.0,0,70.0,2024-10-30 10:49:00
2024-10-30 10:50:00.598,83.0,0,70.0,2024-10-30 10:50:00
2024-10-30 10:50:01.145,83.0,0,70.0,2024-10-30 10:50:00
2024-10-30 10:50:01.162,83.0,0,70.0,2024-10-30 10:50:00
2024-10-30 10:50:01.648,83.0,0,70.0,2024-10-30 10:50:00
2024-10-30 10:50:01.664,83.0,0,70.0,2024-10-30 10:50:00
2024-10-30 10:50:02.153,83.0,0,70.0,2024-10-30 10:50:00
2024-10-30 10:50:02.167,83.0,0,70.0,2024-10-30 10:50:00
2024-10-30 10:50:02.704,83.0,0,70.0,2024-10-30 10:50:00
2024-10-30 10:50:02.837,83.0,0,70.0,2024-10-30 10:50:00
2024-10-30 10:50:03.166,83.0,0,70.0,2024-10-30 10:50:00
2024-10-30 10:50:04.939,83.0,0,70.0,2024-10-30 10:50:00
2024-10-30 10:50:06.860,83.0,0,70.0,2024-10-30 10:50:00
2024-10-30 10:50:07.874,83.0,0,70.0,2024-10-30 10:50:00
2024-10-30 10:50:09.742,83.0,0,70.0,2024-10-30 10:50:00
2024-10-30 10:50:11.680,83.0,0,70.0,2024-10-30 10:50:00
2024-10-30 10:50:12.678,83.0,0,70.0,2024-10-30 10:50:00
2024-10-30 10:50:13.133,83.0,0,70.0,2024-10-30 10:50:00
2024-10-30 10:50:13.187,83.0,0,70.0,2024-10-30 10:50:00
2024-10-30 10:50:13.637,83.0,0,70.0,2024-10-30 10:50:00
2024-10-30 10:50:13.693,83.0,0,70.0,2024-10-30 10:50:00
2024-10-30 10:50:14.211,83.0,0,70.0,2024-10-30 10:50:00
2024-10-30 10:50:14.260,83.0,0,70.0,2024-10-30 10:50:00
2024-10-30 10:50:14.645,83.0,0,70.0,2024-10-30 10:50:00
2024-10-30 10:50:14.705,83.0,0,70.0,2024-10-30 10:50:00
2024-10-30 10:50:15.159,83.0,0,70.0,2024-10-30 10:50:00
2024-10-30 10:50:16.946,83.0,0,70.0,2024-10-30 10:50:00
2024-10-30 10:50:18.863,83.0,0,70.0,2024-10-30 10:50:00
2024-10-30 10:50:20.783,83.0,0,70.0,2024-10-30 10:50:00
2024-10-30 10:50:21.551,83.0,0,70.0,2024-10-30 10:50:00
2024-10-30 10:50:23.203,83.0,0,70.0,2024-10-30 10:50:00
2024-10-30 10:50:25.101,83.0,0,70.0,2024-10-30 10:50:00
2024-10-30 10:50:25.117,83.0,0,70.0,2024-10-30 10:50:00
2024-10-30 10:50:25.253,83.0,0,70.0,2024-10-30 10:50:00
2024-10-30 10:50:25.728,83.0,0,70.0,2024-10-30 10:50:00
2024-10-30 10:50:25.789,83.0,0,70.0,2024-10-30 10:50:00
,,0,,
,,0,,
,,0,,
,,0,,
,,0,,
,,0,,
,,0,,
,,0,,
,,0,,
,,0,,
,,0,,
,,0,,
,,0,,
,,0,,
,,0,,
,,0,,
,,0,,
,,0,,
,,0,,
,,0,,
,,0,,
,,0,,
,,0,,
,,0,,
,,0,,
,,0,,
,,0,,
,,0,,
,,0,,
,,0,,
,,0,,
,,0,,
,,0,,
,,0,,
,,0,,
,,0,,
,,0,,
,,0,,
,,0,,
,,0,,
,,0,,
,,0,,
,,0,,
,,0,,
,,0,,
,,0,,
,,0,,
,,0,,
,,0,,
,,0,,
,,0,,
,,0,,
,,0,,
,,0,,
,,0,,
,,0,,
,,0,,
,,0,,
,,0,,
,,0,,
,,0,,
,,0,,
,,0,,
,,0,,
,,0,,
,,0,,
,,0,,
,,0,,
,,0,,
,,0,,
,,0,,
,,0,,
,,0,,
,,0,,
,,0,,
,,0,,
,,0,,
,,0,,
,,0,,
,,0,,
,,0,,
,,0,,
,,0,,
,,0,,
,,0,,
,,0,,
,,0,,
,,0,,
,,0,,
,,0,,
,,0,,
,,0,,
,,0,,
,,0,,
,,0,,
,,0,,
,,0,,
,,0,,
,,0,,
,,0,,
,,0,,
,,0,,
,,0,,
,,0,,
,,0,,
,,0,,
,,0,,
,,0,,
,,0,,
,,0,,
,,0,,
,,0,,
,,0,,
,,0,,
,,0,,
,,0,,
,,0,,
,,0,,
,,0,,
,,0,,
,,0,,
,,0,,
,,0,,
,,0,,
,,0,,
,,0,,
,,0,,
,,0,,
,,0,,
,,0,,
,,0,,
,,0,,
,,0,,
,,0,,
,,0,,
,,0,,
,,0,,
,,0,,
,,0,,
,,0,,
,,0,,
,,0,,
,,0,,
,,0,,
,,0,,
,,0,,
,,0,,
,,0,,
,,0,,
,,0,,
,,0,,
,,0,,
,,0,,
,,0,,
,,0,,
,,0,,
,,0,,
,,0,,
,,0,,
,,0,,
,,0,,
,,0,,
,,0,,
,,0,,
,,0,,
,,0,,
,,0,,
,,0,,
,,0,,
,,0,,
,,0,,
,,0,,
,,0,,
,,0,,
,,0,,
,,0,,
,,0,,
,,0,,
,,0,,
,,0,,
,,0,,
,,0,,
,,0,,
,,0,,
,,0,,
,,0,,
,,0,,
,,0,,
,,0,,
,,0,,
,,0,,
,,0,,
,,0,,
,,0,,
,,0,,
,,0,,
,,0,,
,,0,,
,,0,,
,,0,,
,,0,,
,,0,,
,,0,,
,,0,,
,,0,,
,,0,,
,,0,,
,,0,,
,,0,,
,,0,,
,,0,,
,,0,,
,,0,,
,,0,,
,,0,,
,,0,,
,,0,,
,,0,,
,,0,,
,,0,,
,,0,,
,,0,,
,,0,,
,,0,,
,,0,,
,,0,,
,,0,,
,,0,,
,,0,,
,,0,,
,,0,,
,,0,,
,,0,,
,,0,,
,,0,,
,,0,,
,,0,,
,,0,,
,,0,,
,,0,,
,,0,,
,,0,,
,,0,,
,,0,,
,,0,,
,,0,,
,,0,,
,,0,,
,,0,,
,,0,,
,,0,,
,,0,,
,,0,,
,,0,,
,,0,,
,,0,,
,,0,,
,,0,,
,,0,,
,,0,,
,,0,,
,,0,,
,,0,,
,,0,,
,,0,,
,,0,,
,,0,,
,,0,,
,,0,,
,,0,,
,,0,,
,,0,,
,,0,,
,,0,,
,,0,,
,,0,,
,,0,,
,,0,,
,,0,,
,,0,,
,,0,,
,,0,,
,,0,,
,,0,,
,,0,,
,,0,,
,,0,,
,,0,,
,,0,,
,,0,,
,,0,,
,,0,,
,,0,,
,,0,,
,,0,,
,,0,,
,,0,,
,,0,,
,,0,,
,,0,,
,,0,,
,,0,,
,,0,,
,,0,,
,,0,,
,,0,,
,,0,,
,,0,,
,,0,,
,,0,,
,,0,,
,,0,,
,,0,,
,,0,,
,,0,,
,,0,,
,,0,,
,,0,,
,,0,,
,,0,,
,,0,,
,,0,,
,,0,,
,,0,,
,,0,,
,,0,,
,,0,,
,,0,,
,,0,,
,,0,,
,,0,,
,,0,,
,,0,,
,,0,,
,,0,,
,,0,,
,,0,,
,,0,,
,,0,,
,,0,,
,,0,,
,,0,,
,,0,,
,,0,,
,,0,,
,,0,,
,,0,,
,,0,,
,,0,,
,,0,,
,,0,,
,,0,,
,,0,,
,,0,,
,,0,,
,,0,,
,,0,,
,,0,,
,,0,,
,,0,,
,,0,,
,,0,,
,,0,,
,,0,,
,,0,,
,,0,,
,,0,,
,,0,,
,,0,,
,,0,,
,,0,,
,,0,,
,,0,,
,,0,,
,,0,,
,,0,,
,,0,,
,,0,,
,,0,,
,,0,,
,,0,,
,,0,,
,,0,,
,,0,,
,,0,,
,,0,,
,,0,,
,,0,,
,,0,,
,,0,,
,,0,,
,,0,,
,,0,,
,,0,,
,,0,,
,,0,,
,,0,,
,,0,,
,,0,,
,,0,,
,,0,,
,,0,,
,,0,,
,,0,,
,,0,,
,,0,,
,,0,,
,,0,,
,,0,,
,,0,,
,,0,,
,,0,,
,,0,,
,,0,,
,,0,,
,,0,,
,,0,,
,,0,,
,,0,,
,,0,,
,,0,,
,,0,,
,,0,,
,,0,,
,,0,,
,,0,,
,,0,,
,,0,,
,,0,,
,,0,,
,,0,,
,,0,,
,,0,,
,,0,,
,,0,,
,,0,,
,,0,,
,,0,,
,,0,,
,,0,,
,,0,,
,,0,,
,,0,,
,,0,,
,,0,,
,,0,,
,,0,,
,,0,,
,,0,,
,,0,,
,,0,,
,,0,,
,,0,,
,,0,,
,,0,,
,,0,,
,,0,,
,,0,,
,,0,,
,,0,,
,,0,,
,,0,,
,,0,,
,,0,,
,,0,,
,,0,,
,,0,,
,,0,,
,,0,,
,,0,,
,,0,,
,,0,,
,,0,,
,,0,,
,,0,,
,,0,,
,,0,,
,,0,,
,,0,,
,,0,,
,,0,,
,,0,,
,,0,,
,,0,,
,,0,,
,,0,,
,,0,,
,,0,,
,,0,,
,,0,,
,,0,,
,,0,,
,,0,,
,,0,,
,,0,,
,,0,,
,,0,,
,,0,,
,,0,,
,,0,,
,,0,,
,,0,,
,,0,,
,,0,,
,,0,,
,,0,,
,,0,,
,,0,,
,,0,,
,,0,,
,,0,,
,,0,,
,,0,,
,,0,,
,,0,,
,,0,,
,,0,,
,,0,,
,,0,,
,,0,,
,,0,,
,,0,,
,,0,,
,,0,,
,,0,,
,,0,,
,,0,,
,,0,,
,,0,,
,,0,,
,,0,,
,,0,,
,,0,,
,,0,,
,,0,,
,,0,,
,,0,,
,,0,,
,,0,,
,,0,,
,,0,,
,,0,,
,,0,,
,,0,,
,,0,,
,,0,,
,,0,,
,,0,,
,,0,,
,,0,,
,,0,,
,,0,,
,,0,,
,,0,,
,,0,,
,,0,,
,,0,,
,,0,,
,,0,,
,,0,,
,,0,,
,,0,,
,,0,,
,,0,,
,,0,,
,,0,,
,,0,,
,,0,,
,,0,,
,,0,,
,,0,,
,,0,,
,,0,,
,,0,,
,,0,,
,,0,,
,,0,,
,,0,,
,,0,,
,,0,,
,,0,,
,,0,,
,,0,,
,,0,,
,,0,,
,,0,,
,,0,,
,,0,,
,,0,,
,,0,,
,,0,,
,,0,,
,,0,,
,,0,,
,,0,,
,,0,,
,,0,,
,,0,,
,,0,,
,,0,,
,,0,,
,,0,,
,,0,,
,,0,,
,,0,,
,,0,,
,,0,,
,,0,,
,,0,,
,,0,,
,,0,,
,,0,,
,,0,,
,,0,,
,,0,,
,,0,,
,,0,,
,,0,,
,,0,,
,,0,,
,,0,,
,,0,,
,,0,,
,,0,,
,,0,,
,,0,,
,,0,,
,,0,,
,,0,,
,,0,,
,,0,,
,,0,,
,,0,,
,,0,,
,,0,,
,,0,,
,,0,,
,,0,,
,,0,,
,,0,,
,,0,,
,,0,,
,,0,,
,,0,,
,,0,,
,,0,,
,,0,,
,,0,,
,,0,,
,,0,,
,,0,,
,,0,,
,,0,,
,,0,,
,,0,,
,,0,,
,,0,,
,,0,,
,,0,,
,,0,,
,,0,,
,,0,,
,,0,,
,,0,,
,,0,,
,,0,,
,,0,,
,,0,,
,,0,,
,,0,,
,,0,,
,,0,,
,,0,,
,,0,,
,,0,,
,,0,,
,,0,,
,,0,,
,,0,,
,,0,,
,,0,,
,,0,,
,,0,,
,,0,,
,,0,,
,,0,,
,,0,,
,,0,,
,,0,,
,,0,,
,,0,,
,,0,,
,,0,,
,,0,,
,,0,,
,,0,,
,,0,,
,,0,,
,,0,,
,,0,,
,,0,,
,,0,,
,,0,,
,,0,,
,,0,,
,,0,,
,,0,,
,,0,,
,,0,,
,,0,,
,,0,,
,,0,,
,,0,,
,,0,,
,,0,,
,,0,,
,,0,,
,,0,,
,,0,,
,,0,,
,,0,,
,,0,,
,,0,,
,,0,,
,,0,,
,,0,,
,,0,,
,,0,,
,,0,,
,,0,,
,,0,,
,,0,,
,,0,,
,,0,,
,,0,,
,,0,,
,,0,,
,,0,,
,,0,,
,,0,,
,,0,,
,,0,,
,,0,,
,,0,,
,,0,,
,,0,,
,,0,,
,,0,,
,,0,,
,,0,,
,,0,,
,,0,,
,,0,,
,,0,,
,,0,,
,,0,,
,,0,,
,,0,,
,,0,,
,,0,,
,,0,,
,,0,,
,,0,,
,,0,,
,,0,,
,,0,,
,,0,,
,,0,,
,,0,,
,,0,,
,,0,,
,,0,,
,,0,,
,,0,,
,,0,,
,,0,,
,,0,,
,,0,,
,,0,,
,,0,,
,,0,,
,,0,,
,,0,,
,,0,,
,,0,,
,,0,,
,,0,,
,,0,,
,,0,,
,,0,,
,,0,,
,,0,,
,,0,,
,,0,,
,,0,,
,,0,,
,,0,,
,,0,,
,,0,,
,,0,,
,,0,,
,,0,,
,,0,,
,,0,,
,,0,,
,,0,,
,,0,,
,,0,,
,,0,,
,,0,,
,,0,,
,,0,,
,,0,,
,,0,,
,,0,,
,,0,,
,,0,,
,,0,,
,,0,,
,,0,,
,,0,,
,,0,,
,,0,,
,,0,,
,,0,,
,,0,,
,,0,,
,,0,,
,,0,,
,,0,,
,,0,,
,,0,,
,,0,,
,,0,,
,,0,,
,,0,,
,,0,,
,,0,,
,,0,,
,,0,,
,,0,,
,,0,,
,,0,,
,,0,,
,,0,,
,,0,,
,,0,,
,,0,,
,,0,,
,,0,,
,,0,,
,,0,,
,,0,,
,,0,,
,,0,,
,,0,,
,,0,,
,,0,,
,,0,,
,,0,,
,,0,,
,,0,,
,,0,,
,,0,,
,,0,,
,,0,,
,,0,,
,,0,,
,,0,,
,,0,,
,,0,,
,,0,,
,,0,,
,,0,,
,,0,,
,,0,,
,,0,,
,,0,,
,,0,,
,,0,,
,,0,,
,,0,,
,,0,,
,,0,,
,,0,,
,,0,,
,,0,,
,,0,,
,,0,,
,,0,,
,,0,,
,,0,,
,,0,,
,,0,,
,,0,,
,,0,,
,,0,,
,,0,,
,,0,,
,,0,,
,,0,,
,,0,,
,,0,,
,,0,,
,,0,,
,,0,,
,,0,,
,,0,,
,,0,,
,,0,,
,,0,,
,,0,,
,,0,,
,,0,,
,,0,,
,,0,,
,,0,,
,,0,,
,,0,,
,,0,,
,,0,,
,,0,,
,,0,,
,,0,,
,,0,,
,,0,,
,,0,,
,,0,,
,,0,,
,,0,,
,,0,,
,,0,,
,,0,,
,,0,,
,,0,,
,,0,,
,,0,,
,,0,,
,,0,,
,,0,,
,,0,,
,,0,,
,,0,,
,,0,,
,,0,,
,,0,,
,,0,,
,,0,,
,,0,,
,,0,,
,,0,,
,,0,,
,,0,,
,,0,,
,,0,,
,,0,,
,,0,,
,,0,,
,,0,,
,,0,,
,,0,,
,,0,,
,,0,,
,,0,,
,,0,,
,,0,,
,,0,,
,,0,,
,,0,,
,,0,,
,,0,,
,,0,,
,,0,,
,,0,,
,,0,,
,,0,,
,,0,,
,,0,,
,,0,,
,,0,,
,,0,,
,,0,,
,,0,,
,,0,,
,,0,,
,,0,,
,,0,,
,,0,,
,,0,,
,,0,,
,,0,,
,,0,,
,,0,,
,,0,,
,,0,,
,,0,,
,,0,,
,,0,,
,,0,,
,,0,,
,,0,,
,,0,,
,,0,,
,,0,,
,,0,,
,,0,,
,,0,,
,,0,,
,,0,,
,,0,,
,,0,,
,,0,,
,,0,,
,,0,,
,,0,,
,,0,,
,,0,,
,,0,,
,,0,,
,,0,,
,,0,,
,,0,,
,,0,,
,,0,,
,,0,,
,,0,,
,,0,,
,,0,,
,,0,,
,,0,,
,,0,,
,,0,,
,,0,,
,,0,,
,,0,,
,,0,,
,,0,,
,,0,,
,,0,,
,,0,,
,,0,,
,,0,,
,,0,,
,,0,,
,,0,,
,,0,,
,,0,,
,,0,,
,,0,,
,,0,,
,,0,,
,,0,,
,,0,,
,,0,,
,,0,,
,,0,,
,,0,,
,,0,,
,,0,,
,,0,,
,,0,,
,,0,,
,,0,,
,,0,,
,,0,,
,,0,,
,,0,,
,,0,,
,,0,,
,,0,,
,,0,,
,,0,,
,,0,,
,,0,,
,,0,,
,,0,,
,,0,,
,,0,,
,,0,,
,,0,,
,,0,,
,,0,,
,,0,,
,,0,,
,,0,,
,,0,,
,,0,,
,,0,,
,,0,,
,,0,,
,,0,,
,,0,,
,,0,,
,,0,,
,,0,,
,,0,,
,,0,,
,,0,,
,,0,,
,,0,,
,,0,,
,,0,,
,,0,,
,,0,,
,,0,,
,,0,,
,,0,,
,,0,,
,,0,,
,,0,,
,,0,,
,,0,,
,,0,,
,,0,,
,,0,,
,,0,,
,,0,,
,,0,,
,,0,,
,,0,,
,,0,,
,,0,,
,,0,,
,,0,,
,,0,,
,,0,,
,,0,,
,,0,,
,,0,,
,,0,,
,,0,,
,,0,,
,,0,,
,,0,,
,,0,,
,,0,,
,,0,,
,,0,,
,,0,,
,,0,,
,,0,,
,,0,,
,,0,,
,,0,,
,,0,,
,,0,,
,,0,,
,,0,,
,,0,,
,,0,,
,,0,,
,,0,,
,,0,,
,,0,,
,,0,,
,,0,,
,,0,,
,,0,,
,,0,,
,,0,,
,,0,,
,,0,,
,,0,,
,,0,,
,,0,,
,,0,,
,,0,,
,,0,,
,,0,,
,,0,,
,,0,,
,,0,,
,,0,,
,,0,,
,,0,,
,,0,,
,,0,,
,,0,,
,,0,,
,,0,,
,,0,,
,,0,,
,,0,,
,,0,,
,,0,,
,,0,,
,,0,,
,,0,,
,,0,,
,,0,,
,,0,,
,,0,,
,,0,,
,,0,,
,,0,,
,,0,,
,,0,,
,,0,,
,,0,,
,,0,,
,,0,,
,,0,,
,,0,,
,,0,,
,,0,,
,,0,,
,,0,,
,,0,,
,,0,,
,,0,,
,,0,,
,,0,,
,,0,,
,,0,,
,,0,,
,,0,,
,,0,,
,,0,,
,,0,,
,,0,,
,,0,,
,,0,,
,,0,,
,,0,,
,,0,,
,,0,,
,,0,,
,,0,,
,,0,,
,,0,,
,,0,,
,,0,,
,,0,,
,,0,,
,,0,,
,,0,,
,,0,,
,,0,,
,,0,,
,,0,,
,,0,,
,,0,,
,,0,,
,,0,,
,,0,,
,,0,,
,,0,,
,,0,,
,,0,,
,,0,,
,,0,,
,,0,,
,,0,,
,,0,,
,,0,,
,,0,,
,,0,,
,,0,,
,,0,,
,,0,,
,,0,,
,,0,,
,,0,,
,,0,,
,,0,,
,,0,,
,,0,,
,,0,,
,,0,,
,,0,,
,,0,,
,,0,,
,,0,,
,,0,,
,,0,,
,,0,,
,,0,,
,,0,,
,,0,,
,,0,,
,,0,,
,,0,,
,,0,,
,,0,,
,,0,,
,,0,,
,,0,,
,,0,,
,,0,,
,,0,,
,,0,,
,,0,,
,,0,,
,,0,,
,,0,,
,,0,,
,,0,,
,,0,,
,,0,,
,,0,,
,,0,,
,,0,,
,,0,,
,,0,,
,,0,,
,,0,,
,,0,,
,,0,,
,,0,,
,,0,,
,,0,,
,,0,,
,,0,,
,,0,,
,,0,,
,,0,,
,,0,,
,,0,,
,,0,,
,,0,,
,,0,,
,,0,,
,,0,,
,,0,,
,,0,,
,,0,,
,,0,,
,,0,,
,,0,,
,,0,,
,,0,,
,,0,,
,,0,,
,,0,,
,,0,,
,,0,,
,,0,,
,,0,,
,,0,,
,,0,,
,,0,,
,,0,,
,,0,,
,,0,,
,,0,,
,,0,,
,,0,,
,,0,,
,,0,,
,,0,,
,,0,,
,,0,,
,,0,,
,,0,,
,,0,,
,,0,,
,,0,,
,,0,,
,,0,,
,,0,,
,,0,,
,,0,,
,,0,,
,,0,,
,,0,,
,,0,,
,,0,,
,,0,,
,,0,,
,,0,,
,,0,,
,,0,,
,,0,,
,,0,,
,,0,,
,,0,,
,,0,,
,,0,,
,,0,,
,,0,,
,,0,,
,,0,,
,,0,,
,,0,,
,,0,,
,,0,,
,,0,,
,,0,,
,,0,,
,,0,,
,,0,,
,,0,,
,,0,,
,,0,,
,,0,,
,,0,,
,,0,,
,,0,,
,,0,,
,,0,,
,,0,,
,,0,,
,,0,,
,,0,,
,,0,,
,,0,,
,,0,,
,,0,,
,,0,,
,,0,,
,,0,,
,,0,,
,,0,,
,,0,,
,,0,,
,,0,,
,,0,,
,,0,,
,,0,,
,,0,,
,,0,,
,,0,,
,,0,,
,,0,,
,,0,,
,,0,,
,,0,,
,,0,,
,,0,,
,,0,,
,,0,,
,,0,,
,,0,,
,,0,,
,,0,,
,,0,,
,,0,,
,,0,,
,,0,,
,,0,,
,,0,,
,,0,,
,,0,,
,,0,,
,,0,,
,,0,,
,,0,,
,,0,,
,,0,,
,,0,,
,,0,,
,,0,,
,,0,,
,,0,,
,,0,,
,,0,,
,,0,,
,,0,,
,,0,,
,,0,,
,,0,,
,,0,,
,,0,,
,,0,,
,,0,,
,,0,,
,,0,,
,,0,,
,,0,,
,,0,,
,,0,,
,,0,,
,,0,,
,,0,,
,,0,,
,,0,,
,,0,,
,,0,,
,,0,,
,,0,,
,,0,,
,,0,,
,,0,,
,,0,,
,,0,,
,,0,,
,,0,,
,,0,,
,,0,,
,,0,,
,,0,,
,,0,,
,,0,,
,,0,,
,,0,,
,,0,,
,,0,,
,,0,,
,,0,,
,,0,,
,,0,,
,,0,,
,,0,,
,,0,,
,,0,,
,,0,,
,,0,,
,,0,,
,,0,,
,,0,,
,,0,,
,,0,,
,,0,,
,,0,,
,,0,,
,,0,,
,,0,,
,,0,,
,,0,,
,,0,,
,,0,,
,,0,,
,,0,,
,,0,,
,,0,,
,,0,,
,,0,,
,,0,,
,,0,,
,,0,,
,,0,,
,,0,,
,,0,,
,,0,,
,,0,,
,,0,,
,,0,,
,,0,,
,,0,,
,,0,,
,,0,,
,,0,,
,,0,,
,,0,,
,,0,,
,,0,,
,,0,,
,,0,,
,,0,,
,,0,,
,,0,,
,,0,,
,,0,,
,,0,,
,,0,,
,,0,,
,,0,,
,,0,,
,,0,,
,,0,,
,,0,,
,,0,,
,,0,,
,,0,,
,,0,,
,,0,,
,,0,,
,,0,,
,,0,,
,,0,,
,,0,,
,,0,,
,,0,,
,,0,,
,,0,,
,,0,,
,,0,,
,,0,,
,,0,,
,,0,,
,,0,,
,,0,,
,,0,,
,,0,,
,,0,,
,,0,,
,,0,,
,,0,,
,,0,,
,,0,,
,,0,,
,,0,,
,,0,,
,,0,,
,,0,,
,,0,,
,,0,,
,,0,,
,,0,,
,,0,,
,,0,,
,,0,,
,,0,,
,,0,,
,,0,,
,,0,,
,,0,,
,,0,,
,,0,,
,,0,,
,,0,,
,,0,,
,,0,,
,,0,,
,,0,,
,,0,,
,,0,,
,,0,,
,,0,,
,,0,,
,,0,,
,,0,,
,,0,,
,,0,,
,,0,,
,,0,,
,,0,,
,,0,,
,,0,,
,,0,,
,,0,,
,,0,,
,,0,,
,,0,,
,,0,,
,,0,,
,,0,,
,,0,,
,,0,,
,,0,,
,,0,,
,,0,,
,,0,,
,,0,,
,,0,,
,,0,,
,,0,,
,,0,,
,,0,,
,,0,,
,,0,,
,,0,,
,,0,,
,,0,,
,,0,,
,,0,,
,,0,,
,,0,,
,,0,,
,,0,,
,,0,,
,,0,,
,,0,,
,,0,,
,,0,,
,,0,,
,,0,,
,,0,,
,,0,,
,,0,,
,,0,,
,,0,,
,,0,,
,,0,,
,,0,,
,,0,,
,,0,,
,,0,,
,,0,,
,,0,,
,,0,,
,,0,,
,,0,,
,,0,,
,,0,,
,,0,,
,,0,,
,,0,,
,,0,,
,,0,,
,,0,,
,,0,,
,,0,,
,,0,,
,,0,,
,,0,,
,,0,,
,,0,,
,,0,,
,,0,,
,,0,,
,,0,,
,,0,,
,,0,,
,,0,,
,,0,,
,,0,,
,,0,,
,,0,,
,,0,,
,,0,,
,,0,,
,,0,,
,,0,,
,,0,,
,,0,,
,,0,,
,,0,,
,,0,,
,,0,,
,,0,,
,,0,,
,,0,,
,,0,,
,,0,,
,,0,,
,,0,,
,,0,,
,,0,,
,,0,,
,,0,,
,,0,,
,,0,,
,,0,,
,,0,,
,,0,,
,,0,,
,,0,,
,,0,,
,,0,,
,,0,,
,,0,,
,,0,,
,,0,,
,,0,,
,,0,,
,,0,,
,,0,,
,,0,,
,,0,,
,,0,,
,,0,,
,,0,,
,,0,,
,,0,,
,,0,,
,,0,,
,,0,,
,,0,,
,,0,,
,,0,,
,,0,,
,,0,,
,,0,,
,,0,,
,,0,,
,,0,,
,,0,,
,,0,,
,,0,,
,,0,,
,,0,,
,,0,,
,,0,,
,,0,,
,,0,,
,,0,,
,,0,,
,,0,,
,,0,,
,,0,,
,,0,,
,,0,,
,,0,,
,,0,,
,,0,,
,,0,,
,,0,,
,,0,,
,,0,,
,,0,,
,,0,,
,,0,,
,,0,,
,,0,,
,,0,,
,,0,,
,,0,,
,,0,,
,,0,,
,,0,,
,,0,,
,,0,,
,,0,,
,,0,,
,,0,,
,,0,,
,,0,,
,,0,,
,,0,,
,,0,,
,,0,,
,,0,,
,,0,,
,,0,,
,,0,,
,,0,,
,,0,,
,,0,,
,,0,,
,,0,,
,,0,,
,,0,,
,,0,,
,,0,,
,,0,,
,,0,,
,,0,,
,,0,,
,,0,,
,,0,,
,,0,,
,,0,,
,,0,,
,,0,,
,,0,,
,,0,,
,,0,,
,,0,,
,,0,,
,,0,,
,,0,,
,,0,,
,,0,,
,,0,,
,,0,,
,,0,,
,,0,,
,,0,,
,,0,,
,,0,,
,,0,,
,,0,,
,,0,,
,,0,,
,,0,,
,,0,,
,,0,,
,,0,,
,,0,,
,,0,,
,,0,,
,,0,,
,,0,,
,,0,,
,,0,,
,,0,,
,,0,,
,,0,,
,,0,,
,,0,,
,,0,,
,,0,,
,,0,,
,,0,,
,,0,,
,,0,,
,,0,,
,,0,,
,,0,,
,,0,,
,,0,,
,,0,,
,,0,,
,,0,,
,,0,,
,,0,,
,,0,,
,,0,,
,,0,,
,,0,,
,,0,,
,,0,,
,,0,,
,,0,,
,,0,,
,,0,,
,,0,,
,,0,,
,,0,,
,,0,,
,,0,,
,,0,,
,,0,,
,,0,,
,,0,,
,,0,,
,,0,,
,,0,,
,,0,,
,,0,,
,,0,,
,,0,,
,,0,,
,,0,,
,,0,,
,,0,,
,,0,,
,,0,,
,,0,,
,,0,,
,,0,,
,,0,,
,,0,,
,,0,,
,,0,,
,,0,,
,,0,,
,,0,,
,,0,,
,,0,,
,,0,,
,,0,,
,,0,,
,,0,,
,,0,,
,,0,,
,,0,,
,,0,,
,,0,,
,,0,,
,,0,,
,,0,,
,,0,,
,,0,,
,,0,,
,,0,,
,,0,,
,,0,,
,,0,,
,,0,,
,,0,,
,,0,,
,,0,,
,,0,,
,,0,,
,,0,,
,,0,,
,,0,,
,,0,,
,,0,,
,,0,,
,,0,,
,,0,,
,,0,,
,,0,,
,,0,,
,,0,,
,,0,,
,,0,,
,,0,,
,,0,,
,,0,,
,,0,,
,,0,,
,,0,,
,,0,,
,,0,,
,,0,,
,,0,,
,,0,,
,,0,,
,,0,,
,,0,,
,,0,,
,,0,,
,,0,,
,,0,,
,,0,,
,,0,,
,,0,,
,,0,,
,,0,,
,,0,,
,,0,,
,,0,,
,,0,,
,,0,,
,,0,,
,,0,,
,,0,,
,,0,,
,,0,,
,,0,,
,,0,,
,,0,,
,,0,,
,,0,,
,,0,,
,,0,,
,,0,,
,,0,,
,,0,,
,,0,,
,,0,,
,,0,,
,,0,,
,,0,,
,,0,,
,,0,,
,,0,,
,,0,,
,,0,,
,,0,,
,,0,,
,,0,,
,,0,,
,,0,,
,,0,,
,,0,,
,,0,,
,,0,,
,,0,,
,,0,,
,,0,,
,,0,,
,,0,,
,,0,,
,,0,,
,,0,,
,,0,,
,,0,,
,,0,,
,,0,,
,,0,,
,,0,,
,,0,,
,,0,,
,,0,,
,,0,,
,,0,,
,,0,,
,,0,,
,,0,,
,,0,,
,,0,,
,,0,,
,,0,,
,,0,,
,,0,,
,,0,,
,,0,,
,,0,,
,,0,,
,,0,,
,,0,,
,,0,,
,,0,,
,,0,,
,,0,,
,,0,,
,,0,,
,,0,,
,,0,,
,,0,,
,,0,,
,,0,,
,,0,,
,,0,,
,,0,,
,,0,,
,,0,,
,,0,,
,,0,,
,,0,,
,,0,,
,,0,,
,,0,,
,,0,,
,,0,,
,,0,,
,,0,,
,,0,,
,,0,,
,,0,,
,,0,,
,,0,,
,,0,,
,,0,,
,,0,,
,,0,,
,,0,,
,,0,,
,,0,,
,,0,,
,,0,,
,,0,,
,,0,,
,,0,,
,,0,,
,,0,,
,,0,,
,,0,,
,,0,,
,,0,,
,,0,,
,,0,,
,,0,,
,,0,,
,,0,,
,,0,,
,,0,,
,,0,,
,,0,,
,,0,,
,,0,,
,,0,,
,,0,,
,,0,,
,,0,,
,,0,,
,,0,,
,,0,,
,,0,,
,,0,,
,,0,,
,,0,,
,,0,,
,,0,,
,,0,,
,,0,,
,,0,,
,,0,,
,,0,,
,,0,,
,,0,,
,,0,,
,,0,,
,,0,,
,,0,,
,,0,,
,,0,,
,,0,,
,,0,,
,,0,,
,,0,,
,,0,,
,,0,,
,,0,,
,,0,,
,,0,,
,,0,,
,,0,,
,,0,,
,,0,,
,,0,,
,,0,,
,,0,,
,,0,,
,,0,,
,,0,,
,,0,,
,,0,,
,,0,,
,,0,,
,,0,,
,,0,,
,,0,,
,,0,,
,,0,,
,,0,,
,,0,,
,,0,,
,,0,,
,,0,,
,,0,,
,,0,,
,,0,,
,,0,,
,,0,,
,,0,,
,,0,,
,,0,,
,,0,,
,,0,,
,,0,,
,,0,,
,,0,,
,,0,,
,,0,,
,,0,,
,,0,,
,,0,,
,,0,,
,,0,,
,,0,,
,,0,,
,,0,,
,,0,,
,,0,,
,,0,,
,,0,,
,,0,,
,,0,,
,,0,,
,,0,,
,,0,,
,,0,,
,,0,,
,,0,,
,,0,,
,,0,,
,,0,,
,,0,,
,,0,,
,,0,,
,,0,,
,,0,,
,,0,,
,,0,,
,,0,,
,,0,,
,,0,,
,,0,,
,,0,,
,,0,,
,,0,,
,,0,,
,,0,,
,,0,,
,,0,,
,,0,,
,,0,,
,,0,,
,,0,,
,,0,,
,,0,,
,,0,,
,,0,,
,,0,,
,,0,,
,,0,,
,,0,,
,,0,,
,,0,,
,,0,,
,,0,,
,,0,,
,,0,,
,,0,,
,,0,,
,,0,,
,,0,,
,,0,,
,,0,,
,,0,,
,,0,,
,,0,,
,,0,,
,,0,,
,,0,,
,,0,,
,,0,,
,,0,,
,,0,,
,,0,,
,,0,,
,,0,,
,,0,,
,,0,,
,,0,,
,,0,,
,,0,,
,,0,,
,,0,,
,,0,,
,,0,,
,,0,,
,,0,,
,,0,,
,,0,,
,,0,,
,,0,,
,,0,,
,,0,,
,,0,,
,,0,,
,,0,,
,,0,,
,,0,,
,,0,,
,,0,,
,,0,,
,,0,,
,,0,,
,,0,,
,,0,,
,,0,,
,,0,,
,,0,,
,,0,,
,,0,,
,,0,,
,,0,,
,,0,,
,,0,,
,,0,,
,,0,,
,,0,,
,,0,,
,,0,,
,,0,,
,,0,,
,,0,,
,,0,,
,,0,,
,,0,,
,,0,,
,,0,,
,,0,,
,,0,,
,,0,,
,,0,,
,,0,,
,,0,,
,,0,,
,,0,,
,,0,,
,,0,,
,,0,,
,,0,,
,,0,,
,,0,,
,,0,,
,,0,,
,,0,,
,,0,,
,,0,,
,,0,,
,,0,,
,,0,,
,,0,,
,,0,,
,,0,,
,,0,,
,,0,,
,,0,,
,,0,,
,,0,,
,,0,,
,,0,,
,,0,,
,,0,,
,,0,,
,,0,,
,,0,,
,,0,,
,,0,,
,,0,,
,,0,,
,,0,,
,,0,,
,,0,,
,,0,,
,,0,,
,,0,,
,,0,,
,,0,,
,,0,,
,,0,,
,,0,,
,,0,,
,,0,,
,,0,,
,,0,,
,,0,,
,,0,,
,,0,,
,,0,,
,,0,,
,,0,,
,,0,,
,,0,,
,,0,,
,,0,,
,,0,,
,,0,,
,,0,,
,,0,,
,,0,,
,,0,,
,,0,,
,,0,,
,,0,,
,,0,,
,,0,,
,,0,,
,,0,,
,,0,,
,,0,,
,,0,,
,,0,,
,,0,,
,,0,,
,,0,,
,,0,,
,,0,,
,,0,,
,,0,,
,,0,,
,,0,,
,,0,,
,,0,,
,,0,,
,,0,,
,,0,,
,,0,,
,,0,,
,,0,,
,,0,,
,,0,,
,,0,,
,,0,,
,,0,,
,,0,,
,,0,,
,,0,,
,,0,,
,,0,,
,,0,,
,,0,,
,,0,,
,,0,,
,,0,,
,,0,,
,,0,,
,,0,,
,,0,,
,,0,,
,,0,,
,,0,,
,,0,,
,,0,,
,,0,,
,,0,,
,,0,,
,,0,,
,,0,,
,,0,,
,,0,,
,,0,,
,,0,,
,,0,,
,,0,,
,,0,,
,,0,,
,,0,,
,,0,,
,,0,,
,,0,,
,,0,,
,,0,,
,,0,,
,,0,,
,,0,,
,,0,,
,,0,,
,,0,,
,,0,,
,,0,,
,,0,,
,,0,,
,,0,,
,,0,,
,,0,,
,,0,,
,,0,,
,,0,,
,,0,,
,,0,,
,,0,,
,,0,,
,,0,,
,,0,,
,,0,,
,,0,,
,,0,,
,,0,,
,,0,,
,,0,,
,,0,,
,,0,,
,,0,,
,,0,,
,,0,,
,,0,,
,,0,,
,,0,,
,,0,,
,,0,,
,,0,,
,,0,,
,,0,,
,,0,,
,,0,,
,,0,,
,,0,,
,,0,,
,,0,,
,,0,,
,,0,,
,,0,,
,,0,,
,,0,,
,,0,,
,,0,,
,,0,,
,,0,,
,,0,,
,,0,,
,,0,,
,,0,,
,,0,,
,,0,,
,,0,,
,,0,,
,,0,,
,,0,,
,,0,,
,,0,,
,,0,,
,,0,,
,,0,,
,,0,,
,,0,,
,,0,,
,,0,,
,,0,,
,,0,,
,,0,,
,,0,,
,,0,,
,,0,,
,,0,,
,,0,,
,,0,,
,,0,,
,,0,,
,,0,,
,,0,,
,,0,,
,,0,,
,,0,,
,,0,,
,,0,,
,,0,,
,,0,,
,,0,,
,,0,,
,,0,,
,,0,,
,,0,,
,,0,,
,,0,,
,,0,,
,,0,,
,,0,,
,,0,,
,,0,,
,,0,,
,,0,,
,,0,,
,,0,,
,,0,,
,,0,,
,,0,,
,,0,,
,,0,,
,,0,,
,,0,,
,,0,,
,,0,,
,,0,,
,,0,,
,,0,,
,,0,,
,,0,,
,,0,,
,,0,,
,,0,,
,,0,,
,,0,,
,,0,,
,,0,,
,,0,,
,,0,,
,,0,,
,,0,,
,,0,,
,,0,,
,,0,,
,,0,,
,,0,,
,,0,,
,,0,,
,,0,,
,,0,,
,,0,,
,,0,,
,,0,,
,,0,,
,,0,,
,,0,,
,,0,,
,,0,,
,,0,,
,,0,,
,,0,,
,,0,,
,,0,,
,,0,,
,,0,,
,,0,,
,,0,,
,,0,,
,,0,,
,,0,,
,,0,,
,,0,,
,,0,,
,,0,,
,,0,,
,,0,,
,,0,,
,,0,,
,,0,,
,,0,,
,,0,,
,,0,,
,,0,,
,,0,,
,,0,,
,,0,,
,,0,,
,,0,,
,,0,,
,,0,,
,,0,,
,,0,,
,,0,,
,,0,,
,,0,,
,,0,,
,,0,,
,,0,,
,,0,,
,,0,,
,,0,,
,,0,,
,,0,,
,,0,,
,,0,,
,,0,,
,,0,,
,,0,,
,,0,,
,,0,,
,,0,,
,,0,,
,,0,,
,,0,,
,,0,,
,,0,,
,,0,,
,,0,,
,,0,,
,,0,,
,,0,,
,,0,,
,,0,,
,,0,,
,,0,,
,,0,,
,,0,,
,,0,,
,,0,,
,,0,,
,,0,,
,,0,,
,,0,,
,,0,,
,,0,,
,,0,,
,,0,,
,,0,,
,,0,,
,,0,,
,,0,,
,,0,,
,,0,,
,,0,,
,,0,,
,,0,,
,,0,,
,,0,,
,,0,,
,,0,,
,,0,,
,,0,,
,,0,,
,,0,,
,,0,,
,,0,,
,,0,,
,,0,,
,,0,,
,,0,,
,,0,,
,,0,,
,,0,,
,,0,,
,,0,,
,,0,,
,,0,,
,,0,,
,,0,,
,,0,,
,,0,,
,,0,,
,,0,,
,,0,,
,,0,,
,,0,,
,,0,,
,,0,,
,,0,,
,,0,,
,,0,,
,,0,,
,,0,,
,,0,,
,,0,,
,,0,,
,,0,,
,,0,,
,,0,,
,,0,,
,,0,,
,,0,,
,,0,,
,,0,,
,,0,,
,,0,,
,,0,,
,,0,,
,,0,,
,,0,,
,,0,,
,,0,,
,,0,,
,,0,,
,,0,,
,,0,,
,,0,,
,,0,,
,,0,,
,,0,,
,,0,,
,,0,,
,,0,,
,,0,,
,,0,,
,,0,,
,,0,,
,,0,,
,,0,,
,,0,,
,,0,,
,,0,,
,,0,,
,,0,,
,,0,,
,,0,,
,,0,,
,,0,,
,,0,,
,,0,,
,,0,,
,,0,,
,,0,,
,,0,,
,,0,,
,,0,,
,,0,,
,,0,,
,,0,,
,,0,,
,,0,,
,,0,,
,,0,,
,,0,,
,,0,,
,,0,,
,,0,,
,,0,,
,,0,,
,,0,,
,,0,,
,,0,,
,,0,,
,,0,,
,,0,,
,,0,,
,,0,,
,,0,,
,,0,,
,,0,,
,,0,,
,,0,,
,,0,,
,,0,,
,,0,,
,,0,,
,,0,,
,,0,,
,,0,,
,,0,,
,,0,,
,,0,,
,,0,,
,,0,,
,,0,,
,,0,,
,,0,,
,,0,,
,,0,,
,,0,,
,,0,,
,,0,,
,,0,,
,,0,,
,,0,,
,,0,,
,,0,,
,,0,,
,,0,,
,,0,,
,,0,,
,,0,,
,,0,,
,,0,,
,,0,,
,,0,,
,,0,,
,,0,,
,,0,,
,,0,,
,,0,,
,,0,,
,,0,,
,,0,,
,,0,,
,,0,,
,,0,,
,,0,,
,,0,,
,,0,,
,,0,,
,,0,,
,,0,,
,,0,,
,,0,,
,,0,,
,,0,,
,,0,,
,,0,,
,,0,,
,,0,,
,,0,,
,,0,,
,,0,,
,,0,,
,,0,,
,,0,,
,,0,,
,,0,,
,,0,,
,,0,,
,,0,,
,,0,,
,,0,,
,,0,,
,,0,,
,,0,,
,,0,,
,,0,,
,,0,,
,,0,,
,,0,,
,,0,,
,,0,,
,,0,,
,,0,,
,,0,,
,,0,,
,,0,,
,,0,,
,,0,,
,,0,,
,,0,,
,,0,,
,,0,,
,,0,,
,,0,,
,,0,,
,,0,,
,,0,,
,,0,,
,,0,,
,,0,,
,,0,,
,,0,,
,,0,,
,,0,,
,,0,,
,,0,,
,,0,,
,,0,,
,,0,,
,,0,,
,,0,,
,,0,,
,,0,,
,,0,,
,,0,,
,,0,,
,,0,,
,,0,,
,,0,,
,,0,,
,,0,,
,,0,,
,,0,,
,,0,,
,,0,,
,,0,,
,,0,,
,,0,,
,,0,,
,,0,,
,,0,,
,,0,,
,,0,,
,,0,,
,,0,,
,,0,,
,,0,,
,,0,,
,,0,,
,,0,,
,,0,,
,,0,,
,,0,,
,,0,,
,,0,,
,,0,,
,,0,,
,,0,,
,,0,,
,,0,,
,,0,,
,,0,,
,,0,,
,,0,,
,,0,,
,,0,,
,,0,,
,,0,,
,,0,,
,,0,,
,,0,,
,,0,,
,,0,,
,,0,,
,,0,,
,,0,,
,,0,,
,,0,,
,,0,,
,,0,,
,,0,,
,,0,,
,,0,,
,,0,,
,,0,,
,,0,,
,,0,,
,,0,,
,,0,,
,,0,,
,,0,,
,,0,,
,,0,,
,,0,,
,,0,,
,,0,,
,,0,,
,,0,,
,,0,,
,,0,,
,,0,,
,,0,,
,,0,,
,,0,,
,,0,,
,,0,,
,,0,,
,,0,,
,,0,,
,,0,,
,,0,,
,,0,,
,,0,,
,,0,,
,,0,,
,,0,,
,,0,,
,,0,,
,,0,,
,,0,,
,,0,,
,,0,,
,,0,,
,,0,,
,,0,,
,,0,,
,,0,,
,,0,,
,,0,,
,,0,,
,,0,,
,,0,,
,,0,,
,,0,,
,,0,,
,,0,,
,,0,,
,,0,,
,,0,,
,,0,,
,,0,,
,,0,,
,,0,,
,,0,,
,,0,,
,,0,,
,,0,,
,,0,,
,,0,,
,,0,,
,,0,,
,,0,,
,,0,,
,,0,,
,,0,,
,,0,,
,,0,,
,,0,,
,,0,,
,,0,,
,,0,,
,,0,,
,,0,,
,,0,,
,,0,,
,,0,,
,,0,,
,,0,,
,,0,,
,,0,,
,,0,,
,,0,,
,,0,,
,,0,,
,,0,,
,,0,,
,,0,,
,,0,,
,,0,,
,,0,,
,,0,,
,,0,,
,,0,,
,,0,,
,,0,,
,,0,,
,,0,,
,,0,,
,,0,,
,,0,,
,,0,,
,,0,,
,,0,,
,,0,,
,,0,,
,,0,,
,,0,,
,,0,,
,,0,,
,,0,,
,,0,,
,,0,,
,,0,,
,,0,,
,,0,,
,,0,,
,,0,,
,,0,,
,,0,,
,,0,,
,,0,,
,,0,,
,,0,,
,,0,,
,,0,,
,,0,,
,,0,,
,,0,,
,,0,,
,,0,,
,,0,,
,,0,,
,,0,,
,,0,,
,,0,,
,,0,,
,,0,,
,,0,,
,,0,,
,,0,,
,,0,,
,,0,,
,,0,,
,,0,,
,,0,,
,,0,,
,,0,,
,,0,,
,,0,,
,,0,,
,,0,,
,,0,,
,,0,,
,,0,,
,,0,,
,,0,,
,,0,,
,,0,,
,,0,,
,,0,,
,,0,,
,,0,,
,,0,,
,,0,,
,,0,,
,,0,,
,,0,,
,,0,,
,,0,,
,,0,,
,,0,,
,,0,,
,,0,,
,,0,,
,,0,,
,,0,,
,,0,,
,,0,,
,,0,,
,,0,,
,,0,,
,,0,,
,,0,,
,,0,,
,,0,,
,,0,,
,,0,,
,,0,,
,,0,,
,,0,,
,,0,,
,,0,,
,,0,,
,,0,,
,,0,,
,,0,,
,,0,,
,,0,,
,,0,,
,,0,,
,,0,,
,,0,,
,,0,,
,,0,,
,,0,,
,,0,,
,,0,,
,,0,,
,,0,,
,,0,,
,,0,,
,,0,,
,,0,,
,,0,,
,,0,,
,,0,,
,,0,,
,,0,,
,,0,,
,,0,,
,,0,,
,,0,,
,,0,,
,,0,,
,,0,,
,,0,,
,,0,,
,,0,,
,,0,,
,,0,,
,,0,,
,,0,,
,,0,,
,,0,,
,,0,,
,,0,,
,,0,,
,,0,,
,,0,,
,,0,,
,,0,,
,,0,,
,,0,,
,,0,,
,,0,,
,,0,,
,,0,,
,,0,,
,,0,,
,,0,,
,,0,,
,,0,,
,,0,,
,,0,,
,,0,,
,,0,,
,,0,,
,,0,,
,,0,,
,,0,,
,,0,,
,,0,,
,,0,,
,,0,,
,,0,,
,,0,,
,,0,,
,,0,,
,,0,,
,,0,,
,,0,,
,,0,,
,,0,,
,,0,,
,,0,,
,,0,,
,,0,,
,,0,,
,,0,,
,,0,,
,,0,,
,,0,,
,,0,,
,,0,,
,,0,,
,,0,,
,,0,,
,,0,,
,,0,,
,,0,,
,,0,,
,,0,,
,,0,,
,,0,,
,,0,,
,,0,,
,,0,,
,,0,,
,,0,,
,,0,,
,,0,,
,,0,,
,,0,,
,,0,,
,,0,,
,,0,,
,,0,,
,,0,,
,,0,,
,,0,,
,,0,,
,,0,,
,,0,,
,,0,,
,,0,,
,,0,,
,,0,,
,,0,,
,,0,,
,,0,,
,,0,,
,,0,,
,,0,,
,,0,,
,,0,,
,,0,,
,,0,,
,,0,,
,,0,,
,,0,,
,,0,,
,,0,,
,,0,,
,,0,,
,,0,,
,,0,,
,,0,,
,,0,,
,,0,,
,,0,,
,,0,,
,,0,,
,,0,,
,,0,,
,,0,,
,,0,,
,,0,,
,,0,,
,,0,,
,,0,,
,,0,,
,,0,,
,,0,,
,,0,,
,,0,,
,,0,,
,,0,,
,,0,,
,,0,,
,,0,,
,,0,,
,,0,,
,,0,,
,,0,,
,,0,,
,,0,,
,,0,,
,,0,,
,,0,,
,,0,,
,,0,,
,,0,,
,,0,,
,,0,,
,,0,,
,,0,,
,,0,,
,,0,,
,,0,,
,,0,,
,,0,,
,,0,,
,,0,,
,,0,,
,,0,,
,,0,,
,,0,,
,,0,,
,,0,,
,,0,,
,,0,,
,,0,,
,,0,,
,,0,,
,,0,,
,,0,,
,,0,,
,,0,,
,,0,,
,,0,,
,,0,,
,,0,,
,,0,,
,,0,,
,,0,,
,,0,,
,,0,,
,,0,,
,,0,,
,,0,,
,,0,,
,,0,,
,,0,,
,,0,,
,,0,,
,,0,,
,,0,,
,,0,,
,,0,,
,,0,,
,,0,,
,,0,,
,,0,,
,,0,,
,,0,,
,,0,,
,,0,,
,,0,,
,,0,,
,,0,,
,,0,,
,,0,,
,,0,,
,,0,,
,,0,,
,,0,,
,,0,,
,,0,,
,,0,,
,,0,,
,,0,,
,,0,,
,,0,,
,,0,,
,,0,,
,,0,,
,,0,,
,,0,,
,,0,,
,,0,,
,,0,,
,,0,,
,,0,,
,,0,,
,,0,,
,,0,,
,,0,,
,,0,,
,,0,,
,,0,,
,,0,,
,,0,,
,,0,,
,,0,,
,,0,,
,,0,,
,,0,,
,,0,,
,,0,,
,,0,,
,,0,,
,,0,,
,,0,,
,,0,,
,,0,,
,,0,,
,,0,,
,,0,,
,,0,,
,,0,,
,,0,,
,,0,,
,,0,,
,,0,,
,,0,,
,,0,,
,,0,,
,,0,,
,,0,,
,,0,,
,,0,,
,,0,,
,,0,,
,,0,,
,,0,,
,,0,,
,,0,,
,,0,,
,,0,,
,,0,,
,,0,,
,,0,,
,,0,,
,,0,,
,,0,,
,,0,,
,,0,,
,,0,,
,,0,,
,,0,,
,,0,,
,,0,,
,,0,,
,,0,,
,,0,,
,,0,,
,,0,,
,,0,,
,,0,,
,,0,,
,,0,,
,,0,,
,,0,,
,,0,,
,,0,,
,,0,,
,,0,,
,,0,,
,,0,,
,,0,,
,,0,,
,,0,,
,,0,,
,,0,,
,,0,,
,,0,,
,,0,,
,,0,,
,,0,,
,,0,,
,,0,,
,,0,,
,,0,,
,,0,,
,,0,,
,,0,,
,,0,,
,,0,,
,,0,,
,,0,,
,,0,,
,,0,,
,,0,,
,,0,,
,,0,,
,,0,,
,,0,,
,,0,,
,,0,,
,,0,,
,,0,,
,,0,,
,,0,,
,,0,,
,,0,,
,,0,,
,,0,,
,,0,,
,,0,,
,,0,,
,,0,,
,,0,,
,,0,,
,,0,,
,,0,,
,,0,,
,,0,,
,,0,,
,,0,,
,,0,,
,,0,,
,,0,,
,,0,,
,,0,,
,,0,,
,,0,,
,,0,,
,,0,,
,,0,,
,,0,,
,,0,,
,,0,,
,,0,,
,,0,,
,,0,,
,,0,,
,,0,,
,,0,,
,,0,,
,,0,,
,,0,,
,,0,,
,,0,,
,,0,,
,,0,,
,,0,,
,,0,,
,,0,,
,,0,,
,,0,,
,,0,,
,,0,,
,,0,,
,,0,,
,,0,,
,,0,,
,,0,,
,,0,,
,,0,,
,,0,,
,,0,,
,,0,,
,,0,,
,,0,,
,,0,,
,,0,,
,,0,,
,,0,,
,,0,,
,,0,,
,,0,,
,,0,,
,,0,,
,,0,,
,,0,,
,,0,,
,,0,,
,,0,,
,,0,,
,,0,,
,,0,,
,,0,,
,,0,,
,,0,,
,,0,,
,,0,,
,,0,,
,,0,,
,,0,,
,,0,,
,,0,,
,,0,,
,,0,,
,,0,,
,,0,,
,,0,,
,,0,,
,,0,,
,,0,,
,,0,,
,,0,,
,,0,,
,,0,,
,,0,,
,,0,,
,,0,,
,,0,,
,,0,,
,,0,,
,,0,,
,,0,,
,,0,,
,,0,,
,,0,,
,,0,,
,,0,,
,,0,,
,,0,,
,,0,,
,,0,,
,,0,,
,,0,,
,,0,,
,,0,,
,,0,,
,,0,,
,,0,,
,,0,,
,,0,,
,,0,,
,,0,,
,,0,,
,,0,,
,,0,,
,,0,,
,,0,,
,,0,,
,,0,,
,,0,,
,,0,,
,,0,,
,,0,,
,,0,,
,,0,,
,,0,,
,,0,,
,,0,,
,,0,,
,,0,,
,,0,,
,,0,,
,,0,,
,,0,,
,,0,,
,,0,,
,,0,,
,,0,,
,,0,,
,,0,,
,,0,,
,,0,,
,,0,,
,,0,,
,,0,,
,,0,,
,,0,,
,,0,,
,,0,,
,,0,,
,,0,,
,,0,,
,,0,,
,,0,,
,,0,,
,,0,,
,,0,,
,,0,,
,,0,,
,,0,,
,,0,,
,,0,,
,,0,,
,,0,,
,,0,,
,,0,,
,,0,,
,,0,,
,,0,,
,,0,,
,,0,,
,,0,,
,,0,,
,,0,,
,,0,,
,,0,,
,,0,,
,,0,,
,,0,,
,,0,,
,,0,,
,,0,,
,,0,,
,,0,,
,,0,,
,,0,,
,,0,,
,,0,,
,,0,,
,,0,,
,,0,,
,,0,,
,,0,,
,,0,,
,,0,,
,,0,,
,,0,,
,,0,,
,,0,,
,,0,,
,,0,,
,,0,,
,,0,,
,,0,,
,,0,,
,,0,,
,,0,,
,,0,,
,,0,,
,,0,,
,,0,,
,,0,,
,,0,,
,,0,,
,,0,,
,,0,,
,,0,,
,,0,,
,,0,,
,,0,,
,,0,,
,,0,,
,,0,,
,,0,,
,,0,,
,,0,,
,,0,,
,,0,,
,,0,,
,,0,,
,,0,,
,,0,,
,,0,,
,,0,,
,,0,,
,,0,,
,,0,,
,,0,,
,,0,,
,,0,,
,,0,,
,,0,,
,,0,,
,,0,,
,,0,,
,,0,,
,,0,,
,,0,,
,,0,,
,,0,,
,,0,,
,,0,,
,,0,,
,,0,,
,,0,,
,,0,,
,,0,,
,,0,,
,,0,,
,,0,,
,,0,,
,,0,,
,,0,,
,,0,,
,,0,,
,,0,,
,,0,,
,,0,,
,,0,,
,,0,,
,,0,,
,,0,,
,,0,,
,,0,,
,,0,,
,,0,,
,,0,,
,,0,,
,,0,,
,,0,,
,,0,,
,,0,,
,,0,,
,,0,,
,,0,,
,,0,,
,,0,,
,,0,,
,,0,,
,,0,,
,,0,,
,,0,,
,,0,,
,,0,,
,,0,,
,,0,,
,,0,,
,,0,,
,,0,,
,,0,,
,,0,,
,,0,,
,,0,,
,,0,,
,,0,,
,,0,,
,,0,,
,,0,,
,,0,,
,,0,,
,,0,,
,,0,,
,,0,,
,,0,,
,,0,,
,,0,,
,,0,,
,,0,,
,,0,,
,,0,,
,,0,,
,,0,,
,,0,,
,,0,,
,,0,,
,,0,,
,,0,,
,,0,,
,,0,,
,,0,,
,,0,,
,,0,,
,,0,,
,,0,,
,,0,,
,,0,,
,,0,,
,,0,,
,,0,,
,,0,,
,,0,,
,,0,,
,,0,,
,,0,,
,,0,,
,,0,,
,,0,,
,,0,,
,,0,,
,,0,,
,,0,,
,,0,,
,,0,,
,,0,,
,,0,,
,,0,,
,,0,,
,,0,,
,,0,,
,,0,,
,,0,,
,,0,,
,,0,,
,,0,,
,,0,,
,,0,,
,,0,,
,,0,,
,,0,,
,,0,,
,,0,,
,,0,,
,,0,,
,,0,,
,,0,,
,,0,,
,,0,,
,,0,,
,,0,,
,,0,,
,,0,,
,,0,,
,,0,,
,,0,,
,,0,,
,,0,,
,,0,,
,,0,,
,,0,,
,,0,,
,,0,,
,,0,,
,,0,,
,,0,,
,,0,,
,,0,,
,,0,,
,,0,,
,,0,,
,,0,,
,,0,,
,,0,,
,,0,,
,,0,,
,,0,,
,,0,,
,,0,,
,,0,,
,,0,,
,,0,,
,,0,,
,,0,,
,,0,,
,,0,,
,,0,,
,,0,,
,,0,,
,,0,,
,,0,,
,,0,,
,,0,,
,,0,,
,,0,,
,,0,,
,,0,,
,,0,,
,,0,,
,,0,,
,,0,,
,,0,,
,,0,,
,,0,,
,,0,,
,,0,,
,,0,,
,,0,,
,,0,,
,,0,,
,,0,,
,,0,,
,,0,,
,,0,,
,,0,,
,,0,,
,,0,,
,,0,,
,,0,,
,,0,,
,,0,,
,,0,,
,,0,,
,,0,,
,,0,,
,,0,,
,,0,,
,,0,,
,,0,,
,,0,,
,,0,,
,,0,,
,,0,,
,,0,,
,,0,,
,,0,,
,,0,,
,,0,,
,,0,,
,,0,,
,,0,,
,,0,,
,,0,,
,,0,,
,,0,,
,,0,,
,,0,,
,,0,,
,,0,,
,,0,,
,,0,,
,,0,,
,,0,,
,,0,,
,,0,,
,,0,,
,,0,,
,,0,,
,,0,,
,,0,,
,,0,,
,,0,,
,,0,,
,,0,,
,,0,,
,,0,,
,,0,,
,,0,,
,,0,,
,,0,,
,,0,,
,,0,,
,,0,,
,,0,,
,,0,,
,,0,,
,,0,,
,,0,,
,,0,,
,,0,,
,,0,,
,,0,,
,,0,,
,,0,,
,,0,,
,,0,,
,,0,,
,,0,,
,,0,,
,,0,,
,,0,,
,,0,,
,,0,,
,,0,,
,,0,,
,,0,,
,,0,,
,,0,,
,,0,,
,,0,,
,,0,,
,,0,,
,,0,,
,,0,,
,,0,,
,,0,,
,,0,,
,,0,,
,,0,,
,,0,,
,,0,,
,,0,,
,,0,,
,,0,,
,,0,,
,,0,,
,,0,,
,,0,,
,,0,,
,,0,,
,,0,,
,,0,,
,,0,,
,,0,,
,,0,,
,,0,,
,,0,,
,,0,,
,,0,,
,,0,,
,,0,,
,,0,,
,,0,,
,,0,,
,,0,,
,,0,,
,,0,,
,,0,,
,,0,,
,,0,,
,,0,,
,,0,,
,,0,,
,,0,,
,,0,,
,,0,,
,,0,,
,,0,,
,,0,,
,,0,,
,,0,,
,,0,,
,,0,,
,,0,,
,,0,,
,,0,,
,,0,,
,,0,,
,,0,,
,,0,,
,,0,,
,,0,,
,,0,,
,,0,,
,,0,,
,,0,,
,,0,,
,,0,,
,,0,,
,,0,,
,,0,,
,,0,,
,,0,,
,,0,,
,,0,,
,,0,,
,,0,,
,,0,,
,,0,,
,,0,,
,,0,,
,,0,,
,,0,,
,,0,,
,,0,,
,,0,,
,,0,,
,,0,,
,,0,,
,,0,,
,,0,,
,,0,,
,,0,,
,,0,,
,,0,,
,,0,,
,,0,,
,,0,,
,,0,,
,,0,,
,,0,,
,,0,,
,,0,,
,,0,,
,,0,,
,,0,,
,,0,,
,,0,,
,,0,,
,,0,,
,,0,,
,,0,,
,,0,,
,,0,,
,,0,,
,,0,,
,,0,,
,,0,,
,,0,,
,,0,,
,,0,,
,,0,,
,,0,,
,,0,,
,,0,,
,,0,,
,,0,,
,,0,,
,,0,,
,,0,,
,,0,,
,,0,,
,,0,,
,,0,,
,,0,,
,,0,,
,,0,,
,,0,,
,,0,,
,,0,,
,,0,,
,,0,,
,,0,,
,,0,,
,,0,,
,,0,,
,,0,,
,,0,,
,,0,,
,,0,,
,,0,,
,,0,,
,,0,,
,,0,,
,,0,,
,,0,,
,,0,,
,,0,,
,,0,,
,,0,,
,,0,,
,,0,,
,,0,,
,,0,,
,,0,,
,,0,,
,,0,,
,,0,,
,,0,,
,,0,,
,,0,,
,,0,,
,,0,,
,,0,,
,,0,,
,,0,,
,,0,,
,,0,,
,,0,,
,,0,,
,,0,,
,,0,,
,,0,,
,,0,,
,,0,,
,,0,,
,,0,,
,,0,,
,,0,,
,,0,,
,,0,,
,,0,,
,,0,,
,,0,,
,,0,,
,,0,,
,,0,,
,,0,,
,,0,,
,,0,,
,,0,,
,,0,,
,,0,,
,,0,,
,,0,,
,,0,,
,,0,,
,,0,,
,,0,,
,,0,,
,,0,,
,,0,,
,,0,,
,,0,,
,,0,,
,,0,,
,,0,,
,,0,,
,,0,,
,,0,,
,,0,,
,,0,,
,,0,,
,,0,,
,,0,,
,,0,,
,,0,,
,,0,,
,,0,,
,,0,,
,,0,,
,,0,,
,,0,,
,,0,,
,,0,,
,,0,,
,,0,,
,,0,,
,,0,,
,,0,,
,,0,,
,,0,,
,,0,,
,,0,,
,,0,,
,,0,,
,,0,,
,,0,,
,,0,,
,,0,,
,,0,,
,,0,,
,,0,,
,,0,,
,,0,,
,,0,,
,,0,,
,,0,,
,,0,,
,,0,,
,,0,,
,,0,,
,,0,,
,,0,,
,,0,,
,,0,,
,,0,,
,,0,,
,,0,,
,,0,,
,,0,,
,,0,,
,,0,,
,,0,,
,,0,,
,,0,,
,,0,,
,,0,,
,,0,,
,,0,,
,,0,,
,,0,,
,,0,,
,,0,,
,,0,,
,,0,,
,,0,,
,,0,,
,,0,,
,,0,,
,,0,,
,,0,,
,,0,,
,,0,,
,,0,,
,,0,,
,,0,,
,,0,,
,,0,,
,,0,,
,,0,,
,,0,,
,,0,,
,,0,,
,,0,,
,,0,,
,,0,,
,,0,,
,,0,,
,,0,,
,,0,,
,,0,,
,,0,,
,,0,,
,,0,,
,,0,,
,,0,,
,,0,,
,,0,,
,,0,,
,,0,,
,,0,,
,,0,,
,,0,,
,,0,,
,,0,,
,,0,,
,,0,,
,,0,,
,,0,,
,,0,,
,,0,,
,,0,,
,,0,,
,,0,,
,,0,,
,,0,,
,,0,,
,,0,,
,,0,,
,,0,,
,,0,,
,,0,,
,,0,,
,,0,,
,,0,,
,,0,,
,,0,,
,,0,,
,,0,,
,,0,,
,,0,,
,,0,,
,,0,,
,,0,,
,,0,,
,,0,,
,,0,,
,,0,,
,,0,,
,,0,,
,,0,,
,,0,,
,,0,,
,,0,,
,,0,,
,,0,,
,,0,,
,,0,,
,,0,,
,,0,,
,,0,,
,,0,,
,,0,,
,,0,,
,,0,,
,,0,,
,,0,,
,,0,,
,,0,,
,,0,,
,,0,,
,,0,,
,,0,,
,,0,,
,,0,,
,,0,,
,,0,,
,,0,,
,,0,,
,,0,,
,,0,,
,,0,,
,,0,,
,,0,,
,,0,,
,,0,,
,,0,,
,,0,,
,,0,,
,,0,,
,,0,,
,,0,,
,,0,,
,,0,,
,,0,,
,,0,,
,,0,,
,,0,,
,,0,,
,,0,,
,,0,,
,,0,,
,,0,,
,,0,,
,,0,,
,,0,,
,,0,,
,,0,,
,,0,,
,,0,,
,,0,,
,,0,,
,,0,,
,,0,,
,,0,,
,,0,,
,,0,,
,,0,,
,,0,,
,,0,,
,,0,,
,,0,,
,,0,,
,,0,,
,,0,,
,,0,,
,,0,,
,,0,,
,,0,,
,,0,,
,,0,,
,,0,,
,,0,,
,,0,,
,,0,,
,,0,,
,,0,,
,,0,,
,,0,,
,,0,,
,,0,,
,,0,,
,,0,,
,,0,,
,,0,,
,,0,,
,,0,,
,,0,,
,,0,,
,,0,,
,,0,,
,,0,,
,,0,,
,,0,,
,,0,,
,,0,,
,,0,,
,,0,,
,,0,,
,,0,,
,,0,,
,,0,,
,,0,,
,,0,,
,,0,,
,,0,,
,,0,,
,,0,,
,,0,,
,,0,,
,,0,,
,,0,,
,,0,,
,,0,,
,,0,,
,,0,,
,,0,,
,,0,,
,,0,,
,,0,,
,,0,,
,,0,,
,,0,,
,,0,,
,,0,,
,,0,,
,,0,,
,,0,,
,,0,,
,,0,,
,,0,,
,,0,,
,,0,,
,,0,,
,,0,,
,,0,,
,,0,,
,,0,,
,,0,,
,,0,,
,,0,,
,,0,,
,,0,,
,,0,,
,,0,,
,,0,,
,,0,,
,,0,,
,,0,,
,,0,,
,,0,,
,,0,,
,,0,,
,,0,,
,,0,,
,,0,,
,,0,,
,,0,,
,,0,,
,,0,,
,,0,,
,,0,,
,,0,,
,,0,,
,,0,,
,,0,,
,,0,,
,,0,,
,,0,,
,,0,,
,,0,,
,,0,,
,,0,,
,,0,,
,,0,,
,,0,,
,,0,,
,,0,,
,,0,,
,,0,,
,,0,,
,,0,,
,,0,,
,,0,,
,,0,,
,,0,,
,,0,,
,,0,,
,,0,,
,,0,,
,,0,,
,,0,,
,,0,,
,,0,,
,,0,,
,,0,,
,,0,,
,,0,,
,,0,,
,,0,,
,,0,,
,,0,,
,,0,,
,,0,,
,,0,,
,,0,,
,,0,,
,,0,,
,,0,,
,,0,,
,,0,,
,,0,,
,,0,,
,,0,,
,,0,,
,,0,,
,,0,,
,,0,,
,,0,,
,,0,,
,,0,,
,,0,,
,,0,,
,,0,,
,,0,,
,,0,,
,,0,,
,,0,,
,,0,,
,,0,,
,,0,,
,,0,,
,,0,,
,,0,,
,,0,,
,,0,,
,,0,,
,,0,,
,,0,,
,,0,,
,,0,,
,,0,,
,,0,,
,,0,,
,,0,,
,,0,,
,,0,,
,,0,,
,,0,,
,,0,,
,,0,,
,,0,,
,,0,,
,,0,,
,,0,,
,,0,,
,,0,,
,,0,,
,,0,,
,,0,,
,,0,,
,,0,,
,,0,,
,,0,,
,,0,,
,,0,,
,,0,,
,,0,,
,,0,,
,,0,,
,,0,,
,,0,,
,,0,,
,,0,,
,,0,,
,,0,,
,,0,,
,,0,,
,,0,,
,,0,,
,,0,,
,,0,,
,,0,,
,,0,,
,,0,,
,,0,,
,,0,,
,,0,,
,,0,,
,,0,,
,,0,,
,,0,,
,,0,,
,,0,,
,,0,,
,,0,,
,,0,,
,,0,,
,,0,,
,,0,,
,,0,,
,,0,,
,,0,,
,,0,,
,,0,,
,,0,,
,,0,,
,,0,,
,,0,,
,,0,,
,,0,,
,,0,,
,,0,,
,,0,,
,,0,,
,,0,,
,,0,,
,,0,,
,,0,,
,,0,,
,,0,,
,,0,,
,,0,,
,,0,,
,,0,,
,,0,,
,,0,,
,,0,,
,,0,,
,,0,,
,,0,,
,,0,,
,,0,,
,,0,,
,,0,,
,,0,,
,,0,,
,,0,,
,,0,,
,,0,,
,,0,,
,,0,,
,,0,,
,,0,,
,,0,,
,,0,,
,,0,,
,,0,,
,,0,,
,,0,,
,,0,,
,,0,,
,,0,,
,,0,,
,,0,,
,,0,,
,,0,,
,,0,,
,,0,,
,,0,,
,,0,,
,,0,,
,,0,,
,,0,,
,,0,,
,,0,,
,,0,,
,,0,,
,,0,,
,,0,,
,,0,,
,,0,,
,,0,,
,,0,,
,,0,,
,,0,,
,,0,,
,,0,,
,,0,,
,,0,,
,,0,,
,,0,,
,,0,,
,,0,,
,,0,,
,,0,,
,,0,,
,,0,,
,,0,,
,,0,,
,,0,,
,,0,,
,,0,,
,,0,,
,,0,,
,,0,,
,,0,,
,,0,,
,,0,,
,,0,,
,,0,,
,,0,,
,,0,,
,,0,,
,,0,,
,,0,,
,,0,,
,,0,,
,,0,,
,,0,,
,,0,,
,,0,,
,,0,,
,,0,,
,,0,,
,,0,,
,,0,,
,,0,,
,,0,,
,,0,,
,,0,,
,,0,,
,,0,,
,,0,,
,,0,,
,,0,,
,,0,,
,,0,,
,,0,,
,,0,,
,,0,,
,,0,,
,,0,,
,,0,,
,,0,,
,,0,,
,,0,,
,,0,,
,,0,,
,,0,,
,,0,,
,,0,,
,,0,,
,,0,,
,,0,,
,,0,,
,,0,,
,,0,,
,,0,,
,,0,,
,,0,,
,,0,,
,,0,,
,,0,,
,,0,,
,,0,,
,,0,,
,,0,,
,,0,,
,,0,,
,,0,,
,,0,,
,,0,,
,,0,,
,,0,,
,,0,,
,,0,,
,,0,,
,,0,,
,,0,,
,,0,,
,,0,,
,,0,,
,,0,,
,,0,,
,,0,,
,,0,,
,,0,,
,,0,,
,,0,,
,,0,,
,,0,,
,,0,,
,,0,,
,,0,,
,,0,,
,,0,,
,,0,,
,,0,,
,,0,,
,,0,,
,,0,,
,,0,,
,,0,,
,,0,,
,,0,,
,,0,,
,,0,,
,,0,,
,,0,,
,,0,,
,,0,,
,,0,,
,,0,,
,,0,,
,,0,,
,,0,,
,,0,,
,,0,,
,,0,,
,,0,,
,,0,,
,,0,,
,,0,,
,,0,,
,,0,,
,,0,,
,,0,,
,,0,,
,,0,,
,,0,,
,,0,,
,,0,,
,,0,,
,,0,,
,,0,,
,,0,,
,,0,,
,,0,,
,,0,,
,,0,,
,,0,,
,,0,,
,,0,,
,,0,,
,,0,,
,,0,,
,,0,,
,,0,,
,,0,,
,,0,,
,,0,,
,,0,,
,,0,,
,,0,,
,,0,,
,,0,,
,,0,,
,,0,,
,,0,,
,,0,,
,,0,,
,,0,,
,,0,,
,,0,,
,,0,,
,,0,,
,,0,,
,,0,,
,,0,,
,,0,,
,,0,,
,,0,,
,,0,,
,,0,,
,,0,,
,,0,,
,,0,,
,,0,,
,,0,,
,,0,,
,,0,,
,,0,,
,,0,,
,,0,,
,,0,,
,,0,,
,,0,,
,,0,,
,,0,,
,,0,,
,,0,,
,,0,,
,,0,,
,,0,,
,,0,,
,,0,,
,,0,,
,,0,,
,,0,,
,,0,,
,,0,,
,,0,,
,,0,,
,,0,,
,,0,,
,,0,,
,,0,,
,,0,,
,,0,,
,,0,,
,,0,,
,,0,,
,,0,,
,,0,,
,,0,,
,,0,,
,,0,,
,,0,,
,,0,,
,,0,,
,,0,,
,,0,,
,,0,,
,,0,,
,,0,,
,,0,,
,,0,,
,,0,,
,,0,,
,,0,,
,,0,,
,,0,,
,,0,,
,,0,,
,,0,,
,,0,,
,,0,,
,,0,,
,,0,,
,,0,,
,,0,,
,,0,,
,,0,,
,,0,,
,,0,,
,,0,,
,,0,,
,,0,,
,,0,,
,,0,,
,,0,,
,,0,,
,,0,,
,,0,,
,,0,,
,,0,,
,,0,,
,,0,,
,,0,,
,,0,,
,,0,,
,,0,,
,,0,,
,,0,,
,,0,,
,,0,,
,,0,,
,,0,,
,,0,,
,,0,,
,,0,,
,,0,,
,,0,,
,,0,,
,,0,,
,,0,,
,,0,,
,,0,,
,,0,,
,,0,,
,,0,,
,,0,,
,,0,,
,,0,,
,,0,,
,,0,,
,,0,,
,,0,,
,,0,,
,,0,,
,,0,,
,,0,,
,,0,,
,,0,,
,,0,,
,,0,,
,,0,,
,,0,,
,,0,,
,,0,,
,,0,,
,,0,,
,,0,,
,,0,,
,,0,,
,,0,,
,,0,,
,,0,,
,,0,,
,,0,,
,,0,,
,,0,,
,,0,,
,,0,,
,,0,,
,,0,,
,,0,,
,,0,,
,,0,,
,,0,,
,,0,,
,,0,,
,,0,,
,,0,,
,,0,,
,,0,,
,,0,,
,,0,,
,,0,,
,,0,,
,,0,,
,,0,,
,,0,,
,,0,,
,,0,,
,,0,,
,,0,,
,,0,,
,,0,,
,,0,,
,,0,,
,,0,,
,,0,,
,,0,,
,,0,,
,,0,,
,,0,,
,,0,,
,,0,,
,,0,,
,,0,,
,,0,,
,,0,,
,,0,,
,,0,,
,,0,,
,,0,,
,,0,,
,,0,,
,,0,,
,,0,,
,,0,,
,,0,,
,,0,,
,,0,,
,,0,,
,,0,,
,,0,,
,,0,,
,,0,,
,,0,,
,,0,,
,,0,,
,,0,,
,,0,,
,,0,,
,,0,,
,,0,,
,,0,,
,,0,,
,,0,,
,,0,,
,,0,,
,,0,,
,,0,,
,,0,,
,,0,,
,,0,,
,,0,,
,,0,,
,,0,,
,,0,,
,,0,,
,,0,,
,,0,,
,,0,,
,,0,,
,,0,,
,,0,,
,,0,,
,,0,,
,,0,,
,,0,,
,,0,,
,,0,,
,,0,,
,,0,,
,,0,,
,,0,,
,,0,,
,,0,,
,,0,,
,,0,,
,,0,,
,,0,,
,,0,,
,,0,,
,,0,,
,,0,,
,,0,,
,,0,,
,,0,,
,,0,,
,,0,,
,,0,,
,,0,,
,,0,,
,,0,,
,,0,,
,,0,,
,,0,,
,,0,,
,,0,,
,,0,,
,,0,,
,,0,,
,,0,,
,,0,,
,,0,,
,,0,,
,,0,,
,,0,,
,,0,,
,,0,,
,,0,,
,,0,,
,,0,,
,,0,,
,,0,,
,,0,,
,,0,,
,,0,,
,,0,,
,,0,,
,,0,,
,,0,,
,,0,,
,,0,,
,,0,,
,,0,,
,,0,,
,,0,,
,,0,,
,,0,,
,,0,,
,,0,,
,,0,,
,,0,,
,,0,,
,,0,,
,,0,,
,,0,,
,,0,,
,,0,,
,,0,,
,,0,,
,,0,,
,,0,,
,,0,,
,,0,,
,,0,,
,,0,,
,,0,,
,,0,,
,,0,,
,,0,,
,,0,,
,,0,,
,,0,,
,,0,,
,,0,,
,,0,,
,,0,,
,,0,,
,,0,,
,,0,,
,,0,,
,,0,,
,,0,,
,,0,,
,,0,,
,,0,,
,,0,,
,,0,,
,,0,,
,,0,,
,,0,,
,,0,,
,,0,,
,,0,,
,,0,,
,,0,,
,,0,,
,,0,,
,,0,,
,,0,,
,,0,,
,,0,,
,,0,,
,,0,,
,,0,,
,,0,,
,,0,,
,,0,,
,,0,,
,,0,,
,,0,,
,,0,,
,,0,,
,,0,,
,,0,,
,,0,,
,,0,,
,,0,,
,,0,,
,,0,,
,,0,,
,,0,,
,,0,,
,,0,,
,,0,,
,,0,,
,,0,,
,,0,,
,,0,,
,,0,,
,,0,,
,,0,,
,,0,,
,,0,,
,,0,,
,,0,,
,,0,,
,,0,,
,,0,,
,,0,,
,,0,,
,,0,,
,,0,,
,,0,,
,,0,,
,,0,,
,,0,,
,,0,,
,,0,,
,,0,,
,,0,,
,,0,,
,,0,,
,,0,,
,,0,,
,,0,,
,,0,,
,,0,,
,,0,,
,,0,,
,,0,,
,,0,,
,,0,,
,,0,,
,,0,,
,,0,,
,,0,,
,,0,,
,,0,,
,,0,,
,,0,,
,,0,,
,,0,,
,,0,,
,,0,,
,,0,,
,,0,,
,,0,,
,,0,,
,,0,,
,,0,,
,,0,,
,,0,,
,,0,,
,,0,,
,,0,,
,,0,,
,,0,,
,,0,,
,,0,,
,,0,,
,,0,,
,,0,,
,,0,,
,,0,,
,,0,,
,,0,,
,,0,,
,,0,,
,,0,,
,,0,,
,,0,,
,,0,,
,,0,,
,,0,,
,,0,,
,,0,,
,,0,,
,,0,,
,,0,,
,,0,,
,,0,,
,,0,,
,,0,,
,,0,,
,,0,,
,,0,,
,,0,,
,,0,,
,,0,,
,,0,,
,,0,,
,,0,,
,,0,,
,,0,,
,,0,,
,,0,,
,,0,,
,,0,,
,,0,,
,,0,,
,,0,,
,,0,,
,,0,,
,,0,,
,,0,,
,,0,,
,,0,,
,,0,,
,,0,,
,,0,,
,,0,,
,,0,,
,,0,,
,,0,,
,,0,,
,,0,,
,,0,,
,,0,,
,,0,,
,,0,,
,,0,,
,,0,,
,,0,,
,,0,,
,,0,,
,,0,,
,,0,,
,,0,,
,,0,,
,,0,,
,,0,,
,,0,,
,,0,,
,,0,,
,,0,,
,,0,,
,,0,,
,,0,,
,,0,,
,,0,,
,,0,,
,,0,,
,,0,,
,,0,,
,,0,,
,,0,,
,,0,,
,,0,,
,,0,,
,,0,,
,,0,,
,,0,,
,,0,,
,,0,,
,,0,,
,,0,,
,,0,,
,,0,,
,,0,,
,,0,,
,,0,,
,,0,,
,,0,,
,,0,,
,,0,,
,,0,,
,,0,,
,,0,,
,,0,,
,,0,,
,,0,,
,,0,,
,,0,,
,,0,,
,,0,,
,,0,,
,,0,,
,,0,,
,,0,,
,,0,,
,,0,,
,,0,,
,,0,,
,,0,,
,,0,,
,,0,,
,,0,,
,,0,,
,,0,,
,,0,,
,,0,,
,,0,,
,,0,,
,,0,,
,,0,,
,,0,,
,,0,,
,,0,,
,,0,,
,,0,,
,,0,,
,,0,,
,,0,,
,,0,,
,,0,,
,,0,,
,,0,,
,,0,,
,,0,,
,,0,,
,,0,,
,,0,,
,,0,,
,,0,,
,,0,,
,,0,,
,,0,,
,,0,,
,,0,,
,,0,,
,,0,,
,,0,,
,,0,,
,,0,,
,,0,,
,,0,,
,,0,,
,,0,,
,,0,,
,,0,,
,,0,,
,,0,,
,,0,,
,,0,,
,,0,,
,,0,,
,,0,,
,,0,,
,,0,,
,,0,,
,,0,,
,,0,,
,,0,,
,,0,,
,,0,,
,,0,,
,,0,,
,,0,,
,,0,,
,,0,,
,,0,,
,,0,,
,,0,,
,,0,,
,,0,,
,,0,,
,,0,,
,,0,,
,,0,,
,,0,,
,,0,,
,,0,,
,,0,,
,,0,,
,,0,,
,,0,,
,,0,,
,,0,,
,,0,,
,,0,,
,,0,,
,,0,,
,,0,,
,,0,,
,,0,,
,,0,,
,,0,,
,,0,,
,,0,,
,,0,,
,,0,,
,,0,,
,,0,,
,,0,,
,,0,,
,,0,,
,,0,,
,,0,,
,,0,,
,,0,,
,,0,,
,,0,,
,,0,,
,,0,,
,,0,,
,,0,,
,,0,,
,,0,,
,,0,,
,,0,,
,,0,,
,,0,,
,,0,,
,,0,,
,,0,,
,,0,,
,,0,,
,,0,,
,,0,,
,,0,,
,,0,,
,,0,,
,,0,,
,,0,,
,,0,,
,,0,,
,,0,,
,,0,,
,,0,,
,,0,,
,,0,,
,,0,,
,,0,,
,,0,,
,,0,,
,,0,,
,,0,,
,,0,,
,,0,,
,,0,,
,,0,,
,,0,,
,,0,,
,,0,,
,,0,,
,,0,,
,,0,,
,,0,,
,,0,,
,,0,,
,,0,,
,,0,,
,,0,,
,,0,,
,,0,,
,,0,,
,,0,,
,,0,,
,,0,,
,,0,,
,,0,,
,,0,,
,,0,,
,,0,,
,,0,,
,,0,,
,,0,,
,,0,,
,,0,,
,,0,,
,,0,,
,,0,,
,,0,,
,,0,,
,,0,,
,,0,,
,,0,,
,,0,,
,,0,,
,,0,,
,,0,,
,,0,,
,,0,,
,,0,,
,,0,,
,,0,,
,,0,,
,,0,,
,,0,,
,,0,,
,,0,,
,,0,,
,,0,,
,,0,,
,,0,,
,,0,,
,,0,,
,,0,,
,,0,,
,,0,,
,,0,,
,,0,,
,,0,,
,,0,,
,,0,,
,,0,,
,,0,,
,,0,,
,,0,,
,,0,,
,,0,,
,,0,,
,,0,,
,,0,,
,,0,,
,,0,,
,,0,,
,,0,,
,,0,,
,,0,,
,,0,,
,,0,,
,,0,,
,,0,,
,,0,,
,,0,,
,,0,,
,,0,,
,,0,,
,,0,,
,,0,,
,,0,,
,,0,,
,,0,,
,,0,,
,,0,,
,,0,,
,,0,,
,,0,,
,,0,,
,,0,,
,,0,,
,,0,,
,,0,,
,,0,,
,,0,,
,,0,,
,,0,,
,,0,,
,,0,,
,,0,,
,,0,,
,,0,,
,,0,,
,,0,,
,,0,,
,,0,,
,,0,,
,,0,,
,,0,,
,,0,,
,,0,,
,,0,,
,,0,,
,,0,,
,,0,,
,,0,,
,,0,,
,,0,,
,,0,,
,,0,,
,,0,,
,,0,,
,,0,,
,,0,,
,,0,,
,,0,,
,,0,,
,,0,,
,,0,,
,,0,,
,,0,,
,,0,,
,,0,,
,,0,,
,,0,,
,,0,,
,,0,,
,,0,,
,,0,,
,,0,,
,,0,,
,,0,,
,,0,,
,,0,,
,,0,,
,,0,,
,,0,,
,,0,,
,,0,,
,,0,,
,,0,,
,,0,,
,,0,,
,,0,,
,,0,,
,,0,,
,,0,,
,,0,,
,,0,,
,,0,,
,,0,,
,,0,,
,,0,,
,,0,,
,,0,,
,,0,,
,,0,,
,,0,,
,,0,,
,,0,,
,,0,,
,,0,,
,,0,,
,,0,,
,,0,,
,,0,,
,,0,,
,,0,,
,,0,,
,,0,,
,,0,,
,,0,,
,,0,,
,,0,,
,,0,,
,,0,,
,,0,,
,,0,,
,,0,,
,,0,,
,,0,,
,,0,,
,,0,,
,,0,,
,,0,,
,,0,,
,,0,,
,,0,,
,,0,,
,,0,,
,,0,,
,,0,,
,,0,,
,,0,,
,,0,,
,,0,,
,,0,,
,,0,,
,,0,,
,,0,,
,,0,,
,,0,,
,,0,,
,,0,,
,,0,,
,,0,,
,,0,,
,,0,,
,,0,,
,,0,,
,,0,,
,,0,,
,,0,,
,,0,,
,,0,,
,,0,,
,,0,,
,,0,,
,,0,,
,,0,,
,,0,,
,,0,,
,,0,,
,,0,,
,,0,,
,,0,,
,,0,,
,,0,,
,,0,,
,,0,,
,,0,,
,,0,,
,,0,,
,,0,,
,,0,,
,,0,,
,,0,,
,,0,,
,,0,,
,,0,,
,,0,,
,,0,,
,,0,,
,,0,,
,,0,,
,,0,,
,,0,,
,,0,,
,,0,,
,,0,,
,,0,,
,,0,,
,,0,,
,,0,,
,,0,,
,,0,,
,,0,,
,,0,,
,,0,,
,,0,,
,,0,,
,,0,,
,,0,,
,,0,,
,,0,,
,,0,,
,,0,,
,,0,,
,,0,,
,,0,,
,,0,,
,,0,,
,,0,,
,,0,,
,,0,,
,,0,,
,,0,,
,,0,,
,,0,,
,,0,,
,,0,,
,,0,,
,,0,,
,,0,,
,,0,,
,,0,,
,,0,,
,,0,,
,,0,,
,,0,,
,,0,,
,,0,,
,,0,,
,,0,,
,,0,,
,,0,,
,,0,,
,,0,,
,,0,,
,,0,,
,,0,,
,,0,,
,,0,,
,,0,,
,,0,,
,,0,,
,,0,,
,,0,,
,,0,,
,,0,,
,,0,,
,,0,,
,,0,,
,,0,,
,,0,,
,,0,,
,,0,,
,,0,,
,,0,,
,,0,,
,,0,,
,,0,,
,,0,,
,,0,,
,,0,,
,,0,,
,,0,,
,,0,,
,,0,,
,,0,,
,,0,,
,,0,,
,,0,,
,,0,,
,,0,,
,,0,,
,,0,,
,,0,,
,,0,,
,,0,,
,,0,,
,,0,,
,,0,,
,,0,,
,,0,,
,,0,,
,,0,,
,,0,,
,,0,,
,,0,,
,,0,,
,,0,,
,,0,,
,,0,,
,,0,,
,,0,,
,,0,,
,,0,,
,,0,,
,,0,,
,,0,,
,,0,,
,,0,,
,,0,,
,,0,,
,,0,,
,,0,,
,,0,,
,,0,,
,,0,,
,,0,,
,,0,,
,,0,,
,,0,,
,,0,,
,,0,,
,,0,,
,,0,,
,,0,,
,,0,,
,,0,,
,,0,,
,,0,,
,,0,,
,,0,,
,,0,,
,,0,,
,,0,,
,,0,,
,,0,,
,,0,,
,,0,,
,,0,,
,,0,,
,,0,,
,,0,,
,,0,,
,,0,,
,,0,,
,,0,,
,,0,,
,,0,,
,,0,,
,,0,,
,,0,,
,,0,,
,,0,,
,,0,,
,,0,,
,,0,,
,,0,,
,,0,,
,,0,,
,,0,,
,,0,,
,,0,,
,,0,,
,,0,,
,,0,,
,,0,,
,,0,,
,,0,,
,,0,,
,,0,,
,,0,,
,,0,,
,,0,,
,,0,,
,,0,,
,,0,,
,,0,,
,,0,,
,,0,,
,,0,,
,,0,,
,,0,,
,,0,,
,,0,,
,,0,,
,,0,,
,,0,,
,,0,,
,,0,,
,,0,,
,,0,,
,,0,,
,,0,,
,,0,,
,,0,,
,,0,,
,,0,,
,,0,,
,,0,,
,,0,,
,,0,,
,,0,,
,,0,,
,,0,,
,,0,,
,,0,,
,,0,,
,,0,,
,,0,,
,,0,,
,,0,,
,,0,,
,,0,,
,,0,,
,,0,,
,,0,,
,,0,,
,,0,,
,,0,,
,,0,,
,,0,,
,,0,,
,,0,,
,,0,,
,,0,,
,,0,,
,,0,,
,,0,,
,,0,,
,,0,,
,,0,,
,,0,,
,,0,,
,,0,,
,,0,,
,,0,,
,,0,,
,,0,,
,,0,,
,,0,,
,,0,,
,,0,,
,,0,,
,,0,,
,,0,,
,,0,,
,,0,,
,,0,,
,,0,,
,,0,,
,,0,,
,,0,,
,,0,,
,,0,,
,,0,,
,,0,,
,,0,,
,,0,,
,,0,,
,,0,,
,,0,,
,,0,,
,,0,,
,,0,,
,,0,,
,,0,,
,,0,,
,,0,,
,,0,,
,,0,,
,,0,,
,,0,,
,,0,,
,,0,,
,,0,,
,,0,,
,,0,,
,,0,,
,,0,,
,,0,,
,,0,,
,,0,,
,,0,,
,,0,,
,,0,,
,,0,,
,,0,,
,,0,,
,,0,,
,,0,,
,,0,,
,,0,,
,,0,,
,,0,,
,,0,,
,,0,,
,,0,,
,,0,,
,,0,,
,,0,,
,,0,,
,,0,,
,,0,,
,,0,,
,,0,,
,,0,,
,,0,,
,,0,,
,,0,,
,,0,,
,,0,,
,,0,,
,,0,,
,,0,,
,,0,,
,,0,,
,,0,,
,,0,,
,,0,,
,,0,,
,,0,,
,,0,,
,,0,,
,,0,,
,,0,,
,,0,,
,,0,,
,,0,,
,,0,,
,,0,,
,,0,,
,,0,,
,,0,,
,,0,,
,,0,,
,,0,,
,,0,,
,,0,,
,,0,,
,,0,,
,,0,,
,,0,,
,,0,,
,,0,,
,,0,,
,,0,,
,,0,,
,,0,,
,,0,,
,,0,,
,,0,,
,,0,,
,,0,,
,,0,,
,,0,,
,,0,,
,,0,,
,,0,,
,,0,,
,,0,,
,,0,,
,,0,,
,,0,,
,,0,,
,,0,,
,,0,,
,,0,,
,,0,,
,,0,,
,,0,,
,,0,,
,,0,,
,,0,,
,,0,,
,,0,,
,,0,,
,,0,,
,,0,,
,,0,,
,,0,,
,,0,,
,,0,,
,,0,,
,,0,,
,,0,,
,,0,,
,,0,,
,,0,,
,,0,,
,,0,,
,,0,,
,,0,,
,,0,,
,,0,,
,,0,,
,,0,,
,,0,,
,,0,,
,,0,,
,,0,,
,,0,,
,,0,,
,,0,,
,,0,,
,,0,,
,,0,,
,,0,,
,,0,,
,,0,,
,,0,,
,,0,,
,,0,,
,,0,,
,,0,,
,,0,,
,,0,,
,,0,,
,,0,,
,,0,,
,,0,,
,,0,,
,,0,,
,,0,,
,,0,,
,,0,,
,,0,,
,,0,,
,,0,,
,,0,,
,,0,,
,,0,,
,,0,,
,,0,,
,,0,,
,,0,,
,,0,,
,,0,,
,,0,,
,,0,,
,,0,,
,,0,,
,,0,,
,,0,,
,,0,,
,,0,,
,,0,,
,,0,,
,,0,,
,,0,,
,,0,,
,,0,,
,,0,,
,,0,,
,,0,,
,,0,,
,,0,,
,,0,,
,,0,,
,,0,,
,,0,,
,,0,,
,,0,,
,,0,,
,,0,,
,,0,,
,,0,,
,,0,,
,,0,,
,,0,,
,,0,,
,,0,,
,,0,,
,,0,,
,,0,,
,,0,,
,,0,,
,,0,,
,,0,,
,,0,,
,,0,,
,,0,,
,,0,,
,,0,,
,,0,,
,,0,,
,,0,,
,,0,,
,,0,,
,,0,,
,,0,,
,,0,,
,,0,,
,,0,,
,,0,,
,,0,,
,,0,,
,,0,,
,,0,,
,,0,,
,,0,,
,,0,,
,,0,,
,,0,,
,,0,,
,,0,,
,,0,,
,,0,,
,,0,,
,,0,,
,,0,,
,,0,,
,,0,,
,,0,,
,,0,,
,,0,,
,,0,,
,,0,,
,,0,,
,,0,,
,,0,,
,,0,,
,,0,,
,,0,,
,,0,,
,,0,,
,,0,,
,,0,,
,,0,,
,,0,,
,,0,,
,,0,,
,,0,,
,,0,,
,,0,,
,,0,,
,,0,,
,,0,,
,,0,,
,,0,,
,,0,,
,,0,,
,,0,,
,,0,,
,,0,,
,,0,,
,,0,,
,,0,,
,,0,,
,,0,,
,,0,,
,,0,,
,,0,,
,,0,,
,,0,,
,,0,,
,,0,,
,,0,,
,,0,,
,,0,,
,,0,,
,,0,,
,,0,,
,,0,,
,,0,,
,,0,,
,,0,,
,,0,,
,,0,,
,,0,,
,,0,,
,,0,,
,,0,,
,,0,,
,,0,,
,,0,,
,,0,,
,,0,,
,,0,,
,,0,,
,,0,,
,,0,,
,,0,,
,,0,,
,,0,,
,,0,,
,,0,,
,,0,,
,,0,,
,,0,,
,,0,,
,,0,,
,,0,,
,,0,,
,,0,,
,,0,,
,,0,,
,,0,,
,,0,,
,,0,,
,,0,,
,,0,,
,,0,,
,,0,,
,,0,,
,,0,,
,,0,,
,,0,,
,,0,,
,,0,,
,,0,,
,,0,,
,,0,,
,,0,,
,,0,,
,,0,,
,,0,,
,,0,,
,,0,,
,,0,,
,,0,,
,,0,,
,,0,,
,,0,,
,,0,,
,,0,,
,,0,,
,,0,,
,,0,,
,,0,,
,,0,,
,,0,,
,,0,,
,,0,,
,,0,,
,,0,,
,,0,,
,,0,,
,,0,,
,,0,,
,,0,,
,,0,,
,,0,,
,,0,,
,,0,,
,,0,,
,,0,,
,,0,,
,,0,,
,,0,,
,,0,,
,,0,,
,,0,,
,,0,,
,,0,,
,,0,,
,,0,,
,,0,,
,,0,,
,,0,,
,,0,,
,,0,,
,,0,,
,,0,,
,,0,,
,,0,,
,,0,,
,,0,,
,,0,,
,,0,,
,,0,,
,,0,,
,,0,,
,,0,,
,,0,,
,,0,,
,,0,,
,,0,,
,,0,,
,,0,,
,,0,,
,,0,,
,,0,,
,,0,,
,,0,,
,,0,,
,,0,,
,,0,,
,,0,,
,,0,,
,,0,,
,,0,,
,,0,,
,,0,,
,,0,,
,,0,,
,,0,,
,,0,,
,,0,,
,,0,,
,,0,,
,,0,,
,,0,,
,,0,,
,,0,,
,,0,,
,,0,,
,,0,,
,,0,,
,,0,,
,,0,,
,,0,,
,,0,,
,,0,,
,,0,,
,,0,,
,,0,,
,,0,,
,,0,,
,,0,,
,,0,,
,,0,,
,,0,,
,,0,,
,,0,,
,,0,,
,,0,,
,,0,,
,,0,,
,,0,,
,,0,,
,,0,,
,,0,,
,,0,,
,,0,,
,,0,,
,,0,,
,,0,,
,,0,,
,,0,,
,,0,,
,,0,,
,,0,,
,,0,,
,,0,,
,,0,,
,,0,,
,,0,,
,,0,,
,,0,,
,,0,,
,,0,,
,,0,,
,,0,,
,,0,,
,,0,,
,,0,,
,,0,,
,,0,,
,,0,,
,,0,,
,,0,,
,,0,,
,,0,,
,,0,,
,,0,,
,,0,,
,,0,,
,,0,,
,,0,,
,,0,,
,,0,,
,,0,,
,,0,,
,,0,,
,,0,,
,,0,,
